date,facility,tower_ops,detected_approaches,detected_climbs,detected_ops,included
2025-10-01,SUS,448,174,181,355,1
2025-10-01,IXD,316,162,163,325,1
2025-10-01,SLN,207,117,113,230,1
2025-10-01,FRG,689,286,284,570,1
2025-10-01,TTN,325,158,182,340,1
2025-10-01,LNS,502,261,244,505,1
2025-10-01,GFK,168,80,82,162,1
2025-10-01,DPA,524,275,259,534,1
2025-10-01,FCM,586,309,298,607,1
2025-10-01,APA,1219,613,667,1280,1
2025-10-01,HIO,363,198,193,391,1
2025-10-01,PAE,338,165,162,327,1
2025-10-01,DAB,1352,655,627,1282,1
2025-10-01,HWO,1079,634,602,1236,1
2025-10-01,FXE,643,259,269,528,1
2025-10-01,DTO,767,457,434,891,1
2025-10-01,GKY,340,152,160,312,1
2025-10-01,FTW,751,337,337,674,1
2025-10-01,FFZ,1588,798,792,1590,1
2025-10-01,SDL,495,248,242,490,1
2025-10-02,SUS,547,234,252,486,1
2025-10-02,IXD,312,144,148,292,1
2025-10-02,SLN,261,165,153,318,1
2025-10-02,FRG,1035,408,391,799,1
2025-10-02,LNS,466,245,241,486,1
2025-10-02,GFK,1978,954,937,1891,1
2025-10-02,DPA,521,293,276,569,1
2025-10-02,FCM,547,289,286,575,1
2025-10-02,APA,1405,692,726,1418,1
2025-10-02,HIO,688,419,414,833,1
2025-10-02,PAE,701,335,343,678,1
2025-10-02,DAB,901,463,448,911,1
2025-10-02,HWO,766,434,408,842,1
2025-10-02,FXE,465,227,220,447,1
2025-10-02,DTO,574,308,314,622,1
2025-10-02,GKY,357,157,162,319,1
2025-10-02,FTW,873,309,296,605,1
2025-10-02,FFZ,1593,784,792,1576,1
2025-10-02,SDL,580,284,292,576,1
2025-10-03,SUS,537,204,191,395,1
2025-10-03,IXD,282,135,135,270,1
2025-10-03,SLN,217,123,135,258,1
2025-10-03,FRG,932,384,408,792,1
2025-10-03,TTN,404,190,206,396,1
2025-10-03,LNS,387,201,199,400,1
2025-10-03,GFK,1385,686,680,1366,1
2025-10-03,DPA,532,282,275,557,1
2025-10-03,FCM,669,364,349,713,1
2025-10-03,APA,997,507,574,1081,1
2025-10-03,HIO,475,251,249,500,1
2025-10-03,PAE,561,300,283,583,1
2025-10-03,DAB,987,509,493,1002,1
2025-10-03,HWO,528,318,312,630,1
2025-10-03,FXE,577,279,286,565,1
2025-10-03,DTO,707,398,388,786,1
2025-10-03,GKY,214,105,100,205,1
2025-10-03,FTW,855,377,363,740,1
2025-10-03,FFZ,1377,666,646,1312,1
2025-10-03,SDL,490,249,238,487,1
2025-10-04,SUS,373,127,124,251,1
2025-10-04,IXD,90,49,48,97,1
2025-10-04,SLN,89,13,62,75,1
2025-10-04,FRG,1091,421,414,835,1
2025-10-04,TTN,245,141,160,301,1
2025-10-04,LNS,311,155,140,295,1
2025-10-04,GFK,943,474,455,929,1
2025-10-04,DPA,548,295,283,578,1
2025-10-04,FCM,100,51,51,102,1
2025-10-04,APA,332,150,163,313,1
2025-10-04,HIO,758,387,385,772,1
2025-10-04,PAE,436,229,232,461,1
2025-10-04,DAB,463,258,249,507,1
2025-10-04,HWO,975,549,523,1072,1
2025-10-04,FXE,527,242,248,490,1
2025-10-04,DTO,547,324,303,627,1
2025-10-04,GKY,199,99,108,207,1
2025-10-04,FTW,640,291,271,562,1
2025-10-04,FFZ,1357,646,643,1289,1
2025-10-04,SDL,413,192,188,380,1
2025-10-05,SUS,229,104,109,213,1
2025-10-05,IXD,105,51,48,99,1
2025-10-05,SLN,42,18,20,38,1
2025-10-05,FRG,889,383,378,761,1
2025-10-05,TTN,279,123,152,275,1
2025-10-05,LNS,280,128,118,246,1
2025-10-05,GFK,30,15,14,29,1
2025-10-05,DPA,407,226,195,421,1
2025-10-05,FCM,78,46,35,81,1
2025-10-05,APA,844,465,463,928,1
2025-10-05,HIO,590,327,313,640,1
2025-10-05,PAE,764,381,378,759,1
2025-10-05,DAB,519,270,258,528,1
2025-10-05,HWO,824,428,403,831,1
2025-10-05,FXE,412,212,173,385,1
2025-10-05,DTO,561,346,308,654,1
2025-10-05,GKY,289,142,135,277,1
2025-10-05,FTW,405,191,188,379,1
2025-10-05,FFZ,1054,538,526,1064,1
2025-10-05,SDL,491,245,234,479,1
2025-10-06,SUS,470,220,228,448,1
2025-10-06,IXD,226,109,114,223,1
2025-10-06,SLN,19,10,9,19,1
2025-10-06,FRG,819,323,339,662,1
2025-10-06,TTN,225,112,146,258,1
2025-10-06,LNS,358,195,183,378,1
2025-10-06,GFK,1904,924,913,1837,1
2025-10-06,DPA,368,199,197,396,1
2025-10-06,FCM,685,361,342,703,1
2025-10-06,APA,395,165,196,361,1
2025-10-06,HIO,527,288,278,566,1
2025-10-06,PAE,507,241,259,500,1
2025-10-06,DAB,933,481,466,947,1
2025-10-06,HWO,991,536,511,1047,1
2025-10-06,FXE,531,254,262,516,1
2025-10-06,DTO,595,305,294,599,1
2025-10-06,GKY,391,166,162,328,1
2025-10-06,FTW,807,376,359,735,1
2025-10-06,FFZ,1608,826,845,1671,1
2025-10-06,SDL,509,254,263,517,1
2025-10-07,SUS,327,134,121,255,1
2025-10-07,IXD,139,59,60,119,1
2025-10-07,SLN,334,173,171,344,1
2025-10-07,FRG,709,300,294,594,1
2025-10-07,TTN,326,138,153,291,1
2025-10-07,LNS,316,138,138,276,1
2025-10-07,GFK,1924,948,937,1885,1
2025-10-07,DPA,422,224,219,443,1
2025-10-07,FCM,628,318,312,630,1
2025-10-07,APA,795,424,464,888,1
2025-10-07,HIO,809,409,405,814,1
2025-10-07,PAE,801,399,398,797,1
2025-10-07,DAB,1221,621,617,1238,1
2025-10-07,HWO,888,495,480,975,1
2025-10-07,FXE,597,315,302,617,1
2025-10-07,DTO,553,276,259,535,1
2025-10-07,GKY,393,158,167,325,1
2025-10-07,FTW,802,297,297,594,1
2025-10-07,FFZ,1636,864,843,1707,1
2025-10-07,SDL,559,260,278,538,1
2025-10-08,SUS,533,203,199,402,1
2025-10-08,IXD,227,115,114,229,1
2025-10-08,SLN,536,268,272,540,1
2025-10-08,FRG,178,77,70,147,1
2025-10-08,TTN,193,92,107,199,1
2025-10-08,LNS,213,113,111,224,1
2025-10-08,GFK,1711,833,823,1656,1
2025-10-08,DPA,523,278,266,544,1
2025-10-08,FCM,806,421,406,827,1
2025-10-08,APA,1339,719,805,1524,1
2025-10-08,HIO,678,362,359,721,1
2025-10-08,PAE,539,273,282,555,1
2025-10-08,DAB,1311,678,645,1323,1
2025-10-08,HWO,711,371,369,740,1
2025-10-08,FXE,551,336,322,658,1
2025-10-08,DTO,702,412,379,791,1
2025-10-08,GKY,430,208,209,417,1
2025-10-08,FTW,816,312,297,609,1
2025-10-08,FFZ,1632,832,813,1645,1
2025-10-08,SDL,513,242,266,508,1
2025-10-09,SUS,479,194,209,403,1
2025-10-09,IXD,278,144,140,284,1
2025-10-09,SLN,231,118,119,237,1
2025-10-09,FRG,751,338,323,661,1
2025-10-09,TTN,373,194,211,405,1
2025-10-09,LNS,365,191,180,371,1
2025-10-09,GFK,1639,809,803,1612,1
2025-10-09,DPA,619,358,323,681,1
2025-10-09,FCM,406,226,207,433,1
2025-10-09,APA,1152,599,671,1270,1
2025-10-09,HIO,629,338,341,679,1
2025-10-09,PAE,624,333,329,662,1
2025-10-09,DAB,758,385,366,751,1
2025-10-09,HWO,1120,598,574,1172,1
2025-10-09,FXE,630,292,287,579,1
2025-10-09,DTO,642,372,355,727,1
2025-10-09,GKY,365,176,181,357,1
2025-10-09,FTW,855,388,368,756,1
2025-10-09,FFZ,1277,604,595,1199,1
2025-10-09,SDL,463,249,257,506,1
2025-10-10,SUS,586,239,244,483,1
2025-10-10,IXD,291,143,139,282,1
2025-10-10,SLN,275,131,135,266,1
2025-10-10,FRG,977,392,400,792,1
2025-10-10,LNS,406,199,185,384,1
2025-10-10,GFK,1754,862,849,1711,1
2025-10-10,DPA,530,290,267,557,1
2025-10-10,FCM,487,267,258,525,1
2025-10-10,APA,884,459,573,1032,1
2025-10-10,HIO,244,132,126,258,1
2025-10-10,PAE,582,298,306,604,1
2025-10-10,DAB,309,158,165,323,1
2025-10-10,HWO,556,327,323,650,1
2025-10-10,FXE,415,212,182,394,1
2025-10-10,DTO,551,281,266,547,1
2025-10-10,GKY,308,153,148,301,1
2025-10-10,FTW,893,378,372,750,1
2025-10-10,FFZ,1042,454,444,898,1
2025-10-10,SDL,360,177,170,347,1
2025-10-11,SUS,308,103,118,221,1
2025-10-11,IXD,123,54,52,106,1
2025-10-11,SLN,200,112,111,223,1
2025-10-11,FRG,728,279,258,537,1
2025-10-11,TTN,105,43,51,94,1
2025-10-11,LNS,177,100,95,195,1
2025-10-11,GFK,448,217,216,433,1
2025-10-11,DPA,444,242,239,481,1
2025-10-11,FCM,489,266,257,523,1
2025-10-11,APA,643,331,346,677,1
2025-10-11,HIO,274,147,138,285,1
2025-10-11,PAE,156,79,71,150,1
2025-10-11,DAB,231,115,119,234,1
2025-10-11,HWO,363,273,268,541,1
2025-10-11,FXE,313,166,157,323,1
2025-10-11,DTO,541,308,293,601,1
2025-10-11,GKY,177,84,81,165,1
2025-10-11,FTW,432,200,198,398,1
2025-10-11,FFZ,555,277,271,548,1
2025-10-11,SDL,347,168,173,341,1
2025-10-12,SUS,296,122,121,243,1
2025-10-12,IXD,105,50,53,103,1
2025-10-12,SLN,25,13,13,26,1
2025-10-12,FRG,55,26,20,46,1
2025-10-12,TTN,38,17,20,37,1
2025-10-12,LNS,54,28,27,55,1
2025-10-12,GFK,20,10,12,22,1
2025-10-12,DPA,451,272,240,512,1
2025-10-12,FCM,92,55,40,95,1
2025-10-12,APA,571,279,305,584,1
2025-10-12,HIO,123,62,61,123,1
2025-10-12,PAE,435,224,221,445,1
2025-10-12,DAB,1187,600,605,1205,1
2025-10-12,HWO,396,209,204,413,1
2025-10-12,FXE,429,218,189,407,1
2025-10-12,DTO,448,302,255,557,1
2025-10-12,GKY,122,65,58,123,1
2025-10-12,FTW,301,151,130,281,1
2025-10-12,FFZ,456,234,232,466,1
2025-10-12,SDL,365,177,164,341,1
2025-10-13,SUS,663,261,254,515,1
2025-10-13,IXD,247,119,121,240,1
2025-10-13,SLN,70,34,34,68,1
2025-10-13,FRG,47,21,23,44,1
2025-10-13,TTN,21,12,11,23,1
2025-10-13,LNS,56,29,26,55,1
2025-10-13,GFK,1575,745,749,1494,1
2025-10-13,DPA,484,274,252,526,1
2025-10-13,FCM,814,415,405,820,1
2025-10-13,APA,559,274,324,598,1
2025-10-13,HIO,553,298,292,590,1
2025-10-13,PAE,499,238,242,480,1
2025-10-13,DAB,1483,719,710,1429,1
2025-10-13,HWO,957,581,565,1146,1
2025-10-13,FXE,701,333,323,656,1
2025-10-13,DTO,666,363,340,703,1
2025-10-13,GKY,316,150,152,302,1
2025-10-13,FTW,846,340,313,653,1
2025-10-13,FFZ,988,510,503,1013,1
2025-10-13,SDL,391,167,169,336,1
2025-10-14,SUS,542,185,195,380,1
2025-10-14,IXD,230,84,85,169,1
2025-10-14,SLN,117,24,22,46,1
2025-10-14,FRG,80,33,25,58,1
2025-10-14,LNS,244,105,107,212,1
2025-10-14,GFK,1790,724,722,1446,1
2025-10-14,DPA,522,232,217,449,1
2025-10-14,FCM,387,146,148,294,1
2025-10-14,APA,719,343,376,719,1
2025-10-14,HIO,515,222,210,432,1
2025-10-14,PAE,846,371,367,738,1
2025-10-14,DAB,1545,615,588,1203,1
2025-10-14,HWO,1070,526,507,1033,1
2025-10-14,FXE,438,225,218,443,1
2025-10-14,DTO,724,247,229,476,1
2025-10-14,GKY,414,160,155,315,1
2025-10-14,FTW,637,182,174,356,1
2025-10-14,FFZ,1694,688,678,1366,1
2025-10-14,SDL,594,231,230,461,1
2025-10-15,SUS,559,249,240,489,1
2025-10-15,IXD,234,117,121,238,1
2025-10-15,SLN,399,201,203,404,1
2025-10-15,FRG,968,373,370,743,1
2025-10-15,TTN,444,189,221,410,1
2025-10-15,LNS,454,222,207,429,1
2025-10-15,GFK,813,412,407,819,1
2025-10-15,DPA,256,137,129,266,1
2025-10-15,FCM,106,66,57,123,1
2025-10-15,APA,794,412,478,890,1
2025-10-15,HIO,850,442,433,875,1
2025-10-15,PAE,587,299,301,600,1
2025-10-15,DAB,907,486,472,958,1
2025-10-15,HWO,1044,691,670,1361,1
2025-10-15,FXE,647,353,326,679,1
2025-10-15,DTO,665,331,339,670,1
2025-10-15,GKY,355,162,165,327,1
2025-10-15,FTW,906,338,330,668,1
2025-10-15,FFZ,1688,867,872,1739,1
2025-10-15,SDL,609,290,288,578,1
2025-10-16,SUS,398,178,179,357,1
2025-10-16,IXD,265,125,127,252,1
2025-10-16,SLN,359,160,155,315,1
2025-10-16,FRG,539,223,207,430,1
2025-10-16,TTN,232,108,115,223,1
2025-10-16,LNS,385,127,131,258,1
2025-10-16,GFK,81,43,42,85,1
2025-10-16,DPA,712,404,376,780,1
2025-10-16,FCM,152,78,68,146,1
2025-10-16,APA,806,414,476,890,1
2025-10-16,HIO,797,416,416,832,1
2025-10-16,PAE,535,285,273,558,1
2025-10-16,DAB,1279,657,640,1297,1
2025-10-16,HWO,1108,607,604,1211,1
2025-10-16,FXE,675,366,333,699,1
2025-10-16,DTO,604,316,307,623,1
2025-10-16,GKY,387,175,180,355,1
2025-10-16,FTW,913,358,347,705,1
2025-10-16,FFZ,1759,855,848,1703,1
2025-10-16,SDL,484,239,235,474,1
2025-10-17,SUS,530,218,225,443,1
2025-10-17,IXD,203,89,94,183,1
2025-10-17,SLN,90,42,37,79,1
2025-10-17,FRG,1101,443,446,889,1
2025-10-17,TTN,336,202,225,427,1
2025-10-17,LNS,536,232,235,467,1
2025-10-17,GFK,867,429,418,847,1
2025-10-17,DPA,602,338,321,659,1
2025-10-17,FCM,507,256,264,520,1
2025-10-17,APA,1103,583,658,1241,1
2025-10-17,HIO,681,342,336,678,1
2025-10-17,PAE,557,302,311,613,1
2025-10-17,DAB,1391,700,681,1381,1
2025-10-17,HWO,992,511,497,1008,1
2025-10-17,FXE,576,266,265,531,1
2025-10-17,DTO,656,327,297,624,1
2025-10-17,GKY,340,158,159,317,1
2025-10-17,FTW,610,304,290,594,1
2025-10-17,FFZ,1750,875,871,1746,1
2025-10-17,SDL,530,253,268,521,1
2025-10-18,SUS,64,25,31,56,1
2025-10-18,IXD,128,68,68,136,1
2025-10-18,SLN,139,71,72,143,1
2025-10-18,FRG,971,353,353,706,1
2025-10-18,LNS,331,160,149,309,1
2025-10-18,GFK,1138,550,550,1100,1
2025-10-18,DPA,615,315,332,647,1
2025-10-18,FCM,581,315,300,615,1
2025-10-18,APA,561,313,342,655,1
2025-10-18,HIO,571,270,266,536,1
2025-10-18,PAE,640,349,339,688,1
2025-10-18,DAB,1195,609,581,1190,1
2025-10-18,HWO,1015,534,519,1053,1
2025-10-18,FXE,299,130,136,266,1
2025-10-18,DTO,250,134,120,254,1
2025-10-18,GKY,45,21,22,43,1
2025-10-18,FTW,253,116,103,219,1
2025-10-18,FFZ,1454,756,757,1513,1
2025-10-18,SDL,449,229,226,455,1
2025-10-19,SUS,285,92,74,166,1
2025-10-19,IXD,99,47,45,92,1
2025-10-19,SLN,53,33,26,59,1
2025-10-19,FRG,762,246,254,500,1
2025-10-19,LNS,153,74,71,145,1
2025-10-19,GFK,865,408,409,817,1
2025-10-19,DPA,267,144,131,275,1
2025-10-19,FCM,386,221,199,420,1
2025-10-19,APA,686,378,438,816,1
2025-10-19,HIO,216,119,106,225,1
2025-10-19,PAE,59,63,57,120,1
2025-10-19,DAB,875,439,440,879,1
2025-10-19,HWO,575,391,357,748,1
2025-10-19,FXE,302,161,132,293,1
2025-10-19,DTO,530,304,277,581,1
2025-10-19,GKY,257,121,117,238,1
2025-10-19,FTW,739,267,283,550,1
2025-10-19,FFZ,1180,601,591,1192,1
2025-10-19,SDL,509,239,244,483,1
2025-10-20,SUS,342,96,101,197,1
2025-10-20,IXD,89,43,42,85,1
2025-10-20,SLN,101,41,39,80,1
2025-10-20,FRG,115,37,38,75,1
2025-10-20,LNS,238,106,110,216,1
2025-10-20,GFK,642,297,297,594,1
2025-10-20,DPA,474,250,238,488,1
2025-10-20,FCM,151,73,79,152,1
2025-10-20,APA,347,167,198,365,1
2025-10-20,HIO,876,490,478,968,1
2025-10-20,PAE,232,117,124,241,1
2025-10-20,DAB,1226,610,611,1221,1
2025-10-20,HWO,927,553,533,1086,1
2025-10-20,FXE,623,354,329,683,1
2025-10-20,DTO,349,176,170,346,1
2025-10-20,GKY,152,56,58,114,1
2025-10-20,FTW,360,111,108,219,1
2025-10-20,FFZ,1703,844,840,1684,1
2025-10-20,SDL,569,253,247,500,1
2025-10-21,SUS,264,93,91,184,1
2025-10-21,IXD,74,34,35,69,1
2025-10-21,SLN,290,129,135,264,1
2025-10-21,FRG,882,330,346,676,1
2025-10-21,LNS,413,193,184,377,1
2025-10-21,GFK,91,47,44,91,1
2025-10-21,DPA,300,163,191,354,1
2025-10-21,FCM,78,42,36,78,1
2025-10-21,APA,1316,697,792,1489,1
2025-10-21,HIO,679,388,383,771,1
2025-10-21,PAE,573,296,293,589,1
2025-10-21,DAB,1441,718,703,1421,1
2025-10-21,HWO,1130,686,658,1344,1
2025-10-21,FXE,654,378,348,726,1
2025-10-21,DTO,610,362,325,687,1
2025-10-21,GKY,257,120,122,242,1
2025-10-21,FTW,520,187,179,366,1
2025-10-21,FFZ,1680,784,784,1568,1
2025-10-21,SDL,522,253,261,514,1
2025-10-22,SUS,455,189,183,372,1
2025-10-22,IXD,332,164,173,337,1
2025-10-22,SLN,416,180,183,363,1
2025-10-22,FRG,394,136,143,279,1
2025-10-22,TTN,231,102,115,217,1
2025-10-22,LNS,409,190,188,378,1
2025-10-22,GFK,1841,896,886,1782,1
2025-10-22,DPA,294,153,143,296,1
2025-10-22,FCM,644,324,324,648,1
2025-10-22,APA,1274,673,767,1440,1
2025-10-22,HIO,550,327,327,654,1
2025-10-22,PAE,238,103,102,205,1
2025-10-22,DAB,1372,699,686,1385,1
2025-10-22,HWO,1009,616,602,1218,1
2025-10-22,FXE,674,388,361,749,1
2025-10-22,DTO,765,424,389,813,1
2025-10-22,GKY,386,189,191,380,1
2025-10-22,FTW,950,350,326,676,1
2025-10-22,FFZ,1386,707,700,1407,1
2025-10-22,SDL,512,231,247,478,1
2025-10-23,SUS,619,284,269,553,1
2025-10-23,IXD,367,190,186,376,1
2025-10-23,SLN,232,110,100,210,1
2025-10-23,FRG,750,271,274,545,1
2025-10-23,TTN,404,200,221,421,1
2025-10-23,LNS,290,134,130,264,1
2025-10-23,GFK,1536,722,716,1438,1
2025-10-23,DPA,680,373,379,752,1
2025-10-23,FCM,703,385,371,756,1
2025-10-23,APA,1108,594,645,1239,1
2025-10-23,HIO,750,405,400,805,1
2025-10-23,PAE,536,270,271,541,1
2025-10-23,DAB,1317,673,667,1340,1
2025-10-23,HWO,980,559,536,1095,1
2025-10-23,FXE,651,360,308,668,0
2025-10-23,DTO,503,264,262,526,1
2025-10-23,GKY,321,137,147,284,1
2025-10-23,FTW,625,245,226,471,1
2025-10-23,FFZ,1692,822,830,1652,1
2025-10-23,SDL,553,255,268,523,1
2025-10-24,SUS,468,192,210,402,1
2025-10-24,IXD,64,28,35,63,1
2025-10-24,SLN,24,11,13,24,1
2025-10-24,FRG,934,352,362,714,1
2025-10-24,TTN,448,224,241,465,1
2025-10-24,LNS,510,220,223,443,1
2025-10-24,GFK,1664,818,809,1627,1
2025-10-24,DPA,643,347,331,678,1
2025-10-24,FCM,697,396,385,781,1
2025-10-24,APA,977,514,557,1071,1
2025-10-24,HIO,116,55,50,105,1
2025-10-24,PAE,97,55,54,109,1
2025-10-24,DAB,1194,614,592,1206,1
2025-10-24,HWO,513,313,299,612,1
2025-10-24,FXE,591,265,220,485,0
2025-10-24,DTO,461,242,218,460,1
2025-10-24,GKY,156,78,76,154,1
2025-10-24,FTW,386,152,149,301,1
2025-10-24,FFZ,950,435,439,874,1
2025-10-24,SDL,527,260,260,520,1
2025-10-25,SUS,424,181,181,362,1
2025-10-25,IXD,36,19,18,37,1
2025-10-25,SLN,10,5,5,10,1
2025-10-25,FRG,100,370,367,737,1
2025-10-25,LNS,320,150,143,293,1
2025-10-25,GFK,950,462,461,923,1
2025-10-25,DPA,492,252,246,498,1
2025-10-25,FCM,431,261,240,501,1
2025-10-25,APA,705,393,416,809,1
2025-10-25,HIO,65,27,32,59,1
2025-10-25,PAE,122,80,72,152,1
2025-10-25,DAB,1313,674,661,1335,1
2025-10-25,HWO,238,144,134,278,1
2025-10-25,FXE,409,180,144,324,0
2025-10-25,DTO,313,149,148,297,1
2025-10-25,GKY,75,38,39,77,1
2025-10-25,FTW,163,74,73,147,1
2025-10-25,FFZ,1381,775,744,1519,1
2025-10-25,SDL,431,201,203,404,1
2025-10-26,SUS,183,88,87,175,1
2025-10-26,IXD,33,16,17,33,1
2025-10-26,SLN,19,10,9,19,1
2025-10-26,FRG,761,354,317,671,1
2025-10-26,TTN,350,161,182,343,1
2025-10-26,LNS,308,144,139,283,1
2025-10-26,GFK,18,9,9,18,1
2025-10-26,DPA,423,237,216,453,1
2025-10-26,FCM,432,219,207,426,1
2025-10-26,APA,813,454,495,949,1
2025-10-26,HIO,209,113,109,222,1
2025-10-26,PAE,67,33,35,68,1
2025-10-26,DAB,402,211,205,416,1
2025-10-26,HWO,352,198,173,371,1
2025-10-26,FXE,339,181,165,346,1
2025-10-26,DTO,338,154,147,301,1
2025-10-26,GKY,158,73,77,150,1
2025-10-26,FTW,365,178,180,358,1
2025-10-26,FFZ,1097,574,559,1133,1
2025-10-26,SDL,434,206,209,415,1
2025-10-27,SUS,179,87,89,176,1
2025-10-27,IXD,47,27,17,44,1
2025-10-27,SLN,16,9,8,17,1
2025-10-27,FRG,823,376,362,738,1
2025-10-27,TTN,357,176,206,382,1
2025-10-27,LNS,424,226,203,429,1
2025-10-27,GFK,313,155,153,308,1
2025-10-27,DPA,512,273,258,531,1
2025-10-27,FCM,326,232,218,450,1
2025-10-27,APA,690,327,365,692,1
2025-10-27,HIO,505,300,305,605,1
2025-10-27,PAE,470,217,223,440,1
2025-10-27,DAB,817,418,416,834,1
2025-10-27,HWO,1041,699,660,1359,1
2025-10-27,FXE,681,337,327,664,1
2025-10-27,DTO,713,338,295,633,1
2025-10-27,GKY,451,219,213,432,1
2025-10-27,FTW,654,256,238,494,1
2025-10-27,FFZ,1380,689,700,1389,1
2025-10-27,SDL,496,234,231,465,1
2025-10-28,SUS,130,70,69,139,1
2025-10-28,IXD,55,23,31,54,1
2025-10-28,SLN,53,27,23,50,1
2025-10-28,FRG,548,200,190,390,1
2025-10-28,LNS,442,189,188,377,1
2025-10-28,GFK,1276,612,605,1217,1
2025-10-28,DPA,524,273,268,541,1
2025-10-28,FCM,310,151,145,296,1
2025-10-28,APA,932,452,509,961,1
2025-10-28,HIO,775,419,408,827,1
2025-10-28,PAE,411,216,208,424,1
2025-10-28,DAB,646,322,325,647,1
2025-10-28,HWO,1152,710,693,1403,1
2025-10-28,FXE,653,358,353,711,1
2025-10-28,DTO,131,75,67,142,1
2025-10-28,GKY,57,32,35,67,1
2025-10-28,FTW,381,93,90,183,1
2025-10-28,FFZ,1476,781,764,1545,1
2025-10-28,SDL,508,228,246,474,1
2025-10-29,SUS,183,72,70,142,1
2025-10-29,IXD,39,17,21,38,1
2025-10-29,SLN,117,59,65,124,1
2025-10-29,FRG,732,250,258,508,1
2025-10-29,TTN,319,146,177,323,1
2025-10-29,LNS,400,191,186,377,1
2025-10-29,GFK,1825,864,861,1725,1
2025-10-29,DPA,298,149,141,290,1
2025-10-29,FCM,519,276,271,547,1
2025-10-29,APA,1282,680,751,1431,1
2025-10-29,HIO,547,293,281,574,1
2025-10-29,PAE,575,308,308,616,1
2025-10-29,DAB,1477,726,739,1465,1
2025-10-29,HWO,923,546,523,1069,1
2025-10-29,FXE,553,285,268,553,1
2025-10-29,DTO,96,43,56,99,1
2025-10-29,GKY,44,20,22,42,1
2025-10-29,FTW,195,61,56,117,1
2025-10-29,FFZ,1461,746,744,1490,1
2025-10-29,SDL,511,244,249,493,1
2025-10-30,SUS,543,262,252,514,1
2025-10-30,IXD,280,141,135,276,1
2025-10-30,SLN,410,180,183,363,1
2025-10-30,FRG,53,26,27,53,1
2025-10-30,TTN,53,26,28,54,1
2025-10-30,LNS,41,19,22,41,1
2025-10-30,GFK,1619,784,776,1560,1
2025-10-30,DPA,446,260,242,502,1
2025-10-30,FCM,418,232,220,452,1
2025-10-30,APA,1160,592,647,1239,1
2025-10-30,HIO,605,333,318,651,1
2025-10-30,PAE,613,322,334,656,1
2025-10-30,DAB,1163,591,590,1181,1
2025-10-30,HWO,835,431,410,841,1
2025-10-30,FXE,670,320,326,646,1
2025-10-30,DTO,809,395,409,804,1
2025-10-30,GKY,449,205,206,411,1
2025-10-30,FTW,1024,452,440,892,1
2025-10-30,FFZ,1431,680,677,1357,1
2025-10-30,SDL,503,250,252,502,1
2025-10-31,SUS,521,198,197,395,1
2025-10-31,IXD,186,89,92,181,1
2025-10-31,SLN,430,228,231,459,1
2025-10-31,FRG,65,30,33,63,1
2025-10-31,TTN,48,21,23,44,1
2025-10-31,LNS,71,35,33,68,1
2025-10-31,GFK,163,73,73,146,1
2025-10-31,DPA,466,230,228,458,1
2025-10-31,FCM,333,159,160,319,1
2025-10-31,APA,708,422,470,892,1
2025-10-31,HIO,307,153,151,304,1
2025-10-31,PAE,329,184,172,356,1
2025-10-31,DAB,1347,672,669,1341,1
2025-10-31,HWO,1055,560,550,1110,1
2025-10-31,FXE,531,253,261,514,1
2025-10-31,DTO,733,343,317,660,1
2025-10-31,GKY,433,200,197,397,1
2025-10-31,FTW,666,279,275,554,1
2025-10-31,FFZ,1161,609,626,1235,1
2025-10-31,SDL,423,201,214,415,1
2025-11-01,SUS,428,192,183,375,1
2025-11-01,IXD,117,63,67,130,1
2025-11-01,SLN,244,124,122,246,1
2025-11-01,FRG,313,123,130,253,1
2025-11-01,TTN,124,64,74,138,1
2025-11-01,LNS,204,87,89,176,1
2025-11-01,GFK,1054,530,516,1046,1
2025-11-01,DPA,389,215,203,418,1
2025-11-01,FCM,338,179,178,357,1
2025-11-01,APA,474,259,295,554,1
2025-11-01,HIO,197,105,100,205,1
2025-11-01,PAE,70,50,46,96,1
2025-11-01,DAB,1204,604,593,1197,1
2025-11-01,HWO,933,575,545,1120,1
2025-11-01,FXE,354,176,163,339,1
2025-11-01,DTO,366,170,166,336,1
2025-11-01,GKY,268,122,127,249,1
2025-11-01,FTW,327,166,173,339,1
2025-11-01,FFZ,1054,544,536,1080,1
2025-11-01,SDL,393,179,169,348,1
2025-11-02,SUS,297,145,144,289,1
2025-11-02,IXD,155,80,72,152,1
2025-11-02,SLN,101,39,37,76,1
2025-11-02,FRG,907,360,357,717,1
2025-11-02,TTN,290,155,172,327,1
2025-11-02,LNS,328,162,145,307,1
2025-11-02,GFK,30,14,17,31,1
2025-11-02,DPA,500,266,243,509,1
2025-11-02,FCM,122,59,60,119,1
2025-11-02,APA,730,398,432,830,1
2025-11-02,HIO,448,244,238,482,1
2025-11-02,PAE,595,300,293,593,1
2025-11-02,DAB,737,366,362,728,1
2025-11-02,HWO,940,489,468,957,1
2025-11-02,FXE,414,195,223,418,1
2025-11-02,DTO,695,329,301,630,1
2025-11-02,GKY,315,143,133,276,1
2025-11-02,FTW,358,191,168,359,1
2025-11-02,FFZ,915,491,453,944,1
2025-11-02,SDL,446,202,217,419,1
2025-11-03,SUS,523,248,236,484,1
2025-11-03,IXD,272,128,132,260,1
2025-11-03,SLN,260,123,123,246,1
2025-11-03,FRG,797,321,323,644,1
2025-11-03,TTN,359,170,192,362,1
2025-11-03,LNS,420,180,177,357,1
2025-11-03,GFK,1015,488,487,975,1
2025-11-03,DPA,473,242,237,479,1
2025-11-03,FCM,512,237,232,469,1
2025-11-03,APA,781,432,457,889,1
2025-11-03,HIO,427,222,221,443,1
2025-11-03,PAE,467,235,240,475,1
2025-11-03,DAB,1018,572,549,1121,1
2025-11-03,HWO,875,490,478,968,1
2025-11-03,FXE,599,330,333,663,1
2025-11-03,DTO,722,330,311,641,1
2025-11-03,GKY,365,181,139,320,1
2025-11-03,FTW,706,302,278,580,1
2025-11-03,FFZ,1536,787,791,1578,1
2025-11-03,SDL,487,249,236,485,1
2025-11-04,SUS,563,249,237,486,1
2025-11-04,IXD,177,93,90,183,1
2025-11-04,SLN,290,143,136,279,1
2025-11-04,FRG,484,181,178,359,1
2025-11-04,TTN,216,73,90,163,1
2025-11-04,LNS,369,157,155,312,1
2025-11-04,GFK,1489,744,731,1475,1
2025-11-04,DPA,606,342,317,659,1
2025-11-04,FCM,538,293,281,574,1
2025-11-04,APA,920,528,586,1114,1
2025-11-04,HIO,404,220,201,421,1
2025-11-04,PAE,623,301,305,606,1
2025-11-04,DAB,1370,711,687,1398,1
2025-11-04,HWO,965,559,548,1107,1
2025-11-04,FXE,707,355,337,692,1
2025-11-04,DTO,729,299,290,589,1
2025-11-04,GKY,356,163,175,338,1
2025-11-04,FTW,741,271,273,544,1
2025-11-04,FFZ,1459,772,759,1531,1
2025-11-04,SDL,528,248,253,501,1
2025-11-05,SUS,462,176,182,358,1
2025-11-05,IXD,236,131,134,265,1
2025-11-05,SLN,377,208,203,411,1
2025-11-05,FRG,548,217,227,444,1
2025-11-05,TTN,279,131,148,279,1
2025-11-05,LNS,331,170,166,336,1
2025-11-05,GFK,1715,831,813,1644,1
2025-11-05,DPA,477,263,251,514,1
2025-11-05,FCM,560,274,259,533,1
2025-11-05,APA,1048,542,623,1165,1
2025-11-05,HIO,33,18,15,33,1
2025-11-05,PAE,147,68,80,148,1
2025-11-05,DAB,1520,772,745,1517,1
2025-11-05,HWO,725,362,351,713,1
2025-11-05,FXE,563,247,233,480,1
2025-11-05,DTO,739,313,308,621,1
2025-11-05,GKY,376,161,156,317,1
2025-11-05,FTW,894,375,353,728,1
2025-11-05,FFZ,1548,794,782,1576,1
2025-11-05,SDL,594,290,299,589,1
2025-11-06,SUS,484,197,202,399,1
2025-11-06,IXD,186,90,94,184,1
2025-11-06,SLN,345,165,165,330,1
2025-11-06,FRG,356,140,149,289,1
2025-11-06,TTN,264,114,121,235,1
2025-11-06,LNS,321,166,169,335,1
2025-11-06,GFK,1577,792,768,1560,1
2025-11-06,DPA,601,334,302,636,1
2025-11-06,FCM,268,144,139,283,1
2025-11-06,APA,522,264,314,578,1
2025-11-06,HIO,52,21,26,47,1
2025-11-06,PAE,92,51,48,99,1
2025-11-06,DAB,1449,717,717,1434,1
2025-11-06,HWO,1172,662,616,1278,1
2025-11-06,FXE,751,343,333,676,1
2025-11-06,DTO,735,315,298,613,1
2025-11-06,GKY,432,185,181,366,1
2025-11-06,FTW,700,286,271,557,1
2025-11-06,FFZ,1622,799,800,1599,1
2025-11-06,SDL,558,283,288,571,1
2025-11-07,SUS,478,192,194,386,1
2025-11-07,IXD,244,132,134,266,1
2025-11-07,SLN,357,200,191,391,1
2025-11-07,FRG,513,211,223,434,1
2025-11-07,TTN,257,118,128,246,1
2025-11-07,LNS,193,93,91,184,1
2025-11-07,GFK,764,350,340,690,1
2025-11-07,DPA,427,206,247,453,1
2025-11-07,FCM,406,193,185,378,1
2025-11-07,APA,783,411,490,901,1
2025-11-07,HIO,999,494,482,976,1
2025-11-07,PAE,725,365,370,735,1
2025-11-07,DAB,1434,739,701,1440,1
2025-11-07,HWO,1050,712,661,1373,1
2025-11-07,FXE,598,317,308,625,1
2025-11-07,DTO,684,315,310,625,1
2025-11-07,GKY,318,157,148,305,1
2025-11-07,FTW,779,307,277,584,1
2025-11-07,FFZ,1532,798,796,1594,1
2025-11-07,SDL,505,256,248,504,1
2025-11-08,SUS,677,257,262,519,1
2025-11-08,IXD,84,47,44,91,1
2025-11-08,SLN,39,25,22,47,1
2025-11-08,FRG,746,327,323,650,1
2025-11-08,TTN,215,118,134,252,1
2025-11-08,LNS,297,138,132,270,1
2025-11-08,GFK,641,314,310,624,1
2025-11-08,DPA,169,79,71,150,1
2025-11-08,FCM,557,306,298,604,1
2025-11-08,APA,459,243,276,519,1
2025-11-08,HIO,502,269,267,536,1
2025-11-08,PAE,735,374,369,743,1
2025-11-08,DAB,1134,585,560,1145,1
2025-11-08,HWO,768,479,456,935,1
2025-11-08,FXE,351,162,154,316,1
2025-11-08,DTO,595,290,308,598,1
2025-11-08,GKY,291,142,136,278,1
2025-11-08,FTW,537,247,228,475,1
2025-11-08,FFZ,1255,648,636,1284,1
2025-11-08,SDL,421,199,211,410,1
2025-11-09,SUS,138,57,51,108,1
2025-11-09,IXD,42,24,18,42,1
2025-11-09,SLN,71,31,31,62,1
2025-11-09,FRG,356,178,150,328,1
2025-11-09,TTN,77,43,35,78,1
2025-11-09,LNS,84,45,46,91,1
2025-11-09,GFK,42,20,20,40,1
2025-11-09,DPA,211,113,104,217,1
2025-11-09,FCM,118,55,54,109,1
2025-11-09,APA,554,322,385,707,1
2025-11-09,HIO,655,317,308,625,1
2025-11-09,PAE,666,337,318,655,1
2025-11-09,DAB,266,135,148,283,1
2025-11-09,HWO,512,352,316,668,1
2025-11-09,FXE,378,195,174,369,1
2025-11-09,DTO,411,188,186,374,1
2025-11-09,GKY,139,69,67,136,1
2025-11-09,FTW,307,110,139,249,1
2025-11-09,FFZ,1103,565,558,1123,1
2025-11-09,SDL,487,212,248,460,1
2025-11-10,SUS,253,90,86,176,1
2025-11-10,IXD,260,138,137,275,1
2025-11-10,SLN,292,160,155,315,1
2025-11-10,FRG,103,44,58,102,1
2025-11-10,LNS,272,135,128,263,1
2025-11-10,GFK,233,119,112,231,1
2025-11-10,DPA,424,228,217,445,1
2025-11-10,FCM,601,332,315,647,1
2025-11-10,APA,869,448,555,1003,1
2025-11-10,HIO,596,301,304,605,1
2025-11-10,PAE,96,53,53,106,1
2025-11-10,DAB,975,494,488,982,1
2025-11-10,HWO,659,422,392,814,1
2025-11-10,FXE,643,273,279,552,1
2025-11-10,DTO,726,377,364,741,1
2025-11-10,GKY,461,222,227,449,1
2025-11-10,FTW,789,285,280,565,1
2025-11-10,FFZ,1497,747,738,1485,1
2025-11-10,SDL,471,228,238,466,1
2025-11-11,SUS,427,144,151,295,1
2025-11-11,IXD,200,93,99,192,1
2025-11-11,SLN,380,194,185,379,1
2025-11-11,FRG,162,79,63,142,1
2025-11-11,TTN,128,43,47,90,1
2025-11-11,LNS,109,53,53,106,1
2025-11-11,GFK,990,474,472,946,1
2025-11-11,DPA,496,272,273,545,1
2025-11-11,FCM,426,223,225,448,1
2025-11-11,APA,746,408,472,880,1
2025-11-11,HIO,637,335,328,663,1
2025-11-11,PAE,730,382,378,760,1
2025-11-11,DAB,596,326,320,646,1
2025-11-11,HWO,761,368,357,725,1
2025-11-11,FXE,515,274,242,516,1
2025-11-11,DTO,496,223,222,445,1
2025-11-11,GKY,249,115,109,224,1
2025-11-11,FTW,369,127,123,250,1
2025-11-11,FFZ,1522,756,760,1516,1
2025-11-11,SDL,574,281,257,538,1
2025-11-12,SUS,522,237,239,476,1
2025-11-12,IXD,306,165,162,327,1
2025-11-12,SLN,328,158,154,312,1
2025-11-12,FRG,683,269,280,549,1
2025-11-12,TTN,440,203,243,446,1
2025-11-12,LNS,429,182,186,368,1
2025-11-12,GFK,1452,704,697,1401,1
2025-11-12,DPA,442,219,213,432,1
2025-11-12,FCM,441,227,222,449,1
2025-11-12,APA,1067,568,648,1216,1
2025-11-12,HIO,684,328,321,649,1
2025-11-12,PAE,544,279,284,563,1
2025-11-12,DAB,1546,766,772,1538,1
2025-11-12,HWO,1296,731,713,1444,1
2025-11-12,FXE,659,310,307,617,1
2025-11-12,DTO,908,447,411,858,1
2025-11-12,GKY,356,154,154,308,1
2025-11-12,FTW,945,370,371,741,1
2025-11-12,FFZ,1520,821,823,1644,1
2025-11-12,SDL,572,277,293,570,1
2025-11-13,SUS,568,269,277,546,1
2025-11-13,IXD,259,130,124,254,1
2025-11-13,SLN,297,132,129,261,1
2025-11-13,FRG,541,225,225,450,1
2025-11-13,TTN,208,81,98,179,1
2025-11-13,LNS,209,97,96,193,1
2025-11-13,GFK,1730,897,864,1761,1
2025-11-13,DPA,603,345,315,660,1
2025-11-13,FCM,615,354,330,684,1
2025-11-13,APA,967,516,541,1057,1
2025-11-13,HIO,551,284,285,569,1
2025-11-13,PAE,117,61,56,117,1
2025-11-13,DAB,1426,730,703,1433,1
2025-11-13,HWO,1145,645,635,1280,1
2025-11-13,FXE,607,304,274,578,1
2025-11-13,DTO,633,293,276,569,1
2025-11-13,GKY,302,138,131,269,1
2025-11-13,FTW,751,336,326,662,1
2025-11-13,FFZ,1727,847,839,1686,1
2025-11-13,SDL,519,251,252,503,1
2025-11-14,SUS,327,122,115,237,1
2025-11-14,IXD,235,113,117,230,1
2025-11-14,SLN,262,123,119,242,1
2025-11-14,FRG,934,399,404,803,1
2025-11-14,TTN,425,195,214,409,1
2025-11-14,LNS,357,156,160,316,1
2025-11-14,GFK,1462,694,704,1398,1
2025-11-14,DPA,595,326,300,626,1
2025-11-14,FCM,495,261,261,522,1
2025-11-14,APA,1032,567,655,1222,1
2025-11-14,HIO,328,138,134,272,1
2025-11-14,PAE,86,45,50,95,1
2025-11-14,DAB,1502,801,737,1538,1
2025-11-14,HWO,1024,518,503,1021,1
2025-11-14,FXE,624,292,298,590,1
2025-11-14,DTO,716,395,354,749,1
2025-11-14,GKY,187,91,92,183,1
2025-11-14,FTW,528,215,196,411,1
2025-11-14,FFZ,1535,767,759,1526,1
2025-11-14,SDL,520,261,271,532,1
2025-11-15,SUS,452,168,159,327,1
2025-11-15,IXD,118,43,47,90,1
2025-11-15,SLN,169,87,93,180,1
2025-11-15,FRG,847,365,372,737,1
2025-11-15,TTN,293,152,187,339,1
2025-11-15,LNS,297,141,134,275,1
2025-11-15,GFK,810,390,386,776,1
2025-11-15,DPA,400,197,225,422,1
2025-11-15,FCM,255,119,115,234,1
2025-11-15,APA,1017,501,537,1038,1
2025-11-15,HIO,412,204,203,407,1
2025-11-15,PAE,58,30,30,60,1
2025-11-15,DAB,1453,768,721,1489,1
2025-11-15,HWO,744,420,401,821,1
2025-11-15,FXE,361,159,155,314,1
2025-11-15,DTO,562,271,251,522,1
2025-11-15,GKY,171,90,82,172,1
2025-11-15,FTW,374,170,173,343,1
2025-11-15,FFZ,1520,776,761,1537,1
2025-11-15,SDL,424,208,200,408,1
2025-11-16,SUS,431,180,180,360,1
2025-11-16,IXD,150,79,73,152,1
2025-11-16,SLN,73,45,35,80,1
2025-11-16,FRG,121,61,57,118,1
2025-11-16,TTN,87,42,43,85,1
2025-11-16,LNS,21,10,8,18,1
2025-11-16,GFK,804,397,406,803,1
2025-11-16,DPA,366,187,173,360,1
2025-11-16,FCM,526,289,278,567,1
2025-11-16,APA,761,420,513,933,1
2025-11-16,HIO,35,21,17,38,1
2025-11-16,PAE,72,40,39,79,1
2025-11-16,DAB,1145,570,566,1136,1
2025-11-16,HWO,1159,562,521,1083,1
2025-11-16,FXE,396,207,175,382,1
2025-11-16,DTO,642,367,336,703,1
2025-11-16,GKY,287,143,141,284,1
2025-11-16,FTW,494,227,207,434,1
2025-11-16,FFZ,827,427,430,857,1
2025-11-16,SDL,380,167,192,359,1
2025-11-17,SUS,525,195,201,396,1
2025-11-17,IXD,162,76,78,154,1
2025-11-17,SLN,156,77,80,157,1
2025-11-17,FRG,91,41,42,83,1
2025-11-17,TTN,114,45,63,108,1
2025-11-17,LNS,162,84,83,167,1
2025-11-17,GFK,1562,721,747,1468,1
2025-11-17,DPA,490,245,237,482,1
2025-11-17,FCM,412,234,222,456,1
2025-11-17,APA,645,354,392,746,1
2025-11-17,HIO,569,301,291,592,1
2025-11-17,PAE,64,71,74,145,1
2025-11-17,DAB,1268,654,629,1283,1
2025-11-17,HWO,1203,849,776,1625,1
2025-11-17,FXE,667,299,314,613,1
2025-11-17,DTO,827,496,444,940,1
2025-11-17,GKY,232,118,109,227,1
2025-11-17,FTW,855,340,332,672,1
2025-11-17,FFZ,1071,516,516,1032,1
2025-11-17,SDL,483,233,244,477,1
2025-11-18,SUS,505,224,225,449,1
2025-11-18,IXD,246,121,120,241,1
2025-11-18,SLN,305,167,161,328,1
2025-11-18,FRG,947,383,381,764,1
2025-11-18,TTN,394,185,198,383,1
2025-11-18,LNS,373,184,172,356,1
2025-11-18,GFK,1587,796,794,1590,1
2025-11-18,DPA,209,117,115,232,1
2025-11-18,FCM,302,163,161,324,1
2025-11-18,APA,1016,553,605,1158,1
2025-11-18,HIO,677,360,363,723,1
2025-11-18,PAE,355,180,181,361,1
2025-11-18,DAB,1463,768,727,1495,1
2025-11-18,HWO,1046,642,595,1237,1
2025-11-18,FXE,692,340,305,645,1
2025-11-18,DTO,617,321,301,622,1
2025-11-18,GKY,349,177,180,357,1
2025-11-18,FTW,698,254,257,511,1
2025-11-18,FFZ,946,508,504,1012,1
2025-11-18,SDL,343,162,165,327,1
2025-11-19,SUS,193,88,91,179,1
2025-11-19,IXD,173,76,82,158,1
2025-11-19,SLN,183,98,98,196,1
2025-11-19,FRG,631,281,265,546,1
2025-11-19,TTN,120,33,54,87,1
2025-11-19,LNS,155,60,62,122,1
2025-11-19,GFK,34,15,15,30,1
2025-11-19,DPA,429,254,236,490,1
2025-11-19,FCM,81,40,44,84,1
2025-11-19,APA,1354,685,806,1491,1
2025-11-19,HIO,560,305,294,599,1
2025-11-19,PAE,688,344,345,689,1
2025-11-19,DAB,1481,798,744,1542,1
2025-11-19,HWO,1026,707,653,1360,1
2025-11-19,FXE,760,337,311,648,1
2025-11-19,DTO,731,437,403,840,1
2025-11-19,GKY,282,139,133,272,1
2025-11-19,FTW,756,293,277,570,1
2025-11-19,FFZ,791,372,373,745,1
2025-11-19,SDL,355,173,173,346,1
2025-11-20,SUS,172,80,87,167,1
2025-11-20,IXD,82,35,30,65,1
2025-11-20,SLN,191,74,77,151,1
2025-11-20,FRG,1031,443,434,877,1
2025-11-20,TTN,474,224,245,469,1
2025-11-20,LNS,286,149,144,293,1
2025-11-20,GFK,1392,677,658,1335,1
2025-11-20,DPA,186,109,97,206,1
2025-11-20,FCM,281,141,134,275,1
2025-11-20,APA,849,455,526,981,1
2025-11-20,HIO,661,363,347,710,1
2025-11-20,PAE,669,360,351,711,1
2025-11-20,DAB,1340,710,658,1368,1
2025-11-20,HWO,1136,63,56,119,0
2025-11-20,FXE,736,327,255,582,1
2025-11-20,DTO,27,12,13,25,1
2025-11-20,GKY,42,10,12,22,1
2025-11-20,FTW,115,46,46,92,1
2025-11-20,FFZ,837,413,415,828,1
2025-11-20,SDL,345,161,170,331,1
2025-11-21,SUS,117,44,67,111,1
2025-11-21,IXD,38,20,18,38,1
2025-11-21,SLN,15,9,9,18,1
2025-11-21,FRG,815,388,390,778,1
2025-11-21,TTN,184,71,82,153,1
2025-11-21,LNS,96,53,52,105,1
2025-11-21,GFK,1432,636,665,1301,1
2025-11-21,DPA,487,275,263,538,1
2025-11-21,FCM,707,357,339,696,1
2025-11-21,APA,374,186,222,408,1
2025-11-21,HIO,439,232,230,462,1
2025-11-21,PAE,516,266,271,537,1
2025-11-21,DAB,1378,716,661,1377,1
2025-11-21,HWO,1245,60,55,115,0
2025-11-21,FXE,742,322,341,663,1
2025-11-21,DTO,532,285,274,559,1
2025-11-21,GKY,321,139,147,286,1
2025-11-21,FTW,817,295,304,599,1
2025-11-21,FFZ,1690,834,829,1663,1
2025-11-21,SDL,493,240,243,483,1
2025-11-22,SUS,420,143,127,270,1
2025-11-22,IXD,187,97,96,193,1
2025-11-22,SLN,190,98,93,191,1
2025-11-22,FRG,637,257,253,510,1
2025-11-22,TTN,141,84,109,193,1
2025-11-22,LNS,322,141,139,280,1
2025-11-22,GFK,712,344,344,688,1
2025-11-22,DPA,477,264,245,509,1
2025-11-22,FCM,481,247,235,482,1
2025-11-22,APA,641,354,424,778,1
2025-11-22,HIO,19,11,9,20,1
2025-11-22,PAE,245,150,154,304,1
2025-11-22,DAB,1252,608,612,1220,1
2025-11-22,HWO,796,68,72,140,0
2025-11-22,FXE,632,312,315,627,1
2025-11-22,DTO,692,392,372,764,1
2025-11-22,GKY,330,160,165,325,1
2025-11-22,FTW,471,197,193,390,1
2025-11-22,FFZ,971,513,508,1021,1
2025-11-22,SDL,365,183,168,351,1
2025-11-23,SUS,139,69,60,129,1
2025-11-23,IXD,37,18,19,37,1
2025-11-23,SLN,58,24,25,49,1
2025-11-23,FRG,851,381,394,775,1
2025-11-23,TTN,312,138,162,300,1
2025-11-23,LNS,311,135,131,266,1
2025-11-23,GFK,622,318,316,634,1
2025-11-23,DPA,430,230,203,433,1
2025-11-23,FCM,520,268,270,538,1
2025-11-23,APA,400,211,271,482,1
2025-11-23,HIO,25,13,12,25,1
2025-11-23,PAE,429,242,238,480,1
2025-11-23,DAB,771,401,378,779,1
2025-11-23,HWO,716,287,235,522,0
2025-11-23,FXE,658,314,320,634,1
2025-11-23,DTO,360,210,189,399,1
2025-11-23,GKY,291,136,131,267,1
2025-11-23,FTW,288,131,111,242,1
2025-11-23,FFZ,917,447,443,890,1
2025-11-23,SDL,319,154,149,303,1
2025-11-24,SUS,282,117,132,249,1
2025-11-24,IXD,47,24,22,46,1
2025-11-24,SLN,30,10,9,19,1
2025-11-24,FRG,866,391,382,773,1
2025-11-24,TTN,386,188,202,390,1
2025-11-24,LNS,564,269,251,520,1
2025-11-24,GFK,1360,645,645,1290,1
2025-11-24,DPA,425,242,217,459,1
2025-11-24,FCM,132,65,66,131,1
2025-11-24,APA,803,436,485,921,1
2025-11-24,HIO,140,71,70,141,1
2025-11-24,PAE,219,137,137,274,1
2025-11-24,DAB,1383,745,704,1449,1
2025-11-24,HWO,962,761,695,1456,1
2025-11-24,FXE,705,326,321,647,1
2025-11-24,DTO,69,35,37,72,1
2025-11-24,GKY,38,19,22,41,1
2025-11-24,FTW,306,87,93,180,1
2025-11-24,FFZ,1597,803,809,1612,1
2025-11-24,SDL,535,255,255,510,1
2025-11-25,SUS,286,141,130,271,1
2025-11-25,IXD,70,30,32,62,1
2025-11-25,SLN,78,26,23,49,1
2025-11-25,FRG,575,278,261,539,1
2025-11-25,TTN,266,145,159,304,1
2025-11-25,LNS,265,137,132,269,1
2025-11-25,GFK,12,2,2,4,0
2025-11-25,DPA,197,105,105,210,1
2025-11-25,FCM,26,16,15,31,1
2025-11-25,APA,779,395,477,872,1
2025-11-25,HIO,187,104,99,203,1
2025-11-25,PAE,83,163,160,323,1
2025-11-25,DAB,1400,735,696,1431,1
2025-11-25,HWO,1097,674,633,1307,1
2025-11-25,FXE,664,355,335,690,1
2025-11-25,DTO,670,354,339,693,1
2025-11-25,GKY,416,195,201,396,1
2025-11-25,FTW,812,363,345,708,1
2025-11-25,FFZ,1602,859,859,1718,1
2025-11-25,SDL,545,249,261,510,1
2025-11-26,SUS,156,72,73,145,1
2025-11-26,IXD,164,73,77,150,1
2025-11-26,SLN,89,42,41,83,1
2025-11-26,FRG,105,42,60,102,1
2025-11-26,TTN,50,25,29,54,1
2025-11-26,LNS,47,23,23,46,1
2025-11-26,GFK,146,0,0,0,0
2025-11-26,DPA,31,18,17,35,1
2025-11-26,FCM,37,18,22,40,1
2025-11-26,APA,903,498,550,1048,1
2025-11-26,HIO,43,23,18,41,1
2025-11-26,PAE,87,44,47,91,1
2025-11-26,DAB,1146,553,545,1098,1
2025-11-26,HWO,1127,572,546,1118,1
2025-11-26,FXE,429,225,212,437,1
2025-11-26,DTO,577,337,305,642,1
2025-11-26,GKY,300,151,139,290,1
2025-11-26,FTW,527,258,231,489,1
2025-11-26,FFZ,1197,676,661,1337,1
2025-11-26,SDL,483,243,232,475,1
2025-11-27,SUS,64,21,25,46,1
2025-11-27,IXD,12,4,5,9,1
2025-11-27,SLN,10,7,6,13,1
2025-11-27,FRG,155,61,65,126,1
2025-11-27,TTN,26,11,12,23,1
2025-11-27,LNS,23,10,9,19,1
2025-11-27,GFK,28,0,0,0,0
2025-11-27,DPA,43,23,19,42,1
2025-11-27,FCM,41,24,22,46,1
2025-11-27,APA,368,214,220,434,1
2025-11-27,HIO,14,8,8,16,1
2025-11-27,PAE,106,49,48,97,1
2025-11-27,DAB,81,26,24,50,1
2025-11-27,HWO,338,151,147,298,1
2025-11-27,FXE,141,68,64,132,1
2025-11-27,DTO,134,92,77,169,1
2025-11-27,GKY,103,51,45,96,1
2025-11-27,FTW,176,77,82,159,1
2025-11-27,FFZ,198,85,80,165,1
2025-11-27,SDL,166,78,69,147,1
2025-11-28,SUS,320,142,145,287,1
2025-11-28,IXD,91,44,43,87,1
2025-11-28,SLN,18,11,8,19,1
2025-11-28,FRG,53,46,53,99,1
2025-11-28,TTN,97,30,40,70,1
2025-11-28,LNS,85,37,41,78,1
2025-11-28,GFK,138,2,2,4,0
2025-11-28,DPA,461,245,236,481,1
2025-11-28,FCM,433,222,228,450,1
2025-11-28,APA,707,346,390,736,1
2025-11-28,HIO,146,73,76,149,1
2025-11-28,PAE,685,353,357,710,1
2025-11-28,DAB,434,230,211,441,1
2025-11-28,HWO,791,410,412,822,1
2025-11-28,FXE,322,167,155,322,1
2025-11-28,DTO,307,192,174,366,1
2025-11-28,GKY,121,62,65,127,1
2025-11-28,FTW,353,152,147,299,1
2025-11-28,FFZ,908,472,460,932,1
2025-11-28,SDL,374,181,185,366,1
2025-11-29,SUS,59,27,32,59,1
2025-11-29,IXD,19,7,10,17,1
2025-11-29,SLN,6,4,2,6,1
2025-11-29,FRG,776,333,344,677,1
2025-11-29,TTN,332,171,191,362,1
2025-11-29,LNS,448,233,226,459,1
2025-11-29,GFK,38,20,18,38,1
2025-11-29,DPA,28,16,13,29,1
2025-11-29,FCM,14,9,6,15,1
2025-11-29,APA,540,296,341,637,1
2025-11-29,HIO,503,297,278,575,1
2025-11-29,PAE,531,250,256,506,1
2025-11-29,DAB,755,397,369,766,1
2025-11-29,HWO,507,220,222,442,1
2025-11-29,FXE,356,178,176,354,1
2025-11-29,DTO,61,27,29,56,1
2025-11-29,GKY,41,19,22,41,1
2025-11-29,FTW,147,68,67,135,1
2025-11-29,FFZ,1063,531,531,1062,1
2025-11-29,SDL,436,207,219,426,1
2025-11-30,SUS,148,71,71,142,1
2025-11-30,IXD,120,51,48,99,1
2025-11-30,SLN,48,22,24,46,1
2025-11-30,FRG,340,184,130,314,1
2025-11-30,TTN,105,46,46,92,1
2025-11-30,LNS,63,25,25,50,1
2025-11-30,GFK,452,224,219,443,1
2025-11-30,DPA,144,79,65,144,1
2025-11-30,FCM,306,164,143,307,1
2025-11-30,APA,599,326,393,719,1
2025-11-30,HIO,582,332,322,654,1
2025-11-30,PAE,536,283,269,552,1
2025-11-30,DAB,1049,555,535,1090,1
2025-11-30,HWO,243,124,106,230,1
2025-11-30,FXE,399,195,200,395,1
2025-11-30,DTO,468,260,245,505,1
2025-11-30,GKY,173,85,87,172,1
2025-11-30,FTW,417,182,188,370,1
2025-11-30,FFZ,1079,576,573,1149,1
2025-11-30,SDL,535,245,274,519,1
2025-12-01,SUS,129,61,65,126,1
2025-12-01,IXD,29,14,13,27,1
2025-12-01,SLN,46,39,39,78,1
2025-12-01,FRG,795,323,329,652,1
2025-12-01,TTN,350,185,205,390,1
2025-12-01,LNS,381,181,185,366,1
2025-12-01,GFK,1321,625,621,1246,1
2025-12-01,DPA,253,138,129,267,1
2025-12-01,FCM,116,51,55,106,1
2025-12-01,APA,1018,468,570,1038,1
2025-12-01,HIO,710,371,354,725,1
2025-12-01,PAE,443,227,235,462,1
2025-12-01,DAB,1213,639,604,1243,1
2025-12-01,HWO,764,484,456,940,1
2025-12-01,FXE,676,352,326,678,1
2025-12-01,DTO,61,60,52,112,1
2025-12-01,GKY,25,13,11,24,1
2025-12-01,FTW,348,102,96,198,1
2025-12-01,FFZ,1346,660,655,1315,1
2025-12-01,SDL,577,262,275,537,1
2025-12-02,SUS,339,131,124,255,1
2025-12-02,IXD,140,65,74,139,1
2025-12-02,SLN,291,135,135,270,1
2025-12-02,FRG,149,71,78,149,1
2025-12-02,TTN,25,11,14,25,1
2025-12-02,LNS,12,7,4,11,1
2025-12-02,GFK,633,313,320,633,1
2025-12-02,DPA,74,39,37,76,1
2025-12-02,FCM,364,173,159,332,1
2025-12-02,APA,1025,538,627,1165,1
2025-12-02,HIO,96,48,48,96,1
2025-12-02,PAE,76,40,42,82,1
2025-12-02,DAB,610,324,318,642,1
2025-12-02,HWO,895,548,528,1076,1
2025-12-02,FXE,595,279,270,549,1
2025-12-02,DTO,658,355,350,705,1
2025-12-02,GKY,487,241,230,471,1
2025-12-02,FTW,692,272,265,537,1
2025-12-02,FFZ,1662,869,882,1751,1
2025-12-02,SDL,550,260,271,531,1
2025-12-03,SUS,500,188,199,387,1
2025-12-03,IXD,117,54,52,106,1
2025-12-03,SLN,190,68,70,138,1
2025-12-03,FRG,935,368,356,724,1
2025-12-03,TTN,388,197,221,418,1
2025-12-03,LNS,400,175,171,346,1
2025-12-03,GFK,1510,746,758,1504,1
2025-12-03,DPA,175,93,90,183,1
2025-12-03,FCM,359,151,158,309,1
2025-12-03,APA,145,74,97,171,1
2025-12-03,HIO,386,202,203,405,1
2025-12-03,PAE,503,262,256,518,1
2025-12-03,DAB,1488,762,731,1493,1
2025-12-03,HWO,753,531,489,1020,1
2025-12-03,FXE,551,290,289,579,1
2025-12-03,DTO,655,358,323,681,1
2025-12-03,GKY,371,179,171,350,1
2025-12-03,FTW,787,287,276,563,1
2025-12-03,FFZ,1647,787,787,1574,1
2025-12-03,SDL,566,261,270,531,1
2025-12-04,SUS,585,253,265,518,1
2025-12-04,IXD,227,109,112,221,1
2025-12-04,SLN,289,108,106,214,1
2025-12-04,FRG,729,262,270,532,1
2025-12-04,TTN,267,134,134,268,1
2025-12-04,LNS,282,132,127,259,1
2025-12-04,GFK,82,37,39,76,1
2025-12-04,DPA,475,250,245,495,1
2025-12-04,FCM,213,115,107,222,1
2025-12-04,APA,592,341,390,731,1
2025-12-04,HIO,50,27,23,50,1
2025-12-04,PAE,89,43,45,88,1
2025-12-04,DAB,1523,829,762,1591,1
2025-12-04,HWO,859,552,531,1083,1
2025-12-04,FXE,654,379,349,728,1
2025-12-04,DTO,106,61,56,117,1
2025-12-04,GKY,293,127,120,247,1
2025-12-04,FTW,462,119,114,233,1
2025-12-04,FFZ,1603,734,731,1465,1
2025-12-04,SDL,488,233,247,480,1
2025-12-05,SUS,553,218,221,439,1
2025-12-05,IXD,186,86,88,174,1
2025-12-05,SLN,348,177,175,352,1
2025-12-05,FRG,860,397,386,783,1
2025-12-05,TTN,275,118,123,241,1
2025-12-05,LNS,221,172,165,337,1
2025-12-05,GFK,172,83,81,164,1
2025-12-05,DPA,479,278,237,515,1
2025-12-05,FCM,53,29,27,56,1
2025-12-05,APA,916,495,585,1080,1
2025-12-05,HIO,67,37,32,69,1
2025-12-05,PAE,60,30,36,66,1
2025-12-05,DAB,1185,593,577,1170,1
2025-12-05,HWO,927,541,537,1078,1
2025-12-05,FXE,703,371,339,710,1
2025-12-05,DTO,644,357,328,685,1
2025-12-05,GKY,338,173,148,321,1
2025-12-05,FTW,872,363,324,687,1
2025-12-05,FFZ,1505,773,776,1549,1
2025-12-05,SDL,520,248,244,492,1
2025-12-06,SUS,515,176,198,374,1
2025-12-06,IXD,15,8,8,16,1
2025-12-06,SLN,190,106,106,212,1
2025-12-06,FRG,684,302,307,609,1
2025-12-06,TTN,171,81,94,175,1
2025-12-06,LNS,402,179,176,355,1
2025-12-06,GFK,1091,518,522,1040,1
2025-12-06,DPA,501,289,275,564,1
2025-12-06,FCM,466,269,258,527,1
2025-12-06,APA,417,224,249,473,1
2025-12-06,HIO,662,354,352,706,1
2025-12-06,PAE,350,191,189,380,1
2025-12-06,DAB,167,78,82,160,1
2025-12-06,HWO,948,523,512,1035,1
2025-12-06,FXE,534,282,272,554,1
2025-12-06,DTO,18,8,12,20,1
2025-12-06,GKY,149,69,81,150,1
2025-12-06,FTW,262,146,155,301,1
2025-12-06,FFZ,1392,723,711,1434,1
2025-12-06,SDL,465,229,246,475,1
2025-12-07,SUS,89,43,36,79,1
2025-12-07,IXD,26,12,10,22,1
2025-12-07,SLN,28,15,14,29,1
2025-12-07,FRG,796,344,337,681,1
2025-12-07,TTN,278,134,142,276,1
2025-12-07,LNS,250,114,118,232,1
2025-12-07,GFK,748,369,373,742,1
2025-12-07,DPA,209,107,97,204,1
2025-12-07,FCM,361,182,179,361,1
2025-12-07,APA,730,384,456,840,1
2025-12-07,HIO,103,55,54,109,1
2025-12-07,PAE,47,26,24,50,1
2025-12-07,DAB,258,133,138,271,1
2025-12-07,HWO,696,454,420,874,1
2025-12-07,FXE,576,281,272,553,1
2025-12-07,DTO,211,101,101,202,1
2025-12-07,GKY,105,50,59,109,1
2025-12-07,FTW,260,114,130,244,1
2025-12-07,FFZ,1106,546,542,1088,1
2025-12-07,SDL,469,229,224,453,1
2025-12-08,SUS,571,223,229,452,1
2025-12-08,IXD,154,73,72,145,1
2025-12-08,SLN,187,86,87,173,1
2025-12-08,FRG,703,326,312,638,1
2025-12-08,TTN,269,119,129,248,1
2025-12-08,LNS,352,150,147,297,1
2025-12-08,GFK,17,9,8,17,1
2025-12-08,DPA,521,301,279,580,1
2025-12-08,FCM,60,33,34,67,1
2025-12-08,APA,737,379,415,794,1
2025-12-08,HIO,13,4,9,13,1
2025-12-08,PAE,25,13,13,26,1
2025-12-08,DAB,278,176,153,329,1
2025-12-08,HWO,647,405,379,784,1
2025-12-08,FXE,451,276,273,549,1
2025-12-08,DTO,739,435,402,837,1
2025-12-08,GKY,530,243,245,488,1
2025-12-08,FTW,812,291,275,566,1
2025-12-08,FFZ,1486,763,764,1527,1
2025-12-08,SDL,534,243,265,508,1
2025-12-09,SUS,595,236,233,469,1
2025-12-09,IXD,177,75,78,153,1
2025-12-09,SLN,240,99,100,199,1
2025-12-09,FRG,910,397,396,793,1
2025-12-09,TTN,303,162,180,342,1
2025-12-09,LNS,422,180,173,353,1
2025-12-09,GFK,9,7,4,11,1
2025-12-09,DPA,349,206,238,444,1
2025-12-09,FCM,34,20,16,36,1
2025-12-09,APA,459,237,249,486,1
2025-12-09,HIO,44,20,23,43,1
2025-12-09,PAE,431,218,200,418,1
2025-12-09,DAB,1166,607,594,1201,1
2025-12-09,HWO,285,150,151,301,1
2025-12-09,FXE,311,161,164,325,1
2025-12-09,DTO,614,334,313,647,1
2025-12-09,GKY,302,157,150,307,1
2025-12-09,FTW,729,182,186,368,1
2025-12-09,FFZ,1578,727,727,1454,1
2025-12-09,SDL,404,183,191,374,1
2025-12-10,SUS,176,62,59,121,1
2025-12-10,IXD,70,41,31,72,1
2025-12-10,SLN,252,121,119,240,1
2025-12-10,FRG,347,132,151,283,1
2025-12-10,TTN,137,69,78,147,1
2025-12-10,LNS,261,99,98,197,1
2025-12-10,GFK,110,43,43,86,1
2025-12-10,DPA,116,57,54,111,1
2025-12-10,FCM,73,38,35,73,1
2025-12-10,APA,1138,569,658,1227,1
2025-12-10,HIO,204,132,111,243,1
2025-12-10,PAE,46,26,24,50,1
2025-12-10,DAB,1089,589,544,1133,1
2025-12-10,HWO,932,617,588,1205,1
2025-12-10,FXE,623,377,355,732,1
2025-12-10,DTO,447,228,220,448,1
2025-12-10,GKY,161,70,70,140,1
2025-12-10,FTW,573,240,224,464,1
2025-12-10,FFZ,1452,785,778,1563,1
2025-12-10,SDL,453,214,216,430,1
2025-12-11,SUS,463,190,200,390,1
2025-12-11,IXD,242,121,123,244,1
2025-12-11,SLN,271,137,132,269,1
2025-12-11,FRG,159,63,58,121,1
2025-12-11,TTN,116,40,45,85,1
2025-12-11,LNS,196,89,95,184,1
2025-12-11,GFK,1325,690,666,1356,1
2025-12-11,DPA,545,299,295,594,1
2025-12-11,FCM,623,338,328,666,1
2025-12-11,APA,543,300,332,632,1
2025-12-11,HIO,489,286,263,549,1
2025-12-11,PAE,296,170,159,329,1
2025-12-11,DAB,1066,554,532,1086,1
2025-12-11,HWO,922,504,501,1005,1
2025-12-11,FXE,615,351,341,692,1
2025-12-11,DTO,616,330,313,643,1
2025-12-11,GKY,416,186,174,360,1
2025-12-11,FTW,892,382,388,770,1
2025-12-11,FFZ,1505,782,788,1570,1
2025-12-11,SDL,478,244,231,475,1
2025-12-12,SUS,200,64,60,124,1
2025-12-12,IXD,154,79,74,153,1
2025-12-12,SLN,200,105,105,210,1
2025-12-12,FRG,779,354,357,711,1
2025-12-12,TTN,313,145,154,299,1
2025-12-12,LNS,402,191,185,376,1
2025-12-12,GFK,411,207,199,406,1
2025-12-12,DPA,394,223,207,430,1
2025-12-12,FCM,82,36,39,75,1
2025-12-12,APA,1068,572,661,1233,1
2025-12-12,HIO,46,26,25,51,1
2025-12-12,PAE,80,42,45,87,1
2025-12-12,DAB,1202,630,592,1222,1
2025-12-12,HWO,997,549,536,1085,1
2025-12-12,FXE,600,345,330,675,1
2025-12-12,DTO,633,336,331,667,1
2025-12-12,GKY,432,206,212,418,1
2025-12-12,FTW,721,280,283,563,1
2025-12-12,FFZ,1322,714,703,1417,1
2025-12-12,SDL,461,239,250,489,1
2025-12-13,SUS,199,44,53,97,1
2025-12-13,IXD,59,32,30,62,1
2025-12-13,SLN,18,11,9,20,1
2025-12-13,FRG,146,319,326,645,1
2025-12-13,TTN,258,138,153,291,1
2025-12-13,LNS,290,117,105,222,1
2025-12-13,GFK,1171,571,560,1131,1
2025-12-13,DPA,195,96,91,187,1
2025-12-13,FCM,100,50,44,94,1
2025-12-13,APA,180,340,367,707,1
2025-12-13,HIO,52,162,163,325,1
2025-12-13,PAE,576,274,275,549,1
2025-12-13,DAB,1116,576,552,1128,1
2025-12-13,HWO,970,631,592,1223,1
2025-12-13,FXE,205,306,268,574,1
2025-12-13,DTO,230,101,108,209,1
2025-12-13,GKY,117,55,49,104,1
2025-12-13,FTW,164,62,61,123,1
2025-12-13,FFZ,1265,643,632,1275,1
2025-12-13,SDL,167,206,216,422,1
2025-12-14,SUS,295,102,100,202,1
2025-12-14,IXD,102,49,54,103,1
2025-12-14,SLN,47,26,24,50,1
2025-12-14,FRG,78,37,25,62,1
2025-12-14,TTN,35,10,13,23,1
2025-12-14,LNS,9,4,5,9,1
2025-12-14,GFK,368,172,173,345,1
2025-12-14,DPA,196,96,90,186,1
2025-12-14,FCM,135,69,77,146,1
2025-12-14,APA,875,449,565,1014,1
2025-12-14,HIO,167,91,83,174,1
2025-12-14,PAE,198,108,106,214,1
2025-12-14,DAB,770,402,377,779,1
2025-12-14,HWO,538,457,406,863,1
2025-12-14,FXE,498,283,271,554,1
2025-12-14,DTO,455,251,232,483,1
2025-12-14,GKY,151,77,48,125,1
2025-12-14,FTW,300,155,126,281,1
2025-12-14,FFZ,1047,526,523,1049,1
2025-12-14,SDL,484,214,204,418,1
2025-12-15,SUS,355,157,146,303,1
2025-12-15,IXD,127,53,56,109,1
2025-12-15,SLN,252,102,100,202,1
2025-12-15,FRG,263,100,110,210,1
2025-12-15,TTN,223,99,103,202,1
2025-12-15,LNS,211,69,61,130,1
2025-12-15,GFK,1233,596,585,1181,1
2025-12-15,DPA,464,248,222,470,1
2025-12-15,FCM,664,327,318,645,1
2025-12-15,APA,897,474,568,1042,1
2025-12-15,HIO,191,110,108,218,1
2025-12-15,PAE,48,27,27,54,1
2025-12-15,DAB,549,279,274,553,1
2025-12-15,HWO,226,90,92,182,1
2025-12-15,FXE,276,143,141,284,1
2025-12-15,DTO,684,375,353,728,1
2025-12-15,GKY,438,215,215,430,1
2025-12-15,FTW,610,246,232,478,1
2025-12-15,FFZ,1269,584,582,1166,1
2025-12-15,SDL,504,214,235,449,1
2025-12-16,SUS,496,200,196,396,1
2025-12-16,IXD,244,117,113,230,1
2025-12-16,SLN,296,161,155,316,1
2025-12-16,FRG,826,303,305,608,1
2025-12-16,TTN,220,115,126,241,1
2025-12-16,LNS,396,175,164,339,1
2025-12-16,GFK,17,6,9,15,1
2025-12-16,DPA,445,249,244,493,1
2025-12-16,FCM,433,221,215,436,1
2025-12-16,APA,796,402,474,876,1
2025-12-16,HIO,214,144,137,281,1
2025-12-16,PAE,54,27,24,51,1
2025-12-16,DAB,1131,601,576,1177,1
2025-12-16,HWO,682,388,367,755,1
2025-12-16,FXE,698,345,338,683,1
2025-12-16,DTO,628,345,319,664,1
2025-12-16,GKY,327,167,169,336,1
2025-12-16,FTW,554,209,216,425,1
2025-12-16,FFZ,1374,695,685,1380,1
2025-12-16,SDL,494,250,250,500,1
2025-12-17,SUS,530,223,234,457,1
2025-12-17,IXD,272,134,133,267,1
2025-12-17,SLN,269,106,106,212,1
2025-12-17,FRG,744,319,325,644,1
2025-12-17,TTN,248,121,125,246,1
2025-12-17,LNS,422,197,190,387,1
2025-12-17,GFK,609,311,308,619,1
2025-12-17,DPA,340,194,183,377,1
2025-12-17,FCM,395,217,205,422,1
2025-12-17,APA,362,173,204,377,1
2025-12-17,HIO,362,208,199,407,1
2025-12-17,PAE,459,229,229,458,1
2025-12-17,DAB,1380,725,684,1409,1
2025-12-17,HWO,876,600,569,1169,1
2025-12-17,FXE,659,340,320,660,1
2025-12-17,DTO,136,79,70,149,1
2025-12-17,GKY,53,25,23,48,1
2025-12-17,FTW,461,126,123,249,1
2025-12-17,FFZ,1371,690,690,1380,1
2025-12-17,SDL,517,255,257,512,1
2025-12-18,SUS,211,99,102,201,1
2025-12-18,IXD,47,25,22,47,1
2025-12-18,SLN,15,11,8,19,1
2025-12-18,FRG,786,308,294,602,1
2025-12-18,TTN,209,107,119,226,1
2025-12-18,LNS,301,162,153,315,1
2025-12-18,GFK,4,2,3,5,1
2025-12-18,DPA,65,41,42,83,1
2025-12-18,FCM,101,50,47,97,1
2025-12-18,APA,645,326,369,695,1
2025-12-18,HIO,25,9,13,22,1
2025-12-18,PAE,126,78,66,144,1
2025-12-18,DAB,488,249,243,492,1
2025-12-18,HWO,710,386,362,748,1
2025-12-18,FXE,713,325,319,644,1
2025-12-18,DTO,360,219,202,421,1
2025-12-18,GKY,184,89,88,177,1
2025-12-18,FTW,552,157,147,304,1
2025-12-18,FFZ,1290,657,649,1306,1
2025-12-18,SDL,497,239,212,451,1
2025-12-19,SUS,559,191,192,383,1
2025-12-19,IXD,159,81,87,168,1
2025-12-19,SLN,63,27,31,58,1
2025-12-19,FRG,70,30,32,62,1
2025-12-19,TTN,46,18,19,37,1
2025-12-19,LNS,47,16,19,35,1
2025-12-19,GFK,17,10,9,19,1
2025-12-19,DPA,397,212,207,419,1
2025-12-19,FCM,288,145,129,274,1
2025-12-19,APA,514,262,305,567,1
2025-12-19,HIO,494,276,265,541,1
2025-12-19,PAE,248,117,120,237,1
2025-12-19,DAB,797,428,406,834,1
2025-12-19,HWO,1132,751,688,1439,1
2025-12-19,FXE,517,273,271,544,1
2025-12-19,DTO,670,326,321,647,1
2025-12-19,GKY,454,199,198,397,1
2025-12-19,FTW,748,268,257,525,1
2025-12-19,FFZ,1464,748,757,1505,1
2025-12-19,SDL,544,253,269,522,1
2025-12-20,SUS,322,144,146,290,1
2025-12-20,IXD,127,62,67,129,1
2025-12-20,SLN,57,27,28,55,1
2025-12-20,FRG,777,316,338,654,1
2025-12-20,TTN,238,112,122,234,1
2025-12-20,LNS,336,157,152,309,1
2025-12-20,GFK,12,6,6,12,1
2025-12-20,DPA,348,176,189,365,1
2025-12-20,FCM,101,50,53,103,1
2025-12-20,APA,756,402,443,845,1
2025-12-20,HIO,314,197,186,383,1
2025-12-20,PAE,99,43,52,95,1
2025-12-20,DAB,767,403,384,787,1
2025-12-20,HWO,858,589,546,1135,1
2025-12-20,FXE,489,262,215,477,1
2025-12-20,DTO,466,290,264,554,1
2025-12-20,GKY,173,87,79,166,1
2025-12-20,FTW,334,153,153,306,1
2025-12-20,FFZ,1373,701,677,1378,1
2025-12-20,SDL,473,225,226,451,1
2025-12-21,SUS,394,171,183,354,1
2025-12-21,IXD,117,63,63,126,1
2025-12-21,SLN,44,22,21,43,1
2025-12-21,FRG,421,176,157,333,1
2025-12-21,TTN,82,39,41,80,1
2025-12-21,LNS,84,42,43,85,1
2025-12-21,GFK,408,187,185,372,1
2025-12-21,DPA,501,276,252,528,1
2025-12-21,FCM,420,228,220,448,1
2025-12-21,APA,871,489,565,1054,1
2025-12-21,HIO,282,158,151,309,1
2025-12-21,PAE,218,106,104,210,1
2025-12-21,DAB,563,281,270,551,1
2025-12-21,HWO,508,332,294,626,1
2025-12-21,FXE,383,194,204,398,1
2025-12-21,DTO,389,276,245,521,1
2025-12-21,GKY,199,96,103,199,1
2025-12-21,FTW,379,175,180,355,1
2025-12-21,FFZ,1170,596,585,1181,1
2025-12-21,SDL,405,194,202,396,1
2025-12-22,SUS,419,198,189,387,1
2025-12-22,IXD,176,90,84,174,1
2025-12-22,SLN,130,63,61,124,1
2025-12-22,FRG,898,361,375,736,1
2025-12-22,TTN,241,117,121,238,1
2025-12-22,LNS,475,218,212,430,1
2025-12-22,GFK,362,156,152,308,1
2025-12-22,DPA,406,213,191,404,1
2025-12-22,FCM,522,301,267,568,1
2025-12-22,APA,789,423,494,917,1
2025-12-22,HIO,102,61,60,121,1
2025-12-22,PAE,98,84,79,163,1
2025-12-22,DAB,600,313,283,596,1
2025-12-22,HWO,446,361,314,675,1
2025-12-22,FXE,458,228,220,448,1
2025-12-22,DTO,555,311,290,601,1
2025-12-22,GKY,168,85,79,164,1
2025-12-22,FTW,404,199,191,390,1
2025-12-22,FFZ,1298,692,688,1380,1
2025-12-22,SDL,434,211,199,410,1
2025-12-23,SUS,402,178,167,345,1
2025-12-23,IXD,31,16,15,31,1
2025-12-23,SLN,25,10,13,23,1
2025-12-23,FRG,52,19,28,47,1
2025-12-23,TTN,38,21,19,40,1
2025-12-23,LNS,48,25,24,49,1
2025-12-23,GFK,50,28,25,53,1
2025-12-23,DPA,436,242,227,469,1
2025-12-23,FCM,639,328,309,637,1
2025-12-23,APA,733,406,486,892,1
2025-12-23,HIO,222,118,118,236,1
2025-12-23,PAE,490,251,261,512,1
2025-12-23,DAB,604,303,289,592,1
2025-12-23,HWO,515,284,282,566,1
2025-12-23,FXE,393,220,205,425,1
2025-12-23,DTO,471,255,233,488,1
2025-12-23,GKY,137,68,66,134,1
2025-12-23,FTW,473,209,198,407,1
2025-12-23,FFZ,1190,605,594,1199,1
2025-12-23,SDL,315,146,160,306,1
2025-12-24,SUS,46,25,17,42,1
2025-12-24,IXD,16,7,10,17,1
2025-12-24,SLN,20,10,8,18,1
2025-12-24,FRG,121,55,52,107,1
2025-12-24,TTN,62,26,23,49,1
2025-12-24,LNS,216,105,105,210,1
2025-12-24,GFK,24,12,12,24,1
2025-12-24,DPA,186,107,93,200,1
2025-12-24,FCM,172,88,91,179,1
2025-12-24,APA,646,327,362,689,1
2025-12-24,HIO,193,86,84,170,1
2025-12-24,PAE,21,9,14,23,1
2025-12-24,DAB,332,164,160,324,1
2025-12-24,HWO,588,359,348,707,1
2025-12-24,FXE,291,158,151,309,1
2025-12-24,DTO,221,135,122,257,1
2025-12-24,GKY,106,48,50,98,1
2025-12-24,FTW,166,96,82,178,1
2025-12-24,FFZ,813,407,405,812,1
2025-12-24,SDL,220,99,98,197,1
2025-12-25,SUS,59,26,29,55,1
2025-12-25,IXD,16,7,7,14,1
2025-12-25,SLN,5,3,1,4,1
2025-12-25,FRG,223,89,93,182,1
2025-12-25,TTN,23,13,12,25,1
2025-12-25,LNS,47,22,21,43,1
2025-12-25,GFK,4,3,2,5,1
2025-12-25,DPA,40,18,21,39,1
2025-12-25,FCM,30,15,16,31,1
2025-12-25,APA,144,71,84,155,1
2025-12-25,HIO,13,6,8,14,1
2025-12-25,PAE,17,6,11,17,1
2025-12-25,DAB,31,14,15,29,1
2025-12-25,HWO,309,159,153,312,1
2025-12-25,FXE,187,100,103,203,1
2025-12-25,DTO,40,25,18,43,1
2025-12-25,GKY,56,26,26,52,1
2025-12-25,FTW,65,28,26,54,1
2025-12-25,FFZ,88,42,42,84,1
2025-12-25,SDL,79,29,47,76,1
2025-12-26,SUS,345,135,160,295,1
2025-12-26,IXD,128,60,62,122,1
2025-12-26,SLN,57,27,26,53,1
2025-12-26,FRG,588,261,272,533,1
2025-12-26,TTN,185,82,105,187,1
2025-12-26,LNS,203,92,95,187,1
2025-12-26,GFK,11,6,5,11,1
2025-12-26,DPA,78,40,38,78,1
2025-12-26,FCM,72,29,43,72,1
2025-12-26,APA,639,358,439,797,1
2025-12-26,HIO,237,124,122,246,1
2025-12-26,PAE,43,18,23,41,1
2025-12-26,DAB,302,152,146,298,1
2025-12-26,HWO,846,499,481,980,1
2025-12-26,FXE,489,271,239,510,1
2025-12-26,DTO,496,322,291,613,1
2025-12-26,GKY,118,59,55,114,1
2025-12-26,FTW,379,192,189,381,1
2025-12-26,FFZ,1053,534,535,1069,1
2025-12-26,SDL,395,208,207,415,1
2025-12-27,SUS,92,41,49,90,1
2025-12-27,IXD,194,94,99,193,1
2025-12-27,SLN,31,20,19,39,1
2025-12-27,FRG,82,31,40,71,1
2025-12-27,TTN,61,30,37,67,1
2025-12-27,LNS,12,6,4,10,1
2025-12-27,GFK,11,5,5,10,1
2025-12-27,DPA,101,50,59,109,1
2025-12-27,FCM,60,28,31,59,1
2025-12-27,APA,541,281,331,612,1
2025-12-27,HIO,520,284,275,559,1
2025-12-27,PAE,511,247,253,500,1
2025-12-27,DAB,418,225,213,438,1
2025-12-27,HWO,693,507,476,983,1
2025-12-27,FXE,520,285,268,553,1
2025-12-27,DTO,490,277,255,532,1
2025-12-27,GKY,108,47,52,99,1
2025-12-27,FTW,494,207,213,420,1
2025-12-27,FFZ,1060,545,550,1095,1
2025-12-27,SDL,399,194,181,375,1
2025-12-28,SUS,87,31,45,76,1
2025-12-28,IXD,17,8,7,15,1
2025-12-28,SLN,17,8,8,16,1
2025-12-28,FRG,520,199,216,415,1
2025-12-28,TTN,49,22,27,49,1
2025-12-28,LNS,21,9,12,21,1
2025-12-28,GFK,1,0,0,0,1
2025-12-28,DPA,40,17,24,41,1
2025-12-28,FCM,15,6,10,16,1
2025-12-28,APA,499,265,306,571,1
2025-12-28,HIO,281,149,145,294,1
2025-12-28,PAE,388,206,211,417,1
2025-12-28,DAB,237,121,120,241,1
2025-12-28,HWO,492,321,291,612,1
2025-12-28,FXE,445,235,212,447,1
2025-12-28,DTO,247,138,132,270,1
2025-12-28,GKY,60,31,27,58,1
2025-12-28,FTW,142,68,76,144,1
2025-12-28,FFZ,904,466,461,927,1
2025-12-28,SDL,437,206,197,403,1
2025-12-29,SUS,95,48,43,91,1
2025-12-29,IXD,136,66,67,133,1
2025-12-29,SLN,33,18,20,38,1
2025-12-29,FRG,43,17,22,39,1
2025-12-29,TTN,34,16,17,33,1
2025-12-29,LNS,14,8,7,15,1
2025-12-29,GFK,57,26,31,57,1
2025-12-29,DPA,36,22,15,37,1
2025-12-29,FCM,163,72,82,154,1
2025-12-29,APA,866,473,552,1025,1
2025-12-29,HIO,538,289,280,569,1
2025-12-29,PAE,421,202,205,407,1
2025-12-29,DAB,278,138,132,270,1
2025-12-29,HWO,1017,545,525,1070,1
2025-12-29,FXE,477,259,231,490,1
2025-12-29,DTO,458,273,251,524,1
2025-12-29,GKY,213,98,97,195,1
2025-12-29,FTW,406,160,143,303,1
2025-12-29,FFZ,912,455,446,901,1
2025-12-29,SDL,375,178,192,370,1
2025-12-30,SUS,351,146,150,296,1
2025-12-30,IXD,161,80,79,159,1
2025-12-30,SLN,75,39,39,78,1
2025-12-30,FRG,43,18,23,41,0
2025-12-30,TTN,35,17,20,37,1
2025-12-30,LNS,69,31,33,64,1
2025-12-30,GFK,7,5,2,7,1
2025-12-30,DPA,265,149,147,296,1
2025-12-30,FCM,117,54,45,99,1
2025-12-30,APA,990,533,614,1147,1
2025-12-30,HIO,583,313,299,612,1
2025-12-30,PAE,481,244,241,485,1
2025-12-30,DAB,570,297,289,586,1
2025-12-30,HWO,775,416,396,812,1
2025-12-30,FXE,507,263,243,506,1
2025-12-30,DTO,735,433,405,838,1
2025-12-30,GKY,409,193,189,382,1
2025-12-30,FTW,665,269,282,551,1
2025-12-30,FFZ,1211,636,631,1267,1
2025-12-30,SDL,360,179,171,350,1
2025-12-31,SUS,435,210,208,418,1
2025-12-31,IXD,111,57,56,113,1
2025-12-31,SLN,58,18,21,39,1
2025-12-31,FRG,497,180,203,383,0
2025-12-31,TTN,217,108,109,217,1
2025-12-31,LNS,307,118,113,231,1
2025-12-31,GFK,38,18,17,35,1
2025-12-31,DPA,282,152,149,301,1
2025-12-31,FCM,77,38,39,77,1
2025-12-31,APA,821,405,473,878,1
2025-12-31,HIO,550,296,287,583,1
2025-12-31,PAE,517,311,306,617,1
2025-12-31,DAB,381,178,177,355,1
2025-12-31,HWO,541,303,294,597,1
2025-12-31,FXE,361,132,181,313,0
2025-12-31,DTO,516,280,255,535,1
2025-12-31,GKY,266,136,117,253,1
2025-12-31,FTW,642,223,208,431,1
2025-12-31,FFZ,1091,555,553,1108,1
2025-12-31,SDL,334,153,166,319,1
2026-01-01,SUS,45,21,23,44,1
2026-01-01,IXD,8,4,4,8,1
2026-01-01,SLN,29,11,10,21,1
2026-01-01,FRG,79,35,36,71,1
2026-01-01,TTN,35,10,13,23,1
2026-01-01,LNS,131,60,59,119,1
2026-01-01,GFK,4,2,2,4,1
2026-01-01,DPA,70,33,33,66,1
2026-01-01,FCM,161,90,90,180,1
2026-01-01,APA,571,285,314,599,1
2026-01-01,HIO,58,29,31,60,1
2026-01-01,PAE,180,94,96,190,1
2026-01-01,DAB,93,47,48,95,1
2026-01-01,HWO,217,87,82,169,1
2026-01-01,FXE,259,86,102,188,0
2026-01-01,DTO,282,159,147,306,1
2026-01-01,GKY,286,135,132,267,1
2026-01-01,FTW,202,88,90,178,1
2026-01-01,FFZ,301,124,126,250,1
2026-01-01,SDL,154,72,82,154,1
2026-01-02,SUS,61,30,26,56,1
2026-01-02,IXD,14,8,6,14,1
2026-01-02,SLN,13,7,6,13,1
2026-01-02,FRG,756,288,280,568,1
2026-01-02,TTN,173,65,72,137,1
2026-01-02,LNS,368,167,160,327,1
2026-01-02,GFK,273,124,118,242,1
2026-01-02,DPA,546,289,272,561,1
2026-01-02,FCM,421,203,203,406,1
2026-01-02,APA,1060,556,625,1181,1
2026-01-02,HIO,21,10,12,22,1
2026-01-02,PAE,52,28,32,60,1
2026-01-02,DAB,545,270,274,544,1
2026-01-02,HWO,765,525,495,1020,1
2026-01-02,FXE,496,127,217,344,0
2026-01-02,DTO,730,422,385,807,1
2026-01-02,GKY,292,129,136,265,1
2026-01-02,FTW,649,261,239,500,1
2026-01-02,FFZ,1371,782,759,1541,1
2026-01-02,SDL,352,171,168,339,1
2026-01-03,SUS,334,160,150,310,1
2026-01-03,IXD,63,32,31,63,1
2026-01-03,SLN,28,14,15,29,1
2026-01-03,FRG,857,317,325,642,1
2026-01-03,TTN,279,140,139,279,1
2026-01-03,LNS,436,198,189,387,1
2026-01-03,GFK,13,10,4,14,1
2026-01-03,DPA,383,204,191,395,1
2026-01-03,FCM,520,257,256,513,1
2026-01-03,APA,1204,589,691,1280,1
2026-01-03,HIO,338,191,179,370,1
2026-01-03,PAE,172,102,98,200,1
2026-01-03,DAB,470,234,231,465,1
2026-01-03,HWO,752,483,460,943,1
2026-01-03,FXE,479,132,201,333,0
2026-01-03,DTO,691,401,375,776,1
2026-01-03,GKY,388,175,176,351,1
2026-01-03,FTW,356,169,150,319,1
2026-01-03,FFZ,1202,649,644,1293,1
2026-01-03,SDL,472,228,226,454,1
2026-01-04,SUS,413,160,178,338,1
2026-01-04,IXD,61,31,30,61,1
2026-01-04,SLN,40,21,18,39,1
2026-01-04,FRG,705,297,276,573,1
2026-01-04,TTN,221,116,111,227,1
2026-01-04,LNS,227,97,98,195,1
2026-01-04,GFK,8,6,5,11,1
2026-01-04,DPA,443,245,215,460,1
2026-01-04,FCM,49,27,24,51,1
2026-01-04,APA,553,288,322,610,1
2026-01-04,HIO,216,109,108,217,1
2026-01-04,PAE,146,91,74,165,1
2026-01-04,DAB,234,120,117,237,1
2026-01-04,HWO,764,567,529,1096,1
2026-01-04,FXE,468,145,189,334,0
2026-01-04,DTO,499,237,230,467,1
2026-01-04,GKY,194,98,91,189,1
2026-01-04,FTW,366,180,160,340,1
2026-01-04,FFZ,1315,682,669,1351,1
2026-01-04,SDL,384,175,189,364,1
2026-01-05,SUS,433,180,180,360,1
2026-01-05,IXD,83,40,41,81,1
2026-01-05,SLN,177,82,85,167,1
2026-01-05,FRG,912,376,395,771,1
2026-01-05,TTN,138,112,124,236,1
2026-01-05,LNS,286,96,96,192,1
2026-01-05,GFK,10,5,5,10,1
2026-01-05,DPA,400,228,215,443,1
2026-01-05,FCM,30,16,14,30,1
2026-01-05,APA,605,317,357,674,1
2026-01-05,HIO,358,186,178,364,1
2026-01-05,PAE,76,49,49,98,1
2026-01-05,DAB,777,405,389,794,1
2026-01-05,HWO,911,604,551,1155,1
2026-01-05,FXE,771,354,285,639,0
2026-01-05,DTO,301,165,151,316,1
2026-01-05,GKY,196,84,86,170,1
2026-01-05,FTW,464,155,149,304,1
2026-01-05,FFZ,1445,723,730,1453,1
2026-01-05,SDL,462,220,217,437,1
2026-01-06,SUS,537,211,213,424,1
2026-01-06,IXD,164,82,87,169,1
2026-01-06,SLN,182,87,84,171,1
2026-01-06,FRG,836,357,353,710,1
2026-01-06,TTN,134,75,80,155,1
2026-01-06,LNS,319,132,122,254,1
2026-01-06,GFK,22,14,12,26,1
2026-01-06,DPA,139,73,79,152,1
2026-01-06,FCM,44,23,21,44,1
2026-01-06,APA,692,340,395,735,1
2026-01-06,HIO,63,33,31,64,1
2026-01-06,PAE,30,18,18,36,1
2026-01-06,DAB,951,488,481,969,1
2026-01-06,HWO,1279,698,663,1361,1
2026-01-06,FXE,651,356,256,612,0
2026-01-06,DTO,708,375,357,732,1
2026-01-06,GKY,347,171,175,346,1
2026-01-06,FTW,764,291,289,580,1
2026-01-06,FFZ,1548,811,797,1608,1
2026-01-06,SDL,440,219,209,428,1
2026-01-07,SUS,698,283,308,591,1
2026-01-07,IXD,236,101,109,210,1
2026-01-07,SLN,213,104,104,208,1
2026-01-07,FRG,241,104,96,200,1
2026-01-07,TTN,112,36,39,75,1
2026-01-07,LNS,210,95,94,189,1
2026-01-07,GFK,990,483,470,953,1
2026-01-07,DPA,316,181,163,344,1
2026-01-07,FCM,636,322,304,626,1
2026-01-07,APA,1300,677,703,1380,1
2026-01-07,HIO,95,47,49,96,1
2026-01-07,PAE,47,26,28,54,1
2026-01-07,DAB,816,420,410,830,1
2026-01-07,HWO,1202,514,519,1033,1
2026-01-07,FXE,598,380,263,643,0
2026-01-07,DTO,695,363,354,717,1
2026-01-07,GKY,348,171,173,344,1
2026-01-07,FTW,910,290,296,586,1
2026-01-07,FFZ,1058,507,509,1016,1
2026-01-07,SDL,390,205,194,399,1
2026-01-08,SUS,142,57,59,116,1
2026-01-08,IXD,19,8,11,19,1
2026-01-08,SLN,17,9,8,17,1
2026-01-08,FRG,871,386,370,756,1
2026-01-08,TTN,279,147,152,299,1
2026-01-08,LNS,383,169,153,322,1
2026-01-08,GFK,921,440,439,879,1
2026-01-08,DPA,278,159,142,301,1
2026-01-08,FCM,303,161,155,316,1
2026-01-08,APA,141,70,84,154,1
2026-01-08,HIO,131,71,68,139,1
2026-01-08,PAE,215,110,111,221,1
2026-01-08,DAB,1119,602,558,1160,1
2026-01-08,HWO,1033,634,593,1227,1
2026-01-08,FXE,548,327,232,559,0
2026-01-08,DTO,182,80,89,169,1
2026-01-08,GKY,86,42,40,82,1
2026-01-08,FTW,312,112,106,218,1
2026-01-08,FFZ,502,225,227,452,1
2026-01-08,SDL,242,128,105,233,1
2026-01-09,SUS,447,170,178,348,1
2026-01-09,IXD,175,84,78,162,1
2026-01-09,SLN,93,39,36,75,1
2026-01-09,FRG,415,188,193,381,1
2026-01-09,TTN,136,62,61,123,1
2026-01-09,LNS,197,77,73,150,1
2026-01-09,GFK,949,455,440,895,1
2026-01-09,DPA,431,226,221,447,1
2026-01-09,FCM,643,321,313,634,1
2026-01-09,APA,224,109,130,239,1
2026-01-09,HIO,613,324,327,651,1
2026-01-09,PAE,445,228,240,468,1
2026-01-09,DAB,800,427,398,825,1
2026-01-09,HWO,960,561,547,1108,1
2026-01-09,FXE,546,313,220,533,0
2026-01-09,DTO,750,399,381,780,1
2026-01-09,GKY,284,121,124,245,1
2026-01-09,FTW,694,257,251,508,1
2026-01-09,FFZ,1499,807,803,1610,1
2026-01-09,SDL,497,222,276,498,1
2026-01-10,SUS,269,87,74,161,1
2026-01-10,IXD,151,72,69,141,1
2026-01-10,SLN,57,30,26,56,1
2026-01-10,FRG,573,259,256,515,1
2026-01-10,TTN,103,51,62,113,1
2026-01-10,LNS,112,40,38,78,1
2026-01-10,GFK,31,10,9,19,1
2026-01-10,DPA,121,62,58,120,1
2026-01-10,FCM,276,107,112,219,1
2026-01-10,APA,996,502,595,1097,1
2026-01-10,HIO,309,172,163,335,1
2026-01-10,PAE,236,200,205,405,1
2026-01-10,DAB,879,429,434,863,1
2026-01-10,HWO,933,631,597,1228,1
2026-01-10,FXE,394,185,142,327,0
2026-01-10,DTO,268,127,129,256,1
2026-01-10,GKY,175,89,90,179,1
2026-01-10,FTW,270,92,90,182,1
2026-01-10,FFZ,1207,626,655,1281,1
2026-01-10,SDL,388,201,175,376,1
2026-01-11,SUS,414,173,161,334,1
2026-01-11,IXD,146,67,67,134,1
2026-01-11,SLN,81,33,34,67,1
2026-01-11,FRG,490,222,217,439,1
2026-01-11,TTN,158,67,76,143,1
2026-01-11,LNS,142,56,57,113,1
2026-01-11,GFK,287,149,143,292,1
2026-01-11,DPA,396,218,212,430,1
2026-01-11,FCM,399,209,194,403,1
2026-01-11,APA,1002,508,604,1112,1
2026-01-11,HIO,394,232,223,455,1
2026-01-11,PAE,220,143,148,291,1
2026-01-11,DAB,294,139,141,280,1
2026-01-11,HWO,818,512,476,988,1
2026-01-11,FXE,433,205,153,358,0
2026-01-11,DTO,613,353,330,683,1
2026-01-11,GKY,218,105,108,213,1
2026-01-11,FTW,477,220,201,421,1
2026-01-11,FFZ,540,265,265,530,1
2026-01-11,SDL,421,192,214,406,1
2026-01-12,SUS,598,239,261,500,1
2026-01-12,IXD,221,109,104,213,1
2026-01-12,SLN,176,84,87,171,1
2026-01-12,FRG,670,240,244,484,1
2026-01-12,TTN,221,103,111,214,1
2026-01-12,LNS,439,172,166,338,1
2026-01-12,GFK,1243,622,614,1236,1
2026-01-12,DPA,479,279,249,528,1
2026-01-12,FCM,603,325,313,638,1
2026-01-12,APA,1081,572,662,1234,1
2026-01-12,HIO,606,316,304,620,1
2026-01-12,PAE,65,25,35,60,1
2026-01-12,DAB,462,258,235,493,1
2026-01-12,HWO,873,594,577,1171,1
2026-01-12,FXE,609,299,247,546,0
2026-01-12,DTO,506,299,271,570,1
2026-01-12,GKY,238,117,118,235,1
2026-01-12,FTW,759,276,273,549,1
2026-01-12,FFZ,1266,631,632,1263,1
2026-01-12,SDL,431,214,207,421,1
2026-01-13,SUS,357,133,127,260,1
2026-01-13,IXD,249,129,131,260,1
2026-01-13,SLN,290,126,123,249,1
2026-01-13,FRG,899,368,368,736,1
2026-01-13,TTN,248,132,141,273,1
2026-01-13,LNS,320,150,141,291,1
2026-01-13,GFK,32,16,16,32,1
2026-01-13,DPA,481,270,267,537,1
2026-01-13,FCM,188,68,72,140,1
2026-01-13,APA,1246,607,682,1289,1
2026-01-13,HIO,56,27,32,59,1
2026-01-13,PAE,57,30,30,60,1
2026-01-13,DAB,1374,696,668,1364,1
2026-01-13,HWO,466,352,325,677,1
2026-01-13,FXE,481,232,190,422,0
2026-01-13,DTO,468,268,249,517,1
2026-01-13,GKY,254,128,122,250,1
2026-01-13,FTW,629,188,181,369,1
2026-01-13,FFZ,1670,820,838,1658,1
2026-01-13,SDL,515,255,253,508,1
2026-01-14,SUS,147,50,56,106,1
2026-01-14,IXD,91,42,43,85,1
2026-01-14,SLN,119,29,28,57,1
2026-01-14,FRG,898,373,383,756,1
2026-01-14,TTN,233,130,153,283,1
2026-01-14,LNS,350,139,139,278,1
2026-01-14,GFK,1327,637,633,1270,1
2026-01-14,DPA,160,99,86,185,1
2026-01-14,FCM,289,146,142,288,1
2026-01-14,APA,995,507,580,1087,1
2026-01-14,HIO,11,6,5,11,1
2026-01-14,PAE,242,140,135,275,1
2026-01-14,DAB,1079,568,544,1112,1
2026-01-14,HWO,579,406,368,774,1
2026-01-14,FXE,562,170,247,417,0
2026-01-14,DTO,217,94,97,191,1
2026-01-14,GKY,169,70,70,140,1
2026-01-14,FTW,290,92,92,184,1
2026-01-14,FFZ,1423,724,743,1467,1
2026-01-14,SDL,528,267,273,540,1
2026-01-15,SUS,555,243,245,488,1
2026-01-15,IXD,266,123,121,244,1
2026-01-15,SLN,189,66,64,130,1
2026-01-15,FRG,263,105,120,225,1
2026-01-15,TTN,77,28,30,58,1
2026-01-15,LNS,123,52,50,102,1
2026-01-15,GFK,543,255,262,517,1
2026-01-15,DPA,594,347,328,675,1
2026-01-15,FCM,404,198,200,398,1
2026-01-15,APA,639,348,386,734,1
2026-01-15,HIO,582,325,310,635,1
2026-01-15,PAE,261,128,138,266,1
2026-01-15,DAB,531,268,254,522,1
2026-01-15,HWO,448,289,272,561,1
2026-01-15,FXE,416,173,176,349,1
2026-01-15,DTO,697,297,278,575,1
2026-01-15,GKY,504,222,219,441,1
2026-01-15,FTW,729,281,272,553,1
2026-01-15,FFZ,1665,848,862,1710,1
2026-01-15,SDL,588,276,294,570,1
2026-01-16,SUS,359,126,136,262,1
2026-01-16,IXD,40,20,17,37,1
2026-01-16,SLN,61,32,31,63,1
2026-01-16,FRG,316,125,148,273,1
2026-01-16,TTN,190,76,94,170,1
2026-01-16,LNS,446,190,180,370,1
2026-01-16,GFK,16,9,7,16,1
2026-01-16,DPA,161,91,98,189,1
2026-01-16,FCM,63,25,23,48,1
2026-01-16,APA,615,301,329,630,1
2026-01-16,HIO,374,235,215,450,1
2026-01-16,PAE,689,350,363,713,1
2026-01-16,DAB,1160,602,580,1182,1
2026-01-16,HWO,1086,633,616,1249,1
2026-01-16,FXE,574,316,287,603,1
2026-01-16,DTO,294,142,143,285,1
2026-01-16,GKY,168,76,75,151,1
2026-01-16,FTW,340,143,160,303,1
2026-01-16,FFZ,1662,825,845,1670,1
2026-01-16,SDL,476,238,236,474,1
2026-01-17,SUS,159,30,26,56,1
2026-01-17,IXD,31,15,15,30,1
2026-01-17,SLN,30,18,13,31,1
2026-01-17,FRG,318,141,150,291,1
2026-01-17,LNS,32,14,15,29,1
2026-01-17,GFK,84,38,36,74,1
2026-01-17,DPA,340,206,190,396,1
2026-01-17,FCM,126,41,41,82,1
2026-01-17,APA,982,505,544,1049,1
2026-01-17,HIO,709,368,367,735,1
2026-01-17,PAE,606,286,294,580,1
2026-01-17,DAB,1288,685,644,1329,1
2026-01-17,HWO,1181,690,662,1352,1
2026-01-17,FXE,398,205,191,396,1
2026-01-17,GKY,252,117,122,239,1
2026-01-17,FTW,578,218,209,427,1
2026-01-17,FFZ,1434,727,731,1458,1
2026-01-17,SDL,511,246,237,483,1
2026-01-18,SUS,283,101,102,203,1
2026-01-18,IXD,68,31,30,61,1
2026-01-18,SLN,66,44,39,83,1
2026-01-18,FRG,30,15,15,30,1
2026-01-18,TTN,22,6,12,18,1
2026-01-18,LNS,9,6,3,9,1
2026-01-18,GFK,6,2,4,6,1
2026-01-18,DPA,234,140,130,270,1
2026-01-18,FCM,25,13,14,27,1
2026-01-18,APA,930,495,562,1057,1
2026-01-18,HIO,563,299,289,588,1
2026-01-18,PAE,540,269,278,547,1
2026-01-18,DAB,480,232,237,469,1
2026-01-18,HWO,581,320,310,630,1
2026-01-18,FXE,300,136,142,278,1
2026-01-18,DTO,223,100,102,202,1
2026-01-18,GKY,204,98,94,192,1
2026-01-18,FTW,447,235,214,449,1
2026-01-18,FFZ,1174,603,589,1192,1
2026-01-18,SDL,393,179,185,364,1
2026-01-19,SUS,217,84,70,154,1
2026-01-19,IXD,139,63,64,127,1
2026-01-19,SLN,99,37,36,73,1
2026-01-19,FRG,242,103,86,189,1
2026-01-19,TTN,142,62,57,119,1
2026-01-19,LNS,109,43,43,86,1
2026-01-19,GFK,1104,540,523,1063,1
2026-01-19,DPA,82,39,42,81,1
2026-01-19,FCM,184,97,96,193,1
2026-01-19,APA,794,419,508,927,1
2026-01-19,HIO,759,395,394,789,1
2026-01-19,PAE,631,328,319,647,1
2026-01-19,DAB,625,339,332,671,1
2026-01-19,HWO,789,386,356,742,1
2026-01-19,FXE,537,264,247,511,1
2026-01-19,DTO,192,95,84,179,1
2026-01-19,GKY,316,144,140,284,1
2026-01-19,FTW,643,248,220,468,1
2026-01-19,FFZ,1421,701,716,1417,1
2026-01-19,SDL,501,225,256,481,1
2026-01-20,SUS,439,190,194,384,1
2026-01-20,IXD,206,103,106,209,1
2026-01-20,SLN,154,72,74,146,1
2026-01-20,FRG,556,225,229,454,1
2026-01-20,TTN,192,67,84,151,1
2026-01-20,LNS,345,138,132,270,1
2026-01-20,GFK,957,461,456,917,1
2026-01-20,DPA,496,294,259,553,1
2026-01-20,FCM,317,153,145,298,1
2026-01-20,APA,1028,514,549,1063,1
2026-01-20,HIO,569,305,296,601,1
2026-01-20,PAE,500,239,248,487,1
2026-01-20,DAB,912,483,460,943,1
2026-01-20,HWO,685,319,313,632,1
2026-01-20,FXE,560,298,331,629,1
2026-01-20,DTO,749,295,280,575,1
2026-01-20,GKY,446,217,215,432,1
2026-01-20,FTW,947,366,373,739,1
2026-01-20,FFZ,1539,773,782,1555,1
2026-01-20,SDL,510,249,241,490,1
2026-01-21,SUS,405,188,192,380,1
2026-01-21,IXD,216,103,97,200,1
2026-01-21,SLN,188,88,86,174,1
2026-01-21,FRG,778,279,293,572,1
2026-01-21,TTN,200,108,115,223,1
2026-01-21,LNS,387,163,159,322,1
2026-01-21,GFK,19,10,9,19,1
2026-01-21,DPA,440,216,203,419,1
2026-01-21,FCM,33,16,16,32,1
2026-01-21,APA,1085,658,750,1408,1
2026-01-21,HIO,410,256,251,507,1
2026-01-21,PAE,621,284,292,576,1
2026-01-21,DAB,1254,660,617,1277,1
2026-01-21,HWO,456,248,250,498,1
2026-01-21,FXE,503,259,236,495,1
2026-01-21,DTO,497,254,247,501,1
2026-01-21,GKY,331,149,151,300,1
2026-01-21,FTW,859,287,271,558,1
2026-01-21,FFZ,1508,750,763,1513,1
2026-01-21,SDL,589,281,277,558,1
2026-01-22,SUS,530,238,231,469,1
2026-01-22,IXD,381,179,183,362,1
2026-01-22,SLN,355,158,157,315,1
2026-01-22,FRG,442,158,179,337,1
2026-01-22,TTN,241,104,129,233,1
2026-01-22,LNS,328,149,152,301,1
2026-01-22,GFK,20,11,10,21,1
2026-01-22,DPA,300,150,143,293,1
2026-01-22,FCM,68,33,32,65,1
2026-01-22,APA,1224,667,746,1413,1
2026-01-22,HIO,449,221,221,442,1
2026-01-22,PAE,318,140,147,287,1
2026-01-22,DAB,1249,613,573,1186,1
2026-01-22,HWO,966,575,563,1138,1
2026-01-22,FXE,620,322,302,624,1
2026-01-22,DTO,570,292,266,558,1
2026-01-22,GKY,104,55,57,112,1
2026-01-22,FTW,678,267,275,542,1
2026-01-22,FFZ,1586,779,784,1563,1
2026-01-22,SDL,525,261,224,485,1
2026-01-23,SUS,112,33,30,63,1
2026-01-23,IXD,82,32,34,66,1
2026-01-23,SLN,7,4,3,7,1
2026-01-23,FRG,347,147,142,289,1
2026-01-23,TTN,195,64,54,118,1
2026-01-23,LNS,219,75,74,149,1
2026-01-23,GFK,23,7,3,10,1
2026-01-23,DPA,44,19,9,28,1
2026-01-23,FCM,70,26,20,46,1
2026-01-23,APA,172,65,66,131,1
2026-01-23,HIO,277,91,77,168,1
2026-01-23,PAE,567,173,157,330,1
2026-01-23,DAB,1226,454,353,807,1
2026-01-23,HWO,1110,506,473,979,1
2026-01-23,FXE,747,296,253,549,1
2026-01-23,DTO,10,3,3,6,0
2026-01-23,GKY,5,0,1,1,1
2026-01-23,FTW,96,41,38,79,1
2026-01-23,FFZ,1362,444,426,870,1
2026-01-23,SDL,406,133,127,260,1
2026-01-24,SUS,26,13,14,27,1
2026-01-24,IXD,2,1,1,2,1
2026-01-24,SLN,7,4,3,7,1
2026-01-24,FRG,543,246,242,488,1
2026-01-24,TTN,296,145,153,298,1
2026-01-24,LNS,315,129,121,250,1
2026-01-24,GFK,897,431,433,864,1
2026-01-24,DPA,114,60,55,115,1
2026-01-24,FCM,87,20,20,40,1
2026-01-24,APA,317,170,164,334,1
2026-01-24,HIO,589,305,302,607,1
2026-01-24,PAE,566,290,282,572,1
2026-01-24,DAB,884,452,404,856,1
2026-01-24,HWO,1019,590,578,1168,1
2026-01-24,FXE,709,335,327,662,1
2026-01-24,DTO,0,0,0,0,0
2026-01-24,GKY,0,0,0,0,0
2026-01-24,FTW,1,0,1,1,0
2026-01-24,FFZ,950,492,479,971,1
2026-01-24,SDL,320,148,147,295,1
2026-01-25,SUS,25,9,14,23,1
2026-01-25,IXD,14,8,6,14,1
2026-01-25,SLN,11,5,5,10,1
2026-01-25,FRG,2,1,1,2,1
2026-01-25,TTN,0,0,0,0,1
2026-01-25,LNS,0,0,0,0,1
2026-01-25,GFK,617,293,284,577,1
2026-01-25,DPA,38,18,18,36,1
2026-01-25,FCM,233,103,98,201,1
2026-01-25,APA,547,243,254,497,1
2026-01-25,HIO,429,224,218,442,1
2026-01-25,PAE,423,217,225,442,1
2026-01-25,DAB,446,207,236,443,1
2026-01-25,HWO,746,420,412,832,1
2026-01-25,FXE,440,232,211,443,1
2026-01-25,DTO,0,0,0,0,0
2026-01-25,GKY,0,0,0,0,0
2026-01-25,FTW,0,0,0,0,0
2026-01-25,FFZ,1295,611,622,1233,1
2026-01-25,SDL,479,216,249,465,1
2026-01-26,SUS,90,39,36,75,1
2026-01-26,IXD,75,38,35,73,1
2026-01-26,SLN,15,6,5,11,1
2026-01-26,FRG,24,16,8,24,1
2026-01-26,TTN,28,18,14,32,1
2026-01-26,LNS,10,5,5,10,1
2026-01-26,GFK,454,214,215,429,1
2026-01-26,DPA,240,130,113,243,1
2026-01-26,FCM,150,67,69,136,1
2026-01-26,APA,840,425,524,949,1
2026-01-26,HIO,626,315,311,626,1
2026-01-26,PAE,581,259,266,525,1
2026-01-26,DAB,778,390,402,792,1
2026-01-26,HWO,723,390,378,768,1
2026-01-26,FXE,517,254,272,526,1
2026-01-26,DTO,0,0,0,0,0
2026-01-26,FTW,45,8,9,17,1
2026-01-26,FFZ,1415,653,669,1322,1
2026-01-26,SDL,473,211,225,436,1
2026-01-27,SUS,143,60,58,118,1
2026-01-27,IXD,271,130,137,267,1
2026-01-27,SLN,32,16,13,29,1
2026-01-27,FRG,48,23,24,47,1
2026-01-27,TTN,67,27,25,52,1
2026-01-27,LNS,59,22,24,46,1
2026-01-27,GFK,1812,882,856,1738,1
2026-01-27,DPA,292,144,154,298,1
2026-01-27,FCM,271,135,134,269,1
2026-01-27,APA,1037,624,667,1291,1
2026-01-27,HIO,515,257,253,510,1
2026-01-27,PAE,502,239,236,475,1
2026-01-27,DAB,1010,528,516,1044,1
2026-01-27,HWO,913,545,527,1072,1
2026-01-27,FXE,604,274,288,562,1
2026-01-27,DTO,0,0,0,0,0
2026-01-27,GKY,10,5,5,10,1
2026-01-27,FTW,166,67,52,119,1
2026-01-27,FFZ,1447,761,774,1535,1
2026-01-27,SDL,502,222,243,465,1
2026-01-28,SUS,449,158,162,320,1
2026-01-28,IXD,268,119,114,233,1
2026-01-28,SLN,356,158,164,322,1
2026-01-28,FRG,246,109,112,221,1
2026-01-28,TTN,168,61,68,129,1
2026-01-28,LNS,336,123,128,251,1
2026-01-28,GFK,1118,492,488,980,1
2026-01-28,DPA,374,191,189,380,1
2026-01-28,FCM,361,161,153,314,1
2026-01-28,APA,1362,630,744,1374,1
2026-01-28,HIO,340,148,152,300,1
2026-01-28,PAE,336,153,161,314,1
2026-01-28,DAB,1450,655,638,1293,1
2026-01-28,HWO,1071,561,546,1107,1
2026-01-28,FXE,483,278,288,566,1
2026-01-28,DTO,0,0,0,0,0
2026-01-28,GKY,45,12,14,26,1
2026-01-28,FTW,184,62,69,131,1
2026-01-28,FFZ,1585,663,694,1357,1
2026-01-28,SDL,505,206,219,425,1
2026-01-29,SUS,436,124,125,249,1
2026-01-29,IXD,289,79,79,158,1
2026-01-29,SLN,252,65,58,123,1
2026-01-29,FRG,597,137,133,270,1
2026-01-29,TTN,249,49,56,105,1
2026-01-29,LNS,248,81,77,158,1
2026-01-29,GFK,1080,244,235,479,1
2026-01-29,DPA,507,181,176,357,1
2026-01-29,FCM,294,80,78,158,1
2026-01-29,APA,790,226,243,469,1
2026-01-29,HIO,348,81,80,161,1
2026-01-29,PAE,301,95,92,187,1
2026-01-29,DAB,1206,375,339,714,1
2026-01-29,HWO,1058,326,328,654,1
2026-01-29,FXE,659,204,170,374,1
2026-01-29,DTO,69,11,5,16,1
2026-01-29,GKY,133,38,34,72,1
2026-01-29,FTW,378,77,70,147,1
2026-01-29,FFZ,1466,391,393,784,1
2026-01-29,SDL,531,168,170,338,1
2026-01-30,SUS,518,207,214,421,1
2026-01-30,IXD,168,82,84,166,1
2026-01-30,SLN,74,41,40,81,1
2026-01-30,FRG,479,221,222,443,1
2026-01-30,TTN,86,94,110,204,1
2026-01-30,LNS,311,139,135,274,1
2026-01-30,GFK,1726,818,816,1634,1
2026-01-30,DPA,132,71,61,132,1
2026-01-30,FCM,211,107,98,205,1
2026-01-30,APA,1023,555,664,1219,1
2026-01-30,HIO,243,122,124,246,1
2026-01-30,PAE,101,43,51,94,1
2026-01-30,DAB,1417,728,690,1418,1
2026-01-30,HWO,1029,652,629,1281,1
2026-01-30,FXE,734,344,330,674,1
2026-01-30,DTO,340,148,144,292,1
2026-01-30,GKY,343,152,152,304,1
2026-01-30,FTW,868,326,322,648,1
2026-01-30,FFZ,1490,752,757,1509,1
2026-01-30,SDL,546,250,253,503,1
2026-01-31,SUS,383,125,115,240,1
2026-01-31,IXD,133,63,59,122,1
2026-01-31,SLN,145,80,80,160,1
2026-01-31,FRG,770,336,336,672,1
2026-01-31,TTN,86,118,121,239,1
2026-01-31,LNS,277,120,114,234,1
2026-01-31,GFK,56,28,30,58,1
2026-01-31,DPA,451,239,229,468,1
2026-01-31,FCM,484,254,244,498,1
2026-01-31,APA,694,369,398,767,1
2026-01-31,HIO,364,187,182,369,1
2026-01-31,PAE,457,231,231,462,1
2026-01-31,DAB,779,398,384,782,1
2026-01-31,HWO,416,283,268,551,1
2026-01-31,FXE,591,231,238,469,1
2026-01-31,DTO,308,161,160,321,1
2026-01-31,GKY,263,123,121,244,1
2026-01-31,FTW,509,159,156,315,1
2026-01-31,FFZ,1350,672,678,1350,1
2026-01-31,SDL,407,204,189,393,1
2026-02-01,SUS,365,143,141,284,1
2026-02-01,IXD,184,90,93,183,1
2026-02-01,SLN,107,47,44,91,1
2026-02-01,FRG,74,32,28,60,1
2026-02-01,TTN,102,46,45,91,1
2026-02-01,LNS,158,75,76,151,1
2026-02-01,GFK,10,5,5,10,1
2026-02-01,DPA,476,282,250,532,1
2026-02-01,FCM,46,15,19,34,1
2026-02-01,APA,1051,551,622,1173,1
2026-02-01,HIO,161,82,82,164,1
2026-02-01,PAE,55,27,31,58,1
2026-02-01,DAB,591,298,286,584,1
2026-02-01,HWO,198,140,129,269,1
2026-02-01,FXE,278,130,133,263,1
2026-02-01,DTO,377,184,180,364,1
2026-02-01,GKY,265,131,123,254,1
2026-02-01,FTW,375,176,172,348,1
2026-02-01,FFZ,1098,550,526,1076,1
2026-02-01,SDL,466,233,235,468,1
2026-02-02,SUS,482,215,221,436,1
2026-02-02,IXD,260,120,118,238,1
2026-02-02,SLN,243,115,116,231,1
2026-02-02,FRG,651,247,252,499,1
2026-02-02,TTN,0,129,141,270,1
2026-02-02,LNS,334,124,123,247,1
2026-02-02,GFK,1117,510,507,1017,1
2026-02-02,DPA,305,165,153,318,1
2026-02-02,FCM,449,217,219,436,1
2026-02-02,APA,909,486,521,1007,1
2026-02-02,HIO,505,262,260,522,1
2026-02-02,PAE,182,89,92,181,1
2026-02-02,DAB,1280,664,632,1296,1
2026-02-02,HWO,654,367,356,723,1
2026-02-02,FXE,559,270,302,572,1
2026-02-02,DTO,587,294,290,584,1
2026-02-02,GKY,243,118,111,229,1
2026-02-02,FTW,788,249,242,491,1
2026-02-02,FFZ,1489,768,777,1545,1
2026-02-02,SDL,474,222,238,460,1
2026-02-03,SUS,413,141,145,286,1
2026-02-03,IXD,243,134,125,259,1
2026-02-03,SLN,327,148,149,297,1
2026-02-03,FRG,967,375,379,754,1
2026-02-03,TTN,0,167,188,355,1
2026-02-03,LNS,288,123,116,239,1
2026-02-03,GFK,1321,622,610,1232,1
2026-02-03,DPA,590,328,315,643,1
2026-02-03,FCM,496,242,241,483,1
2026-02-03,APA,646,309,355,664,1
2026-02-03,HIO,500,264,258,522,1
2026-02-03,PAE,560,275,275,550,1
2026-02-03,DAB,1321,685,658,1343,1
2026-02-03,HWO,864,524,518,1042,1
2026-02-03,FXE,662,370,346,716,1
2026-02-03,DTO,482,236,237,473,1
2026-02-03,GKY,243,110,107,217,1
2026-02-03,FTW,701,208,186,394,1
2026-02-03,FFZ,1421,776,773,1549,1
2026-02-03,SDL,490,240,245,485,1
2026-02-04,SUS,481,181,196,377,1
2026-02-04,IXD,132,67,75,142,1
2026-02-04,SLN,216,84,83,167,1
2026-02-04,FRG,941,341,350,691,1
2026-02-04,TTN,0,164,181,345,1
2026-02-04,LNS,379,174,166,340,1
2026-02-04,GFK,1011,496,479,975,1
2026-02-04,DPA,549,314,304,618,1
2026-02-04,FCM,483,214,207,421,1
2026-02-04,APA,1320,690,779,1469,1
2026-02-04,HIO,542,291,277,568,1
2026-02-04,PAE,615,298,297,595,1
2026-02-04,DAB,1288,631,626,1257,1
2026-02-04,HWO,1081,620,598,1218,1
2026-02-04,FXE,705,384,377,761,1
2026-02-04,DTO,743,372,353,725,1
2026-02-04,GKY,300,145,141,286,1
2026-02-04,FTW,683,233,220,453,1
2026-02-04,FFZ,1100,562,564,1126,1
2026-02-04,SDL,473,232,220,452,1
2026-02-05,SUS,469,195,197,392,1
2026-02-05,IXD,255,116,112,228,1
2026-02-05,SLN,351,145,147,292,1
2026-02-05,FRG,931,381,383,764,1
2026-02-05,TTN,0,156,171,327,1
2026-02-05,LNS,401,160,155,315,1
2026-02-05,GFK,1621,782,778,1560,1
2026-02-05,DPA,520,275,267,542,1
2026-02-05,FCM,592,263,262,525,1
2026-02-05,APA,1331,707,793,1500,1
2026-02-05,HIO,564,304,303,607,1
2026-02-05,PAE,533,253,256,509,1
2026-02-05,DAB,354,172,169,341,1
2026-02-05,HWO,882,450,445,895,1
2026-02-05,FXE,429,245,220,465,1
2026-02-05,DTO,486,287,263,550,1
2026-02-05,GKY,277,133,121,254,1
2026-02-05,FTW,629,239,239,478,1
2026-02-05,FFZ,1603,838,826,1664,1
2026-02-05,SDL,543,250,255,505,1
2026-02-06,SUS,259,77,77,154,1
2026-02-06,IXD,150,81,79,160,1
2026-02-06,SLN,286,151,148,299,1
2026-02-06,FRG,819,368,370,738,1
2026-02-06,TTN,256,115,135,250,1
2026-02-06,LNS,137,51,48,99,1
2026-02-06,GFK,1451,712,701,1413,1
2026-02-06,DPA,366,188,187,375,1
2026-02-06,FCM,254,122,112,234,1
2026-02-06,APA,980,493,578,1071,1
2026-02-06,HIO,540,300,287,587,1
2026-02-06,PAE,663,335,331,666,1
2026-02-06,DAB,1078,554,537,1091,1
2026-02-06,HWO,948,574,551,1125,1
2026-02-06,FXE,502,290,294,584,1
2026-02-06,DTO,613,350,323,673,1
2026-02-06,GKY,318,144,151,295,1
2026-02-06,FTW,891,374,370,744,1
2026-02-06,FFZ,1244,620,651,1271,1
2026-02-06,SDL,457,219,218,437,1
2026-02-07,SUS,478,167,177,344,1
2026-02-07,IXD,231,115,117,232,1
2026-02-07,SLN,284,133,131,264,1
2026-02-07,FRG,33,16,18,34,1
2026-02-07,TTN,23,15,13,28,1
2026-02-07,LNS,6,4,4,8,1
2026-02-07,GFK,702,347,331,678,1
2026-02-07,DPA,648,351,324,675,1
2026-02-07,FCM,424,252,232,484,1
2026-02-07,APA,715,379,400,779,1
2026-02-07,HIO,30,14,16,30,1
2026-02-07,PAE,89,41,40,81,1
2026-02-07,DAB,1032,550,542,1092,1
2026-02-07,HWO,788,567,551,1118,1
2026-02-07,FXE,427,209,217,426,1
2026-02-07,DTO,613,326,315,641,1
2026-02-07,GKY,371,180,174,354,1
2026-02-07,FTW,508,220,214,434,1
2026-02-07,FFZ,1510,738,753,1491,1
2026-02-07,SDL,350,162,198,360,1
2026-02-08,SUS,244,103,100,203,1
2026-02-08,IXD,191,106,100,206,1
2026-02-08,SLN,41,25,20,45,1
2026-02-08,FRG,103,54,47,101,1
2026-02-08,TTN,100,40,37,77,1
2026-02-08,LNS,116,53,54,107,1
2026-02-08,GFK,533,272,262,534,1
2026-02-08,DPA,448,240,226,466,1
2026-02-08,FCM,437,221,197,418,1
2026-02-08,APA,866,432,489,921,1
2026-02-08,HIO,42,29,33,62,1
2026-02-08,PAE,278,148,154,302,1
2026-02-08,DAB,1249,647,612,1259,1
2026-02-08,HWO,700,396,381,777,1
2026-02-08,FXE,382,183,193,376,1
2026-02-08,DTO,594,307,293,600,1
2026-02-08,GKY,188,97,94,191,1
2026-02-08,FTW,326,137,142,279,1
2026-02-08,FFZ,916,481,473,954,1
2026-02-08,SDL,345,151,200,351,1
2026-02-09,SUS,364,149,140,289,1
2026-02-09,IXD,211,105,99,204,1
2026-02-09,SLN,140,71,63,134,1
2026-02-09,FRG,641,268,251,519,1
2026-02-09,TTN,352,174,186,360,1
2026-02-09,LNS,353,166,152,318,1
2026-02-09,GFK,1432,697,697,1394,1
2026-02-09,DPA,547,296,265,561,1
2026-02-09,FCM,594,279,270,549,1
2026-02-09,APA,909,474,531,1005,1
2026-02-09,HIO,365,190,188,378,1
2026-02-09,PAE,150,78,80,158,1
2026-02-09,DAB,1432,755,715,1470,1
2026-02-09,HWO,934,563,556,1119,1
2026-02-09,FXE,744,382,368,750,1
2026-02-09,DTO,717,395,375,770,1
2026-02-09,GKY,292,140,131,271,1
2026-02-09,FTW,771,240,226,466,1
2026-02-09,FFZ,1499,753,770,1523,1
2026-02-09,SDL,506,219,251,470,1
2026-02-10,SUS,416,161,170,331,1
2026-02-10,IXD,195,111,111,222,1
2026-02-10,SLN,156,70,69,139,1
2026-02-10,FRG,925,378,380,758,1
2026-02-10,TTN,344,154,161,315,1
2026-02-10,LNS,324,178,166,344,1
2026-02-10,GFK,1424,684,675,1359,1
2026-02-10,DPA,613,309,309,618,1
2026-02-10,FCM,282,136,139,275,1
2026-02-10,APA,1100,599,659,1258,1
2026-02-10,HIO,545,284,275,559,1
2026-02-10,PAE,647,322,315,637,1
2026-02-10,DAB,1344,667,658,1325,1
2026-02-10,HWO,874,494,482,976,1
2026-02-10,FXE,622,358,344,702,1
2026-02-10,DTO,618,324,307,631,1
2026-02-10,GKY,316,163,155,318,1
2026-02-10,FTW,603,220,221,441,1
2026-02-10,FFZ,1612,794,815,1609,1
2026-02-10,SDL,521,263,244,507,1
2026-02-11,SUS,486,197,204,401,1
2026-02-11,IXD,270,125,125,250,1
2026-02-11,SLN,306,146,149,295,1
2026-02-11,FRG,596,234,226,460,1
2026-02-11,TTN,163,80,89,169,1
2026-02-11,LNS,347,138,134,272,1
2026-02-11,GFK,20,10,11,21,1
2026-02-11,DPA,446,225,220,445,1
2026-02-11,FCM,775,390,380,770,1
2026-02-11,APA,1164,610,673,1283,1
2026-02-11,HIO,600,336,315,651,1
2026-02-11,PAE,514,273,264,537,1
2026-02-11,DAB,1253,605,590,1195,1
2026-02-11,HWO,1010,625,624,1249,1
2026-02-11,FXE,692,356,337,693,1
2026-02-11,DTO,913,541,507,1048,1
2026-02-11,GKY,393,171,173,344,1
2026-02-11,FTW,987,410,402,812,1
2026-02-11,FFZ,1272,635,640,1275,1
2026-02-11,SDL,557,255,253,508,1
2026-02-12,SUS,374,169,181,350,1
2026-02-12,IXD,266,130,136,266,1
2026-02-12,SLN,283,137,132,269,1
2026-02-12,FRG,614,241,245,486,1
2026-02-12,TTN,278,117,138,255,1
2026-02-12,LNS,201,86,88,174,1
2026-02-12,GFK,620,307,304,611,1
2026-02-12,DPA,601,308,299,607,1
2026-02-12,FCM,662,343,323,666,1
2026-02-12,APA,1172,582,653,1235,1
2026-02-12,HIO,729,391,381,772,1
2026-02-12,PAE,616,288,297,585,1
2026-02-12,DAB,675,329,289,618,1
2026-02-12,HWO,1114,732,682,1414,1
2026-02-12,FXE,720,362,349,711,1
2026-02-12,DTO,863,528,493,1021,1
2026-02-12,GKY,326,142,137,279,1
2026-02-12,FTW,839,317,310,627,1
2026-02-12,FFZ,1341,663,664,1327,1
2026-02-12,SDL,497,246,246,492,1
2026-02-13,SUS,517,204,200,404,1
2026-02-13,IXD,321,168,170,338,1
2026-02-13,SLN,196,112,103,215,1
2026-02-13,FRG,876,334,347,681,1
2026-02-13,TTN,364,190,204,394,1
2026-02-13,LNS,430,202,192,394,1
2026-02-13,GFK,1489,766,753,1519,1
2026-02-13,DPA,467,261,233,494,1
2026-02-13,FCM,746,389,384,773,1
2026-02-13,APA,1034,521,571,1092,1
2026-02-13,HIO,308,164,166,330,1
2026-02-13,PAE,139,64,76,140,1
2026-02-13,DAB,968,476,437,913,1
2026-02-13,HWO,998,489,468,957,1
2026-02-13,FXE,540,264,235,499,1
2026-02-13,DTO,706,332,326,658,1
2026-02-13,GKY,315,157,146,303,1
2026-02-13,FTW,659,256,261,517,1
2026-02-13,FFZ,1268,577,578,1155,1
2026-02-13,SDL,472,227,231,458,1
2026-02-14,SUS,108,22,25,47,1
2026-02-14,IXD,21,11,9,20,1
2026-02-14,SLN,12,5,6,11,1
2026-02-14,FRG,770,304,317,621,1
2026-02-14,TTN,258,147,151,298,1
2026-02-14,LNS,395,194,187,381,1
2026-02-14,GFK,1230,595,588,1183,1
2026-02-14,DPA,505,266,237,503,1
2026-02-14,FCM,561,292,284,576,1
2026-02-14,APA,998,473,528,1001,1
2026-02-14,HIO,115,57,54,111,1
2026-02-14,PAE,430,210,210,420,1
2026-02-14,DAB,934,437,428,865,1
2026-02-14,HWO,898,465,454,919,1
2026-02-14,FXE,524,230,205,435,1
2026-02-14,DTO,11,4,4,8,1
2026-02-14,GKY,3,1,2,3,1
2026-02-14,FTW,106,21,25,46,1
2026-02-14,FFZ,1405,724,726,1450,1
2026-02-14,SDL,391,190,187,377,1
2026-02-15,SUS,332,100,91,191,1
2026-02-15,IXD,81,44,33,77,1
2026-02-15,SLN,38,24,23,47,1
2026-02-15,FRG,743,360,341,701,1
2026-02-15,TTN,115,52,60,112,1
2026-02-15,LNS,79,42,38,80,1
2026-02-15,GFK,489,258,258,516,1
2026-02-15,DPA,441,235,224,459,1
2026-02-15,FCM,578,265,260,525,1
2026-02-15,APA,711,368,406,774,1
2026-02-15,HIO,523,277,263,540,1
2026-02-15,PAE,571,304,312,616,1
2026-02-15,DAB,450,145,164,309,1
2026-02-15,HWO,419,210,211,421,1
2026-02-15,FXE,383,160,176,336,1
2026-02-15,DTO,458,276,248,524,1
2026-02-15,GKY,194,80,84,164,1
2026-02-15,FTW,351,138,131,269,1
2026-02-15,FFZ,1186,631,618,1249,1
2026-02-15,SDL,398,181,197,378,1
2026-02-16,SUS,435,145,145,290,1
2026-02-16,IXD,192,86,88,174,1
2026-02-16,SLN,211,109,102,211,1
2026-02-16,FRG,491,240,217,457,1
2026-02-16,TTN,124,53,50,103,1
2026-02-16,LNS,45,20,20,40,1
2026-02-16,GFK,1138,564,553,1117,1
2026-02-16,DPA,367,187,165,352,1
2026-02-16,FCM,658,341,341,682,1
2026-02-16,APA,1197,611,674,1285,1
2026-02-16,HIO,108,44,50,94,1
2026-02-16,PAE,124,84,73,157,1
2026-02-16,DAB,361,188,201,389,1
2026-02-16,HWO,898,538,525,1063,1
2026-02-16,FXE,457,234,262,496,1
2026-02-16,DTO,682,391,363,754,1
2026-02-16,GKY,321,153,144,297,1
2026-02-16,FTW,708,288,278,566,1
2026-02-16,FFZ,1176,593,593,1186,1
2026-02-16,SDL,522,252,263,515,1
2026-02-17,SUS,349,121,110,231,1
2026-02-17,IXD,64,26,25,51,1
2026-02-17,SLN,33,18,15,33,1
2026-02-17,FRG,194,88,82,170,1
2026-02-17,TTN,79,45,39,84,1
2026-02-17,LNS,157,78,80,158,1
2026-02-17,GFK,431,201,201,402,1
2026-02-17,DPA,503,266,251,517,1
2026-02-17,FCM,232,114,105,219,1
2026-02-17,APA,186,94,115,209,1
2026-02-17,HIO,197,102,99,201,1
2026-02-17,PAE,489,287,264,551,1
2026-02-17,DAB,1615,838,803,1641,1
2026-02-17,HWO,1044,572,564,1136,1
2026-02-17,FXE,591,372,344,716,1
2026-02-17,DTO,384,216,207,423,1
2026-02-17,GKY,104,80,82,162,1
2026-02-17,FTW,664,160,155,315,1
2026-02-17,FFZ,1506,750,758,1508,1
2026-02-17,SDL,580,252,274,526,1
2026-02-18,SUS,374,143,145,288,1
2026-02-18,IXD,337,162,165,327,1
2026-02-18,SLN,377,201,199,400,1
2026-02-18,FRG,56,29,27,56,1
2026-02-18,TTN,35,18,15,33,1
2026-02-18,LNS,43,23,21,44,1
2026-02-18,GFK,10,6,5,11,1
2026-02-18,DPA,289,162,215,377,1
2026-02-18,FCM,24,14,11,25,1
2026-02-18,APA,320,151,193,344,1
2026-02-18,HIO,23,12,14,26,1
2026-02-18,PAE,61,26,29,55,1
2026-02-18,DAB,1316,670,661,1331,1
2026-02-18,HWO,1190,652,634,1286,1
2026-02-18,FXE,637,310,295,605,1
2026-02-18,DTO,780,402,396,798,1
2026-02-18,GKY,366,165,173,338,1
2026-02-18,FTW,869,325,314,639,1
2026-02-18,FFZ,904,402,404,806,1
2026-02-18,SDL,394,196,192,388,1
2026-02-19,SUS,296,120,135,255,1
2026-02-19,IXD,111,51,48,99,1
2026-02-19,SLN,104,48,51,99,1
2026-02-19,FRG,847,384,372,756,1
2026-02-19,TTN,86,49,53,102,1
2026-02-19,LNS,40,21,19,40,1
2026-02-19,GFK,31,15,15,30,1
2026-02-19,DPA,453,254,345,599,1
2026-02-19,FCM,81,32,34,66,1
2026-02-19,APA,842,471,528,999,1
2026-02-19,HIO,258,122,124,246,1
2026-02-19,PAE,470,205,220,425,1
2026-02-19,DAB,1348,684,666,1350,1
2026-02-19,HWO,1091,548,542,1090,1
2026-02-19,FXE,685,356,345,701,1
2026-02-19,DTO,507,249,265,514,1
2026-02-19,GKY,281,133,124,257,1
2026-02-19,FTW,879,308,307,615,1
2026-02-19,FFZ,1710,814,819,1633,1
2026-02-19,SDL,591,285,288,573,1
2026-02-20,SUS,297,118,115,233,1
2026-02-20,IXD,180,84,87,171,1
2026-02-20,SLN,301,165,163,328,1
2026-02-20,FRG,41,22,17,39,1
2026-02-20,TTN,37,17,23,40,1
2026-02-20,LNS,23,10,13,23,1
2026-02-20,GFK,459,213,206,419,1
2026-02-20,DPA,36,22,19,41,1
2026-02-20,FCM,160,73,75,148,1
2026-02-20,APA,666,352,386,738,1
2026-02-20,HIO,237,130,130,260,1
2026-02-20,PAE,576,277,271,548,1
2026-02-20,DAB,1284,662,639,1301,1
2026-02-20,HWO,1170,631,623,1254,1
2026-02-20,FXE,802,392,385,777,1
2026-02-20,DTO,833,427,426,853,1
2026-02-20,GKY,283,126,119,245,1
2026-02-20,FTW,917,359,333,692,1
2026-02-20,FFZ,1570,799,800,1599,1
2026-02-20,SDL,546,265,264,529,1
2026-02-21,SUS,264,108,101,209,1
2026-02-21,IXD,128,59,59,118,1
2026-02-21,SLN,157,94,91,185,1
2026-02-21,FRG,854,404,371,775,1
2026-02-21,TTN,394,196,218,414,1
2026-02-21,LNS,413,205,187,392,1
2026-02-21,GFK,1230,601,585,1186,1
2026-02-21,DPA,551,278,270,548,1
2026-02-21,FCM,410,203,195,398,1
2026-02-21,APA,1003,535,631,1166,1
2026-02-21,HIO,88,50,43,93,1
2026-02-21,PAE,231,113,122,235,1
2026-02-21,DAB,1242,641,630,1271,1
2026-02-21,HWO,1090,702,678,1380,1
2026-02-21,FXE,508,292,270,562,1
2026-02-21,DTO,554,323,304,627,1
2026-02-21,GKY,272,136,129,265,1
2026-02-21,FTW,337,135,144,279,1
2026-02-21,FFZ,1421,713,702,1415,1
2026-02-21,SDL,502,248,245,493,1
2026-02-22,SUS,160,43,50,93,1
2026-02-22,IXD,49,27,22,49,1
2026-02-22,SLN,149,81,79,160,1
2026-02-22,FRG,31,13,18,31,1
2026-02-22,TTN,22,6,18,24,1
2026-02-22,LNS,7,2,4,6,1
2026-02-22,GFK,81,40,43,83,1
2026-02-22,DPA,331,176,166,342,1
2026-02-22,FCM,86,30,28,58,1
2026-02-22,APA,1021,581,633,1214,1
2026-02-22,HIO,117,59,62,121,1
2026-02-22,PAE,87,65,62,127,1
2026-02-22,DAB,316,159,153,312,1
2026-02-22,HWO,663,378,363,741,1
2026-02-22,FXE,452,249,234,483,1
2026-02-22,DTO,521,312,279,591,1
2026-02-22,GKY,190,87,95,182,1
2026-02-22,FTW,318,159,141,300,1
2026-02-22,FFZ,1318,674,653,1327,1
2026-02-22,SDL,498,236,234,470,1
2026-02-23,SUS,337,134,139,273,1
2026-02-23,IXD,194,93,99,192,1
2026-02-23,SLN,404,209,204,413,1
2026-02-23,FRG,0,0,0,0,1
2026-02-23,TTN,5,4,1,5,1
2026-02-23,LNS,32,6,2,8,1
2026-02-23,GFK,1277,567,597,1164,1
2026-02-23,DPA,545,285,275,560,1
2026-02-23,FCM,529,277,272,549,1
2026-02-23,APA,1175,608,686,1294,1
2026-02-23,HIO,22,11,12,23,1
2026-02-23,PAE,373,193,197,390,1
2026-02-23,DAB,606,310,298,608,1
2026-02-23,HWO,501,285,269,554,1
2026-02-23,FXE,462,245,249,494,1
2026-02-23,DTO,622,338,323,661,1
2026-02-23,GKY,302,141,141,282,1
2026-02-23,FTW,1157,432,416,848,1
2026-02-23,FFZ,1467,738,735,1473,1
2026-02-23,SDL,595,276,290,566,1
2026-02-24,SUS,177,65,61,126,1
2026-02-24,IXD,140,59,59,118,1
2026-02-24,SLN,292,141,139,280,1
2026-02-24,FRG,59,28,23,51,1
2026-02-24,TTN,135,58,67,125,1
2026-02-24,LNS,390,163,155,318,1
2026-02-24,GFK,346,170,163,333,1
2026-02-24,DPA,478,289,298,587,1
2026-02-24,FCM,225,106,114,220,1
2026-02-24,APA,726,362,407,769,1
2026-02-24,HIO,54,27,30,57,1
2026-02-24,PAE,407,207,214,421,1
2026-02-24,DAB,1459,744,729,1473,1
2026-02-24,HWO,1378,834,796,1630,1
2026-02-24,FXE,606,300,309,609,1
2026-02-24,DTO,287,152,141,293,1
2026-02-24,GKY,166,82,77,159,1
2026-02-24,FTW,382,109,99,208,1
2026-02-24,FFZ,1639,825,832,1657,1
2026-02-24,SDL,543,267,262,529,1
2026-02-25,SUS,539,248,249,497,1
2026-02-25,IXD,273,115,112,227,1
2026-02-25,SLN,399,194,193,387,1
2026-02-25,FRG,115,47,51,98,1
2026-02-25,TTN,181,88,120,208,1
2026-02-25,LNS,380,175,169,344,1
2026-02-25,GFK,1353,606,657,1263,1
2026-02-25,DPA,487,290,326,616,1
2026-02-25,FCM,658,325,330,655,1
2026-02-25,APA,441,231,259,490,1
2026-02-25,HIO,490,267,252,519,1
2026-02-25,PAE,474,220,228,448,1
2026-02-25,DAB,1445,734,705,1439,1
2026-02-25,HWO,1269,776,759,1535,1
2026-02-25,FXE,709,347,327,674,1
2026-02-25,DTO,726,361,356,717,1
2026-02-25,GKY,269,137,136,273,1
2026-02-25,FTW,929,363,366,729,1
2026-02-25,FFZ,1548,757,753,1510,1
2026-02-25,SDL,485,221,251,472,1
2026-02-26,SUS,413,186,200,386,1
2026-02-26,IXD,332,140,145,285,1
2026-02-26,SLN,203,108,105,213,1
2026-02-26,FRG,376,171,171,342,1
2026-02-26,TTN,343,181,202,383,1
2026-02-26,LNS,372,155,156,311,1
2026-02-26,GFK,1716,792,782,1574,1
2026-02-26,DPA,665,377,349,726,1
2026-02-26,FCM,611,306,299,605,1
2026-02-26,APA,611,312,364,676,1
2026-02-26,HIO,853,442,438,880,1
2026-02-26,PAE,421,197,201,398,1
2026-02-26,DAB,1203,617,600,1217,1
2026-02-26,HWO,1194,738,720,1458,1
2026-02-26,FXE,616,345,326,671,1
2026-02-26,DTO,524,285,275,560,1
2026-02-26,GKY,340,147,142,289,1
2026-02-26,FTW,802,281,292,573,1
2026-02-26,FFZ,1683,839,851,1690,1
2026-02-26,SDL,536,284,264,548,1
2026-02-27,SUS,354,141,144,285,1
2026-02-27,IXD,170,93,94,187,1
2026-02-27,FRG,808,381,375,756,1
2026-02-27,TTN,459,218,243,461,1
2026-02-27,LNS,366,158,149,307,1
2026-02-27,GFK,204,102,102,204,1
2026-02-27,DPA,558,315,294,609,1
2026-02-27,FCM,392,189,185,374,1
2026-02-27,APA,897,480,527,1007,1
2026-02-27,HIO,536,300,299,599,1
2026-02-27,PAE,513,254,260,514,1
2026-02-27,DAB,856,438,419,857,1
2026-02-27,HWO,1081,676,652,1328,1
2026-02-27,FXE,755,327,322,649,1
2026-02-27,GKY,287,141,130,271,1
2026-02-27,FTW,898,370,357,727,1
2026-02-27,FFZ,1668,850,855,1705,1
2026-02-27,SDL,482,239,246,485,1
2026-02-28,SUS,464,166,169,335,1
2026-02-28,IXD,194,90,89,179,1
2026-02-28,SLN,300,141,140,281,1
2026-02-28,FRG,796,330,344,674,1
2026-02-28,TTN,216,129,143,272,1
2026-02-28,LNS,528,219,210,429,1
2026-02-28,GFK,1200,572,574,1146,1
2026-02-28,DPA,635,343,349,692,1
2026-02-28,FCM,272,124,126,250,1
2026-02-28,APA,938,460,503,963,1
2026-02-28,HIO,498,270,271,541,1
2026-02-28,PAE,519,249,254,503,1
2026-02-28,DAB,260,131,122,253,1
2026-02-28,HWO,830,547,523,1070,1
2026-02-28,FXE,322,156,144,300,1
2026-02-28,DTO,696,368,344,712,1
2026-02-28,GKY,317,168,168,336,1
2026-02-28,FTW,555,188,182,370,1
2026-02-28,FFZ,1410,752,749,1501,1
2026-02-28,SDL,443,221,213,434,1
2026-03-01,SUS,249,113,104,217,1
2026-03-01,IXD,42,20,14,34,1
2026-03-01,SLN,22,14,8,22,1
2026-03-01,FRG,477,199,196,395,1
2026-03-01,TTN,222,97,108,205,1
2026-03-01,LNS,216,111,108,219,1
2026-03-01,GFK,846,419,415,834,1
2026-03-01,DPA,370,231,220,451,1
2026-03-01,FCM,654,357,344,701,1
2026-03-01,APA,899,498,545,1043,1
2026-03-01,HIO,502,274,266,540,1
2026-03-01,PAE,612,306,311,617,1
2026-03-01,DAB,1024,546,524,1070,1
2026-03-01,HWO,614,447,391,838,1
2026-03-01,FXE,391,181,187,368,1
2026-03-01,DTO,368,213,211,424,1
2026-03-01,GKY,184,101,96,197,1
2026-03-01,FTW,310,138,134,272,1
2026-03-01,FFZ,1243,652,648,1300,1
2026-03-01,SDL,432,198,228,426,1
2026-03-02,SUS,97,49,51,100,1
2026-03-02,IXD,45,24,21,45,1
2026-03-02,SLN,29,13,13,26,1
2026-03-02,FRG,919,401,396,797,1
2026-03-02,TTN,365,180,205,385,1
2026-03-02,LNS,413,183,174,357,1
2026-03-02,GFK,1831,876,869,1745,1
2026-03-02,DPA,655,369,346,715,1
2026-03-02,FCM,463,227,231,458,1
2026-03-02,APA,892,481,535,1016,1
2026-03-02,HIO,700,382,373,755,1
2026-03-02,PAE,635,320,315,635,1
2026-03-02,DAB,1513,788,750,1538,1
2026-03-02,HWO,1079,601,573,1174,1
2026-03-02,FXE,616,318,312,630,1
2026-03-02,DTO,376,224,220,444,1
2026-03-02,GKY,299,150,142,292,1
2026-03-02,FTW,914,341,342,683,1
2026-03-02,FFZ,1500,771,782,1553,1
2026-03-02,SDL,468,232,235,467,1
2026-03-03,SUS,168,72,80,152,1
2026-03-03,IXD,33,17,18,35,1
2026-03-03,SLN,25,12,10,22,1
2026-03-03,FRG,158,74,71,145,1
2026-03-03,TTN,35,18,18,36,1
2026-03-03,LNS,14,6,6,12,1
2026-03-03,GFK,14,8,7,15,1
2026-03-03,DPA,620,309,300,609,1
2026-03-03,FCM,747,376,372,748,1
2026-03-03,APA,463,240,255,495,1
2026-03-03,HIO,301,154,151,305,1
2026-03-03,PAE,104,45,52,97,1
2026-03-03,DAB,1294,678,631,1309,1
2026-03-03,HWO,1006,577,543,1120,1
2026-03-03,FXE,630,318,299,617,1
2026-03-03,DTO,487,261,244,505,1
2026-03-03,GKY,246,119,113,232,1
2026-03-03,FTW,441,169,163,332,1
2026-03-03,FFZ,1578,761,771,1532,1
2026-03-03,SDL,552,262,285,547,1
2026-03-04,SUS,94,47,47,94,1
2026-03-04,IXD,36,16,21,37,1
2026-03-04,SLN,131,58,55,113,1
2026-03-04,FRG,701,338,339,677,1
2026-03-04,TTN,150,61,71,132,1
2026-03-04,LNS,77,38,36,74,1
2026-03-04,GFK,11,5,4,9,1
2026-03-04,DPA,199,116,105,221,1
2026-03-04,FCM,131,71,60,131,1
2026-03-04,APA,1306,747,855,1602,1
2026-03-04,HIO,305,165,154,319,1
2026-03-04,PAE,61,30,35,65,1
2026-03-04,DAB,1483,790,723,1513,1
2026-03-04,HWO,987,518,505,1023,1
2026-03-04,FXE,708,316,304,620,1
2026-03-04,DTO,485,304,270,574,1
2026-03-04,GKY,211,101,101,202,1
2026-03-04,FTW,536,178,176,354,1
2026-03-04,FFZ,1664,818,833,1651,1
2026-03-04,SDL,525,258,260,518,1
2026-03-05,SUS,197,78,77,155,1
2026-03-05,IXD,64,30,30,60,1
2026-03-05,SLN,60,25,27,52,1
2026-03-05,FRG,60,31,30,61,1
2026-03-05,TTN,39,21,25,46,1
2026-03-05,LNS,26,12,14,26,1
2026-03-05,GFK,16,7,7,14,1
2026-03-05,DPA,60,27,33,60,1
2026-03-05,FCM,544,309,292,601,1
2026-03-05,APA,970,525,616,1141,1
2026-03-05,HIO,735,378,382,760,1
2026-03-05,PAE,533,267,276,543,1
2026-03-05,DAB,1345,737,657,1394,1
2026-03-05,HWO,1065,603,590,1193,1
2026-03-05,FXE,630,324,326,650,1
2026-03-05,DTO,283,161,148,309,1
2026-03-05,GKY,159,76,75,151,1
2026-03-05,FTW,259,94,99,193,1
2026-03-05,FFZ,1255,619,613,1232,1
2026-03-05,SDL,433,222,205,427,1
2026-03-06,SUS,228,79,91,170,1
2026-03-06,IXD,49,22,24,46,1
2026-03-06,SLN,65,15,14,29,1
2026-03-06,FRG,76,30,39,69,1
2026-03-06,TTN,58,28,34,62,1
2026-03-06,LNS,51,26,24,50,1
2026-03-06,GFK,36,9,7,16,1
2026-03-06,DPA,76,42,37,79,1
2026-03-06,FCM,51,27,28,55,1
2026-03-06,APA,72,39,41,80,1
2026-03-06,HIO,51,28,28,56,1
2026-03-06,PAE,64,31,36,67,1
2026-03-06,DAB,1282,671,616,1287,1
2026-03-06,HWO,1094,607,574,1181,1
2026-03-06,FXE,537,275,259,534,1
2026-03-06,DTO,96,56,49,105,1
2026-03-06,GKY,23,10,12,22,1
2026-03-06,FTW,331,93,94,187,1
2026-03-06,FFZ,1446,693,707,1400,1
2026-03-06,SDL,503,262,246,508,1
2026-03-07,SUS,143,39,39,78,1
2026-03-07,IXD,147,67,67,134,1
2026-03-07,SLN,280,125,118,243,1
2026-03-07,FRG,40,17,20,37,1
2026-03-07,TTN,28,13,17,30,1
2026-03-07,LNS,44,17,19,36,1
2026-03-07,GFK,548,263,261,524,1
2026-03-07,DPA,178,92,97,189,1
2026-03-07,FCM,63,32,32,64,1
2026-03-07,APA,591,350,381,731,1
2026-03-07,HIO,414,234,227,461,1
2026-03-07,PAE,92,43,49,92,1
2026-03-07,DAB,1004,479,458,937,1
2026-03-07,HWO,317,213,198,411,1
2026-03-07,FXE,452,200,182,382,1
2026-03-07,DTO,62,18,20,38,1
2026-03-07,GKY,5,3,2,5,1
2026-03-07,FTW,133,54,57,111,1
2026-03-07,FFZ,1257,568,556,1124,1
2026-03-07,SDL,353,160,171,331,1
2026-03-08,SUS,504,243,231,474,1
2026-03-08,IXD,247,108,110,218,1
2026-03-08,SLN,137,61,63,124,1
2026-03-08,FRG,460,221,205,426,1
2026-03-08,TTN,250,120,141,261,1
2026-03-08,LNS,307,134,120,254,1
2026-03-08,GFK,692,351,337,688,1
2026-03-08,DPA,359,201,178,379,1
2026-03-08,FCM,350,189,181,370,1
2026-03-08,APA,1162,560,649,1209,1
2026-03-08,HIO,166,80,82,162,1
2026-03-08,PAE,90,43,48,91,1
2026-03-08,DAB,965,488,475,963,1
2026-03-08,HWO,72,46,34,80,0
2026-03-08,FXE,463,208,207,415,1
2026-03-08,DTO,708,409,386,795,1
2026-03-08,GKY,442,206,209,415,1
2026-03-08,FTW,659,296,289,585,1
2026-03-08,FFZ,1208,581,601,1182,1
2026-03-08,SDL,439,204,219,423,1
2026-03-09,SUS,326,116,122,238,1
2026-03-09,IXD,282,129,126,255,1
2026-03-09,SLN,490,215,207,422,1
2026-03-09,FRG,998,447,439,886,1
2026-03-09,TTN,427,199,247,446,1
2026-03-09,LNS,497,220,194,414,1
2026-03-09,GFK,585,276,273,549,1
2026-03-09,DPA,660,391,396,787,1
2026-03-09,FCM,565,272,277,549,1
2026-03-09,APA,973,505,593,1098,1
2026-03-09,HIO,753,384,383,767,1
2026-03-09,PAE,193,106,107,213,1
2026-03-09,DAB,1075,578,534,1112,1
2026-03-09,HWO,127,55,55,110,0
2026-03-09,FXE,460,205,211,416,1
2026-03-09,DTO,465,277,243,520,1
2026-03-09,GKY,319,157,161,318,1
2026-03-09,FTW,618,243,234,477,1
2026-03-09,FFZ,1458,742,744,1486,1
2026-03-09,SDL,465,218,234,452,1
2026-03-10,SUS,280,92,101,193,1
2026-03-10,IXD,123,67,62,129,1
2026-03-10,SLN,347,162,158,320,1
2026-03-10,FRG,793,342,338,680,1
2026-03-10,TTN,406,207,238,445,1
2026-03-10,LNS,546,241,227,468,1
2026-03-10,GFK,1316,620,619,1239,1
2026-03-10,DPA,100,53,50,103,1
2026-03-10,FCM,449,233,239,472,1
2026-03-10,APA,676,315,352,667,1
2026-03-10,HIO,232,128,127,255,1
2026-03-10,PAE,362,177,177,354,1
2026-03-10,DAB,1382,729,685,1414,1
2026-03-10,HWO,1548,807,789,1596,1
2026-03-10,FXE,642,336,333,669,1
2026-03-10,DTO,232,154,139,293,1
2026-03-10,GKY,52,26,26,52,1
2026-03-10,FTW,313,96,94,190,1
2026-03-10,FFZ,1768,834,851,1685,1
2026-03-10,SDL,496,236,246,482,1
2026-03-11,SUS,163,69,62,131,1
2026-03-11,IXD,99,44,44,88,1
2026-03-11,SLN,112,33,30,63,1
2026-03-11,FRG,586,252,256,508,1
2026-03-11,TTN,244,99,112,211,1
2026-03-11,LNS,382,153,146,299,1
2026-03-11,GFK,1062,492,483,975,1
2026-03-11,DPA,93,47,51,98,1
2026-03-11,FCM,418,231,221,452,1
2026-03-11,APA,901,515,568,1083,1
2026-03-11,HIO,28,17,11,28,1
2026-03-11,PAE,48,23,26,49,1
2026-03-11,DAB,1423,710,694,1404,1
2026-03-11,HWO,1201,767,721,1488,1
2026-03-11,FXE,727,350,343,693,1
2026-03-11,DTO,393,220,211,431,1
2026-03-11,GKY,166,81,75,156,1
2026-03-11,FTW,397,174,172,346,1
2026-03-11,FFZ,1783,890,894,1784,1
2026-03-11,SDL,582,273,288,561,1
2026-03-12,SUS,590,260,273,533,1
2026-03-12,IXD,165,77,79,156,1
2026-03-12,SLN,113,56,55,111,1
2026-03-12,FRG,99,42,43,85,1
2026-03-12,TTN,71,30,35,65,1
2026-03-12,LNS,177,47,44,91,1
2026-03-12,GFK,368,190,181,371,1
2026-03-12,DPA,699,378,350,728,1
2026-03-12,FCM,353,200,176,376,1
2026-03-12,APA,270,116,139,255,1
2026-03-12,HIO,34,14,17,31,1
2026-03-12,PAE,42,22,24,46,1
2026-03-12,DAB,563,262,260,522,1
2026-03-12,HWO,1164,860,715,1575,1
2026-03-12,FXE,669,361,345,706,1
2026-03-12,DTO,758,389,394,783,1
2026-03-12,GKY,408,204,197,401,1
2026-03-12,FTW,1142,448,442,890,1
2026-03-12,FFZ,1771,844,869,1713,1
2026-03-12,SDL,496,248,249,497,1
2026-03-13,SUS,318,135,133,268,1
2026-03-13,IXD,330,151,158,309,1
2026-03-13,SLN,446,208,198,406,1
2026-03-13,FRG,676,324,332,656,1
2026-03-13,TTN,266,112,117,229,1
2026-03-13,LNS,128,59,59,118,1
2026-03-13,GFK,359,172,173,345,1
2026-03-13,DPA,44,23,21,44,1
2026-03-13,FCM,114,62,59,121,1
2026-03-13,APA,599,321,364,685,1
2026-03-13,HIO,51,30,33,63,1
2026-03-13,PAE,27,15,16,31,1
2026-03-13,DAB,1383,709,677,1386,1
2026-03-13,HWO,694,443,433,876,1
2026-03-13,FXE,535,252,243,495,1
2026-03-13,DTO,695,340,344,684,1
2026-03-13,GKY,423,217,204,421,1
2026-03-13,FTW,868,337,339,676,1
2026-03-13,FFZ,1711,840,843,1683,1
2026-03-13,SDL,464,213,226,439,1
2026-03-14,SUS,383,150,166,316,1
2026-03-14,IXD,192,82,81,163,1
2026-03-14,SLN,206,104,111,215,1
2026-03-14,FRG,131,52,57,109,1
2026-03-14,TTN,121,32,45,77,1
2026-03-14,LNS,175,56,51,107,1
2026-03-14,GFK,1205,598,588,1186,1
2026-03-14,DPA,410,240,216,456,1
2026-03-14,FCM,424,226,213,439,0
2026-03-14,APA,406,215,247,462,1
2026-03-14,HIO,812,406,414,820,1
2026-03-14,PAE,428,228,236,464,1
2026-03-14,DAB,1229,657,614,1271,1
2026-03-14,HWO,1015,638,639,1277,1
2026-03-14,FXE,454,240,220,460,1
2026-03-14,DTO,521,258,259,517,1
2026-03-14,GKY,138,65,69,134,1
2026-03-14,FTW,591,229,232,461,1
2026-03-14,FFZ,1470,763,754,1517,1
2026-03-14,SDL,422,221,214,435,1
2026-03-15,SUS,77,30,31,61,1
2026-03-15,IXD,18,6,11,17,1
2026-03-15,SLN,12,6,5,11,1
2026-03-15,FRG,908,432,399,831,1
2026-03-15,TTN,307,126,148,274,1
2026-03-15,LNS,188,94,85,179,1
2026-03-15,GFK,34,15,16,31,1
2026-03-15,DPA,99,64,82,146,1
2026-03-15,FCM,0,0,0,0,0
2026-03-15,APA,140,79,66,145,1
2026-03-15,HIO,556,278,266,544,1
2026-03-15,PAE,627,293,301,594,1
2026-03-15,DAB,216,108,104,212,1
2026-03-15,HWO,254,177,170,347,1
2026-03-15,FXE,320,174,149,323,1
2026-03-15,DTO,86,38,43,81,1
2026-03-15,GKY,59,16,39,55,1
2026-03-15,FTW,102,46,58,104,1
2026-03-15,FFZ,1088,517,521,1038,1
2026-03-15,SDL,481,247,227,474,1
2026-03-16,SUS,127,43,41,84,1
2026-03-16,IXD,49,28,23,51,1
2026-03-16,SLN,40,23,19,42,1
2026-03-16,FRG,21,5,16,21,1
2026-03-16,TTN,41,19,24,43,1
2026-03-16,LNS,11,5,4,9,1
2026-03-16,GFK,1722,824,812,1636,1
2026-03-16,DPA,34,15,20,35,1
2026-03-16,FCM,70,36,37,73,1
2026-03-16,APA,804,437,523,960,1
2026-03-16,HIO,784,415,406,821,1
2026-03-16,PAE,152,76,75,151,1
2026-03-16,DAB,186,106,97,203,1
2026-03-16,HWO,1074,656,525,1181,1
2026-03-16,FXE,443,234,238,472,1
2026-03-16,DTO,313,186,167,353,1
2026-03-16,GKY,188,89,94,183,1
2026-03-16,FTW,377,123,133,256,1
2026-03-16,FFZ,1576,743,751,1494,1
2026-03-16,SDL,482,215,242,457,1
2026-03-17,SUS,280,123,110,233,1
2026-03-17,IXD,167,82,86,168,1
2026-03-17,SLN,142,60,56,116,1
2026-03-17,FRG,100,37,33,70,1
2026-03-17,TTN,90,26,29,55,1
2026-03-17,LNS,212,82,86,168,1
2026-03-17,GFK,228,112,104,216,1
2026-03-17,DPA,684,379,342,721,1
2026-03-17,FCM,404,210,194,404,1
2026-03-17,APA,543,298,299,597,1
2026-03-17,HIO,764,397,392,789,1
2026-03-17,PAE,123,63,66,129,1
2026-03-17,DAB,1028,550,521,1071,1
2026-03-17,HWO,1024,694,686,1380,0
2026-03-17,FXE,552,275,289,564,1
2026-03-17,DTO,586,287,293,580,1
2026-03-17,GKY,332,161,152,313,1
2026-03-17,FTW,972,345,334,679,1
2026-03-17,FFZ,1617,773,791,1564,1
2026-03-17,SDL,470,224,225,449,1
2026-03-18,SUS,414,174,183,357,1
2026-03-18,IXD,392,195,197,392,1
2026-03-18,SLN,306,128,128,256,1
2026-03-18,FRG,1099,469,464,933,1
2026-03-18,TTN,486,225,258,483,1
2026-03-18,LNS,543,239,225,464,1
2026-03-18,GFK,1601,793,796,1589,1
2026-03-18,DPA,541,310,285,595,1
2026-03-18,FCM,697,338,339,677,1
2026-03-18,APA,704,491,561,1052,1
2026-03-18,HIO,689,367,365,732,1
2026-03-18,PAE,86,42,47,89,1
2026-03-18,DAB,624,352,325,677,1
2026-03-18,HWO,29,10,12,22,0
2026-03-18,FXE,284,140,130,270,1
2026-03-18,DTO,667,346,336,682,1
2026-03-18,GKY,378,179,177,356,1
2026-03-18,FTW,788,323,314,637,1
2026-03-18,FFZ,1692,865,867,1732,1
2026-03-18,SDL,510,227,250,477,1
2026-03-19,SUS,606,260,244,504,1
2026-03-19,IXD,360,180,182,362,1
2026-03-19,SLN,287,107,106,213,1
2026-03-19,FRG,970,405,406,811,1
2026-03-19,TTN,443,209,251,460,1
2026-03-19,LNS,594,227,213,440,1
2026-03-19,GFK,137,71,68,139,1
2026-03-19,DPA,528,302,276,578,1
2026-03-19,FCM,570,316,290,606,1
2026-03-19,APA,914,483,539,1022,1
2026-03-19,HIO,735,359,347,706,1
2026-03-19,PAE,68,40,39,79,1
2026-03-19,DAB,376,213,198,411,1
2026-03-19,HWO,966,648,605,1253,1
2026-03-19,FXE,619,328,302,630,1
2026-03-19,DTO,633,313,308,621,1
2026-03-19,GKY,324,157,151,308,1
2026-03-19,FTW,825,357,337,694,1
2026-03-19,FFZ,1485,745,763,1508,1
2026-03-19,SDL,469,240,244,484,1
2026-03-20,SUS,390,175,169,344,1
2026-03-20,IXD,284,142,136,278,1
2026-03-20,SLN,83,60,54,114,1
2026-03-20,FRG,537,213,219,432,1
2026-03-20,TTN,224,120,132,252,1
2026-03-20,LNS,341,155,154,309,1
2026-03-20,GFK,1435,682,674,1356,1
2026-03-20,DPA,522,271,276,547,1
2026-03-20,FCM,659,330,318,648,1
2026-03-20,APA,965,526,624,1150,1
2026-03-20,HIO,757,343,348,691,1
2026-03-20,PAE,76,41,42,83,1
2026-03-20,DAB,588,347,335,682,1
2026-03-20,HWO,979,605,580,1185,1
2026-03-20,FXE,546,249,252,501,1
2026-03-20,DTO,558,275,261,536,1
2026-03-20,GKY,327,172,167,339,1
2026-03-20,FTW,964,434,428,862,1
2026-03-20,FFZ,1852,867,879,1746,1
2026-03-20,SDL,492,240,263,503,1
2026-03-21,SUS,394,169,183,352,1
2026-03-21,IXD,235,117,112,229,1
2026-03-21,SLN,56,27,29,56,1
2026-03-21,FRG,707,326,322,648,1
2026-03-21,TTN,227,125,146,271,1
2026-03-21,LNS,402,144,137,281,1
2026-03-21,GFK,130,64,67,131,1
2026-03-21,DPA,555,298,293,591,1
2026-03-21,FCM,436,199,203,402,1
2026-03-21,APA,652,393,492,885,1
2026-03-21,HIO,585,316,306,622,1
2026-03-21,PAE,659,329,326,655,1
2026-03-21,DAB,1204,623,598,1221,1
2026-03-21,HWO,1338,837,787,1624,1
2026-03-21,FXE,503,251,232,483,1
2026-03-21,DTO,663,383,357,740,1
2026-03-21,GKY,294,153,147,300,1
2026-03-21,FTW,673,290,282,572,1
2026-03-21,FFZ,1438,725,721,1446,1
2026-03-21,SDL,394,197,197,394,1
2026-03-22,SUS,215,105,106,211,1
2026-03-22,IXD,66,27,29,56,1
2026-03-22,SLN,25,16,10,26,1
2026-03-22,FRG,70,35,32,67,1
2026-03-22,TTN,176,84,84,168,1
2026-03-22,LNS,266,103,95,198,1
2026-03-22,GFK,576,302,289,591,1
2026-03-22,DPA,291,142,144,286,1
2026-03-22,FCM,250,117,129,246,1
2026-03-22,APA,803,409,454,863,1
2026-03-22,HIO,476,250,246,496,1
2026-03-22,PAE,700,354,357,711,1
2026-03-22,DAB,1005,506,503,1009,1
2026-03-22,HWO,1249,672,646,1318,1
2026-03-22,FXE,501,264,248,512,1
2026-03-22,DTO,349,194,175,369,1
2026-03-22,GKY,82,42,39,81,1
2026-03-22,FTW,350,166,140,306,1
2026-03-22,FFZ,1181,593,602,1195,1
2026-03-22,SDL,470,220,224,444,1
2026-03-23,SUS,308,126,140,266,1
2026-03-23,IXD,236,119,121,240,1
2026-03-23,SLN,230,108,104,212,1
2026-03-23,FRG,67,38,28,66,1
2026-03-23,TTN,48,26,33,59,1
2026-03-23,LNS,79,34,37,71,1
2026-03-23,GFK,1103,517,513,1030,1
2026-03-23,DPA,561,305,283,588,1
2026-03-23,FCM,522,262,253,515,1
2026-03-23,APA,874,484,576,1060,1
2026-03-23,HIO,608,289,286,575,1
2026-03-23,PAE,720,347,363,710,1
2026-03-23,DAB,1230,643,627,1270,1
2026-03-23,HWO,1368,797,785,1582,1
2026-03-23,FXE,574,330,330,660,1
2026-03-23,DTO,713,387,376,763,1
2026-03-23,GKY,371,180,180,360,1
2026-03-23,FTW,895,374,348,722,1
2026-03-23,FFZ,1505,777,785,1562,1
2026-03-23,SDL,499,256,242,498,1
2026-03-24,SUS,407,168,180,348,1
2026-03-24,IXD,298,150,149,299,1
2026-03-24,SLN,297,157,157,314,1
2026-03-24,FRG,1010,432,403,835,1
2026-03-24,TTN,386,197,225,422,1
2026-03-24,LNS,346,183,149,332,1
2026-03-24,GFK,1805,799,810,1609,1
2026-03-24,DPA,841,436,393,829,1
2026-03-24,FCM,514,258,244,502,1
2026-03-24,APA,1174,672,708,1380,1
2026-03-24,HIO,92,45,44,89,1
2026-03-24,PAE,57,29,24,53,1
2026-03-24,DAB,426,213,196,409,1
2026-03-24,HWO,1378,843,788,1631,1
2026-03-24,FXE,633,331,307,638,1
2026-03-24,DTO,624,307,295,602,1
2026-03-24,GKY,397,185,177,362,1
2026-03-24,FTW,1131,432,434,866,1
2026-03-24,FFZ,1703,824,838,1662,1
2026-03-24,SDL,460,221,225,446,1
2026-03-25,SUS,483,205,201,406,1
2026-03-25,IXD,302,146,146,292,1
2026-03-25,SLN,266,122,116,238,1
2026-03-25,FRG,1012,416,408,824,1
2026-03-25,TTN,369,196,224,420,1
2026-03-25,LNS,466,170,159,329,1
2026-03-25,GFK,49,22,23,45,1
2026-03-25,DPA,494,302,270,572,1
2026-03-25,FCM,639,302,288,590,1
2026-03-25,APA,1077,586,626,1212,1
2026-03-25,HIO,282,152,158,310,1
2026-03-25,PAE,108,49,55,104,1
2026-03-25,DAB,1201,608,583,1191,1
2026-03-25,HWO,1186,731,685,1416,1
2026-03-25,FXE,672,372,320,692,1
2026-03-25,DTO,614,327,308,635,1
2026-03-25,GKY,288,127,119,246,1
2026-03-25,FTW,891,406,395,801,1
2026-03-25,FFZ,1640,804,821,1625,1
2026-03-25,SDL,455,205,219,424,1
2026-03-26,SUS,186,84,84,168,1
2026-03-26,IXD,85,40,42,82,1
2026-03-26,SLN,113,32,32,64,1
2026-03-26,FRG,925,401,412,813,1
2026-03-26,TTN,338,168,188,356,1
2026-03-26,LNS,441,171,164,335,1
2026-03-26,GFK,756,375,373,748,1
2026-03-26,DPA,419,213,225,438,1
2026-03-26,FCM,250,124,118,242,1
2026-03-26,APA,810,433,467,900,1
2026-03-26,HIO,623,358,347,705,1
2026-03-26,PAE,678,338,335,673,1
2026-03-26,DAB,1328,720,665,1385,1
2026-03-26,HWO,1245,854,772,1626,1
2026-03-26,FXE,715,364,348,712,1
2026-03-26,DTO,475,241,242,483,1
2026-03-26,GKY,253,130,123,253,1
2026-03-26,FTW,537,233,228,461,1
2026-03-26,FFZ,1659,795,804,1599,1
2026-03-26,SDL,524,272,258,530,1
2026-03-27,SUS,272,111,120,231,1
2026-03-27,IXD,255,115,116,231,1
2026-03-27,SLN,112,66,63,129,1
2026-03-27,FRG,772,344,328,672,1
2026-03-27,TTN,315,156,182,338,1
2026-03-27,LNS,210,90,83,173,1
2026-03-27,GFK,1268,619,612,1231,1
2026-03-27,DPA,438,234,228,462,1
2026-03-27,FCM,190,90,98,188,1
2026-03-27,APA,782,426,472,898,1
2026-03-27,HIO,715,426,413,839,1
2026-03-27,PAE,752,369,377,746,1
2026-03-27,DAB,1309,738,647,1385,1
2026-03-27,HWO,983,621,565,1186,1
2026-03-27,FXE,677,327,321,648,1
2026-03-27,DTO,423,273,243,516,1
2026-03-27,GKY,192,84,85,169,1
2026-03-27,FTW,584,212,207,419,1
2026-03-27,FFZ,1602,804,808,1612,1
2026-03-27,SDL,485,256,243,499,1
2026-03-28,SUS,559,231,243,474,1
2026-03-28,IXD,249,120,119,239,1
2026-03-28,SLN,159,79,83,162,1
2026-03-28,FRG,731,328,319,647,1
2026-03-28,LNS,265,107,108,215,1
2026-03-28,GFK,1493,724,720,1444,1
2026-03-28,DPA,549,292,280,572,1
2026-03-28,FCM,207,104,109,213,1
2026-03-28,APA,744,428,469,897,1
2026-03-28,HIO,780,429,410,839,1
2026-03-28,PAE,550,257,257,514,1
2026-03-28,DAB,558,292,281,573,1
2026-03-28,HWO,1258,828,746,1574,1
2026-03-28,FXE,440,223,204,427,1
2026-03-28,DTO,509,300,279,579,1
2026-03-28,GKY,306,148,148,296,1
2026-03-28,FTW,658,317,312,629,1
2026-03-28,FFZ,1114,556,557,1113,1
2026-03-28,SDL,358,170,184,354,1
2026-03-29,SUS,262,114,93,207,1
2026-03-29,IXD,88,44,40,84,1
2026-03-29,SLN,32,15,15,30,1
2026-03-29,FRG,706,345,321,666,1
2026-03-29,TTN,302,134,159,293,1
2026-03-29,LNS,254,109,107,216,1
2026-03-29,GFK,850,415,400,815,1
2026-03-29,DPA,595,341,306,647,1
2026-03-29,FCM,576,280,266,546,1
2026-03-29,APA,829,470,488,958,1
2026-03-29,HIO,280,155,145,300,1
2026-03-29,PAE,155,82,86,168,1
2026-03-29,DAB,690,366,338,704,1
2026-03-29,HWO,328,192,170,362,1
2026-03-29,FXE,278,121,139,260,1
2026-03-29,DTO,490,232,227,459,1
2026-03-29,GKY,258,112,114,226,1
2026-03-29,FTW,410,214,203,417,1
2026-03-29,FFZ,1259,657,628,1285,1
2026-03-29,SDL,492,224,236,460,1
2026-03-30,SUS,249,104,94,198,1
2026-03-30,IXD,144,68,67,135,1
2026-03-30,SLN,128,68,71,139,1
2026-03-30,FRG,757,340,335,675,1
2026-03-30,LNS,388,153,147,300,1
2026-03-30,GFK,1364,658,646,1304,1
2026-03-30,DPA,641,361,339,700,1
2026-03-30,FCM,661,357,332,689,1
2026-03-30,APA,911,531,602,1133,1
2026-03-30,HIO,578,341,309,650,1
2026-03-30,PAE,639,308,312,620,1
2026-03-30,DAB,1426,729,702,1431,1
2026-03-30,HWO,232,164,151,315,1
2026-03-30,FXE,496,244,242,486,1
2026-03-30,DTO,339,151,156,307,1
2026-03-30,GKY,176,88,87,175,1
2026-03-30,FTW,304,114,110,224,1
2026-03-30,FFZ,1105,585,572,1157,1
2026-03-30,SDL,505,256,243,499,1
2026-03-31,SUS,254,98,106,204,1
2026-03-31,IXD,204,92,92,184,1
2026-03-31,SLN,116,54,55,109,1
2026-03-31,FRG,712,348,339,687,1
2026-03-31,LNS,264,119,119,238,1
2026-03-31,GFK,281,116,119,235,1
2026-03-31,DPA,181,98,101,199,1
2026-03-31,FCM,347,168,162,330,1
2026-03-31,APA,1086,599,613,1212,1
2026-03-31,HIO,822,476,454,930,1
2026-03-31,PAE,635,317,316,633,1
2026-03-31,DAB,1363,750,667,1417,1
2026-03-31,HWO,1200,704,676,1380,1
2026-03-31,FXE,605,337,330,667,1
2026-03-31,DTO,517,232,218,450,1
2026-03-31,GKY,242,123,119,242,1
2026-03-31,FTW,372,161,147,308,1
2026-03-31,FFZ,1511,781,784,1565,1
2026-03-31,SDL,440,197,206,403,1
2026-04-01,SUS,100,28,37,65,1
2026-04-01,IXD,45,10,18,28,1
2026-04-01,SLN,89,46,43,89,1
2026-04-01,FRG,712,232,222,454,1
2026-04-01,TTN,315,139,161,300,1
2026-04-01,LNS,295,94,97,191,1
2026-04-01,GFK,1033,416,424,840,1
2026-04-01,DPA,284,124,124,248,1
2026-04-01,FCM,403,182,169,351,1
2026-04-01,APA,684,306,312,618,1
2026-04-01,HIO,34,12,11,23,1
2026-04-01,PAE,253,101,95,196,1
2026-04-01,DAB,1095,515,450,965,1
2026-04-01,HWO,1278,670,615,1285,1
2026-04-01,FXE,751,317,279,596,1
2026-04-01,DTO,269,99,96,195,1
2026-04-01,GKY,162,66,55,121,1
2026-04-01,FTW,419,109,105,214,1
2026-04-01,FFZ,1494,511,509,1020,1
2026-04-01,SDL,535,183,193,376,1
2026-04-02,SUS,119,46,41,87,1
2026-04-02,IXD,108,55,62,117,1
2026-04-02,SLN,142,66,68,134,1
2026-04-02,FRG,105,41,42,83,1
2026-04-02,TTN,56,29,27,56,1
2026-04-02,LNS,77,37,33,70,1
2026-04-02,GFK,12,6,6,12,1
2026-04-02,DPA,46,22,29,51,1
2026-04-02,FCM,46,19,27,46,1
2026-04-02,APA,674,302,366,668,1
2026-04-02,HIO,908,486,480,966,1
2026-04-02,PAE,344,169,173,342,1
2026-04-02,DAB,1140,573,520,1093,1
2026-04-02,HWO,625,412,381,793,1
2026-04-02,FXE,632,282,258,540,1
2026-04-02,DTO,343,159,165,324,1
2026-04-02,GKY,254,107,103,210,1
2026-04-02,FTW,504,167,170,337,1
2026-04-02,FFZ,1567,777,769,1546,1
2026-04-02,SDL,568,281,257,538,1
2026-04-03,SUS,258,96,94,190,1
2026-04-03,IXD,32,17,19,36,1
2026-04-03,SLN,54,37,37,74,1
2026-04-03,FRG,105,50,55,105,1
2026-04-03,TTN,182,85,113,198,1
2026-04-03,LNS,253,96,94,190,1
2026-04-03,GFK,304,165,156,321,1
2026-04-03,DPA,489,281,271,552,1
2026-04-03,FCM,29,16,12,28,1
2026-04-03,APA,487,240,256,496,1
2026-04-03,HIO,715,381,377,758,1
2026-04-03,PAE,496,243,251,494,1
2026-04-03,DAB,1312,728,653,1381,1
2026-04-03,HWO,535,311,323,634,1
2026-04-03,FXE,640,308,300,608,1
2026-04-03,DTO,319,157,151,308,1
2026-04-03,GKY,256,120,117,237,1
2026-04-03,FTW,424,111,116,227,1
2026-04-03,FFZ,1539,782,777,1559,1
2026-04-03,SDL,541,271,260,531,1
2026-04-04,SUS,200,63,52,115,1
2026-04-04,IXD,42,17,21,38,1
2026-04-04,SLN,164,99,103,202,1
2026-04-04,FRG,740,337,312,649,1
2026-04-04,TTN,231,123,132,255,1
2026-04-04,LNS,457,149,143,292,1
2026-04-04,GFK,8,5,5,10,1
2026-04-04,DPA,102,54,43,97,1
2026-04-04,FCM,35,21,16,37,1
2026-04-04,APA,1123,574,585,1159,1
2026-04-04,HIO,603,302,300,602,1
2026-04-04,PAE,772,374,373,747,1
2026-04-04,DAB,1297,664,606,1270,1
2026-04-04,HWO,973,575,515,1090,1
2026-04-04,FXE,661,283,275,558,1
2026-04-04,DTO,278,171,155,326,1
2026-04-04,GKY,192,96,94,190,1
2026-04-04,FTW,107,42,40,82,1
2026-04-04,FFZ,1203,607,603,1210,1
2026-04-04,SDL,502,247,251,498,1
2026-04-05,SUS,158,61,66,127,1
2026-04-05,IXD,128,58,58,116,1
2026-04-05,SLN,45,22,21,43,1
2026-04-05,FRG,91,43,40,83,1
2026-04-05,TTN,64,28,35,63,1
2026-04-05,LNS,75,21,22,43,1
2026-04-05,GFK,18,7,6,13,1
2026-04-05,DPA,270,122,109,231,1
2026-04-05,FCM,325,160,158,318,1
2026-04-05,APA,908,462,476,938,1
2026-04-05,HIO,564,309,305,614,1
2026-04-05,PAE,514,249,240,489,1
2026-04-05,DAB,501,248,228,476,1
2026-04-05,HWO,721,397,348,745,1
2026-04-05,FXE,566,214,214,428,1
2026-04-05,DTO,253,158,136,294,1
2026-04-05,GKY,258,118,110,228,1
2026-04-05,FTW,340,166,152,318,1
2026-04-05,FFZ,948,484,474,958,1
2026-04-05,SDL,381,175,187,362,1
2026-04-06,SUS,550,262,266,528,1
2026-04-06,IXD,333,150,158,308,1
2026-04-06,SLN,376,169,170,339,1
2026-04-06,FRG,923,388,379,767,1
2026-04-06,TTN,186,71,94,165,1
2026-04-06,LNS,437,164,155,319,1
2026-04-06,GFK,1618,804,791,1595,1
2026-04-06,DPA,511,251,249,500,1
2026-04-06,FCM,314,163,150,313,1
2026-04-06,APA,1142,565,583,1148,1
2026-04-06,HIO,634,317,314,631,1
2026-04-06,PAE,579,282,291,573,1
2026-04-06,DAB,392,205,203,408,1
2026-04-06,HWO,1526,894,797,1691,1
2026-04-06,FXE,750,286,299,585,1
2026-04-06,DTO,794,357,352,709,1
2026-04-06,GKY,507,233,226,459,1
2026-04-06,FTW,1105,441,432,873,1
2026-04-06,FFZ,1447,783,773,1556,1
2026-04-06,SDL,428,213,210,423,1
2026-04-07,SUS,540,223,232,455,1
2026-04-07,IXD,198,94,94,188,1
2026-04-07,SLN,284,131,131,262,1
2026-04-07,FRG,783,299,293,592,1
2026-04-07,TTN,134,63,82,145,1
2026-04-07,LNS,152,77,72,149,1
2026-04-07,GFK,889,442,436,878,1
2026-04-07,DPA,809,407,393,800,1
2026-04-07,FCM,511,271,253,524,1
2026-04-07,APA,1030,528,557,1085,1
2026-04-07,HIO,901,474,471,945,1
2026-04-07,PAE,549,248,245,493,1
2026-04-07,DAB,72,42,35,77,1
2026-04-07,HWO,747,499,434,933,1
2026-04-07,FXE,444,206,193,399,1
2026-04-07,DTO,567,235,233,468,1
2026-04-07,GKY,423,207,206,413,1
2026-04-07,FTW,918,348,342,690,1
2026-04-07,FFZ,1612,830,831,1661,1
2026-04-07,SDL,547,272,277,549,1
2026-04-08,SUS,300,105,109,214,1
2026-04-08,IXD,81,38,39,77,1
2026-04-08,SLN,53,13,13,26,1
2026-04-08,FRG,995,463,450,913,1
2026-04-08,TTN,446,209,257,466,1
2026-04-08,LNS,592,237,256,493,1
2026-04-08,GFK,369,182,179,361,1
2026-04-08,DPA,427,212,192,404,1
2026-04-08,FCM,184,94,89,183,1
2026-04-08,APA,1026,568,619,1187,1
2026-04-08,HIO,748,381,372,753,1
2026-04-08,PAE,648,309,310,619,1
2026-04-08,DAB,106,51,55,106,1
2026-04-08,HWO,566,362,328,690,1
2026-04-08,FXE,418,167,170,337,1
2026-04-08,DTO,744,350,335,685,1
2026-04-08,GKY,323,137,125,262,1
2026-04-08,FTW,929,366,367,733,1
2026-04-08,FFZ,1598,818,818,1636,1
2026-04-08,SDL,550,276,273,549,1
2026-04-09,SUS,424,175,180,355,1
2026-04-09,IXD,287,137,130,267,1
2026-04-09,SLN,104,40,41,81,1
2026-04-09,FRG,1061,481,472,953,1
2026-04-09,TTN,334,174,196,370,1
2026-04-09,LNS,439,162,156,318,1
2026-04-09,GFK,1656,840,814,1654,1
2026-04-09,DPA,674,333,312,645,1
2026-04-09,FCM,729,358,359,717,1
2026-04-09,APA,1045,496,538,1034,1
2026-04-09,HIO,568,297,294,591,1
2026-04-09,PAE,416,214,211,425,1
2026-04-09,DAB,689,359,352,711,1
2026-04-09,HWO,518,374,318,692,1
2026-04-09,FXE,531,228,218,446,1
2026-04-09,DTO,623,285,267,552,1
2026-04-09,GKY,356,165,164,329,1
2026-04-09,FTW,833,272,264,536,1
2026-04-09,FFZ,1562,805,794,1599,1
2026-04-09,SDL,580,282,301,583,1
2026-04-10,SUS,474,202,193,395,1
2026-04-10,IXD,42,24,16,40,1
2026-04-10,SLN,28,15,13,28,1
2026-04-10,FRG,900,402,390,792,1
2026-04-10,TTN,289,153,181,334,1
2026-04-10,LNS,498,183,185,368,1
2026-04-10,GFK,1175,520,516,1036,1
2026-04-10,DPA,483,235,236,471,1
2026-04-10,FCM,650,337,340,677,1
2026-04-10,APA,891,467,498,965,1
2026-04-10,HIO,710,334,333,667,1
2026-04-10,PAE,783,377,378,755,1
2026-04-10,DAB,1321,688,648,1336,1
2026-04-10,HWO,725,432,395,827,1
2026-04-10,FXE,737,284,277,561,1
2026-04-10,DTO,659,287,292,579,1
2026-04-10,GKY,311,144,139,283,1
2026-04-10,FTW,683,240,219,459,1
2026-04-10,FFZ,1530,765,770,1535,1
2026-04-10,SDL,524,266,248,514,1
2026-04-11,SUS,369,155,154,309,1
2026-04-11,IXD,149,69,71,140,1
2026-04-11,SLN,52,28,27,55,1
2026-04-11,FRG,902,352,346,698,1
2026-04-11,TTN,217,115,132,247,1
2026-04-11,LNS,322,113,118,231,1
2026-04-11,GFK,409,204,200,404,1
2026-04-11,DPA,568,285,255,540,1
2026-04-11,FCM,300,124,120,244,1
2026-04-11,APA,454,244,305,549,1
2026-04-11,HIO,482,247,243,490,1
2026-04-11,PAE,116,50,58,108,1
2026-04-11,DAB,1457,761,707,1468,1
2026-04-11,HWO,850,570,510,1080,1
2026-04-11,FXE,615,255,252,507,1
2026-04-11,DTO,252,136,124,260,1
2026-04-11,GKY,123,48,46,94,1
2026-04-11,FTW,365,122,137,259,1
2026-04-11,FFZ,1216,616,618,1234,1
2026-04-11,SDL,374,186,190,376,1
2026-04-12,SUS,159,67,67,134,1
2026-04-12,IXD,30,16,14,30,1
2026-04-12,SLN,388,19,15,34,1
2026-04-12,FRG,1017,451,422,873,1
2026-04-12,TTN,326,160,195,355,1
2026-04-12,LNS,389,130,113,243,1
2026-04-12,GFK,69,36,35,71,1
2026-04-12,DPA,241,128,117,245,1
2026-04-12,FCM,92,35,38,73,1
2026-04-12,APA,740,394,475,869,1
2026-04-12,HIO,80,44,38,82,1
2026-04-12,PAE,219,112,103,215,1
2026-04-12,DAB,1334,706,656,1362,1
2026-04-12,HWO,53,25,18,43,1
2026-04-12,FXE,510,233,240,473,1
2026-04-12,DTO,78,29,35,64,1
2026-04-12,GKY,15,4,11,15,1
2026-04-12,FTW,159,62,64,126,1
2026-04-12,FFZ,814,411,410,821,1
2026-04-12,SDL,456,225,225,450,1
2026-04-13,SUS,311,112,112,224,1
2026-04-13,IXD,61,26,27,53,1
2026-04-13,SLN,215,91,90,181,1
2026-04-13,FRG,564,245,245,490,1
2026-04-13,TTN,151,58,64,122,1
2026-04-13,LNS,332,125,125,250,1
2026-04-13,GFK,47,23,22,45,1
2026-04-13,DPA,337,168,154,322,1
2026-04-13,FCM,473,242,240,482,1
2026-04-13,APA,780,401,449,850,1
2026-04-13,HIO,813,426,416,842,1
2026-04-13,PAE,91,44,45,89,1
2026-04-13,DAB,1305,702,647,1349,1
2026-04-13,HWO,1011,539,513,1052,1
2026-04-13,FXE,709,299,320,619,1
2026-04-13,DTO,267,128,125,253,1
2026-04-13,GKY,231,116,110,226,1
2026-04-13,FTW,498,169,167,336,1
2026-04-13,FFZ,1419,713,715,1428,1
2026-04-13,SDL,437,218,210,428,1
2026-04-14,SUS,325,103,101,204,1
2026-04-14,IXD,78,38,33,71,1
2026-04-14,SLN,133,69,68,137,1
2026-04-14,FRG,1099,431,431,862,1
2026-04-14,TTN,313,152,181,333,1
2026-04-14,LNS,505,175,172,347,1
2026-04-14,GFK,820,391,394,785,1
2026-04-14,DPA,495,269,229,498,1
2026-04-14,FCM,457,251,236,487,1
2026-04-14,APA,799,402,423,825,1
2026-04-14,HIO,147,88,77,165,1
2026-04-14,PAE,39,23,23,46,1
2026-04-14,DAB,1519,808,735,1543,1
2026-04-14,HWO,1116,670,624,1294,1
2026-04-14,FXE,638,300,307,607,1
2026-04-14,DTO,327,148,138,286,1
2026-04-14,GKY,278,128,121,249,1
2026-04-14,FTW,796,200,208,408,1
2026-04-14,FFZ,1625,784,788,1572,1
2026-04-14,SDL,484,231,224,455,1
2026-04-15,SUS,160,74,79,153,1
2026-04-15,IXD,107,41,42,83,1
2026-04-15,SLN,409,173,173,346,1
2026-04-15,FRG,1052,432,435,867,1
2026-04-15,TTN,299,143,166,309,1
2026-04-15,LNS,439,196,200,396,1
2026-04-15,GFK,1491,716,714,1430,1
2026-04-15,DPA,333,197,183,380,1
2026-04-15,FCM,815,423,419,842,1
2026-04-15,APA,1174,578,617,1195,1
2026-04-15,HIO,174,91,88,179,1
2026-04-15,PAE,151,74,81,155,1
2026-04-15,DAB,1465,760,704,1464,1
2026-04-15,HWO,1083,725,662,1387,1
2026-04-15,FXE,588,320,295,615,1
2026-04-15,DTO,318,148,141,289,1
2026-04-15,GKY,265,130,135,265,1
2026-04-15,FTW,555,212,199,411,1
2026-04-15,FFZ,1575,772,773,1545,1
2026-04-15,SDL,542,245,263,508,1
2026-04-16,SUS,585,254,253,507,1
2026-04-16,IXD,343,156,162,318,1
2026-04-16,SLN,373,196,195,391,1
2026-04-16,FRG,1207,440,444,884,1
2026-04-16,TTN,286,157,186,343,1
2026-04-16,LNS,434,166,170,336,1
2026-04-16,GFK,651,314,314,628,1
2026-04-16,DPA,550,279,277,556,1
2026-04-16,FCM,609,303,297,600,1
2026-04-16,APA,670,345,428,773,1
2026-04-16,HIO,620,361,351,712,1
2026-04-16,PAE,650,303,306,609,1
2026-04-16,DAB,1352,685,641,1326,1
2026-04-16,HWO,1163,734,666,1400,1
2026-04-16,FXE,744,324,322,646,1
2026-04-16,DTO,712,325,316,641,1
2026-04-16,GKY,401,186,193,379,1
2026-04-16,FTW,1075,457,446,903,1
2026-04-16,FFZ,1623,773,784,1557,1
2026-04-16,SDL,506,266,255,521,1
2026-04-17,SUS,278,98,114,212,1
2026-04-17,IXD,57,27,23,50,1
2026-04-17,SLN,109,43,40,83,1
2026-04-17,FRG,647,406,402,808,1
2026-04-17,TTN,282,144,173,317,1
2026-04-17,LNS,541,193,180,373,1
2026-04-17,GFK,143,88,87,175,1
2026-04-17,DPA,436,232,223,455,1
2026-04-17,FCM,125,46,46,92,1
2026-04-17,APA,295,150,174,324,1
2026-04-17,HIO,892,488,486,974,1
2026-04-17,PAE,772,358,373,731,1
2026-04-17,DAB,1053,545,509,1054,1
2026-04-17,HWO,1014,631,583,1214,1
2026-04-17,FXE,563,289,288,577,1
2026-04-17,DTO,444,246,232,478,1
2026-04-17,GKY,141,62,57,119,1
2026-04-17,FTW,493,131,124,255,1
2026-04-17,FFZ,930,457,471,928,1
2026-04-17,SDL,335,148,159,307,1
2026-04-18,SUS,192,78,76,154,1
2026-04-18,IXD,139,57,50,107,1
2026-04-18,SLN,324,167,165,332,1
2026-04-18,FRG,121,381,372,753,1
2026-04-18,TTN,194,101,103,204,1
2026-04-18,LNS,305,104,104,208,1
2026-04-18,GFK,462,241,231,472,1
2026-04-18,DPA,266,125,120,245,1
2026-04-18,FCM,128,52,52,104,1
2026-04-18,APA,961,523,574,1097,1
2026-04-18,HIO,530,282,280,562,1
2026-04-18,PAE,660,285,287,572,1
2026-04-18,DAB,1031,528,493,1021,1
2026-04-18,HWO,777,495,445,940,1
2026-04-18,FXE,516,202,209,411,1
2026-04-18,DTO,227,138,130,268,1
2026-04-18,GKY,75,28,28,56,1
2026-04-18,FTW,190,85,82,167,1
2026-04-18,FFZ,1287,637,639,1276,1
2026-04-18,SDL,475,214,225,439,1
2026-04-19,SUS,232,101,76,177,1
2026-04-19,IXD,303,142,138,280,1
2026-04-19,SLN,160,82,76,158,1
2026-04-19,FRG,233,121,112,233,1
2026-04-19,TTN,60,31,27,58,1
2026-04-19,LNS,101,31,31,62,1
2026-04-19,GFK,972,488,487,975,1
2026-04-19,DPA,430,211,193,404,1
2026-04-19,FCM,422,214,217,431,1
2026-04-19,APA,923,478,533,1011,1
2026-04-19,HIO,610,283,278,561,1
2026-04-19,PAE,463,224,221,445,1
2026-04-19,DAB,1000,491,483,974,1
2026-04-19,HWO,564,406,341,747,1
2026-04-19,FXE,601,250,227,477,1
2026-04-19,DTO,604,276,275,551,1
2026-04-19,GKY,397,188,179,367,1
2026-04-19,FTW,632,316,306,622,1
2026-04-19,FFZ,922,447,460,907,1
2026-04-19,SDL,389,183,203,386,1
2026-04-20,SUS,392,222,223,445,1
2026-04-20,IXD,270,124,132,256,1
2026-04-20,SLN,267,126,123,249,1
2026-04-20,FRG,940,442,432,874,1
2026-04-20,TTN,230,96,123,219,1
2026-04-20,LNS,340,113,117,230,1
2026-04-20,GFK,526,251,240,491,1
2026-04-20,DPA,786,381,347,728,1
2026-04-20,FCM,329,165,165,330,1
2026-04-20,APA,1119,579,618,1197,1
2026-04-20,HIO,719,357,363,720,1
2026-04-20,PAE,505,237,233,470,1
2026-04-20,DAB,552,273,273,546,1
2026-04-20,HWO,970,568,510,1078,1
2026-04-20,FXE,581,259,264,523,1
2026-04-20,DTO,826,396,388,784,1
2026-04-20,GKY,465,221,220,441,1
2026-04-20,FTW,834,354,336,690,1
2026-04-20,FFZ,1521,773,782,1555,1
2026-04-20,SDL,477,240,223,463,1
2026-04-21,SUS,239,97,99,196,1
2026-04-21,IXD,153,76,74,150,1
2026-04-21,SLN,169,88,89,177,1
2026-04-21,FRG,1057,449,446,895,1
2026-04-21,TTN,339,201,219,420,1
2026-04-21,LNS,411,157,149,306,1
2026-04-21,GFK,1497,698,697,1395,1
2026-04-21,DPA,571,278,257,535,1
2026-04-21,FCM,749,382,361,743,1
2026-04-21,APA,1114,542,629,1171,1
2026-04-21,HIO,194,100,93,193,1
2026-04-21,PAE,409,200,207,407,1
2026-04-21,DAB,1244,648,614,1262,1
2026-04-21,HWO,217,138,119,257,1
2026-04-21,FXE,546,257,248,505,1
2026-04-21,DTO,41,21,21,42,1
2026-04-21,GKY,19,11,10,21,1
2026-04-21,FTW,367,57,64,121,1
2026-04-21,FFZ,1423,714,704,1418,1
2026-04-21,SDL,467,212,220,432,1
2026-04-22,SUS,619,281,280,561,1
2026-04-22,IXD,158,71,81,152,1
2026-04-22,SLN,202,89,87,176,1
2026-04-22,FRG,664,306,313,619,1
2026-04-22,TTN,202,97,125,222,1
2026-04-22,LNS,430,184,181,365,1
2026-04-22,GFK,663,286,325,611,1
2026-04-22,DPA,730,378,354,732,1
2026-04-22,FCM,363,191,193,384,1
2026-04-22,APA,587,279,314,593,1
2026-04-22,HIO,246,146,143,289,1
2026-04-22,PAE,79,36,39,75,1
2026-04-22,DAB,1296,692,631,1323,1
2026-04-22,HWO,1160,731,651,1382,1
2026-04-22,FXE,728,333,317,650,1
2026-04-22,DTO,189,90,98,188,1
2026-04-22,GKY,177,85,86,171,1
2026-04-22,FTW,590,126,130,256,1
2026-04-22,FFZ,1580,769,755,1524,1
2026-04-22,SDL,487,229,229,458,1
2026-04-23,SUS,302,114,118,232,1
2026-04-23,IXD,37,16,22,38,1
2026-04-23,SLN,95,35,28,63,1
2026-04-23,FRG,978,438,443,881,1
2026-04-23,TTN,416,194,220,414,1
2026-04-23,LNS,428,188,186,374,1
2026-04-23,GFK,544,261,251,512,1
2026-04-23,DPA,555,311,276,587,1
2026-04-23,FCM,94,50,49,99,1
2026-04-23,APA,582,271,312,583,1
2026-04-23,HIO,984,536,523,1059,1
2026-04-23,PAE,479,222,227,449,1
2026-04-23,DAB,1355,711,663,1374,1
2026-04-23,HWO,1110,793,698,1491,1
2026-04-23,FXE,640,280,265,545,1
2026-04-23,DTO,209,197,190,387,1
2026-04-23,GKY,378,165,163,328,1
2026-04-23,FTW,627,158,156,314,1
2026-04-23,FFZ,1678,824,826,1650,1
2026-04-23,SDL,510,263,260,523,1
2026-04-24,SUS,385,169,162,331,1
2026-04-24,IXD,391,179,183,362,1
2026-04-24,SLN,470,246,239,485,1
2026-04-24,FRG,1022,505,479,984,1
2026-04-24,TTN,310,165,183,348,1
2026-04-24,LNS,397,153,160,313,1
2026-04-24,GFK,1608,777,713,1490,1
2026-04-24,DPA,431,214,196,410,1
2026-04-24,FCM,550,268,266,534,1
2026-04-24,APA,960,473,535,1008,1
2026-04-24,HIO,686,381,374,755,1
2026-04-24,PAE,617,259,264,523,1
2026-04-24,DAB,1309,670,623,1293,1
2026-04-24,HWO,1191,819,739,1558,1
2026-04-24,FXE,625,265,251,516,1
2026-04-24,DTO,813,402,370,772,1
2026-04-24,GKY,355,164,163,327,1
2026-04-24,FTW,1006,289,298,587,1
2026-04-24,FFZ,1573,728,730,1458,1
2026-04-24,SDL,517,242,249,491,1
2026-04-25,SUS,418,175,173,348,1
2026-04-25,IXD,398,182,171,353,1
2026-04-25,SLN,58,31,31,62,1
2026-04-25,FRG,440,208,202,410,1
2026-04-25,TTN,93,41,41,82,1
2026-04-25,LNS,100,44,42,86,1
2026-04-25,GFK,893,457,445,902,1
2026-04-25,DPA,441,220,208,428,1
2026-04-25,FCM,827,428,422,850,1
2026-04-25,APA,1053,513,526,1039,1
2026-04-25,HIO,717,424,425,849,1
2026-04-25,PAE,606,272,274,546,1
2026-04-25,DAB,921,457,442,899,1
2026-04-25,HWO,1130,679,617,1296,1
2026-04-25,FXE,475,207,201,408,1
2026-04-25,DTO,225,117,108,225,1
2026-04-25,GKY,247,131,127,258,1
2026-04-25,FTW,612,150,146,296,1
2026-04-25,FFZ,1305,662,661,1323,1
2026-04-25,SDL,415,203,192,395,1
2026-04-26,SUS,265,109,115,224,1
2026-04-26,IXD,85,43,36,79,1
2026-04-26,SLN,14,7,8,15,1
2026-04-26,FRG,637,325,309,634,1
2026-04-26,TTN,132,52,79,131,1
2026-04-26,LNS,290,99,92,191,1
2026-04-26,GFK,867,455,439,894,1
2026-04-26,DPA,381,196,181,377,1
2026-04-26,FCM,492,264,254,518,1
2026-04-26,APA,434,213,187,400,1
2026-04-26,HIO,501,263,257,520,1
2026-04-26,PAE,570,285,277,562,1
2026-04-26,DAB,841,412,391,803,1
2026-04-26,HWO,658,492,442,934,1
2026-04-26,FXE,446,221,197,418,1
2026-04-26,DTO,291,141,136,277,1
2026-04-26,GKY,149,80,84,164,1
2026-04-26,FTW,229,117,92,209,1
2026-04-26,FFZ,1005,505,506,1011,1
2026-04-26,SDL,434,206,217,423,1
2026-04-27,SUS,111,36,40,76,1
2026-04-27,IXD,95,48,54,102,1
2026-04-27,SLN,54,44,40,84,1
2026-04-27,FRG,1017,434,439,873,1
2026-04-27,TTN,308,162,185,347,1
2026-04-27,LNS,374,143,141,284,1
2026-04-27,GFK,25,12,13,25,1
2026-04-27,DPA,141,67,68,135,1
2026-04-27,FCM,60,31,30,61,1
2026-04-27,APA,296,141,169,310,1
2026-04-27,HIO,809,406,410,816,1
2026-04-27,PAE,252,117,113,230,1
2026-04-27,DAB,593,303,293,596,1
2026-04-27,HWO,1564,912,842,1754,1
2026-04-27,FXE,674,299,297,596,1
2026-04-27,DTO,706,328,314,642,1
2026-04-27,GKY,402,195,184,379,1
2026-04-27,FTW,968,340,333,673,1
2026-04-27,FFZ,1521,761,757,1518,1
2026-04-27,SDL,415,204,212,416,1
2026-04-28,SUS,405,182,186,368,1
2026-04-28,IXD,253,102,105,207,1
2026-04-28,SLN,338,152,150,302,1
2026-04-28,FRG,1106,478,492,970,1
2026-04-28,TTN,273,147,169,316,1
2026-04-28,LNS,353,157,156,313,1
2026-04-28,GFK,933,431,430,861,1
2026-04-28,DPA,575,302,265,567,1
2026-04-28,FCM,629,315,323,638,1
2026-04-28,APA,623,330,346,676,1
2026-04-28,HIO,869,431,421,852,1
2026-04-28,PAE,378,167,167,334,1
2026-04-28,DAB,1334,702,659,1361,1
2026-04-28,HWO,1409,853,771,1624,1
2026-04-28,FXE,659,312,300,612,1
2026-04-28,DTO,154,83,75,158,1
2026-04-28,GKY,143,69,68,137,1
2026-04-28,FTW,556,169,157,326,1
2026-04-28,FFZ,1602,807,794,1601,1
2026-04-28,SDL,498,261,242,503,1
2026-04-29,SUS,446,201,191,392,1
2026-04-29,IXD,350,150,142,292,1
2026-04-29,SLN,446,231,215,446,1
2026-04-29,FRG,684,292,290,582,1
2026-04-29,TTN,265,124,132,256,1
2026-04-29,LNS,205,101,93,194,1
2026-04-29,GFK,962,457,459,916,1
2026-04-29,DPA,616,307,293,600,1
2026-04-29,FCM,692,342,335,677,1
2026-04-29,APA,789,403,424,827,1
2026-04-29,HIO,761,388,383,771,1
2026-04-29,PAE,714,327,326,653,1
2026-04-29,DAB,1326,658,644,1302,1
2026-04-29,HWO,831,457,457,914,1
2026-04-29,FXE,754,360,349,709,1
2026-04-29,DTO,643,432,375,807,1
2026-04-29,GKY,458,218,221,439,1
2026-04-29,FTW,585,192,191,383,1
2026-04-29,FFZ,1723,857,867,1724,1
2026-04-29,SDL,508,260,254,514,1
2026-04-30,SUS,684,318,314,632,1
2026-04-30,IXD,359,159,149,308,1
2026-04-30,SLN,388,153,146,299,1
2026-04-30,FRG,357,158,165,323,1
2026-04-30,TTN,164,86,110,196,1
2026-04-30,LNS,219,103,101,204,1
2026-04-30,GFK,1185,579,569,1148,1
2026-04-30,DPA,472,216,222,438,1
2026-04-30,FCM,767,342,328,670,1
2026-04-30,APA,324,158,172,330,1
2026-04-30,HIO,665,328,333,661,1
2026-04-30,PAE,672,325,321,646,1
2026-04-30,DAB,1138,587,559,1146,1
2026-04-30,HWO,1412,893,797,1690,1
2026-04-30,FXE,675,311,312,623,1
2026-04-30,DTO,310,203,188,391,1
2026-04-30,GKY,83,44,41,85,1
2026-04-30,FTW,379,148,168,316,1
2026-04-30,FFZ,1630,821,813,1634,1
2026-04-30,SDL,580,272,290,562,1
2026-05-01,SUS,431,193,192,385,1
2026-05-01,IXD,293,134,130,264,1
2026-05-01,SLN,186,73,74,147,1
2026-05-01,FRG,953,459,448,907,1
2026-05-01,TTN,327,177,191,368,1
2026-05-01,LNS,436,158,162,320,1
2026-05-01,GFK,1752,838,828,1666,1
2026-05-01,DPA,627,300,305,605,1
2026-05-01,FCM,603,293,300,593,1
2026-05-01,APA,1314,658,706,1364,1
2026-05-01,HIO,652,352,349,701,1
2026-05-01,PAE,606,272,279,551,1
2026-05-01,DAB,1291,650,605,1255,1
2026-05-01,HWO,1528,892,808,1700,1
2026-05-01,FXE,598,271,259,530,1
2026-05-01,DTO,472,288,258,546,1
2026-05-01,GKY,331,162,163,325,1
2026-05-01,FTW,376,93,98,191,1
2026-05-01,FFZ,1602,770,773,1543,1
2026-05-01,SDL,493,227,238,465,1
2026-05-02,SUS,495,183,185,368,1
2026-05-02,IXD,224,95,94,189,1
2026-05-02,SLN,283,145,142,287,1
2026-05-02,FRG,1038,461,442,903,1
2026-05-02,TTN,219,117,132,249,1
2026-05-02,LNS,324,125,121,246,1
2026-05-02,GFK,780,377,380,757,1
2026-05-02,DPA,542,268,238,506,1
2026-05-02,FCM,618,306,290,596,1
2026-05-02,APA,1134,622,664,1286,1
2026-05-02,HIO,368,175,179,354,1
2026-05-02,PAE,447,206,201,407,1
2026-05-02,DAB,513,235,227,462,1
2026-05-02,HWO,637,345,307,652,1
2026-05-02,FXE,348,157,137,294,1
2026-05-02,DTO,723,367,348,715,1
2026-05-02,GKY,460,211,209,420,1
2026-05-02,FTW,979,384,376,760,1
2026-05-02,FFZ,1097,586,580,1166,1
2026-05-02,SDL,399,187,189,376,1
2026-05-03,SUS,207,85,92,177,1
2026-05-03,IXD,136,56,61,117,1
2026-05-03,SLN,100,55,46,101,1
2026-05-03,FRG,623,287,282,569,1
2026-05-03,TTN,146,48,67,115,1
2026-05-03,LNS,192,65,64,129,1
2026-05-03,GFK,484,236,231,467,1
2026-05-03,DPA,157,136,117,253,1
2026-05-03,FCM,407,201,184,385,1
2026-05-03,APA,973,511,560,1071,1
2026-05-03,HIO,541,277,276,553,1
2026-05-03,PAE,610,271,274,545,1
2026-05-03,DAB,830,413,408,821,1
2026-05-03,HWO,43,9,10,19,1
2026-05-03,FXE,348,150,168,318,1
2026-05-03,DTO,576,273,265,538,1
2026-05-03,GKY,334,155,150,305,1
2026-05-03,FTW,532,233,208,441,1
2026-05-03,FFZ,726,381,370,751,1
2026-05-03,SDL,370,168,171,339,1
2026-05-04,SUS,288,70,82,152,1
2026-05-04,IXD,209,49,47,96,1
2026-05-04,SLN,348,3,2,5,1
2026-05-04,FRG,843,264,280,544,1
2026-05-04,TTN,232,89,99,188,1
2026-05-04,LNS,392,118,118,236,1
2026-05-04,GFK,22,7,8,15,1
2026-05-04,DPA,464,138,137,275,1
2026-05-04,FCM,117,37,49,86,1
2026-05-04,APA,619,198,228,426,1
2026-05-04,HIO,708,142,150,292,1
2026-05-04,PAE,512,139,138,277,1
2026-05-04,DAB,1385,496,501,997,1
2026-05-04,HWO,466,231,216,447,1
2026-05-04,FXE,516,160,181,341,1
2026-05-04,DTO,437,154,156,310,1
2026-05-04,GKY,248,90,81,171,1
2026-05-04,FTW,387,99,108,207,1
2026-05-04,FFZ,1614,460,480,940,1
2026-05-04,SDL,448,125,139,264,1
2026-05-07,SUS,482,134,112,246,1
2026-05-07,IXD,334,97,85,182,1
2026-05-07,SLN,218,0,0,0,0
2026-05-07,FRG,1125,250,237,487,1
2026-05-07,TTN,297,88,80,168,1
2026-05-07,LNS,484,94,92,186,1
2026-05-07,GFK,1393,443,401,844,1
2026-05-07,DPA,344,93,80,173,1
2026-05-07,FCM,590,152,132,284,1
2026-05-07,APA,1344,401,384,785,1
2026-05-07,HIO,735,336,327,663,1
2026-05-07,PAE,647,294,284,578,1
2026-05-07,DAB,1169,267,232,499,1
2026-05-07,HWO,932,348,293,641,1
2026-05-07,FXE,748,183,125,308,1
2026-05-07,DTO,684,181,161,342,1
2026-05-07,GKY,442,111,110,221,1
2026-05-07,FTW,1012,194,179,373,1
2026-05-07,FFZ,1468,463,420,883,1
2026-05-07,SDL,521,154,121,275,1
2026-05-08,SUS,389,177,181,358,1
2026-05-08,IXD,322,130,128,258,1
2026-05-08,SLN,251,0,0,0,0
2026-05-08,FRG,770,364,356,720,1
2026-05-08,TTN,100,84,100,184,1
2026-05-08,LNS,403,134,133,267,1
2026-05-08,GFK,701,321,326,647,1
2026-05-08,DPA,441,192,179,371,1
2026-05-08,FCM,633,331,314,645,1
2026-05-08,APA,1238,633,681,1314,1
2026-05-08,HIO,700,331,337,668,1
2026-05-08,PAE,595,248,263,511,1
2026-05-08,DAB,753,368,363,731,1
2026-05-08,HWO,1284,759,681,1440,1
2026-05-08,FXE,498,185,203,388,1
2026-05-08,DTO,291,342,311,653,1
2026-05-08,GKY,404,181,179,360,1
2026-05-08,FTW,683,280,276,556,1
2026-05-08,FFZ,1124,550,563,1113,1
2026-05-08,SDL,611,220,246,466,1
2026-05-09,SUS,410,99,96,195,1
2026-05-09,IXD,235,37,37,74,1
2026-05-09,SLN,174,0,0,0,0
2026-05-09,FRG,494,103,101,204,1
2026-05-09,TTN,96,16,18,34,1
2026-05-09,LNS,293,48,49,97,1
2026-05-09,GFK,675,230,221,451,1
2026-05-09,DPA,339,81,72,153,1
2026-05-09,FCM,169,54,52,106,1
2026-05-09,APA,848,231,262,493,1
2026-05-09,HIO,618,208,201,409,1
2026-05-09,PAE,706,194,187,381,1
2026-05-09,DAB,796,170,161,331,1
2026-05-09,HWO,1105,325,304,629,1
2026-05-09,FXE,412,97,91,188,1
2026-05-09,DTO,566,196,178,374,1
2026-05-09,GKY,237,94,92,186,1
2026-05-09,FTW,486,86,94,180,1
2026-05-09,FFZ,771,210,191,401,1
2026-05-09,SDL,389,118,106,224,1
2026-05-10,SUS,192,75,78,153,1
2026-05-10,IXD,186,82,81,163,1
2026-05-10,SLN,92,0,0,0,0
2026-05-10,FRG,543,235,239,474,1
2026-05-10,TTN,113,59,59,118,1
2026-05-10,LNS,301,111,103,214,1
2026-05-10,GFK,466,230,222,452,1
2026-05-10,DPA,290,155,133,288,1
2026-05-10,FCM,473,250,241,491,1
2026-05-10,APA,936,435,498,933,1
2026-05-10,HIO,372,191,186,377,1
2026-05-10,PAE,508,217,215,432,1
2026-05-10,DAB,574,292,273,565,1
2026-05-10,HWO,658,475,429,904,1
2026-05-10,FXE,373,148,141,289,1
2026-05-10,DTO,124,96,86,182,1
2026-05-10,GKY,48,23,25,48,1
2026-05-10,FTW,138,67,64,131,1
2026-05-10,FFZ,790,396,400,796,1
2026-05-10,SDL,354,177,172,349,1
2026-05-11,SUS,483,205,214,419,1
2026-05-11,IXD,346,157,149,306,1
2026-05-11,SLN,244,0,0,0,0
2026-05-11,FRG,1030,475,481,956,1
2026-05-11,TTN,238,132,154,286,1
2026-05-11,LNS,422,157,156,313,1
2026-05-11,GFK,400,192,191,383,1
2026-05-11,DPA,527,254,245,499,1
2026-05-11,FCM,765,420,400,820,1
2026-05-11,APA,1052,527,640,1167,1
2026-05-11,HIO,899,464,461,925,1
2026-05-11,PAE,642,281,281,562,1
2026-05-11,DAB,994,491,460,951,1
2026-05-11,HWO,1373,768,697,1465,1
2026-05-11,FXE,740,342,356,698,1
2026-05-11,DTO,726,429,390,819,1
2026-05-11,GKY,231,119,108,227,1
2026-05-11,FTW,720,280,291,571,1
2026-05-11,FFZ,1123,576,556,1132,1
2026-05-11,SDL,398,196,217,413,1
2026-05-12,SUS,298,129,127,256,1
2026-05-12,IXD,241,102,106,208,1
2026-05-12,SLN,149,2,1,3,0
2026-05-12,FRG,1154,489,497,986,1
2026-05-12,TTN,274,139,157,296,1
2026-05-12,LNS,542,227,214,441,1
2026-05-12,GFK,95,49,44,93,1
2026-05-12,DPA,332,152,144,296,1
2026-05-12,FCM,145,71,62,133,1
2026-05-12,APA,1290,632,651,1283,1
2026-05-12,HIO,697,360,355,715,1
2026-05-12,PAE,556,267,264,531,1
2026-05-12,DAB,344,185,169,354,1
2026-05-12,HWO,1124,666,611,1277,1
2026-05-12,FXE,537,228,217,445,1
2026-05-12,DTO,788,360,355,715,1
2026-05-12,GKY,533,247,232,479,1
2026-05-12,FTW,918,328,310,638,1
2026-05-12,FFZ,1312,678,669,1347,1
2026-05-12,SDL,463,221,230,451,1
2026-05-13,SUS,264,113,104,217,1
2026-05-13,IXD,365,170,172,342,1
2026-05-13,SLN,350,157,154,311,1
2026-05-13,FRG,380,171,155,326,1
2026-05-13,TTN,86,35,38,73,1
2026-05-13,LNS,332,140,134,274,1
2026-05-13,GFK,1859,849,896,1745,0
2026-05-13,DPA,501,240,236,476,1
2026-05-13,FCM,578,294,285,579,1
2026-05-13,APA,1017,511,624,1135,1
2026-05-13,HIO,94,44,43,87,1
2026-05-13,PAE,143,70,72,142,1
2026-05-13,DAB,946,492,478,970,1
2026-05-13,HWO,982,542,521,1063,1
2026-05-13,FXE,586,235,241,476,1
2026-05-13,DTO,703,343,329,672,1
2026-05-13,GKY,459,215,211,426,1
2026-05-13,FTW,1294,457,445,902,1
2026-05-13,FFZ,1485,760,754,1514,1
2026-05-13,SDL,476,228,231,459,1
2026-05-14,SUS,555,263,260,523,1
2026-05-14,IXD,189,88,82,170,1
2026-05-14,SLN,81,28,23,51,1
2026-05-14,FRG,514,228,231,459,1
2026-05-14,TTN,150,67,80,147,1
2026-05-14,LNS,343,140,133,273,1
2026-05-14,GFK,26,14,12,26,0
2026-05-14,DPA,598,293,277,570,1
2026-05-14,FCM,247,113,127,240,1
2026-05-14,APA,921,424,494,918,1
2026-05-14,HIO,432,201,190,391,1
2026-05-14,PAE,355,181,183,364,1
2026-05-14,DAB,1585,812,773,1585,1
2026-05-14,HWO,1386,901,815,1716,1
2026-05-14,FXE,706,322,304,626,1
2026-05-14,DTO,636,307,300,607,1
2026-05-14,GKY,435,186,182,368,1
2026-05-14,FTW,953,315,315,630,1
2026-05-14,FFZ,1309,630,644,1274,1
2026-05-14,SDL,513,244,266,510,1
2026-05-15,SUS,300,128,137,265,1
2026-05-15,IXD,306,133,135,268,1
2026-05-15,SLN,288,147,145,292,1
2026-05-15,FRG,983,466,474,940,1
2026-05-15,TTN,273,138,156,294,1
2026-05-15,LNS,346,151,158,309,1
2026-05-15,GFK,41,21,18,39,1
2026-05-15,DPA,304,148,139,287,1
2026-05-15,FCM,677,343,337,680,1
2026-05-15,APA,1102,563,677,1240,1
2026-05-15,HIO,169,127,125,252,1
2026-05-15,PAE,69,32,37,69,1
2026-05-15,DAB,1359,733,647,1380,1
2026-05-15,HWO,1354,887,795,1682,1
2026-05-15,FXE,760,317,306,623,1
2026-05-15,DTO,520,259,249,508,1
2026-05-15,GKY,253,120,118,238,1
2026-05-15,FTW,472,131,116,247,1
2026-05-15,FFZ,1565,757,757,1514,1
2026-05-15,SDL,440,220,218,438,1
2026-05-16,SUS,210,67,83,150,1
2026-05-16,IXD,165,74,73,147,1
2026-05-16,SLN,119,58,59,117,1
2026-05-16,FRG,813,374,382,756,1
2026-05-16,TTN,275,124,148,272,1
2026-05-16,LNS,416,153,139,292,1
2026-05-16,GFK,681,325,320,645,1
2026-05-16,DPA,392,195,172,367,1
2026-05-16,FCM,667,331,327,658,1
2026-05-16,APA,757,380,408,788,1
2026-05-16,HIO,60,49,49,98,1
2026-05-16,PAE,79,99,94,193,1
2026-05-16,DAB,942,499,454,953,1
2026-05-16,HWO,992,572,534,1106,1
2026-05-16,FXE,506,206,200,406,1
2026-05-16,DTO,425,191,194,385,1
2026-05-16,GKY,263,137,131,268,1
2026-05-16,FTW,253,108,96,204,1
2026-05-16,FFZ,1134,561,556,1117,1
2026-05-16,SDL,364,167,169,336,1
2026-05-17,SUS,225,94,94,188,1
2026-05-17,IXD,49,25,23,48,1
2026-05-17,SLN,19,7,6,13,1
2026-05-17,FRG,837,395,386,781,1
2026-05-17,TTN,268,135,142,277,1
2026-05-17,LNS,358,139,128,267,1
2026-05-17,GFK,502,240,246,486,1
2026-05-17,DPA,181,105,84,189,1
2026-05-17,FCM,215,107,106,213,1
2026-05-17,APA,643,309,307,616,1
2026-05-17,HIO,148,97,109,206,1
2026-05-17,PAE,721,347,344,691,1
2026-05-17,DAB,437,215,201,416,1
2026-05-17,HWO,386,221,192,413,1
2026-05-17,FXE,492,205,189,394,1
2026-05-17,DTO,243,138,126,264,1
2026-05-17,GKY,112,57,61,118,1
2026-05-17,FTW,221,96,111,207,1
2026-05-17,FFZ,980,535,530,1065,1
2026-05-17,SDL,384,196,181,377,1
2026-05-18,SUS,110,49,49,98,1
2026-05-18,IXD,58,22,26,48,1
2026-05-18,SLN,24,12,13,25,1
2026-05-18,FRG,991,447,442,889,1
2026-05-18,TTN,375,170,203,373,1
2026-05-18,LNS,412,165,150,315,1
2026-05-18,GFK,10,6,4,10,1
2026-05-18,DPA,301,139,144,283,1
2026-05-18,FCM,156,77,79,156,1
2026-05-18,APA,169,82,93,175,1
2026-05-18,HIO,824,425,412,837,1
2026-05-18,PAE,635,293,304,597,1
2026-05-18,DAB,1300,688,646,1334,1
2026-05-18,HWO,617,310,294,604,1
2026-05-18,FXE,588,260,259,519,1
2026-05-18,DTO,180,53,52,105,1
2026-05-18,GKY,184,86,85,171,1
2026-05-18,FTW,301,100,91,191,1
2026-05-18,FFZ,1544,790,773,1563,1
2026-05-18,SDL,523,252,240,492,1
2026-05-19,SUS,314,146,146,292,1
2026-05-19,IXD,118,48,45,93,1
2026-05-19,SLN,114,101,100,201,1
2026-05-19,FRG,979,467,467,934,1
2026-05-19,TTN,323,153,179,332,1
2026-05-19,LNS,351,139,135,274,1
2026-05-19,GFK,551,255,244,499,1
2026-05-19,DPA,363,184,171,355,1
2026-05-19,FCM,316,162,161,323,1
2026-05-19,APA,360,199,192,391,1
2026-05-19,HIO,653,340,340,680,1
2026-05-19,PAE,268,133,137,270,1
2026-05-19,DAB,1263,668,618,1286,1
2026-05-19,HWO,1180,586,538,1124,1
2026-05-19,FXE,496,239,251,490,1
2026-05-19,DTO,68,32,28,60,1
2026-05-19,GKY,149,69,65,134,1
2026-05-19,FTW,363,83,93,176,1
2026-05-19,FFZ,1631,818,827,1645,1
2026-05-19,SDL,499,218,234,452,1
2026-05-20,SUS,627,292,295,587,1
2026-05-20,IXD,411,189,185,374,1
2026-05-20,SLN,188,93,91,184,1
2026-05-20,FRG,626,290,269,559,1
2026-05-20,TTN,288,136,148,284,1
2026-05-20,LNS,297,105,99,204,1
2026-05-20,GFK,1276,608,607,1215,1
2026-05-20,DPA,532,279,260,539,1
2026-05-20,FCM,995,527,510,1037,1
2026-05-20,APA,766,381,411,792,1
2026-05-20,HIO,721,371,363,734,1
2026-05-20,PAE,344,168,170,338,1
2026-05-20,DAB,1514,776,730,1506,1
2026-05-20,HWO,1357,878,772,1650,1
2026-05-20,FXE,700,321,316,637,1
2026-05-20,DTO,366,199,183,382,1
2026-05-20,GKY,373,174,176,350,1
2026-05-20,FTW,631,194,208,402,1
2026-05-20,FFZ,1503,747,756,1503,1
2026-05-20,SDL,463,218,212,430,1
2026-05-21,SUS,555,235,248,483,1
2026-05-21,IXD,181,79,79,158,1
2026-05-21,SLN,42,26,20,46,1
2026-05-21,FRG,731,290,298,588,1
2026-05-21,TTN,168,76,90,166,1
2026-05-21,LNS,114,53,49,102,1
2026-05-21,GFK,728,374,366,740,1
2026-05-21,DPA,659,349,327,676,1
2026-05-21,FCM,749,396,396,792,1
2026-05-21,APA,1148,618,712,1330,1
2026-05-21,HIO,878,456,444,900,1
2026-05-21,PAE,754,329,342,671,1
2026-05-21,DAB,1333,672,639,1311,1
2026-05-21,HWO,1318,827,750,1577,1
2026-05-21,FXE,612,294,270,564,1
2026-05-21,DTO,83,28,27,55,1
2026-05-21,GKY,152,70,69,139,1
2026-05-21,FTW,363,87,90,177,1
2026-05-21,FFZ,1638,830,798,1628,1
2026-05-21,SDL,409,207,200,407,1
2026-05-22,SUS,557,243,254,497,1
2026-05-22,IXD,75,34,38,72,1
2026-05-22,SLN,49,25,25,50,1
2026-05-22,FRG,884,427,421,848,1
2026-05-22,TTN,421,187,244,431,1
2026-05-22,LNS,420,195,193,388,1
2026-05-22,GFK,708,324,346,670,1
2026-05-22,DPA,468,242,241,483,1
2026-05-22,FCM,522,284,294,578,1
2026-05-22,APA,1199,587,688,1275,1
2026-05-22,HIO,789,425,420,845,1
2026-05-22,PAE,726,319,334,653,1
2026-05-22,DAB,815,410,382,792,1
2026-05-22,HWO,1177,758,678,1436,1
2026-05-22,FXE,652,305,302,607,1
2026-05-22,DTO,630,295,280,575,1
2026-05-22,GKY,374,166,165,331,1
2026-05-22,FTW,718,287,292,579,1
2026-05-22,FFZ,1447,718,725,1443,1
2026-05-22,SDL,508,250,262,512,1
2026-05-23,SUS,320,139,137,276,1
2026-05-23,IXD,191,81,82,163,1
2026-05-23,SLN,169,78,77,155,1
2026-05-23,FRG,353,165,172,337,1
2026-05-23,TTN,69,40,44,84,1
2026-05-23,LNS,50,23,21,44,1
2026-05-23,GFK,1009,478,470,948,1
2026-05-23,DPA,379,210,201,411,1
2026-05-23,FCM,771,409,400,809,1
2026-05-23,APA,1111,559,657,1216,1
2026-05-23,HIO,647,338,330,668,1
2026-05-23,PAE,254,118,120,238,1
2026-05-23,DAB,910,465,434,899,1
2026-05-23,HWO,950,581,514,1095,1
2026-05-23,FXE,512,228,217,445,1
2026-05-23,DTO,644,324,317,641,1
2026-05-23,GKY,354,150,151,301,1
2026-05-23,FTW,442,187,189,376,1
2026-05-23,FFZ,1217,637,623,1260,1
2026-05-23,SDL,314,160,158,318,1
2026-05-24,SUS,230,98,94,192,1
2026-05-24,IXD,270,119,121,240,1
2026-05-24,SLN,52,29,23,52,1
2026-05-24,FRG,45,25,20,45,1
2026-05-24,TTN,47,19,31,50,1
2026-05-24,LNS,41,19,20,39,1
2026-05-24,GFK,115,54,55,109,1
2026-05-24,DPA,301,156,156,312,1
2026-05-24,FCM,683,353,362,715,1
2026-05-24,APA,831,390,495,885,1
2026-05-24,HIO,541,274,260,534,1
2026-05-24,PAE,625,270,271,541,1
2026-05-24,DAB,415,211,211,422,1
2026-05-24,HWO,601,417,379,796,1
2026-05-24,FXE,416,168,154,322,1
2026-05-24,DTO,202,101,106,207,1
2026-05-24,GKY,235,114,117,231,1
2026-05-24,FTW,258,135,142,277,1
2026-05-24,FFZ,1103,550,545,1095,1
2026-05-24,SDL,380,186,190,376,1
2026-05-25,SUS,438,186,189,375,1
2026-05-25,IXD,175,85,81,166,1
2026-05-25,SLN,71,31,26,57,1
2026-05-25,FRG,342,118,118,236,1
2026-05-25,TTN,129,61,70,131,1
2026-05-25,LNS,234,87,80,167,1
2026-05-25,GFK,975,474,461,935,1
2026-05-25,DPA,524,255,232,487,1
2026-05-25,FCM,459,236,210,446,1
2026-05-25,APA,1066,485,586,1071,1
2026-05-25,HIO,413,220,205,425,1
2026-05-25,PAE,187,80,66,146,1
2026-05-25,DAB,433,224,213,437,1
2026-05-25,HWO,962,523,460,983,1
2026-05-25,FXE,648,280,278,558,1
2026-05-25,DTO,501,230,236,466,1
2026-05-25,GKY,182,84,83,167,1
2026-05-25,FTW,363,166,144,310,1
2026-05-25,FFZ,761,386,376,762,1
2026-05-25,SDL,393,190,211,401,1
2026-05-26,SUS,275,119,129,248,1
2026-05-26,IXD,282,126,125,251,1
2026-05-26,SLN,204,98,95,193,1
2026-05-26,FRG,989,439,439,878,1
2026-05-26,TTN,466,210,244,454,1
2026-05-26,LNS,435,216,206,422,1
2026-05-26,GFK,1797,850,877,1727,1
2026-05-26,DPA,625,314,287,601,1
2026-05-26,FCM,720,363,350,713,1
2026-05-26,APA,756,300,404,704,1
2026-05-26,HIO,668,325,320,645,1
2026-05-26,PAE,221,102,103,205,1
2026-05-26,DAB,584,292,297,589,1
2026-05-26,HWO,949,449,417,866,1
2026-05-26,FXE,569,259,254,513,1
2026-05-26,DTO,573,277,260,537,1
2026-05-26,GKY,486,247,235,482,1
2026-05-26,FTW,527,206,205,411,1
2026-05-26,FFZ,1255,680,664,1344,1
2026-05-26,SDL,439,218,209,427,1
2026-05-27,SUS,252,123,108,231,1
2026-05-27,IXD,307,125,129,254,1
2026-05-27,SLN,200,89,86,175,1
2026-05-27,FRG,1014,460,459,919,1
2026-05-27,TTN,236,101,138,239,1
2026-05-27,LNS,253,120,114,234,1
2026-05-27,GFK,1780,831,873,1704,1
2026-05-27,DPA,525,257,236,493,1
2026-05-27,FCM,767,402,376,778,1
2026-05-27,APA,793,410,467,877,1
2026-05-27,HIO,727,372,363,735,1
2026-05-27,PAE,676,331,328,659,1
2026-05-27,DAB,842,437,418,855,1
2026-05-27,HWO,1037,624,569,1193,1
2026-05-27,FXE,662,268,260,528,1
2026-05-27,DTO,598,359,323,682,1
2026-05-27,GKY,386,168,169,337,1
2026-05-27,FTW,682,324,321,645,1
2026-05-27,FFZ,1348,649,653,1302,1
2026-05-27,SDL,406,193,187,380,1
2026-05-28,SUS,304,131,141,272,1
2026-05-28,IXD,99,44,49,93,1
2026-05-28,SLN,19,11,7,18,1
2026-05-28,FRG,852,376,380,756,1
2026-05-28,TTN,209,94,114,208,1
2026-05-28,LNS,375,136,134,270,1
2026-05-28,GFK,1011,464,489,953,1
2026-05-28,DPA,496,248,247,495,1
2026-05-28,FCM,715,380,364,744,1
2026-05-28,APA,1101,556,702,1258,1
2026-05-28,HIO,906,475,457,932,1
2026-05-28,PAE,551,246,240,486,1
2026-05-28,DAB,563,286,278,564,1
2026-05-28,HWO,766,439,410,849,1
2026-05-28,FXE,480,235,236,471,1
2026-05-28,DTO,759,427,396,823,1
2026-05-28,GKY,413,177,169,346,1
2026-05-28,FTW,926,290,287,577,1
2026-05-28,FFZ,1367,661,666,1327,1
2026-05-28,SDL,462,212,217,429,1
2026-05-29,SUS,294,144,149,293,1
2026-05-29,IXD,64,24,24,48,1
2026-05-29,SLN,107,68,65,133,1
2026-05-29,FRG,816,403,397,800,1
2026-05-29,TTN,412,174,195,369,1
2026-05-29,LNS,510,193,206,399,1
2026-05-29,GFK,1317,622,631,1253,1
2026-05-29,DPA,500,260,239,499,1
2026-05-29,FCM,668,359,328,687,1
2026-05-29,APA,899,466,595,1061,1
2026-05-29,HIO,345,182,189,371,1
2026-05-29,PAE,104,48,59,107,1
2026-05-29,DAB,850,422,418,840,1
2026-05-29,HWO,952,610,540,1150,1
2026-05-29,FXE,704,292,293,585,1
2026-05-29,DTO,854,370,366,736,1
2026-05-29,GKY,474,200,198,398,1
2026-05-29,FTW,821,265,270,535,1
2026-05-29,FFZ,1378,698,703,1401,1
2026-05-29,SDL,419,219,209,428,1
2026-05-30,SUS,186,60,68,128,1
2026-05-30,IXD,43,17,17,34,1
2026-05-30,SLN,70,30,32,62,1
2026-05-30,FRG,62,25,32,57,1
2026-05-30,TTN,84,31,42,73,1
2026-05-30,LNS,105,44,40,84,1
2026-05-30,GFK,638,307,306,613,1
2026-05-30,DPA,412,200,187,387,1
2026-05-30,FCM,540,281,266,547,1
2026-05-30,APA,1012,503,554,1057,1
2026-05-30,HIO,712,381,379,760,1
2026-05-30,PAE,687,311,315,626,1
2026-05-30,DAB,796,395,380,775,1
2026-05-30,HWO,897,621,549,1170,1
2026-05-30,FXE,594,231,237,468,1
2026-05-30,DTO,603,294,282,576,1
2026-05-30,GKY,171,70,74,144,1
2026-05-30,FTW,419,177,160,337,1
2026-05-30,FFZ,1231,638,629,1267,1
2026-05-30,SDL,396,197,203,400,1
2026-05-31,SUS,230,113,99,212,1
2026-05-31,IXD,181,80,72,152,1
2026-05-31,SLN,45,20,14,34,1
2026-05-31,FRG,1016,486,458,944,1
2026-05-31,TTN,294,132,155,287,1
2026-05-31,LNS,418,178,168,346,1
2026-05-31,GFK,73,35,31,66,1
2026-05-31,DPA,415,206,197,403,1
2026-05-31,FCM,488,250,242,492,1
2026-05-31,APA,1078,511,620,1131,1
2026-05-31,HIO,460,232,227,459,1
2026-05-31,PAE,605,285,268,553,1
2026-05-31,DAB,803,403,387,790,1
2026-05-31,HWO,726,536,482,1018,1
2026-05-31,FXE,462,235,225,460,1
2026-05-31,DTO,507,257,240,497,1
2026-05-31,GKY,146,66,63,129,1
2026-05-31,FTW,384,176,160,336,1
2026-05-31,FFZ,1173,622,610,1232,1
2026-05-31,SDL,368,169,170,339,1
2026-06-01,SUS,247,112,111,223,1
2026-06-01,IXD,268,136,128,264,1
2026-06-01,SLN,206,114,108,222,1
2026-06-01,FRG,795,337,318,655,1
2026-06-01,TTN,367,147,179,326,1
2026-06-01,LNS,456,192,182,374,1
2026-06-01,GFK,1426,703,680,1383,1
2026-06-01,DPA,676,315,300,615,1
2026-06-01,FCM,811,432,423,855,1
2026-06-01,APA,769,357,444,801,1
2026-06-01,HIO,560,298,294,592,1
2026-06-01,PAE,696,353,354,707,1
2026-06-01,DAB,1058,545,517,1062,1
2026-06-01,HWO,1137,706,624,1330,1
2026-06-01,FXE,614,263,248,511,1
2026-06-01,DTO,695,328,320,648,1
2026-06-01,GKY,309,144,144,288,1
2026-06-01,FTW,788,279,278,557,1
2026-06-01,FFZ,1329,670,666,1336,1
2026-06-01,SDL,412,188,188,376,1
2026-06-02,SUS,310,140,135,275,1
2026-06-02,IXD,335,153,158,311,1
2026-06-02,SLN,313,140,127,267,1
2026-06-02,FRG,1050,455,449,904,1
2026-06-02,TTN,385,168,204,372,1
2026-06-02,LNS,457,193,188,381,1
2026-06-02,GFK,699,343,337,680,1
2026-06-02,DPA,646,330,307,637,1
2026-06-02,FCM,680,350,325,675,1
2026-06-02,APA,611,301,397,698,1
2026-06-02,HIO,812,415,411,826,1
2026-06-02,PAE,519,256,255,511,1
2026-06-02,DAB,933,465,444,909,1
2026-06-02,HWO,1032,693,619,1312,1
2026-06-02,FXE,591,288,291,579,1
2026-06-02,DTO,559,346,312,658,1
2026-06-02,GKY,253,120,117,237,1
2026-06-02,FTW,613,209,201,410,1
2026-06-02,FFZ,1231,572,584,1156,1
2026-06-02,SDL,442,178,185,363,1
2026-06-03,SUS,387,155,153,308,1
2026-06-03,IXD,376,162,160,322,1
2026-06-03,SLN,202,100,94,194,1
2026-06-03,FRG,1013,450,448,898,1
2026-06-03,TTN,362,180,206,386,1
2026-06-03,LNS,607,249,250,499,1
2026-06-03,GFK,425,197,195,392,1
2026-06-03,DPA,672,356,330,686,1
2026-06-03,FCM,478,249,244,493,1
2026-06-03,APA,1108,597,657,1254,1
2026-06-03,HIO,854,457,449,906,1
2026-06-03,PAE,523,228,234,462,1
2026-06-03,DAB,817,424,402,826,1
2026-06-03,HWO,753,520,455,975,1
2026-06-03,FXE,443,193,185,378,1
2026-06-03,DTO,837,358,358,716,1
2026-06-03,GKY,404,179,180,359,1
2026-06-03,FTW,740,237,232,469,1
2026-06-03,FFZ,1318,606,615,1221,1
2026-06-03,SDL,485,220,220,440,1
2026-06-04,SUS,239,100,99,199,1
2026-06-04,IXD,241,108,108,216,1
2026-06-04,SLN,106,40,37,77,1
2026-06-04,FRG,1096,480,476,956,1
2026-06-04,TTN,428,183,204,387,1
2026-06-04,LNS,567,229,217,446,1
2026-06-04,GFK,1728,807,838,1645,1
2026-06-04,DPA,513,250,230,480,1
2026-06-04,FCM,611,290,290,580,1
2026-06-04,APA,1094,584,699,1283,1
2026-06-04,HIO,896,435,421,856,1
2026-06-04,PAE,503,243,250,493,1
2026-06-04,DAB,1454,770,710,1480,1
2026-06-04,HWO,936,624,566,1190,1
2026-06-04,FXE,657,284,284,568,1
2026-06-04,DTO,863,392,375,767,1
2026-06-04,GKY,328,146,144,290,1
2026-06-04,FTW,785,274,265,539,1
2026-06-04,FFZ,1393,665,660,1325,1
2026-06-04,SDL,363,221,217,438,1
2026-06-05,SUS,269,80,67,147,1
2026-06-05,IXD,180,75,82,157,1
2026-06-05,SLN,314,136,143,279,1
2026-06-05,FRG,906,411,424,835,1
2026-06-05,TTN,368,147,159,306,1
2026-06-05,LNS,476,187,181,368,1
2026-06-05,GFK,1776,645,649,1294,1
2026-06-05,DPA,351,147,136,283,1
2026-06-05,FCM,615,297,285,582,1
2026-06-05,APA,982,474,513,987,1
2026-06-05,HIO,558,235,244,479,1
2026-06-05,PAE,370,142,150,292,1
2026-06-05,DAB,1334,625,609,1234,1
2026-06-05,HWO,1202,830,753,1583,1
2026-06-05,FXE,667,231,251,482,1
2026-06-05,DTO,596,347,307,654,1
2026-06-05,GKY,289,122,117,239,1
2026-06-05,FTW,667,137,135,272,1
2026-06-05,FFZ,1254,485,491,976,1
2026-06-05,SDL,459,183,196,379,1
2026-06-06,SUS,216,51,51,102,1
2026-06-06,IXD,96,49,40,89,1
2026-06-06,SLN,60,31,28,59,1
2026-06-06,FRG,841,350,356,706,1
2026-06-06,TTN,149,63,62,125,1
2026-06-06,LNS,245,111,110,221,1
2026-06-06,GFK,674,353,350,703,1
2026-06-06,DPA,329,163,149,312,1
2026-06-06,FCM,647,274,260,534,1
2026-06-06,APA,775,357,473,830,1
2026-06-06,HIO,174,85,80,165,1
2026-06-06,PAE,342,141,142,283,1
2026-06-06,DAB,1149,537,512,1049,1
2026-06-06,HWO,749,458,414,872,1
2026-06-06,FXE,527,209,190,399,1
2026-06-06,DTO,199,91,90,181,1
2026-06-06,GKY,170,74,73,147,1
2026-06-06,FTW,382,110,93,203,1
2026-06-06,FFZ,775,354,345,699,1
2026-06-06,SDL,357,174,161,335,1
2026-06-07,SUS,243,50,52,102,1
2026-06-07,IXD,36,15,17,32,1
2026-06-07,SLN,47,14,13,27,1
2026-06-07,FRG,817,260,253,513,1
2026-06-07,TTN,146,47,71,118,1
2026-06-07,LNS,206,83,79,162,1
2026-06-07,GFK,22,10,7,17,1
2026-06-07,DPA,260,106,98,204,1
2026-06-07,FCM,453,180,169,349,1
2026-06-07,APA,941,369,419,788,1
2026-06-07,HIO,728,303,290,593,1
2026-06-07,PAE,579,236,229,465,1
2026-06-07,DAB,993,431,420,851,1
2026-06-07,HWO,723,375,348,723,1
2026-06-07,FXE,524,207,207,414,1
2026-06-07,DTO,310,125,120,245,1
2026-06-07,GKY,220,82,83,165,1
2026-06-07,FTW,291,115,97,212,1
2026-06-07,FFZ,832,330,326,656,1
2026-06-07,SDL,353,148,135,283,1
2026-06-08,SUS,167,58,69,127,1
2026-06-08,IXD,153,62,66,128,1
2026-06-08,SLN,155,100,99,199,1
2026-06-08,FRG,805,365,359,724,1
2026-06-08,TTN,180,76,110,186,1
2026-06-08,LNS,317,150,147,297,1
2026-06-08,GFK,1796,868,852,1720,1
2026-06-08,DPA,283,161,153,314,1
2026-06-08,FCM,330,180,173,353,1
2026-06-08,APA,698,335,410,745,1
2026-06-08,HIO,232,111,110,221,1
2026-06-08,PAE,646,316,308,624,1
2026-06-08,DAB,1223,628,601,1229,1
2026-06-08,HWO,1152,753,672,1425,1
2026-06-08,FXE,587,257,255,512,1
2026-06-08,DTO,575,309,299,608,1
2026-06-08,GKY,233,107,101,208,1
2026-06-08,FTW,536,199,197,396,1
2026-06-08,FFZ,1171,599,599,1198,1
2026-06-08,SDL,404,196,184,380,1
2026-06-09,SUS,329,136,138,274,1
2026-06-09,IXD,228,102,107,209,1
2026-06-09,SLN,77,36,36,72,1
2026-06-09,FRG,1045,486,485,971,1
2026-06-09,TTN,349,171,191,362,1
2026-06-09,LNS,370,153,143,296,1
2026-06-09,GFK,564,264,262,526,1
2026-06-09,DPA,551,291,259,550,1
2026-06-09,FCM,634,317,311,628,1
2026-06-09,APA,779,367,391,758,1
2026-06-09,HIO,336,189,171,360,1
2026-06-09,PAE,84,40,47,87,1
2026-06-09,DAB,1174,601,570,1171,1
2026-06-09,HWO,1030,465,446,911,1
2026-06-09,FXE,758,313,307,620,1
2026-06-09,DTO,595,275,267,542,1
2026-06-09,GKY,385,185,181,366,1
2026-06-09,FTW,937,363,350,713,1
2026-06-09,FFZ,1394,717,700,1417,1
2026-06-09,SDL,482,208,214,422,1
2026-06-10,SUS,412,103,113,216,0
2026-06-10,IXD,85,39,40,79,1
2026-06-10,SLN,125,36,41,77,1
2026-06-10,FRG,837,370,375,745,1
2026-06-10,TTN,146,57,70,127,1
2026-06-10,LNS,229,76,87,163,0
2026-06-10,GFK,862,272,283,555,1
2026-06-10,DPA,418,230,211,441,1
2026-06-10,FCM,520,216,216,432,0
2026-06-10,APA,1092,594,639,1233,1
2026-06-10,HIO,925,436,322,758,1
2026-06-10,PAE,583,232,229,461,0
2026-06-10,DAB,1142,381,393,774,1
2026-06-10,HWO,1084,536,507,1043,1
2026-06-10,FXE,725,236,253,489,1
2026-06-10,DTO,659,158,173,331,0
2026-06-10,GKY,339,113,116,229,0
2026-06-10,FTW,835,229,221,450,0
2026-06-10,FFZ,1398,489,488,977,0
2026-06-10,SDL,565,164,195,359,1
2026-06-11,SUS,346,1,0,1,0
2026-06-11,IXD,107,38,43,81,1
2026-06-11,SLN,149,0,0,0,1
2026-06-11,FRG,694,95,105,200,1
2026-06-11,TTN,246,68,45,113,1
2026-06-11,LNS,294,43,77,120,0
2026-06-11,GFK,802,15,12,27,1
2026-06-11,DPA,217,68,59,127,1
2026-06-11,FCM,609,1,0,1,0
2026-06-11,APA,1090,673,670,1343,1
2026-06-11,HIO,823,383,128,511,1
2026-06-11,PAE,514,164,153,317,0
2026-06-11,DAB,1286,0,0,0,1
2026-06-11,HWO,1275,0,0,0,1
2026-06-11,FXE,680,0,0,0,1
2026-06-11,DTO,670,0,0,0,0
2026-06-11,GKY,288,0,0,0,0
2026-06-11,FTW,808,11,13,24,0
2026-06-11,FFZ,1229,0,0,0,0
2026-06-11,SDL,451,0,0,0,1
2026-06-12,SUS,658,275,276,551,1
2026-06-12,IXD,319,158,155,313,1
2026-06-12,SLN,324,180,178,358,1
2026-06-12,FRG,785,350,351,701,1
2026-06-12,TTN,254,123,139,262,1
2026-06-12,LNS,316,134,133,267,1
2026-06-12,GFK,657,321,322,643,1
2026-06-12,DPA,466,269,240,509,1
2026-06-12,FCM,560,287,270,557,1
2026-06-12,APA,1249,624,712,1336,1
2026-06-12,HIO,821,420,411,831,1
2026-06-12,PAE,667,295,316,611,1
2026-06-12,DAB,1212,626,600,1226,1
2026-06-12,HWO,1199,794,702,1496,1
2026-06-12,FXE,711,354,354,708,1
2026-06-12,DTO,616,331,307,638,1
2026-06-12,GKY,247,100,102,202,1
2026-06-12,FTW,683,216,215,431,1
2026-06-12,FFZ,1338,643,646,1289,1
2026-06-12,SDL,483,221,240,461,1
2026-06-13,SUS,324,110,108,218,1
2026-06-13,IXD,99,43,39,82,1
2026-06-13,SLN,60,22,20,42,1
2026-06-13,FRG,953,409,412,821,1
2026-06-13,TTN,250,116,139,255,1
2026-06-13,LNS,415,191,187,378,1
2026-06-13,GFK,509,251,254,505,1
2026-06-13,DPA,384,205,189,394,1
2026-06-13,FCM,544,263,276,539,1
2026-06-13,APA,1106,512,539,1051,1
2026-06-13,HIO,516,283,280,563,1
2026-06-13,PAE,588,292,284,576,1
2026-06-13,DAB,1024,516,511,1027,1
2026-06-13,HWO,618,454,410,864,1
2026-06-13,FXE,563,244,245,489,1
2026-06-13,DTO,704,368,342,710,1
2026-06-13,GKY,307,146,144,290,1
2026-06-13,FTW,365,146,139,285,1
2026-06-13,FFZ,1002,509,511,1020,1
2026-06-13,SDL,324,148,158,306,1
2026-06-14,SUS,274,89,79,168,1
2026-06-14,IXD,196,79,76,155,1
2026-06-14,SLN,55,34,31,65,1
2026-06-14,FRG,709,341,315,656,1
2026-06-14,TTN,190,101,104,205,1
2026-06-14,LNS,165,82,80,162,1
2026-06-14,GFK,51,28,23,51,1
2026-06-14,DPA,443,228,221,449,1
2026-06-14,FCM,255,123,117,240,1
2026-06-14,APA,835,373,423,796,1
2026-06-14,HIO,375,199,191,390,1
2026-06-14,PAE,608,278,269,547,1
2026-06-14,DAB,846,408,406,814,1
2026-06-14,HWO,574,274,245,519,1
2026-06-14,FXE,509,255,244,499,1
2026-06-14,DTO,111,79,76,155,1
2026-06-14,GKY,162,80,79,159,1
2026-06-14,FTW,199,91,97,188,1
2026-06-14,FFZ,825,413,406,819,1
2026-06-14,SDL,344,176,149,325,1
2026-06-15,SUS,621,234,241,475,1
2026-06-15,IXD,321,155,149,304,1
2026-06-15,SLN,456,209,204,413,1
2026-06-15,FRG,881,360,376,736,1
2026-06-15,TTN,206,96,123,219,1
2026-06-15,LNS,262,96,104,200,1
2026-06-15,GFK,1101,532,517,1049,1
2026-06-15,DPA,736,370,357,727,1
2026-06-15,FCM,536,278,265,543,1
2026-06-15,APA,1175,587,667,1254,1
2026-06-15,HIO,820,429,428,857,1
2026-06-15,PAE,488,245,236,481,1
2026-06-15,DAB,673,328,329,657,1
2026-06-15,HWO,712,429,384,813,1
2026-06-15,FXE,586,276,273,549,1
2026-06-15,DTO,597,401,360,761,1
2026-06-15,GKY,357,171,180,351,1
2026-06-15,FTW,369,129,147,276,1
2026-06-15,FFZ,891,440,442,882,1
2026-06-15,SDL,417,199,185,384,1
2026-06-16,SUS,556,213,220,433,1
2026-06-16,IXD,141,74,73,147,1
2026-06-16,SLN,429,190,187,377,1
2026-06-16,FRG,996,422,420,842,1
2026-06-16,TTN,361,173,196,369,1
2026-06-16,LNS,524,202,196,398,1
2026-06-16,GFK,1163,558,558,1116,1
2026-06-16,DPA,542,287,288,575,1
2026-06-16,FCM,450,228,218,446,1
2026-06-16,APA,1277,633,736,1369,1
2026-06-16,HIO,1009,486,482,968,1
2026-06-16,PAE,533,251,249,500,1
2026-06-16,DAB,847,425,411,836,1
2026-06-16,HWO,1142,665,585,1250,1
2026-06-16,FXE,632,279,277,556,1
2026-06-16,DTO,785,366,352,718,1
2026-06-16,GKY,376,171,171,342,1
2026-06-16,FTW,885,362,337,699,1
2026-06-16,FFZ,1050,551,530,1081,1
2026-06-16,SDL,427,200,208,408,1
2026-06-17,SUS,176,85,73,158,1
2026-06-17,IXD,57,26,35,61,1
2026-06-17,SLN,138,65,61,126,1
2026-06-17,FRG,779,342,342,684,1
2026-06-17,TTN,279,104,143,247,1
2026-06-17,LNS,398,169,161,330,1
2026-06-17,GFK,805,382,390,772,1
2026-06-17,DPA,232,117,118,235,1
2026-06-17,FCM,241,131,121,252,1
2026-06-17,APA,856,368,372,740,1
2026-06-17,HIO,941,458,452,910,1
2026-06-17,PAE,659,312,311,623,1
2026-06-17,DAB,1485,734,734,1468,1
2026-06-17,HWO,768,493,459,952,1
2026-06-17,FXE,733,333,312,645,1
2026-06-17,DTO,573,298,292,590,1
2026-06-17,GKY,223,103,103,206,1
2026-06-17,FTW,527,192,191,383,1
2026-06-17,FFZ,1090,567,561,1128,1
2026-06-17,SDL,486,224,215,439,1
2026-06-18,SUS,573,241,249,490,1
2026-06-18,IXD,239,111,109,220,1
2026-06-18,SLN,383,186,180,366,1
2026-06-18,FRG,95,35,45,80,1
2026-06-18,TTN,122,39,51,90,1
2026-06-18,LNS,111,41,43,84,1
2026-06-18,GFK,1679,802,802,1604,1
2026-06-18,DPA,709,387,365,752,1
2026-06-18,FCM,553,279,284,563,1
2026-06-18,APA,1076,539,642,1181,1
2026-06-18,HIO,901,436,431,867,1
2026-06-18,PAE,709,331,332,663,1
2026-06-18,DAB,1020,503,485,988,1
2026-06-18,HWO,1260,790,703,1493,1
2026-06-18,FXE,735,369,364,733,1
2026-06-18,DTO,593,338,312,650,1
2026-06-18,GKY,306,127,138,265,1
2026-06-18,FTW,828,312,295,607,1
2026-06-18,FFZ,1401,685,675,1360,1
2026-06-18,SDL,452,199,207,406,1
2026-06-19,SUS,594,231,248,479,1
2026-06-19,IXD,300,143,139,282,1
2026-06-19,SLN,98,36,38,74,1
2026-06-19,FRG,827,352,343,695,1
2026-06-19,TTN,229,103,119,222,1
2026-06-19,LNS,415,150,145,295,1
2026-06-19,GFK,621,290,280,570,1
2026-06-19,DPA,654,340,338,678,1
2026-06-19,FCM,607,268,258,526,1
2026-06-19,APA,1300,617,696,1313,1
2026-06-19,HIO,853,451,453,904,1
2026-06-19,PAE,710,339,341,680,1
2026-06-19,DAB,760,395,375,770,1
2026-06-19,HWO,905,591,523,1114,1
2026-06-19,FXE,758,314,301,615,1
2026-06-19,DTO,320,156,159,315,1
2026-06-19,GKY,191,95,94,189,1
2026-06-19,FTW,399,101,104,205,1
2026-06-19,FFZ,1342,681,652,1333,1
2026-06-19,SDL,501,214,217,431,1
2026-06-20,SUS,459,183,181,364,1
2026-06-20,IXD,223,102,98,200,1
2026-06-20,SLN,196,66,61,127,1
2026-06-20,FRG,518,198,202,400,1
2026-06-20,TTN,107,46,50,96,1
2026-06-20,LNS,251,92,94,186,1
2026-06-20,GFK,1044,497,487,984,1
2026-06-20,DPA,564,283,276,559,1
2026-06-20,FCM,518,258,252,510,1
2026-06-20,APA,897,472,523,995,1
2026-06-20,HIO,507,260,253,513,1
2026-06-20,PAE,573,273,274,547,1
2026-06-20,DAB,784,379,369,748,1
2026-06-20,HWO,658,473,419,892,1
2026-06-20,FXE,513,244,241,485,1
2026-06-20,DTO,471,286,269,555,1
2026-06-20,GKY,395,186,185,371,1
2026-06-20,FTW,353,134,133,267,1
2026-06-20,FFZ,1204,591,582,1173,1
2026-06-20,SDL,418,204,198,402,1
2026-06-21,SUS,207,79,53,132,1
2026-06-21,IXD,39,21,17,38,1
2026-06-21,SLN,25,7,7,14,1
2026-06-21,FRG,1029,444,454,898,1
2026-06-21,TTN,227,103,126,229,1
2026-06-21,LNS,341,151,146,297,1
2026-06-21,GFK,51,28,25,53,1
2026-06-21,DPA,271,135,124,259,1
2026-06-21,FCM,698,394,368,762,1
2026-06-21,APA,734,338,395,733,1
2026-06-21,HIO,546,285,279,564,1
2026-06-21,PAE,588,305,292,597,1
2026-06-21,DAB,568,298,275,573,1
2026-06-21,HWO,542,314,274,588,1
2026-06-21,FXE,525,278,263,541,1
2026-06-21,DTO,487,295,275,570,1
2026-06-21,GKY,328,159,147,306,1
2026-06-21,FTW,264,134,110,244,1
2026-06-21,FFZ,909,469,450,919,1
2026-06-21,SDL,329,156,154,310,1
2026-06-22,SUS,368,119,124,243,1
2026-06-22,IXD,254,91,96,187,1
2026-06-22,SLN,230,89,93,182,1
2026-06-22,FRG,572,255,242,497,1
2026-06-22,TTN,156,72,77,149,1
2026-06-22,LNS,154,77,69,146,1
2026-06-22,GFK,1641,674,685,1359,1
2026-06-22,DPA,723,357,355,712,1
2026-06-22,FCM,808,401,385,786,1
2026-06-22,APA,1006,448,557,1005,1
2026-06-22,HIO,742,365,365,730,1
2026-06-22,PAE,620,277,269,546,1
2026-06-22,DAB,1361,700,669,1369,1
2026-06-22,HWO,1174,640,614,1254,1
2026-06-22,FXE,549,312,315,627,1
2026-06-22,DTO,644,361,321,682,1
2026-06-22,GKY,246,117,121,238,1
2026-06-22,FTW,619,233,230,463,1
2026-06-22,FFZ,1118,538,546,1084,1
2026-06-22,SDL,499,221,211,432,1
2026-06-23,SUS,594,151,152,303,1
2026-06-23,IXD,317,95,96,191,1
2026-06-23,SLN,329,108,98,206,1
2026-06-23,FRG,135,47,43,90,1
2026-06-23,TTN,115,35,47,82,1
2026-06-23,LNS,80,20,21,41,1
2026-06-23,GFK,1067,352,366,718,1
2026-06-23,DPA,885,351,334,685,1
2026-06-23,FCM,377,137,143,280,1
2026-06-23,APA,1148,442,472,914,1
2026-06-23,HIO,924,322,316,638,1
2026-06-23,PAE,640,264,267,531,1
2026-06-23,DAB,1171,363,352,715,1
2026-06-23,HWO,1051,356,333,689,1
2026-06-23,FXE,624,208,193,401,1
2026-06-23,DTO,576,299,268,567,1
2026-06-23,GKY,313,77,74,151,1
2026-06-23,FTW,728,190,176,366,1
2026-06-23,FFZ,1231,486,502,988,1
2026-06-23,SDL,458,145,138,283,1
2026-06-24,SUS,383,161,175,336,1
2026-06-24,IXD,270,112,113,225,1
2026-06-24,SLN,312,118,124,242,1
2026-06-24,FRG,1147,451,463,914,1
2026-06-24,TTN,474,192,236,428,1
2026-06-24,LNS,544,216,203,419,1
2026-06-24,GFK,306,98,108,206,1
2026-06-24,DPA,481,257,229,486,1
2026-06-24,FCM,472,210,214,424,1
2026-06-24,APA,900,419,497,916,1
2026-06-24,HIO,838,369,368,737,1
2026-06-24,PAE,549,243,263,506,1
2026-06-24,DAB,1056,511,495,1006,1
2026-06-24,HWO,706,443,413,856,1
2026-06-24,FXE,678,300,304,604,1
2026-06-24,DTO,865,471,446,917,1
2026-06-24,GKY,347,159,155,314,1
2026-06-24,FTW,820,302,288,590,1
2026-06-24,FFZ,1345,619,630,1249,1
2026-06-24,SDL,566,229,241,470,1
2026-06-25,SUS,284,88,74,162,1
2026-06-25,IXD,162,22,23,45,1
2026-06-25,SLN,65,12,10,22,1
2026-06-25,FRG,1092,164,165,329,1
2026-06-25,TTN,377,67,77,144,1
2026-06-25,LNS,329,37,38,75,1
2026-06-25,GFK,1526,324,336,660,1
2026-06-25,DPA,553,113,103,216,1
2026-06-25,FCM,735,139,119,258,1
2026-06-25,APA,637,142,149,291,1
2026-06-25,HIO,775,204,191,395,1
2026-06-25,PAE,438,87,84,171,1
2026-06-25,DAB,1008,187,175,362,1
2026-06-25,HWO,1221,151,151,302,1
2026-06-25,FXE,793,158,139,297,1
2026-06-25,DTO,709,143,131,274,1
2026-06-25,GKY,305,43,35,78,1
2026-06-25,FTW,896,112,100,212,1
2026-06-25,FFZ,1204,259,259,518,1
2026-06-25,SDL,522,116,118,234,1
2026-06-26,SUS,174,61,62,123,1
2026-06-26,IXD,56,23,31,54,1
2026-06-26,SLN,102,41,38,79,1
2026-06-26,FRG,986,480,478,958,1
2026-06-26,TTN,306,137,162,299,1
2026-06-26,LNS,404,181,180,361,1
2026-06-26,GFK,1137,535,541,1076,1
2026-06-26,DPA,651,344,349,693,1
2026-06-26,FCM,817,431,414,845,1
2026-06-26,APA,1084,582,750,1332,1
2026-06-26,HIO,302,149,153,302,1
2026-06-26,PAE,122,59,62,121,1
2026-06-26,DAB,925,491,467,958,1
2026-06-26,HWO,906,470,453,923,1
2026-06-26,FXE,694,339,334,673,1
2026-06-26,DTO,355,194,180,374,1
2026-06-26,GKY,232,115,109,224,1
2026-06-26,FTW,472,160,133,293,1
2026-06-26,FFZ,1088,558,564,1122,1
2026-06-26,SDL,362,201,197,398,1
2026-06-27,SUS,170,60,62,122,1
2026-06-27,IXD,142,73,69,142,1
2026-06-27,SLN,143,66,65,131,1
2026-06-27,FRG,732,324,334,658,1
2026-06-27,TTN,169,71,84,155,1
2026-06-27,LNS,186,81,84,165,1
2026-06-27,GFK,116,60,58,118,1
2026-06-27,DPA,522,314,286,600,1
2026-06-27,FCM,485,247,231,478,1
2026-06-27,APA,464,227,317,544,1
2026-06-27,HIO,237,108,106,214,1
2026-06-27,PAE,577,293,283,576,1
2026-06-27,DAB,661,339,311,650,1
2026-06-27,HWO,658,419,401,820,1
2026-06-27,FXE,676,351,332,683,1
2026-06-27,DTO,262,113,106,219,1
2026-06-27,GKY,210,98,87,185,1
2026-06-27,FTW,215,97,88,185,1
2026-06-27,FFZ,950,474,482,956,1
2026-06-27,SDL,370,177,178,355,1
2026-06-28,SUS,231,108,95,203,1
2026-06-28,IXD,72,33,32,65,1
2026-06-28,SLN,15,6,7,13,1
2026-06-28,FRG,933,409,410,819,1
2026-06-28,TTN,109,53,69,122,1
2026-06-28,LNS,137,69,66,135,1
2026-06-28,GFK,23,8,9,17,1
2026-06-28,DPA,467,256,237,493,1
2026-06-28,FCM,122,64,63,127,1
2026-06-28,APA,751,389,463,852,1
2026-06-28,HIO,716,359,350,709,1
2026-06-28,PAE,387,193,195,388,1
2026-06-28,DAB,770,401,364,765,1
2026-06-28,HWO,698,402,379,781,1
2026-06-28,FXE,605,308,315,623,1
2026-06-28,DTO,262,119,110,229,1
2026-06-28,GKY,156,69,75,144,1
2026-06-28,FTW,156,77,73,150,1
2026-06-28,FFZ,660,309,313,622,1
2026-06-28,SDL,320,145,142,287,1
2026-06-29,SUS,332,146,148,294,1
2026-06-29,IXD,144,59,60,119,1
2026-06-29,SLN,28,19,14,33,1
2026-06-29,FRG,995,425,434,859,1
2026-06-29,TTN,323,131,174,305,1
2026-06-29,LNS,402,190,175,365,1
2026-06-29,GFK,92,40,41,81,1
2026-06-29,DPA,807,422,408,830,1
2026-06-29,FCM,244,132,120,252,1
2026-06-29,APA,885,449,558,1007,1
2026-06-29,HIO,929,473,469,942,1
2026-06-29,PAE,243,129,131,260,1
2026-06-29,DAB,994,508,486,994,1
2026-06-29,HWO,977,425,432,857,1
2026-06-29,FXE,695,350,321,671,1
2026-06-29,DTO,438,228,202,430,1
2026-06-29,GKY,200,99,92,191,1
2026-06-29,FTW,355,105,87,192,1
2026-06-29,FFZ,1077,524,527,1051,1
2026-06-29,SDL,444,201,200,401,1
2026-06-30,SUS,510,220,224,444,1
2026-06-30,IXD,186,94,93,187,1
2026-06-30,SLN,73,48,44,92,1
2026-06-30,FRG,964,401,411,812,1
2026-06-30,TTN,324,157,206,363,1
2026-06-30,LNS,289,135,131,266,1
2026-06-30,GFK,359,179,180,359,1
2026-06-30,DPA,789,430,394,824,1
2026-06-30,FCM,474,236,231,467,1
2026-06-30,APA,899,436,553,989,1
2026-06-30,HIO,962,492,489,981,1
2026-06-30,PAE,385,194,201,395,1
2026-06-30,DAB,799,412,397,809,1
2026-06-30,HWO,954,458,453,911,1
2026-06-30,FXE,722,382,365,747,1
2026-06-30,DTO,607,276,265,541,1
2026-06-30,GKY,450,216,205,421,1
2026-06-30,FTW,764,299,297,596,1
2026-06-30,FFZ,1218,627,656,1283,1
2026-06-30,SDL,476,201,201,402,1
2026-07-01,SUS,465,187,179,366,1
2026-07-01,IXD,215,94,95,189,1
2026-07-01,SLN,163,68,63,131,1
2026-07-01,FRG,888,407,414,821,1
2026-07-01,TTN,337,161,189,350,1
2026-07-01,LNS,366,158,153,311,1
2026-07-01,GFK,1575,760,787,1547,1
2026-07-01,DPA,738,385,356,741,1
2026-07-01,FCM,354,180,184,364,1
2026-07-01,APA,1019,556,659,1215,1
2026-07-01,HIO,921,472,478,950,1
2026-07-01,PAE,554,286,288,574,1
2026-07-01,DAB,1082,566,533,1099,1
2026-07-01,HWO,833,490,459,949,1
2026-07-01,FXE,660,352,329,681,1
2026-07-01,DTO,705,348,331,679,1
2026-07-01,GKY,422,192,191,383,1
2026-07-01,FTW,932,401,359,760,1
2026-07-01,FFZ,1428,730,743,1473,1
2026-07-01,SDL,441,223,221,444,1
2026-07-02,SUS,431,170,175,345,1
2026-07-02,IXD,227,105,111,216,1
2026-07-02,SLN,267,110,108,218,1
2026-07-02,FRG,636,261,273,534,1
2026-07-02,TTN,282,111,134,245,1
2026-07-02,LNS,379,158,154,312,1
2026-07-02,GFK,1026,485,481,966,1
2026-07-02,DPA,681,369,354,723,1
2026-07-02,FCM,710,379,365,744,1
2026-07-02,APA,995,530,602,1132,1
2026-07-02,HIO,703,361,358,719,1
2026-07-02,PAE,454,223,243,466,1
2026-07-02,DAB,1318,700,650,1350,1
2026-07-02,HWO,805,573,540,1113,1
2026-07-02,FXE,689,380,385,765,1
2026-07-02,DTO,727,394,358,752,1
2026-07-02,GKY,409,183,178,361,1
2026-07-02,FTW,948,393,383,776,1
2026-07-02,FFZ,1446,664,679,1343,1
2026-07-02,SDL,424,207,209,416,1
2026-07-03,SUS,443,184,182,366,1
2026-07-03,IXD,160,77,72,149,1
2026-07-03,SLN,34,14,13,27,1
2026-07-03,FRG,488,227,221,448,1
2026-07-03,TTN,214,96,106,202,1
2026-07-03,LNS,242,121,112,233,1
2026-07-03,GFK,51,17,18,35,1
2026-07-03,DPA,536,297,268,565,1
2026-07-03,FCM,572,296,292,588,1
2026-07-03,APA,1007,530,620,1150,1
2026-07-03,HIO,738,393,389,782,1
2026-07-03,PAE,313,148,164,312,1
2026-07-03,DAB,1025,532,516,1048,1
2026-07-03,HWO,632,365,326,691,1
2026-07-03,FXE,711,340,335,675,1
2026-07-03,DTO,651,333,311,644,1
2026-07-03,GKY,313,139,138,277,1
2026-07-03,FTW,617,274,281,555,1
2026-07-03,FFZ,871,433,439,872,1
2026-07-03,SDL,287,149,153,302,1
2026-07-04,SUS,222,95,93,188,1
2026-07-04,IXD,12,5,6,11,1
2026-07-04,SLN,11,5,4,9,1
2026-07-04,FRG,240,110,106,216,1
2026-07-04,TTN,88,36,36,72,1
2026-07-04,LNS,75,31,28,59,1
2026-07-04,GFK,9,5,4,9,1
2026-07-04,DPA,135,69,60,129,1
2026-07-04,FCM,241,131,129,260,1
2026-07-04,APA,637,308,389,697,1
2026-07-04,HIO,322,138,140,278,1
2026-07-04,PAE,256,124,124,248,1
2026-07-04,DAB,496,256,244,500,1
2026-07-04,HWO,360,177,163,340,1
2026-07-04,FXE,414,216,204,420,1
2026-07-04,DTO,405,212,197,409,1
2026-07-04,GKY,161,67,68,135,1
2026-07-04,FTW,151,105,91,196,1
2026-07-04,FFZ,699,368,361,729,1
2026-07-04,SDL,186,109,104,213,1
2026-07-05,SUS,195,75,80,155,1
2026-07-05,IXD,150,56,52,108,1
2026-07-05,SLN,38,19,16,35,1
2026-07-05,FRG,409,190,188,378,1
2026-07-05,TTN,154,54,53,107,1
2026-07-05,LNS,120,65,66,131,1
2026-07-05,GFK,74,32,31,63,1
2026-07-05,DPA,205,117,105,222,1
2026-07-05,FCM,421,258,238,496,1
2026-07-05,APA,839,438,537,975,1
2026-07-05,HIO,565,310,295,605,1
2026-07-05,PAE,519,264,248,512,1
2026-07-05,DAB,524,256,247,503,1
2026-07-05,HWO,489,319,290,609,1
2026-07-05,FXE,394,217,213,430,1
2026-07-05,DTO,224,150,136,286,1
2026-07-05,GKY,164,61,55,116,1
2026-07-05,FTW,226,133,90,223,1
2026-07-05,FFZ,748,366,355,721,1
2026-07-05,SDL,339,179,164,343,1
2026-07-06,SUS,491,222,234,456,1
2026-07-06,IXD,274,103,102,205,1
2026-07-06,SLN,202,93,88,181,1
2026-07-06,FRG,65,24,37,61,1
2026-07-06,TTN,41,12,21,33,1
2026-07-06,LNS,97,48,41,89,1
2026-07-06,GFK,624,297,290,587,1
2026-07-06,DPA,786,426,427,853,1
2026-07-06,FCM,772,420,399,819,1
2026-07-06,APA,749,437,580,1017,1
2026-07-06,HIO,786,395,402,797,1
2026-07-06,PAE,490,267,261,528,1
2026-07-06,DAB,859,411,406,817,1
2026-07-06,HWO,693,478,426,904,1
2026-07-06,FXE,570,291,272,563,1
2026-07-06,DTO,640,381,326,707,1
2026-07-06,GKY,339,176,169,345,1
2026-07-06,FTW,731,256,229,485,1
2026-07-06,FFZ,876,446,445,891,1
2026-07-06,SDL,420,205,188,393,1
2026-07-07,SUS,648,281,284,565,1
2026-07-07,IXD,335,163,166,329,1
2026-07-07,SLN,217,122,117,239,1
2026-07-07,FRG,81,38,37,75,1
2026-07-07,TTN,41,35,54,89,1
2026-07-07,LNS,220,105,103,208,1
2026-07-07,GFK,1142,551,542,1093,1
2026-07-07,DPA,725,372,369,741,1
2026-07-07,FCM,674,369,333,702,1
2026-07-07,APA,1148,591,761,1352,1
2026-07-07,HIO,750,386,383,769,1
2026-07-07,PAE,646,304,329,633,1
2026-07-07,DAB,1001,492,475,967,1
2026-07-07,HWO,1110,623,569,1192,1
2026-07-07,FXE,688,375,357,732,1
2026-07-07,DTO,751,398,359,757,1
2026-07-07,GKY,392,173,177,350,1
2026-07-07,FTW,912,276,266,542,1
2026-07-07,FFZ,1207,583,586,1169,1
2026-07-07,SDL,383,189,181,370,1
2026-07-08,SUS,663,276,274,550,1
2026-07-08,IXD,299,135,127,262,1
2026-07-08,SLN,266,107,108,215,1
2026-07-08,FRG,1081,461,473,934,1
2026-07-08,TTN,371,184,231,415,1
2026-07-08,LNS,556,250,239,489,1
2026-07-08,GFK,1712,798,831,1629,1
2026-07-08,DPA,844,453,418,871,1
2026-07-08,FCM,586,299,294,593,1
2026-07-08,APA,948,497,598,1095,1
2026-07-08,HIO,747,409,397,806,1
2026-07-08,PAE,231,102,99,201,1
2026-07-08,DAB,938,395,370,765,1
2026-07-08,HWO,1084,610,557,1167,1
2026-07-08,FXE,766,351,351,702,1
2026-07-08,DTO,679,288,274,562,1
2026-07-08,GKY,352,167,166,333,1
2026-07-08,FTW,808,300,275,575,1
2026-07-08,FFZ,1187,560,556,1116,1
2026-07-08,SDL,396,185,176,361,1
2026-07-09,SUS,552,243,247,490,1
2026-07-09,IXD,200,102,105,207,1
2026-07-09,SLN,222,104,101,205,1
2026-07-09,FRG,672,298,302,600,1
2026-07-09,TTN,73,32,32,64,1
2026-07-09,LNS,46,19,17,36,1
2026-07-09,GFK,1082,516,521,1037,1
2026-07-09,DPA,627,363,332,695,1
2026-07-09,FCM,834,472,427,899,1
2026-07-09,APA,1109,555,657,1212,1
2026-07-09,HIO,819,432,429,861,1
2026-07-09,PAE,534,267,264,531,1
2026-07-09,DAB,1300,577,557,1134,1
2026-07-09,HWO,1292,739,672,1411,1
2026-07-09,FXE,683,352,344,696,1
2026-07-09,DTO,674,292,269,561,1
2026-07-09,GKY,328,153,143,296,1
2026-07-09,FTW,1061,363,347,710,1
2026-07-09,FFZ,1125,551,556,1107,1
2026-07-09,SDL,442,205,217,422,1
2026-07-10,SUS,429,184,184,368,1
2026-07-10,IXD,171,79,80,159,1
2026-07-10,SLN,223,126,128,254,1
2026-07-10,FRG,817,393,402,795,1
2026-07-10,TTN,290,132,162,294,1
2026-07-10,LNS,382,147,148,295,1
2026-07-10,GFK,1285,631,617,1248,1
2026-07-10,DPA,759,442,437,879,1
2026-07-10,FCM,795,438,417,855,1
2026-07-10,APA,1064,578,729,1307,1
2026-07-10,HIO,759,378,388,766,1
2026-07-10,PAE,550,251,248,499,1
2026-07-10,DAB,1495,663,645,1308,1
2026-07-10,HWO,1222,806,723,1529,1
2026-07-10,FXE,750,346,341,687,1
2026-07-10,DTO,652,364,323,687,1
2026-07-10,GKY,331,145,130,275,1
2026-07-10,FTW,746,275,254,529,1
2026-07-10,FFZ,1310,643,655,1298,1
2026-07-10,SDL,492,219,226,445,1
2026-07-11,SUS,204,78,76,154,1
2026-07-11,IXD,226,106,99,205,1
2026-07-11,SLN,128,73,72,145,1
2026-07-11,FRG,937,448,437,885,1
2026-07-11,TTN,191,90,116,206,1
2026-07-11,LNS,263,102,99,201,1
2026-07-11,GFK,489,233,235,468,1
2026-07-11,DPA,365,200,185,385,1
2026-07-11,FCM,318,157,168,325,1
2026-07-11,APA,1008,497,608,1105,1
2026-07-11,HIO,567,296,300,596,1
2026-07-11,PAE,439,205,202,407,1
2026-07-11,DAB,1047,454,421,875,1
2026-07-11,HWO,545,363,329,692,1
2026-07-11,FXE,693,292,297,589,1
2026-07-11,DTO,687,418,351,769,1
2026-07-11,GKY,366,150,147,297,1
2026-07-11,FTW,419,214,192,406,1
2026-07-11,FFZ,1153,593,578,1171,1
2026-07-11,SDL,281,135,130,265,1
2026-07-12,SUS,238,97,111,208,1
2026-07-12,IXD,219,107,101,208,1
2026-07-12,SLN,67,26,23,49,1
2026-07-12,FRG,972,480,489,969,1
2026-07-12,TTN,295,135,175,310,1
2026-07-12,LNS,305,146,137,283,1
2026-07-12,GFK,82,39,40,79,1
2026-07-12,DPA,622,321,311,632,1
2026-07-12,FCM,472,249,230,479,1
2026-07-12,APA,941,442,583,1025,1
2026-07-12,HIO,574,310,302,612,1
2026-07-12,PAE,605,317,308,625,1
2026-07-12,DAB,659,272,270,542,1
2026-07-12,HWO,695,379,335,714,1
2026-07-12,FXE,589,302,260,562,1
2026-07-12,DTO,418,220,189,409,1
2026-07-12,GKY,272,123,121,244,1
2026-07-12,FTW,354,182,160,342,1
2026-07-12,FFZ,813,414,406,820,1
2026-07-12,SDL,304,153,143,296,1
2026-07-13,SUS,623,241,256,497,1
2026-07-13,IXD,244,121,126,247,1
2026-07-13,SLN,307,145,142,287,1
2026-07-13,FRG,987,431,422,853,1
2026-07-13,TTN,350,153,178,331,1
2026-07-13,LNS,360,158,141,299,1
2026-07-13,GFK,466,220,219,439,1
2026-07-13,DPA,784,412,397,809,1
2026-07-13,FCM,631,321,311,632,1
2026-07-13,APA,959,411,552,963,1
2026-07-13,HIO,677,368,356,724,1
2026-07-13,PAE,566,283,292,575,1
2026-07-13,DAB,1100,467,440,907,1
2026-07-13,HWO,982,694,612,1306,1
2026-07-13,FXE,685,302,297,599,1
2026-07-13,DTO,334,196,161,357,1
2026-07-13,GKY,159,74,65,139,1
2026-07-13,FTW,451,160,131,291,1
2026-07-13,FFZ,1167,612,614,1226,1
2026-07-13,SDL,499,213,216,429,1
2026-07-14,SUS,584,239,244,483,1
2026-07-14,IXD,297,126,125,251,1
2026-07-14,SLN,322,132,131,263,1
2026-07-14,FRG,800,418,416,834,1
2026-07-14,TTN,350,172,198,370,1
2026-07-14,LNS,355,171,166,337,1
2026-07-14,GFK,1343,600,644,1244,1
2026-07-14,DPA,787,453,429,882,1
2026-07-14,FCM,746,377,373,750,1
2026-07-14,APA,1192,587,724,1311,1
2026-07-14,HIO,755,387,389,776,1
2026-07-14,PAE,668,327,329,656,1
2026-07-14,DAB,874,449,430,879,1
2026-07-14,HWO,1055,676,629,1305,1
2026-07-14,FXE,845,395,371,766,1
2026-07-14,DTO,566,358,322,680,1
2026-07-14,GKY,169,83,79,162,1
2026-07-14,FTW,640,256,241,497,1
2026-07-14,FFZ,1353,699,707,1406,1
2026-07-14,SDL,447,210,214,424,1
2026-07-15,SUS,613,279,295,574,1
2026-07-15,IXD,267,134,135,269,1
2026-07-15,SLN,452,201,194,395,1
2026-07-15,FRG,532,251,245,496,1
2026-07-15,TTN,270,119,131,250,1
2026-07-15,LNS,331,133,129,262,1
2026-07-15,GFK,1285,621,616,1237,1
2026-07-15,DPA,723,387,358,745,1
2026-07-15,FCM,751,365,359,724,1
2026-07-15,APA,1124,568,736,1304,1
2026-07-15,HIO,783,410,405,815,1
2026-07-15,PAE,606,303,310,613,1
2026-07-15,DAB,1180,599,573,1172,1
2026-07-15,HWO,1129,873,776,1649,1
2026-07-15,FXE,789,371,364,735,1
2026-07-15,DTO,602,332,288,620,1
2026-07-15,GKY,382,169,185,354,1
2026-07-15,FTW,1006,234,236,470,1
2026-07-15,FFZ,1285,656,668,1324,1
2026-07-15,SDL,347,161,162,323,1
2026-07-16,SUS,428,187,191,378,1
2026-07-16,IXD,199,98,101,199,1
2026-07-16,SLN,332,170,161,331,1
2026-07-16,FRG,681,298,290,588,1
2026-07-16,TTN,122,43,42,85,1
2026-07-16,LNS,195,79,76,155,1
2026-07-16,GFK,383,183,187,370,1
2026-07-16,DPA,259,135,134,269,1
2026-07-16,FCM,254,146,153,299,1
2026-07-16,APA,1165,579,765,1344,1
2026-07-16,HIO,541,262,259,521,1
2026-07-16,PAE,141,74,80,154,1
2026-07-16,DAB,1237,594,562,1156,1
2026-07-16,HWO,863,505,465,970,1
2026-07-16,FXE,750,362,349,711,1
2026-07-16,DTO,597,426,352,778,1
2026-07-16,GKY,245,110,106,216,1
2026-07-16,FTW,561,129,134,263,1
2026-07-16,FFZ,1187,569,572,1141,1
2026-07-16,SDL,454,231,228,459,1
2026-07-17,SUS,425,205,208,413,1
2026-07-17,IXD,228,114,115,229,1
2026-07-17,SLN,386,142,145,287,1
2026-07-17,FRG,646,320,322,642,1
2026-07-17,TTN,190,60,70,130,1
2026-07-17,LNS,96,46,50,96,1
2026-07-17,GFK,415,201,207,408,1
2026-07-17,DPA,309,186,173,359,1
2026-07-17,FCM,694,310,310,620,1
2026-07-17,APA,1103,547,697,1244,1
2026-07-17,HIO,897,445,439,884,1
2026-07-17,PAE,580,280,308,588,1
2026-07-17,DAB,1237,643,604,1247,1
2026-07-17,HWO,503,256,244,500,1
2026-07-17,FXE,616,290,301,591,1
2026-07-17,DTO,737,427,360,787,1
2026-07-17,GKY,309,137,131,268,1
2026-07-17,FTW,650,222,216,438,1
2026-07-17,FFZ,1031,489,495,984,1
2026-07-17,SDL,371,185,189,374,1
2026-07-18,SUS,374,131,135,266,1
2026-07-18,IXD,167,97,93,190,1
2026-07-18,SLN,127,46,46,92,1
2026-07-18,FRG,73,42,32,74,1
2026-07-18,TTN,44,30,17,47,1
2026-07-18,LNS,23,12,13,25,1
2026-07-18,GFK,967,466,465,931,1
2026-07-18,DPA,471,245,246,491,1
2026-07-18,FCM,409,200,229,429,1
2026-07-18,APA,1091,550,656,1206,1
2026-07-18,HIO,601,329,319,648,1
2026-07-18,PAE,553,278,282,560,1
2026-07-18,DAB,503,233,236,469,1
2026-07-18,HWO,474,306,267,573,1
2026-07-18,FXE,531,252,248,500,1
2026-07-18,DTO,531,219,206,425,1
2026-07-18,GKY,358,158,156,314,1
2026-07-18,FTW,294,176,147,323,1
2026-07-18,FFZ,969,532,523,1055,1
2026-07-18,SDL,302,156,145,301,1
2026-07-19,SUS,250,76,70,146,1
2026-07-19,IXD,140,66,64,130,1
2026-07-19,SLN,94,26,20,46,1
2026-07-19,FRG,634,292,305,597,1
2026-07-19,TTN,198,107,118,225,1
2026-07-19,LNS,302,124,121,245,1
2026-07-19,GFK,49,20,18,38,1
2026-07-19,DPA,396,202,191,393,1
2026-07-19,FCM,567,290,284,574,1
2026-07-19,APA,761,374,486,860,1
2026-07-19,HIO,625,324,330,654,1
2026-07-19,PAE,481,237,234,471,1
2026-07-19,DAB,476,227,223,450,1
2026-07-19,HWO,803,583,495,1078,1
2026-07-19,FXE,608,311,299,610,1
2026-07-19,DTO,450,269,233,502,1
2026-07-19,GKY,307,138,136,274,1
2026-07-19,FTW,296,154,127,281,1
2026-07-19,FFZ,906,468,469,937,1
2026-07-19,SDL,333,145,152,297,1
2026-07-20,SUS,527,231,234,465,1
2026-07-20,IXD,188,65,64,129,1
2026-07-20,SLN,262,104,105,209,1
2026-07-20,FRG,1167,517,547,1064,1
2026-07-20,TTN,450,187,239,426,1
2026-07-20,LNS,488,221,205,426,1
2026-07-20,GFK,398,200,191,391,1
2026-07-20,DPA,716,374,354,728,1
2026-07-20,FCM,493,243,253,496,1
2026-07-20,APA,796,351,424,775,1
2026-07-20,HIO,941,465,463,928,1
2026-07-20,PAE,590,302,300,602,1
2026-07-20,DAB,626,311,303,614,1
2026-07-20,HWO,762,429,404,833,1
2026-07-20,FXE,677,329,304,633,1
2026-07-20,DTO,728,421,372,793,1
2026-07-20,GKY,411,182,173,355,1
2026-07-20,FTW,600,227,200,427,1
2026-07-20,FFZ,1089,614,609,1223,1
2026-07-20,SDL,408,197,191,388,1
2026-07-21,SUS,346,134,132,266,1
2026-07-21,IXD,200,87,89,176,1
2026-07-21,SLN,144,114,109,223,1
2026-07-21,FRG,321,126,133,259,1
2026-07-21,TTN,79,24,19,43,1
2026-07-21,LNS,57,31,28,59,1
2026-07-21,GFK,739,346,372,718,1
2026-07-21,DPA,556,294,310,604,1
2026-07-21,FCM,240,121,138,259,1
2026-07-21,APA,923,450,573,1023,1
2026-07-21,HIO,795,404,406,810,1
2026-07-21,PAE,688,346,352,698,1
2026-07-21,DAB,664,331,325,656,1
2026-07-21,HWO,990,616,556,1172,1
2026-07-21,FXE,629,325,324,649,1
2026-07-21,DTO,733,410,379,789,1
2026-07-21,GKY,306,146,152,298,1
2026-07-21,FTW,658,251,235,486,1
2026-07-21,FFZ,1194,600,587,1187,1
2026-07-21,SDL,398,192,193,385,1
2026-07-22,SUS,593,264,275,539,1
2026-07-22,IXD,282,124,129,253,1
2026-07-22,SLN,457,196,193,389,1
2026-07-22,FRG,893,384,400,784,1
2026-07-22,TTN,166,66,89,155,1
2026-07-22,LNS,365,136,129,265,1
2026-07-22,GFK,1648,769,782,1551,1
2026-07-22,DPA,561,295,298,593,1
2026-07-22,FCM,614,310,308,618,1
2026-07-22,APA,985,513,618,1131,1
2026-07-22,HIO,463,232,225,457,1
2026-07-22,PAE,662,319,312,631,1
2026-07-22,DAB,1079,577,533,1110,1
2026-07-22,HWO,1152,709,654,1363,1
2026-07-22,FXE,743,369,352,721,1
2026-07-22,DTO,709,355,362,717,1
2026-07-22,GKY,270,123,115,238,1
2026-07-22,FTW,690,265,270,535,1
2026-07-22,FFZ,1345,666,675,1341,1
2026-07-22,SDL,447,220,218,438,1
2026-07-23,SUS,501,230,228,458,1
2026-07-23,IXD,234,106,115,221,1
2026-07-23,SLN,212,102,105,207,1
2026-07-23,FRG,1177,545,548,1093,1
2026-07-23,TTN,410,205,252,457,1
2026-07-23,LNS,521,225,204,429,1
2026-07-23,GFK,950,462,463,925,1
2026-07-23,DPA,659,360,342,702,1
2026-07-23,FCM,652,342,348,690,1
2026-07-23,APA,995,527,623,1150,1
2026-07-23,HIO,1010,497,491,988,1
2026-07-23,PAE,401,192,204,396,1
2026-07-23,DAB,1295,702,631,1333,1
2026-07-23,HWO,859,606,559,1165,1
2026-07-23,FXE,725,340,350,690,1
2026-07-23,DTO,249,250,221,471,1
2026-07-23,GKY,205,86,86,172,1
2026-07-23,FTW,631,288,266,554,1
2026-07-23,FFZ,1156,575,590,1165,1
2026-07-23,SDL,461,223,229,452,1
2026-07-24,SUS,382,165,159,324,1
2026-07-24,IXD,46,25,19,44,1
2026-07-24,SLN,197,112,108,220,1
2026-07-24,FRG,1004,476,474,950,1
2026-07-24,TTN,371,184,225,409,1
2026-07-24,LNS,476,178,170,348,1
2026-07-24,GFK,135,66,64,130,1
2026-07-24,DPA,542,275,259,534,1
2026-07-24,FCM,496,257,247,504,1
2026-07-24,APA,907,499,599,1098,1
2026-07-24,HIO,754,396,395,791,1
2026-07-24,PAE,543,262,271,533,1
2026-07-24,DAB,1361,727,653,1380,1
2026-07-24,HWO,1063,612,549,1161,1
2026-07-24,FXE,742,347,342,689,1
2026-07-24,DTO,219,400,350,750,0
2026-07-24,GKY,373,161,155,316,1
2026-07-24,FTW,640,280,269,549,1
2026-07-24,FFZ,565,293,300,593,1
2026-07-24,SDL,390,181,186,367,1
2026-07-25,SUS,373,169,168,337,1
2026-07-25,IXD,120,49,52,101,1
2026-07-25,SLN,143,65,65,130,1
2026-07-25,FRG,861,422,425,847,1
2026-07-25,TTN,249,121,156,277,1
2026-07-25,LNS,334,127,120,247,1
2026-07-25,GFK,638,311,305,616,1
2026-07-25,DPA,467,252,228,480,1
2026-07-25,FCM,477,245,233,478,1
2026-07-25,APA,796,405,561,966,1
2026-07-25,HIO,609,324,318,642,1
2026-07-25,PAE,201,103,104,207,1
2026-07-25,DAB,1018,520,477,997,1
2026-07-25,HWO,656,446,383,829,1
2026-07-25,FXE,617,266,265,531,1
2026-07-25,DTO,754,296,312,608,0
2026-07-25,GKY,303,157,144,301,1
2026-07-25,FTW,390,173,162,335,1
2026-07-25,FFZ,658,356,346,702,1
2026-07-25,SDL,310,144,140,284,1
2026-07-26,SUS,264,117,110,227,1
2026-07-26,IXD,130,73,66,139,1
2026-07-26,SLN,50,22,21,43,1
2026-07-26,FRG,961,477,470,947,1
2026-07-26,TTN,287,131,139,270,1
2026-07-26,LNS,302,124,117,241,1
2026-07-26,GFK,54,8,9,17,1
2026-07-26,DPA,335,192,167,359,1
2026-07-26,FCM,521,288,272,560,1
2026-07-26,APA,750,354,416,770,1
2026-07-26,HIO,694,348,347,695,1
2026-07-26,PAE,443,211,207,418,1
2026-07-26,DAB,632,315,284,599,1
2026-07-26,HWO,715,393,332,725,1
2026-07-26,FXE,432,221,203,424,1
2026-07-26,DTO,503,268,252,520,1
2026-07-26,GKY,258,122,117,239,1
2026-07-26,FTW,293,147,118,265,1
2026-07-26,FFZ,962,505,486,991,1
2026-07-26,SDL,363,174,170,344,1
2026-07-27,SUS,262,109,120,229,1
2026-07-27,IXD,228,119,117,236,1
2026-07-27,SLN,259,115,110,225,1
2026-07-27,FRG,752,378,372,750,1
2026-07-27,TTN,224,90,112,202,1
2026-07-27,LNS,350,168,152,320,1
2026-07-27,GFK,753,347,340,687,1
2026-07-27,DPA,92,51,40,91,1
2026-07-27,FCM,591,280,289,569,1
2026-07-27,APA,982,446,489,935,1
2026-07-27,HIO,909,487,490,977,1
2026-07-27,PAE,545,274,273,547,1
2026-07-27,DAB,870,440,431,871,1
2026-07-27,HWO,899,610,554,1164,1
2026-07-27,FXE,621,283,269,552,1
2026-07-27,DTO,574,352,308,660,1
2026-07-27,GKY,279,128,130,258,1
2026-07-27,FTW,651,275,252,527,1
2026-07-27,FFZ,1192,608,608,1216,1
2026-07-27,SDL,440,191,170,361,1
2026-07-28,SUS,629,276,279,555,1
2026-07-28,IXD,228,110,112,222,1
2026-07-28,SLN,313,153,153,306,1
2026-07-28,FRG,173,82,73,155,1
2026-07-28,TTN,48,26,25,51,1
2026-07-28,LNS,75,34,40,74,1
2026-07-28,GFK,1539,743,744,1487,1
2026-07-28,DPA,848,433,431,864,1
2026-07-28,FCM,854,470,446,916,1
2026-07-28,APA,827,455,574,1029,1
2026-07-28,HIO,706,381,386,767,1
2026-07-28,PAE,299,145,153,298,1
2026-07-28,DAB,896,448,451,899,1
2026-07-28,HWO,1082,729,638,1367,1
2026-07-28,FXE,730,349,344,693,1
2026-07-28,DTO,687,407,374,781,1
2026-07-28,GKY,306,145,145,290,1
2026-07-28,FTW,740,254,229,483,1
2026-07-28,FFZ,918,449,465,914,1
2026-07-28,SDL,340,153,158,311,1
2026-07-29,SUS,591,262,270,532,1
2026-07-29,IXD,232,102,105,207,1
2026-07-29,SLN,259,104,102,206,1
2026-07-29,FRG,559,257,278,535,1
2026-07-29,TTN,195,81,83,164,1
2026-07-29,LNS,386,153,152,305,1
2026-07-29,GFK,758,369,375,744,1
2026-07-29,DPA,815,425,411,836,1
2026-07-29,FCM,778,426,406,832,1
2026-07-29,APA,984,507,637,1144,1
2026-07-29,HIO,783,398,392,790,1
2026-07-29,PAE,758,378,375,753,1
2026-07-29,DAB,1317,662,638,1300,1
2026-07-29,HWO,988,576,543,1119,1
2026-07-29,FXE,664,350,320,670,1
2026-07-29,DTO,809,441,400,841,1
2026-07-29,GKY,390,187,176,363,1
2026-07-29,FTW,616,271,250,521,1
2026-07-29,FFZ,947,491,497,988,1
2026-07-29,SDL,513,219,222,441,1
2026-07-30,SUS,444,188,191,379,1
2026-07-30,IXD,217,104,111,215,1
2026-07-30,SLN,203,100,97,197,1
2026-07-30,FRG,380,163,167,330,1
2026-07-30,TTN,204,99,134,233,1
2026-07-30,LNS,341,123,124,247,1
2026-07-30,GFK,512,250,239,489,1
2026-07-30,DPA,723,383,365,748,1
2026-07-30,FCM,511,253,247,500,1
2026-07-30,APA,1020,549,666,1215,1
2026-07-30,HIO,696,372,373,745,1
2026-07-30,PAE,617,291,298,589,1
2026-07-30,DAB,772,376,365,741,1
2026-07-30,HWO,1124,741,669,1410,1
2026-07-30,FXE,651,310,316,626,1
2026-07-30,DTO,783,413,388,801,1
2026-07-30,GKY,199,99,84,183,1
2026-07-30,FTW,814,331,296,627,1
2026-07-30,FFZ,1439,737,725,1462,1
2026-07-30,SDL,455,212,217,429,1
2026-07-31,SUS,121,30,42,72,1
2026-07-31,IXD,173,81,83,164,1
2026-07-31,SLN,154,80,85,165,1
2026-07-31,FRG,1121,541,536,1077,1
2026-07-31,TTN,346,165,190,355,1
2026-07-31,LNS,411,170,163,333,1
2026-07-31,GFK,849,390,397,787,1
2026-07-31,DPA,573,323,310,633,1
2026-07-31,FCM,118,59,58,117,1
2026-07-31,APA,1114,556,691,1247,1
2026-07-31,HIO,768,386,373,759,1
2026-07-31,PAE,705,344,365,709,1
2026-07-31,DAB,1008,482,484,966,1
2026-07-31,HWO,949,597,538,1135,1
2026-07-31,FXE,685,295,301,596,1
2026-07-31,DTO,624,361,333,694,1
2026-07-31,GKY,396,179,176,355,1
2026-07-31,FTW,733,279,263,542,1
2026-07-31,FFZ,1176,572,582,1154,1
2026-07-31,SDL,407,185,185,370,1
2026-08-01,SUS,133,6,19,25,1
2026-08-01,IXD,55,3,5,8,1
2026-08-01,SLN,69,11,14,25,1
2026-08-01,FRG,926,116,147,263,1
2026-08-01,TTN,253,21,36,57,1
2026-08-01,LNS,336,46,45,91,1
2026-08-01,GFK,1055,99,140,239,1
2026-08-01,DPA,115,9,10,19,1
2026-08-01,FCM,389,45,71,116,1
2026-08-01,APA,1113,166,225,391,1
2026-08-01,HIO,501,12,11,23,1
2026-08-01,PAE,112,3,6,9,1
2026-08-01,DAB,783,187,188,375,1
2026-08-01,HWO,623,187,190,377,1
2026-08-01,FXE,612,85,116,201,1
2026-08-01,DTO,557,112,120,232,1
2026-08-01,GKY,291,27,30,57,1
2026-08-01,FTW,261,36,49,85,1
2026-08-01,FFZ,984,139,187,326,1
2026-08-01,SDL,333,27,51,78,1
2026-08-02,SUS,275,106,114,220,1
2026-08-02,IXD,291,115,127,242,1
2026-08-02,SLN,68,28,30,58,1
2026-08-02,FRG,712,359,356,715,1
2026-08-02,TTN,136,55,60,115,1
2026-08-02,LNS,200,77,74,151,1
2026-08-02,GFK,28,13,16,29,1
2026-08-02,DPA,365,203,191,394,1
2026-08-02,FCM,629,330,329,659,1
2026-08-02,APA,826,403,519,922,1
2026-08-02,HIO,563,299,299,598,1
2026-08-02,PAE,619,312,312,624,1
2026-08-02,DAB,854,385,373,758,1
2026-08-02,HWO,611,431,365,796,1
2026-08-02,FXE,468,222,229,451,1
2026-08-02,DTO,577,374,337,711,1
2026-08-02,GKY,293,103,99,202,1
2026-08-02,FTW,332,122,133,255,1
2026-08-02,FFZ,838,432,428,860,1
2026-08-02,SDL,355,176,166,342,1
2026-08-03,SUS,481,207,221,428,1
2026-08-03,IXD,226,105,102,207,1
2026-08-03,SLN,298,165,160,325,1
2026-08-03,FRG,155,77,80,157,1
2026-08-03,TTN,148,57,74,131,1
2026-08-03,LNS,198,80,80,160,1
2026-08-03,GFK,78,34,33,67,1
2026-08-03,DPA,607,326,312,638,1
2026-08-03,FCM,320,161,156,317,1
2026-08-03,APA,865,409,539,948,1
2026-08-03,HIO,550,319,305,624,1
2026-08-03,PAE,657,320,319,639,1
2026-08-03,DAB,850,418,415,833,1
2026-08-03,HWO,865,511,483,994,1
2026-08-03,FXE,583,319,288,607,1
2026-08-03,DTO,542,319,297,616,1
2026-08-03,GKY,423,196,182,378,1
2026-08-03,FTW,558,241,222,463,1
2026-08-03,FFZ,1044,531,528,1059,1
2026-08-03,SDL,391,185,165,350,1
2026-08-04,SUS,475,210,199,409,1
2026-08-04,IXD,241,106,105,211,1
2026-08-04,SLN,333,156,158,314,1
2026-08-04,FRG,965,518,501,1019,1
2026-08-04,TTN,404,159,222,381,1
2026-08-04,LNS,515,220,207,427,1
2026-08-04,GFK,1715,805,818,1623,1
2026-08-04,DPA,657,360,335,695,1
2026-08-04,FCM,709,371,376,747,1
2026-08-04,APA,1406,677,727,1404,1
2026-08-04,HIO,378,196,190,386,1
2026-08-04,PAE,514,267,273,540,1
2026-08-04,DAB,1003,516,489,1005,1
2026-08-04,HWO,948,665,580,1245,1
2026-08-04,FXE,722,371,361,732,1
2026-08-04,DTO,660,334,317,651,1
2026-08-04,GKY,387,186,182,368,1
2026-08-04,FTW,759,295,249,544,1
2026-08-04,FFZ,1308,643,650,1293,1
2026-08-04,SDL,390,192,188,380,1
2026-08-05,SUS,387,152,174,326,1
2026-08-05,IXD,143,66,67,133,1
2026-08-05,SLN,87,32,28,60,1
2026-08-05,FRG,711,351,337,688,1
2026-08-05,TTN,65,26,37,63,1
2026-08-05,LNS,82,36,34,70,1
2026-08-05,GFK,1478,707,709,1416,1
2026-08-05,DPA,450,244,226,470,1
2026-08-05,FCM,783,401,403,804,1
2026-08-05,APA,1254,665,764,1429,1
2026-08-05,HIO,313,146,143,289,1
2026-08-05,PAE,497,250,254,504,1
2026-08-05,DAB,1294,677,621,1298,1
2026-08-05,HWO,1082,804,706,1510,1
2026-08-05,FXE,849,391,384,775,1
2026-08-05,DTO,571,291,267,558,1
2026-08-05,GKY,335,159,155,314,1
2026-08-05,FTW,785,319,296,615,1
2026-08-05,FFZ,1333,637,636,1273,1
2026-08-05,SDL,452,198,189,387,1
2026-08-06,SUS,186,85,83,168,1
2026-08-06,IXD,221,85,87,172,1
2026-08-06,SLN,177,86,80,166,1
2026-08-06,FRG,171,75,77,152,1
2026-08-06,TTN,177,66,84,150,1
2026-08-06,LNS,204,95,95,190,1
2026-08-06,GFK,1194,561,556,1117,1
2026-08-06,DPA,564,331,310,641,1
2026-08-06,FCM,625,329,340,669,1
2026-08-06,APA,1281,662,803,1465,1
2026-08-06,HIO,585,282,289,571,1
2026-08-06,PAE,721,353,366,719,1
2026-08-06,DAB,894,462,434,896,1
2026-08-06,HWO,691,486,458,944,1
2026-08-06,FXE,628,339,328,667,1
2026-08-06,DTO,686,465,408,873,1
2026-08-06,GKY,282,121,110,231,1
2026-08-06,FTW,973,362,353,715,1
2026-08-06,FFZ,877,421,432,853,1
2026-08-06,SDL,463,197,218,415,1
2026-08-07,SUS,515,197,206,403,1
2026-08-07,IXD,216,92,90,182,1
2026-08-07,SLN,160,91,90,181,1
2026-08-07,FRG,851,429,417,846,1
2026-08-07,TTN,246,129,129,258,1
2026-08-07,LNS,131,55,52,107,1
2026-08-07,GFK,1127,525,521,1046,1
2026-08-07,DPA,604,319,312,631,1
2026-08-07,FCM,301,126,123,249,1
2026-08-07,APA,1154,598,673,1271,1
2026-08-07,HIO,941,498,492,990,1
2026-08-07,PAE,658,315,324,639,1
2026-08-07,DAB,775,389,352,741,1
2026-08-07,HWO,924,636,585,1221,1
2026-08-07,FXE,714,353,350,703,1
2026-08-07,DTO,577,359,310,669,1
2026-08-07,GKY,283,133,118,251,1
2026-08-07,FTW,719,300,273,573,1
2026-08-07,FFZ,835,414,416,830,1
2026-08-07,SDL,370,166,186,352,1
2026-08-08,SUS,541,262,244,506,1
2026-08-08,IXD,239,102,105,207,1
2026-08-08,SLN,101,49,53,102,1
2026-08-08,FRG,664,331,324,655,1
2026-08-08,TTN,106,51,73,124,1
2026-08-08,LNS,197,79,81,160,1
2026-08-08,GFK,783,374,368,742,1
2026-08-08,DPA,459,245,236,481,1
2026-08-08,FCM,567,310,297,607,1
2026-08-08,APA,755,367,426,793,1
2026-08-08,HIO,749,369,361,730,1
2026-08-08,PAE,519,269,273,542,1
2026-08-08,DAB,590,297,277,574,1
2026-08-08,HWO,716,525,467,992,1
2026-08-08,FXE,637,324,308,632,1
2026-08-08,DTO,262,214,203,417,1
2026-08-08,GKY,339,164,158,322,1
2026-08-08,FTW,421,195,166,361,1
2026-08-08,FFZ,879,437,440,877,1
2026-08-08,SDL,301,146,132,278,1
2026-08-09,SUS,217,56,48,104,1
2026-08-09,IXD,159,39,30,69,1
2026-08-09,SLN,20,5,3,8,1
2026-08-09,FRG,874,251,228,479,1
2026-08-09,TTN,203,55,58,113,1
2026-08-09,LNS,318,62,58,120,1
2026-08-09,GFK,54,16,12,28,1
2026-08-09,DPA,342,100,79,179,1
2026-08-09,FCM,402,151,131,282,1
2026-08-09,APA,918,184,201,385,1
2026-08-09,HIO,634,271,246,517,1
2026-08-09,PAE,610,241,206,447,1
2026-08-09,DAB,930,211,189,400,1
2026-08-09,HWO,622,161,137,298,1
2026-08-09,FXE,497,144,123,267,1
2026-08-09,DTO,448,101,91,192,1
2026-08-09,GKY,171,41,34,75,1
2026-08-09,FTW,346,97,53,150,1
2026-08-09,FFZ,790,176,139,315,1
2026-08-09,SDL,296,95,59,154,1
2026-08-10,SUS,466,219,212,431,1
2026-08-10,IXD,281,127,130,257,1
2026-08-10,SLN,166,98,97,195,1
2026-08-10,FRG,901,429,431,860,1
2026-08-10,TTN,214,99,129,228,1
2026-08-10,LNS,189,70,63,133,1
2026-08-10,GFK,1260,586,583,1169,1
2026-08-10,DPA,543,291,287,578,1
2026-08-10,FCM,700,363,345,708,1
2026-08-10,APA,1022,509,578,1087,1
2026-08-10,HIO,972,493,477,970,1
2026-08-10,PAE,389,199,204,403,1
2026-08-10,DAB,1165,617,569,1186,1
2026-08-10,HWO,863,465,431,896,1
2026-08-10,FXE,689,358,346,704,1
2026-08-10,DTO,499,240,230,470,1
2026-08-10,GKY,311,145,136,281,1
2026-08-10,FTW,527,233,224,457,1
2026-08-10,FFZ,1134,560,561,1121,1
2026-08-10,SDL,429,195,187,382,1
2026-08-11,SUS,427,182,177,359,1
2026-08-11,IXD,241,114,106,220,1
2026-08-11,SLN,170,81,78,159,1
2026-08-11,FRG,1010,465,473,938,1
2026-08-11,TTN,337,148,169,317,1
2026-08-11,LNS,392,175,168,343,1
2026-08-11,GFK,1260,598,608,1206,1
2026-08-11,DPA,499,273,250,523,1
2026-08-11,FCM,714,379,376,755,1
2026-08-11,APA,1173,573,643,1216,1
2026-08-11,HIO,957,490,482,972,1
2026-08-11,PAE,489,250,251,501,1
2026-08-11,DAB,1044,510,497,1007,1
2026-08-11,HWO,1034,771,686,1457,1
2026-08-11,FXE,750,347,339,686,1
2026-08-11,DTO,632,359,327,686,1
2026-08-11,GKY,328,144,134,278,1
2026-08-11,FTW,729,315,286,601,1
2026-08-11,FFZ,1136,565,577,1142,1
2026-08-11,SDL,445,206,207,413,1
2026-08-12,SUS,330,65,89,154,1
2026-08-12,IXD,237,38,45,83,1
2026-08-12,SLN,236,60,67,127,1
2026-08-12,FRG,361,40,43,83,1
2026-08-12,TTN,296,79,119,198,1
2026-08-12,LNS,343,87,80,167,1
2026-08-12,GFK,1093,183,219,402,1
2026-08-12,DPA,507,77,77,154,1
2026-08-12,FCM,734,182,197,379,1
2026-08-12,APA,976,332,434,766,1
2026-08-12,HIO,1147,203,208,411,1
2026-08-12,PAE,579,55,63,118,1
2026-08-12,DAB,978,344,368,712,1
2026-08-12,HWO,912,474,427,901,1
2026-08-12,FXE,653,216,237,453,1
2026-08-12,DTO,590,162,161,323,1
2026-08-12,GKY,304,72,67,139,1
2026-08-12,FTW,669,113,121,234,1
2026-08-12,FFZ,1122,363,403,766,1
2026-08-12,SDL,408,93,124,217,1
2026-08-13,SUS,359,161,162,323,1
2026-08-13,IXD,264,110,117,227,1
2026-08-13,SLN,143,52,49,101,1
2026-08-13,FRG,966,462,478,940,1
2026-08-13,TTN,303,114,139,253,1
2026-08-13,LNS,360,154,150,304,1
2026-08-13,GFK,1047,497,487,984,1
2026-08-13,DPA,297,156,156,312,1
2026-08-13,FCM,710,371,385,756,1
2026-08-13,APA,1134,588,714,1302,1
2026-08-13,HIO,1105,558,539,1097,1
2026-08-13,PAE,593,295,313,608,1
2026-08-13,DAB,1322,669,650,1319,1
2026-08-13,HWO,1218,658,603,1261,1
2026-08-13,FXE,625,342,339,681,1
2026-08-13,DTO,435,212,199,411,1
2026-08-13,GKY,384,175,170,345,1
2026-08-13,FTW,503,192,177,369,1
2026-08-13,FFZ,1245,596,609,1205,1
2026-08-13,SDL,429,195,208,403,1
2026-08-14,SUS,286,105,114,219,1
2026-08-14,IXD,250,104,111,215,1
2026-08-14,SLN,216,103,101,204,1
2026-08-14,FRG,689,326,335,661,1
2026-08-14,TTN,233,110,133,243,1
2026-08-14,LNS,424,159,147,306,1
2026-08-14,GFK,989,466,470,936,1
2026-08-14,DPA,523,278,264,542,1
2026-08-14,FCM,672,361,340,701,1
2026-08-14,APA,747,390,444,834,1
2026-08-14,HIO,714,373,375,748,1
2026-08-14,PAE,509,265,272,537,1
2026-08-14,DAB,909,449,429,878,1
2026-08-14,HWO,740,399,391,790,1
2026-08-14,FXE,728,380,368,748,1
2026-08-14,DTO,487,268,244,512,1
2026-08-14,GKY,335,144,134,278,1
2026-08-14,FTW,588,233,195,428,1
2026-08-14,FFZ,1239,639,657,1296,1
2026-08-14,SDL,453,203,215,418,1
2026-08-15,SUS,367,138,141,279,1
2026-08-15,IXD,196,110,107,217,1
2026-08-15,SLN,93,41,40,81,1
2026-08-15,FRG,884,430,443,873,1
2026-08-15,TTN,135,61,76,137,1
2026-08-15,LNS,400,140,134,274,1
2026-08-15,GFK,59,31,31,62,1
2026-08-15,DPA,89,42,43,85,1
2026-08-15,FCM,143,75,80,155,1
2026-08-15,APA,796,396,448,844,1
2026-08-15,HIO,558,287,288,575,1
2026-08-15,PAE,277,174,168,342,1
2026-08-15,DAB,984,508,478,986,1
2026-08-15,HWO,887,435,420,855,1
2026-08-15,FXE,736,349,336,685,1
2026-08-15,DTO,513,273,237,510,1
2026-08-15,GKY,324,146,137,283,1
2026-08-15,FTW,510,183,174,357,1
2026-08-15,FFZ,706,376,401,777,1
2026-08-15,SDL,348,168,170,338,1
2026-08-16,SUS,219,98,86,184,1
2026-08-16,IXD,162,90,83,173,1
2026-08-16,SLN,38,24,23,47,1
2026-08-16,FRG,776,382,373,755,1
2026-08-16,TTN,52,26,29,55,1
2026-08-16,LNS,30,14,18,32,1
2026-08-16,GFK,46,21,21,42,1
2026-08-16,DPA,342,174,164,338,1
2026-08-16,FCM,375,212,201,413,1
2026-08-16,APA,836,396,438,834,1
2026-08-16,HIO,698,361,354,715,1
2026-08-16,PAE,524,281,265,546,1
2026-08-16,DAB,861,428,403,831,1
2026-08-16,HWO,817,369,356,725,1
2026-08-16,FXE,574,300,278,578,1
2026-08-16,DTO,472,243,227,470,1
2026-08-16,GKY,378,165,159,324,1
2026-08-16,FTW,488,170,157,327,1
2026-08-16,FFZ,1072,535,524,1059,1
2026-08-16,SDL,333,172,151,323,1
2026-08-17,SUS,437,186,191,377,1
2026-08-17,IXD,275,129,125,254,1
2026-08-17,SLN,214,112,111,223,1
2026-08-17,FRG,88,40,44,84,1
2026-08-17,TTN,122,37,49,86,1
2026-08-17,LNS,212,86,82,168,1
2026-08-17,GFK,904,432,430,862,1
2026-08-17,DPA,799,444,413,857,1
2026-08-17,FCM,704,337,327,664,1
2026-08-17,APA,1114,579,694,1273,1
2026-08-17,HIO,902,434,424,858,1
2026-08-17,PAE,435,221,226,447,1
2026-08-17,DAB,1029,510,507,1017,1
2026-08-17,HWO,1161,679,657,1336,1
2026-08-17,FXE,662,325,315,640,1
2026-08-17,DTO,606,348,320,668,1
2026-08-17,GKY,394,163,163,326,1
2026-08-17,FTW,908,282,248,530,1
2026-08-17,FFZ,882,451,455,906,1
2026-08-17,SDL,366,154,155,309,1
2026-08-18,SUS,514,224,225,449,1
2026-08-18,IXD,236,109,111,220,1
2026-08-18,SLN,68,31,28,59,1
2026-08-18,FRG,918,435,439,874,1
2026-08-18,TTN,168,79,96,175,1
2026-08-18,LNS,515,211,192,403,1
2026-08-18,GFK,1116,542,533,1075,1
2026-08-18,DPA,660,358,342,700,1
2026-08-18,FCM,695,348,329,677,1
2026-08-18,APA,1133,548,596,1144,1
2026-08-18,HIO,936,479,472,951,1
2026-08-18,PAE,605,318,321,639,1
2026-08-18,DAB,999,493,475,968,1
2026-08-18,HWO,1019,558,537,1095,1
2026-08-18,FXE,724,360,357,717,1
2026-08-18,DTO,620,340,308,648,1
2026-08-18,GKY,309,152,145,297,1
2026-08-18,FTW,650,282,241,523,1
2026-08-18,FFZ,1043,537,528,1065,1
2026-08-18,SDL,403,190,182,372,1
2026-08-19,SUS,517,222,224,446,1
2026-08-19,IXD,234,80,87,167,1
2026-08-19,SLN,212,79,76,155,1
2026-08-19,FRG,1210,508,511,1019,1
2026-08-19,TTN,284,119,134,253,1
2026-08-19,LNS,494,191,184,375,1
2026-08-19,GFK,1024,433,422,855,1
2026-08-19,DPA,568,298,262,560,1
2026-08-19,FCM,634,288,294,582,1
2026-08-19,APA,1229,544,633,1177,1
2026-08-19,HIO,825,411,396,807,1
2026-08-19,PAE,656,308,319,627,1
2026-08-19,DAB,1072,474,450,924,1
2026-08-19,HWO,1018,568,530,1098,1
2026-08-19,FXE,552,325,325,650,1
2026-08-19,DTO,664,305,279,584,1
2026-08-19,GKY,306,119,115,234,1
2026-08-19,FTW,709,268,222,490,1
2026-08-19,FFZ,1284,535,507,1042,1
2026-08-19,SDL,410,166,149,315,1
2026-08-20,SUS,458,225,217,442,1
2026-08-20,IXD,318,157,158,315,1
2026-08-20,SLN,343,144,138,282,1
2026-08-20,FRG,775,379,380,759,1
2026-08-20,TTN,140,72,81,153,1
2026-08-20,LNS,168,68,66,134,1
2026-08-20,GFK,246,106,100,206,1
2026-08-20,DPA,705,382,371,753,1
2026-08-20,FCM,544,253,258,511,1
2026-08-20,APA,1138,565,636,1201,1
2026-08-20,HIO,694,361,356,717,1
2026-08-20,PAE,559,272,278,550,1
2026-08-20,DAB,785,405,375,780,1
2026-08-20,HWO,1079,721,640,1361,1
2026-08-20,FXE,566,337,335,672,1
2026-08-20,DTO,535,316,303,619,1
2026-08-20,GKY,329,139,138,277,1
2026-08-20,FTW,803,296,263,559,1
2026-08-20,FFZ,1489,687,694,1381,1
2026-08-20,SDL,425,195,204,399,1
2026-08-21,SUS,514,237,239,476,1
2026-08-21,IXD,244,112,118,230,1
2026-08-21,SLN,201,88,86,174,1
2026-08-21,FRG,737,359,358,717,1
2026-08-21,TTN,256,108,120,228,1
2026-08-21,LNS,421,201,193,394,1
2026-08-21,GFK,1043,481,479,960,1
2026-08-21,DPA,453,237,217,454,1
2026-08-21,FCM,490,250,240,490,1
2026-08-21,APA,921,487,558,1045,1
2026-08-21,HIO,728,394,381,775,1
2026-08-21,PAE,733,335,362,697,1
2026-08-21,DAB,931,538,438,976,1
2026-08-21,HWO,649,467,428,895,1
2026-08-21,FXE,645,349,338,687,1
2026-08-21,DTO,620,333,313,646,1
2026-08-21,GKY,348,154,146,300,1
2026-08-21,FTW,660,229,231,460,1
2026-08-21,FFZ,1170,597,595,1192,1
2026-08-21,SDL,435,212,207,419,1
2026-08-22,SUS,391,179,180,359,1
2026-08-22,IXD,196,92,87,179,1
2026-08-22,SLN,80,39,38,77,1
2026-08-22,FRG,740,348,338,686,1
2026-08-22,TTN,61,21,27,48,1
2026-08-22,LNS,247,115,105,220,1
2026-08-22,GFK,481,236,230,466,1
2026-08-22,DPA,475,253,254,507,1
2026-08-22,FCM,367,190,203,393,1
2026-08-22,APA,767,440,479,919,1
2026-08-22,HIO,429,214,212,426,1
2026-08-22,PAE,312,147,142,289,1
2026-08-22,DAB,898,470,422,892,1
2026-08-22,HWO,769,424,378,802,1
2026-08-22,FXE,599,303,302,605,1
2026-08-22,DTO,506,281,255,536,1
2026-08-22,GKY,315,140,126,266,1
2026-08-22,FTW,529,185,170,355,1
2026-08-22,FFZ,941,495,475,970,1
2026-08-22,SDL,347,169,168,337,1
2026-08-23,SUS,266,128,118,246,1
2026-08-23,IXD,221,101,100,201,1
2026-08-23,SLN,64,19,21,40,1
2026-08-23,FRG,448,215,219,434,1
2026-08-23,TTN,87,44,49,93,1
2026-08-23,LNS,187,71,70,141,1
2026-08-23,GFK,291,142,142,284,1
2026-08-23,DPA,448,232,218,450,1
2026-08-23,FCM,637,313,306,619,1
2026-08-23,APA,866,438,525,963,1
2026-08-23,HIO,588,305,299,604,1
2026-08-23,PAE,554,285,285,570,1
2026-08-23,DAB,597,319,279,598,1
2026-08-23,HWO,698,454,402,856,1
2026-08-23,FXE,499,245,234,479,1
2026-08-23,DTO,357,163,159,322,1
2026-08-23,GKY,285,117,119,236,1
2026-08-23,FTW,272,133,120,253,1
2026-08-23,FFZ,887,455,438,893,1
2026-08-23,SDL,358,155,154,309,1
2026-08-24,SUS,363,163,176,339,1
2026-08-24,IXD,193,90,89,179,1
2026-08-24,SLN,202,141,136,277,1
2026-08-24,FRG,929,459,466,925,1
2026-08-24,TTN,259,101,119,220,1
2026-08-24,LNS,286,115,111,226,1
2026-08-24,GFK,583,269,263,532,1
2026-08-24,DPA,624,323,299,622,1
2026-08-24,FCM,765,381,380,761,1
2026-08-24,APA,1097,527,572,1099,1
2026-08-24,HIO,727,383,390,773,1
2026-08-24,PAE,506,250,247,497,1
2026-08-24,DAB,1018,593,495,1088,1
2026-08-24,HWO,901,507,477,984,1
2026-08-24,FXE,559,281,274,555,1
2026-08-24,DTO,430,226,214,440,1
2026-08-24,GKY,371,188,180,368,1
2026-08-24,FTW,672,244,236,480,1
2026-08-24,FFZ,1187,605,607,1212,1
2026-08-24,SDL,385,180,180,360,1
2026-08-25,SUS,534,233,242,475,1
2026-08-25,IXD,342,143,150,293,1
2026-08-25,FRG,1028,509,508,1017,1
2026-08-25,TTN,250,115,135,250,1
2026-08-25,LNS,384,130,133,263,1
2026-08-25,GFK,839,362,363,725,1
2026-08-25,DPA,658,365,336,701,1
2026-08-25,FCM,612,282,270,552,1
2026-08-25,APA,1190,568,674,1242,1
2026-08-25,HIO,912,461,458,919,1
2026-08-25,PAE,497,236,234,470,1
2026-08-25,DAB,727,374,346,720,1
2026-08-25,HWO,904,436,424,860,1
2026-08-25,FXE,742,370,355,725,1
2026-08-25,DTO,528,325,304,629,1
2026-08-25,GKY,301,133,131,264,1
2026-08-25,FTW,613,237,241,478,1
2026-08-25,FFZ,1133,568,572,1140,1
2026-08-25,SDL,428,194,189,383,1
2026-08-26,SUS,661,298,302,600,1
2026-08-26,IXD,236,109,117,226,1
2026-08-26,SLN,369,179,173,352,1
2026-08-26,FRG,1012,449,435,884,1
2026-08-26,TTN,248,111,123,234,1
2026-08-26,LNS,475,205,192,397,1
2026-08-26,GFK,824,365,361,726,1
2026-08-26,DPA,512,294,273,567,1
2026-08-26,FCM,614,291,294,585,1
2026-08-26,APA,1127,600,721,1321,1
2026-08-26,HIO,744,391,388,779,1
2026-08-26,PAE,505,246,248,494,1
2026-08-26,DAB,870,492,423,915,1
2026-08-26,HWO,1066,579,561,1140,1
2026-08-26,FXE,620,337,330,667,1
2026-08-26,DTO,595,301,285,586,1
2026-08-26,GKY,334,160,155,315,1
2026-08-26,FTW,760,260,245,505,1
2026-08-26,FFZ,1079,513,512,1025,1
2026-08-26,SDL,414,195,196,391,1
2026-08-27,SUS,577,268,267,535,1
2026-08-27,IXD,247,110,113,223,1
2026-08-27,SLN,259,122,119,241,1
2026-08-27,FRG,468,224,222,446,1
2026-08-27,TTN,58,26,30,56,1
2026-08-27,LNS,193,89,85,174,1
2026-08-27,GFK,1148,540,537,1077,1
2026-08-27,DPA,569,310,292,602,1
2026-08-27,FCM,696,358,350,708,1
2026-08-27,APA,1215,605,708,1313,1
2026-08-27,HIO,820,428,428,856,1
2026-08-27,PAE,371,175,182,357,1
2026-08-27,DAB,844,417,403,820,1
2026-08-27,HWO,999,635,606,1241,1
2026-08-27,FXE,654,355,342,697,1
2026-08-27,DTO,620,407,375,782,1
2026-08-27,GKY,363,176,169,345,1
2026-08-27,FTW,655,258,274,532,1
2026-08-27,FFZ,1288,598,594,1192,1
2026-08-27,SDL,467,235,242,477,1
2026-08-28,SUS,561,265,261,526,1
2026-08-28,IXD,376,169,175,344,1
2026-08-28,SLN,244,136,133,269,1
2026-08-28,FRG,757,384,392,776,1
2026-08-28,TTN,199,94,112,206,1
2026-08-28,LNS,369,157,157,314,1
2026-08-28,GFK,788,362,359,721,1
2026-08-28,DPA,537,300,281,581,1
2026-08-28,FCM,719,360,371,731,1
2026-08-28,APA,961,519,612,1131,1
2026-08-28,HIO,827,424,409,833,1
2026-08-28,PAE,640,314,327,641,1
2026-08-28,DAB,1089,543,514,1057,1
2026-08-28,HWO,1022,563,542,1105,1
2026-08-28,FXE,807,377,369,746,1
2026-08-28,DTO,764,418,392,810,1
2026-08-28,GKY,308,159,136,295,1
2026-08-28,FTW,668,249,238,487,1
2026-08-28,FFZ,1093,541,544,1085,1
2026-08-28,SDL,408,195,205,400,1
2026-08-29,SUS,442,177,180,357,1
2026-08-29,IXD,161,71,77,148,1
2026-08-29,SLN,72,40,39,79,1
2026-08-29,FRG,892,441,451,892,1
2026-08-29,TTN,147,72,78,150,1
2026-08-29,LNS,464,185,170,355,1
2026-08-29,GFK,869,422,406,828,1
2026-08-29,DPA,466,275,255,530,1
2026-08-29,FCM,313,148,138,286,1
2026-08-29,APA,936,486,585,1071,1
2026-08-29,HIO,412,225,233,458,1
2026-08-29,PAE,358,168,174,342,1
2026-08-29,DAB,1032,612,454,1066,1
2026-08-29,HWO,139,88,91,179,1
2026-08-29,FXE,414,200,194,394,1
2026-08-29,DTO,503,237,226,463,1
2026-08-29,GKY,339,145,149,294,1
2026-08-29,FTW,343,160,143,303,1
2026-08-29,FFZ,972,497,480,977,1
2026-08-29,SDL,300,141,124,265,1
2026-08-30,SUS,280,127,124,251,1
2026-08-30,IXD,138,70,71,141,1
2026-08-30,SLN,13,7,8,15,1
2026-08-30,FRG,790,388,395,783,1
2026-08-30,TTN,122,51,57,108,1
2026-08-30,LNS,156,60,56,116,1
2026-08-30,GFK,315,181,182,363,1
2026-08-30,DPA,228,123,107,230,1
2026-08-30,FCM,415,230,231,461,1
2026-08-30,APA,808,375,470,845,1
2026-08-30,HIO,579,303,291,594,1
2026-08-30,PAE,698,363,354,717,1
2026-08-30,DAB,974,569,499,1068,1
2026-08-30,HWO,761,449,423,872,1
2026-08-30,FXE,443,254,246,500,1
2026-08-30,DTO,483,256,230,486,1
2026-08-30,GKY,275,119,122,241,1
2026-08-30,FTW,263,114,96,210,1
2026-08-30,FFZ,855,404,394,798,1
2026-08-30,SDL,361,192,175,367,1
2026-08-31,SUS,400,159,161,320,1
2026-08-31,IXD,216,69,67,136,1
2026-08-31,SLN,201,76,76,152,1
2026-08-31,FRG,977,487,481,968,1
2026-08-31,TTN,267,107,134,241,1
2026-08-31,LNS,353,108,105,213,1
2026-08-31,GFK,955,427,419,846,1
2026-08-31,DPA,445,218,208,426,1
2026-08-31,FCM,568,288,288,576,1
2026-08-31,APA,1053,497,589,1086,1
2026-08-31,HIO,796,340,350,690,1
2026-08-31,PAE,479,194,196,390,1
2026-08-31,DAB,1139,606,490,1096,1
2026-08-31,HWO,878,496,472,968,1
2026-08-31,FXE,631,319,315,634,1
2026-08-31,DTO,623,297,275,572,1
2026-08-31,GKY,273,115,109,224,1
2026-08-31,FTW,588,199,194,393,1
2026-08-31,FFZ,560,224,235,459,1
2026-08-31,SDL,286,101,105,206,1
