date,facility,tower_ops,detected_approaches,detected_climbs,detected_ops,detected_rotorcraft_visits,ops_KBAF,ops_KBDR,ops_KBED,ops_KBVY,ops_KDXR,ops_KEWB,ops_KGON,ops_KHFD,ops_KHVN,ops_KLWM,ops_KORH,ops_KOWD
2023-02-16,BAF,201,0,0,0,0,0,,,,,,,,,,,
2023-02-17,BAF,14,0,0,0,0,0,,,,,,,,,,,
2023-02-18,BAF,185,0,0,0,0,0,,,,,,,,,,,
2023-02-19,BAF,220,0,0,0,0,0,,,,,,,,,,,
2023-02-20,BAF,156,0,0,0,0,0,,,,,,,,,,,
2023-02-21,BAF,10,0,0,0,0,0,,,,,,,,,,,
2023-02-22,BAF,168,0,0,0,0,0,,,,,,,,,,,
2023-02-23,BAF,11,0,0,0,0,0,,,,,,,,,,,
2023-02-24,BAF,10,0,0,0,0,0,,,,,,,,,,,
2023-02-25,BAF,27,0,0,0,0,0,,,,,,,,,,,
2023-02-26,BAF,62,0,0,0,0,0,,,,,,,,,,,
2023-02-27,BAF,163,0,0,0,0,0,,,,,,,,,,,
2023-02-28,BAF,1,0,0,0,0,0,,,,,,,,,,,
2023-03-01,BAF,105,0,0,0,0,0,,,,,,,,,,,
2023-03-02,BAF,31,0,0,0,0,0,,,,,,,,,,,
2023-03-03,BAF,217,0,0,0,0,0,,,,,,,,,,,
2023-03-04,BAF,3,0,0,0,0,0,,,,,,,,,,,
2023-03-05,BAF,216,0,0,0,0,0,,,,,,,,,,,
2023-03-06,BAF,61,0,0,0,0,0,,,,,,,,,,,
2023-03-07,BAF,52,0,0,0,0,0,,,,,,,,,,,
2023-03-08,BAF,59,0,0,0,0,0,,,,,,,,,,,
2023-03-09,BAF,188,0,0,0,0,0,,,,,,,,,,,
2023-03-10,BAF,203,0,0,0,0,0,,,,,,,,,,,
2023-03-11,BAF,94,0,0,0,0,0,,,,,,,,,,,
2023-03-12,BAF,335,0,0,0,0,0,,,,,,,,,,,
2023-03-13,BAF,26,0,0,0,0,0,,,,,,,,,,,
2023-03-16,BAF,169,0,0,0,0,0,,,,,,,,,,,
2023-03-17,BAF,192,0,0,0,0,0,,,,,,,,,,,
2023-03-18,BAF,153,0,0,0,0,0,,,,,,,,,,,
2023-03-19,BAF,18,0,0,0,0,0,,,,,,,,,,,
2023-03-20,BAF,150,0,0,0,0,0,,,,,,,,,,,
2023-03-21,BAF,182,0,0,0,0,0,,,,,,,,,,,
2023-03-22,BAF,279,0,0,0,0,0,,,,,,,,,,,
2023-03-23,BAF,63,0,0,0,0,0,,,,,,,,,,,
2023-03-24,BAF,190,0,0,0,0,0,,,,,,,,,,,
2023-03-25,BAF,18,0,0,0,0,0,,,,,,,,,,,
2023-03-26,BAF,30,0,0,0,0,0,,,,,,,,,,,
2023-03-27,BAF,140,0,0,0,0,0,,,,,,,,,,,
2023-03-28,BAF,162,0,0,0,0,0,,,,,,,,,,,
2023-03-29,BAF,298,0,0,0,0,0,,,,,,,,,,,
2023-03-30,BAF,84,0,0,0,0,0,,,,,,,,,,,
2023-03-31,BAF,148,0,0,0,0,0,,,,,,,,,,,
2023-04-01,BAF,44,0,0,0,0,0,,,,,,,,,,,
2023-04-02,BAF,66,0,0,0,0,0,,,,,,,,,,,
2023-04-03,BAF,89,0,0,0,0,0,,,,,,,,,,,
2023-04-04,BAF,313,0,0,0,0,0,,,,,,,,,,,
2023-04-05,BAF,73,0,0,0,0,0,,,,,,,,,,,
2023-04-06,BAF,92,0,0,0,0,0,,,,,,,,,,,
2023-04-07,BAF,27,0,0,0,0,0,,,,,,,,,,,
2023-04-08,BAF,264,5,3,8,0,8,,,,,,,,,,,
2023-04-09,BAF,184,0,0,0,0,0,,,,,,,,,,,
2023-04-10,BAF,218,0,0,0,1,0,,,,,,,,,,,
2023-04-11,BAF,130,0,0,0,0,0,,,,,,,,,,,
2023-04-12,BAF,62,0,0,0,0,0,,,,,,,,,,,
2023-04-13,BAF,152,0,0,0,0,0,,,,,,,,,,,
2023-04-14,BAF,244,0,0,0,0,0,,,,,,,,,,,
2023-04-15,BAF,185,2,1,3,0,3,,,,,,,,,,,
2023-04-16,BAF,102,0,0,0,0,0,,,,,,,,,,,
2023-04-17,BAF,38,0,0,0,0,0,,,,,,,,,,,
2023-04-18,BAF,117,0,0,0,0,0,,,,,,,,,,,
2023-04-19,BAF,69,0,0,0,0,0,,,,,,,,,,,
2023-04-20,BAF,244,0,0,0,0,0,,,,,,,,,,,
2023-04-21,BAF,175,0,0,0,0,0,,,,,,,,,,,
2023-04-22,BAF,74,0,0,0,0,0,,,,,,,,,,,
2023-04-23,BAF,8,0,0,0,0,0,,,,,,,,,,,
2023-04-24,BAF,229,0,0,0,0,0,,,,,,,,,,,
2023-04-25,BAF,244,0,0,0,1,0,,,,,,,,,,,
2023-04-26,BAF,325,0,0,0,0,0,,,,,,,,,,,
2023-04-27,BAF,136,0,0,0,0,0,,,,,,,,,,,
2023-04-28,BAF,175,1,0,1,0,1,,,,,,,,,,,
2023-04-29,BAF,16,0,0,0,0,0,,,,,,,,,,,
2023-04-30,BAF,11,0,0,0,0,0,,,,,,,,,,,
2023-05-01,BAF,33,0,0,0,0,0,,,,,,,,,,,
2023-05-02,BAF,21,0,0,0,0,0,,,,,,,,,,,
2023-05-03,BAF,140,0,0,0,0,0,,,,,,,,,,,
2023-05-04,BAF,79,0,0,0,0,0,,,,,,,,,,,
2023-05-05,BAF,196,0,0,0,0,0,,,,,,,,,,,
2023-05-06,BAF,220,1,1,2,0,2,,,,,,,,,,,
2023-05-07,BAF,200,0,0,0,0,0,,,,,,,,,,,
2023-05-08,BAF,75,0,0,0,0,0,,,,,,,,,,,
2023-05-09,BAF,235,1,0,1,0,1,,,,,,,,,,,
2023-05-10,BAF,251,0,0,0,0,0,,,,,,,,,,,
2023-05-11,BAF,51,0,0,0,0,0,,,,,,,,,,,
2023-05-12,BAF,32,0,0,0,0,0,,,,,,,,,,,
2023-05-13,BAF,50,0,0,0,0,0,,,,,,,,,,,
2023-05-14,BAF,68,0,0,0,0,0,,,,,,,,,,,
2023-05-15,BAF,47,0,0,0,0,0,,,,,,,,,,,
2023-05-16,BAF,71,0,0,0,0,0,,,,,,,,,,,
2023-05-17,BAF,42,0,0,0,0,0,,,,,,,,,,,
2023-05-18,BAF,194,0,0,0,0,0,,,,,,,,,,,
2023-05-19,BAF,169,0,0,0,0,0,,,,,,,,,,,
2023-05-20,BAF,9,0,0,0,0,0,,,,,,,,,,,
2023-05-21,BAF,126,0,0,0,0,0,,,,,,,,,,,
2023-05-22,BAF,160,0,0,0,0,0,,,,,,,,,,,
2023-05-23,BAF,286,0,0,0,0,0,,,,,,,,,,,
2023-05-24,BAF,178,0,0,0,0,0,,,,,,,,,,,
2023-05-25,BAF,178,0,0,0,1,0,,,,,,,,,,,
2023-05-26,BAF,191,0,0,0,0,0,,,,,,,,,,,
2023-05-27,BAF,192,0,0,0,0,0,,,,,,,,,,,
2023-05-28,BAF,172,0,0,0,0,0,,,,,,,,,,,
2023-05-29,BAF,112,0,0,0,0,0,,,,,,,,,,,
2023-05-30,BAF,242,0,0,0,0,0,,,,,,,,,,,
2023-05-31,BAF,255,1,1,2,0,2,,,,,,,,,,,
2023-06-01,BAF,208,0,0,0,0,0,,,,,,,,,,,
2023-06-02,BAF,183,0,0,0,0,0,,,,,,,,,,,
2023-06-03,BAF,74,0,0,0,0,0,,,,,,,,,,,
2023-06-04,BAF,142,0,0,0,0,0,,,,,,,,,,,
2023-06-05,BAF,189,0,0,0,0,0,,,,,,,,,,,
2023-06-06,BAF,115,0,0,0,0,0,,,,,,,,,,,
2023-06-07,BAF,179,0,0,0,0,0,,,,,,,,,,,
2023-06-08,BAF,119,0,0,0,0,0,,,,,,,,,,,
2023-06-09,BAF,141,0,0,0,0,0,,,,,,,,,,,
2023-06-10,BAF,202,0,0,0,0,0,,,,,,,,,,,
2023-06-11,BAF,331,0,0,0,0,0,,,,,,,,,,,
2023-06-12,BAF,167,0,0,0,0,0,,,,,,,,,,,
2023-06-13,BAF,208,0,0,0,0,0,,,,,,,,,,,
2023-06-14,BAF,123,0,0,0,0,0,,,,,,,,,,,
2023-06-15,BAF,238,1,0,1,0,1,,,,,,,,,,,
2023-06-16,BAF,124,0,0,0,0,0,,,,,,,,,,,
2023-06-17,BAF,96,0,0,0,0,0,,,,,,,,,,,
2023-06-18,BAF,102,1,0,1,0,1,,,,,,,,,,,
2023-06-19,BAF,195,0,0,0,0,0,,,,,,,,,,,
2023-06-20,BAF,342,0,0,0,0,0,,,,,,,,,,,
2023-06-21,BAF,315,0,0,0,0,0,,,,,,,,,,,
2023-06-22,BAF,286,0,0,0,0,0,,,,,,,,,,,
2023-06-23,BAF,183,0,0,0,0,0,,,,,,,,,,,
2023-06-24,BAF,13,0,0,0,0,0,,,,,,,,,,,
2023-06-25,BAF,94,0,0,0,0,0,,,,,,,,,,,
2023-06-26,BAF,32,0,0,0,0,0,,,,,,,,,,,
2023-06-27,BAF,162,0,0,0,0,0,,,,,,,,,,,
2023-06-28,BAF,27,0,0,0,0,0,,,,,,,,,,,
2023-06-29,BAF,237,0,0,0,0,0,,,,,,,,,,,
2023-06-30,BAF,154,0,0,0,0,0,,,,,,,,,,,
2023-07-01,BAF,147,0,0,0,0,0,,,,,,,,,,,
2023-07-02,BAF,8,0,0,0,0,0,,,,,,,,,,,
2023-07-03,BAF,90,0,0,0,0,0,,,,,,,,,,,
2023-07-04,BAF,6,0,0,0,0,0,,,,,,,,,,,
2023-07-05,BAF,318,3,2,5,0,5,,,,,,,,,,,
2023-07-06,BAF,214,0,0,0,0,0,,,,,,,,,,,
2023-07-07,BAF,191,0,0,0,0,0,,,,,,,,,,,
2023-07-08,BAF,180,0,0,0,0,0,,,,,,,,,,,
2023-07-09,BAF,45,0,0,0,0,0,,,,,,,,,,,
2023-07-10,BAF,75,0,0,0,0,0,,,,,,,,,,,
2023-07-11,BAF,235,1,0,1,0,1,,,,,,,,,,,
2023-07-12,BAF,215,0,0,0,0,0,,,,,,,,,,,
2023-07-13,BAF,174,0,0,0,0,0,,,,,,,,,,,
2023-07-14,BAF,75,0,0,0,0,0,,,,,,,,,,,
2023-07-15,BAF,159,0,0,0,0,0,,,,,,,,,,,
2023-07-16,BAF,5,0,0,0,0,0,,,,,,,,,,,
2023-07-17,BAF,208,0,1,1,0,1,,,,,,,,,,,
2023-07-18,BAF,66,0,0,0,0,0,,,,,,,,,,,
2023-07-19,BAF,205,0,0,0,0,0,,,,,,,,,,,
2023-07-20,BAF,277,0,0,0,0,0,,,,,,,,,,,
2023-07-21,BAF,44,0,0,0,0,0,,,,,,,,,,,
2023-07-22,BAF,165,0,0,0,0,0,,,,,,,,,,,
2023-07-23,BAF,221,0,0,0,0,0,,,,,,,,,,,
2023-07-24,BAF,119,0,0,0,0,0,,,,,,,,,,,
2023-07-25,BAF,135,0,0,0,0,0,,,,,,,,,,,
2023-07-26,BAF,269,0,0,0,0,0,,,,,,,,,,,
2023-07-27,BAF,146,0,0,0,0,0,,,,,,,,,,,
2023-07-28,BAF,235,0,0,0,0,0,,,,,,,,,,,
2023-07-29,BAF,133,0,0,0,0,0,,,,,,,,,,,
2023-07-30,BAF,246,0,0,0,0,0,,,,,,,,,,,
2023-07-31,BAF,131,0,0,0,0,0,,,,,,,,,,,
2023-08-01,BAF,186,0,0,0,0,0,,,,,,,,,,,
2023-08-02,BAF,272,0,0,0,0,0,,,,,,,,,,,
2023-08-03,BAF,130,0,0,0,0,0,,,,,,,,,,,
2023-08-04,BAF,161,0,0,0,0,0,,,,,,,,,,,
2023-08-06,BAF,153,0,0,0,0,0,,,,,,,,,,,
2023-08-07,BAF,11,0,0,0,0,0,,,,,,,,,,,
2023-08-08,BAF,189,0,0,0,0,0,,,,,,,,,,,
2023-08-09,BAF,74,0,0,0,0,0,,,,,,,,,,,
2023-08-10,BAF,244,0,0,0,0,0,,,,,,,,,,,
2023-08-11,BAF,244,0,0,0,0,0,,,,,,,,,,,
2023-08-12,BAF,157,0,0,0,0,0,,,,,,,,,,,
2023-08-13,BAF,124,1,1,2,0,2,,,,,,,,,,,
2023-08-14,BAF,218,0,0,0,0,0,,,,,,,,,,,
2023-08-15,BAF,18,0,0,0,0,0,,,,,,,,,,,
2023-08-16,BAF,89,0,0,0,0,0,,,,,,,,,,,
2023-08-17,BAF,134,0,1,1,0,1,,,,,,,,,,,
2023-08-18,BAF,76,0,0,0,0,0,,,,,,,,,,,
2023-08-19,BAF,106,0,0,0,0,0,,,,,,,,,,,
2023-08-20,BAF,282,0,0,0,0,0,,,,,,,,,,,
2023-08-21,BAF,233,0,0,0,0,0,,,,,,,,,,,
2023-08-22,BAF,230,0,0,0,0,0,,,,,,,,,,,
2023-08-23,BAF,290,0,1,1,0,1,,,,,,,,,,,
2023-08-24,BAF,242,1,0,1,0,1,,,,,,,,,,,
2023-08-25,BAF,16,0,0,0,0,0,,,,,,,,,,,
2023-08-26,BAF,311,0,0,0,0,0,,,,,,,,,,,
2023-08-27,BAF,237,0,0,0,0,0,,,,,,,,,,,
2023-08-28,BAF,292,0,0,0,0,0,,,,,,,,,,,
2023-08-29,BAF,256,0,0,0,0,0,,,,,,,,,,,
2023-08-30,BAF,89,0,0,0,0,0,,,,,,,,,,,
2023-08-31,BAF,229,0,0,0,0,0,,,,,,,,,,,
2023-09-01,BAF,251,0,0,0,0,0,,,,,,,,,,,
2023-09-02,BAF,199,0,0,0,0,0,,,,,,,,,,,
2023-09-03,BAF,215,0,0,0,0,0,,,,,,,,,,,
2023-09-04,BAF,218,1,1,2,0,2,,,,,,,,,,,
2023-09-05,BAF,243,0,0,0,0,0,,,,,,,,,,,
2023-09-06,BAF,283,0,0,0,0,0,,,,,,,,,,,
2023-09-07,BAF,207,0,0,0,0,0,,,,,,,,,,,
2023-09-08,BAF,181,0,0,0,0,0,,,,,,,,,,,
2023-09-09,BAF,136,0,0,0,0,0,,,,,,,,,,,
2023-09-10,BAF,11,0,0,0,0,0,,,,,,,,,,,
2023-09-11,BAF,54,0,0,0,0,0,,,,,,,,,,,
2023-09-12,BAF,170,0,1,1,0,1,,,,,,,,,,,
2023-09-14,BAF,321,1,0,1,0,1,,,,,,,,,,,
2023-09-15,BAF,200,0,0,0,0,0,,,,,,,,,,,
2023-09-16,BAF,42,0,0,0,0,0,,,,,,,,,,,
2023-09-17,BAF,238,0,0,0,0,0,,,,,,,,,,,
2023-09-18,BAF,18,0,0,0,0,0,,,,,,,,,,,
2023-09-19,BAF,195,0,1,1,0,1,,,,,,,,,,,
2023-09-20,BAF,326,0,0,0,0,0,,,,,,,,,,,
2023-09-21,BAF,329,0,0,0,0,0,,,,,,,,,,,
2023-09-22,BAF,396,0,0,0,0,0,,,,,,,,,,,
2023-09-23,BAF,141,0,0,0,0,0,,,,,,,,,,,
2023-09-24,BAF,94,0,0,0,0,0,,,,,,,,,,,
2023-09-25,BAF,33,0,0,0,0,0,,,,,,,,,,,
2023-09-26,BAF,311,0,0,0,0,0,,,,,,,,,,,
2023-09-27,BAF,324,0,0,0,0,0,,,,,,,,,,,
2023-09-28,BAF,265,0,0,0,0,0,,,,,,,,,,,
2023-09-29,BAF,11,0,0,0,0,0,,,,,,,,,,,
2023-09-30,BAF,216,0,0,0,0,0,,,,,,,,,,,
2023-10-01,BAF,261,0,0,0,0,0,,,,,,,,,,,
2023-10-02,BAF,195,0,0,0,0,0,,,,,,,,,,,
2023-10-03,BAF,362,0,0,0,0,0,,,,,,,,,,,
2023-10-04,BAF,227,0,0,0,0,0,,,,,,,,,,,
2023-10-05,BAF,177,0,0,0,0,0,,,,,,,,,,,
2023-10-06,BAF,32,0,0,0,0,0,,,,,,,,,,,
2023-10-07,BAF,17,0,0,0,0,0,,,,,,,,,,,
2023-10-08,BAF,277,0,0,0,0,0,,,,,,,,,,,
2023-10-09,BAF,211,0,0,0,0,0,,,,,,,,,,,
2023-10-10,BAF,156,0,0,0,0,0,,,,,,,,,,,
2023-10-11,BAF,267,0,0,0,0,0,,,,,,,,,,,
2023-10-12,BAF,291,0,0,0,0,0,,,,,,,,,,,
2023-10-13,BAF,232,0,0,0,0,0,,,,,,,,,,,
2023-10-14,BAF,231,1,0,1,0,1,,,,,,,,,,,
2023-10-15,BAF,223,0,0,0,0,0,,,,,,,,,,,
2023-10-16,BAF,187,0,0,0,0,0,,,,,,,,,,,
2023-10-17,BAF,257,1,0,1,0,1,,,,,,,,,,,
2023-10-18,BAF,239,0,0,0,0,0,,,,,,,,,,,
2023-10-19,BAF,178,0,0,0,0,0,,,,,,,,,,,
2023-10-20,BAF,22,0,0,0,0,0,,,,,,,,,,,
2023-10-21,BAF,7,0,0,0,0,0,,,,,,,,,,,
2023-10-22,BAF,51,0,0,0,0,0,,,,,,,,,,,
2023-10-23,BAF,191,0,0,0,0,0,,,,,,,,,,,
2023-10-24,BAF,335,0,1,1,0,1,,,,,,,,,,,
2023-10-25,BAF,330,0,0,0,0,0,,,,,,,,,,,
2023-10-26,BAF,242,0,0,0,0,0,,,,,,,,,,,
2023-10-27,BAF,293,0,0,0,0,0,,,,,,,,,,,
2023-10-28,BAF,133,0,0,0,0,0,,,,,,,,,,,
2023-10-29,BAF,24,0,0,0,0,0,,,,,,,,,,,
2023-10-30,BAF,4,0,0,0,0,0,,,,,,,,,,,
2023-10-31,BAF,220,0,0,0,0,0,,,,,,,,,,,
2023-11-01,BAF,29,0,0,0,0,0,,,,,,,,,,,
2023-11-02,BAF,208,0,0,0,0,0,,,,,,,,,,,
2023-11-03,BAF,233,0,0,0,0,0,,,,,,,,,,,
2023-11-04,BAF,182,0,0,0,0,0,,,,,,,,,,,
2023-11-05,BAF,169,0,0,0,0,0,,,,,,,,,,,
2023-11-06,BAF,154,0,0,0,0,0,,,,,,,,,,,
2023-11-07,BAF,142,0,0,0,0,0,,,,,,,,,,,
2023-11-08,BAF,163,0,0,0,0,0,,,,,,,,,,,
2023-11-09,BAF,60,0,0,0,0,0,,,,,,,,,,,
2023-11-10,BAF,189,0,0,0,0,0,,,,,,,,,,,
2023-11-11,BAF,223,0,0,0,0,0,,,,,,,,,,,
2023-11-12,BAF,284,0,0,0,0,0,,,,,,,,,,,
2023-11-13,BAF,128,0,0,0,0,0,,,,,,,,,,,
2023-11-14,BAF,130,0,0,0,0,0,,,,,,,,,,,
2023-11-15,BAF,176,0,0,0,0,0,,,,,,,,,,,
2023-11-16,BAF,303,0,0,0,0,0,,,,,,,,,,,
2023-11-17,BAF,194,0,0,0,0,0,,,,,,,,,,,
2023-11-18,BAF,47,0,0,0,0,0,,,,,,,,,,,
2023-11-19,BAF,238,0,0,0,0,0,,,,,,,,,,,
2023-11-20,BAF,160,0,0,0,0,0,,,,,,,,,,,
2023-11-21,BAF,227,0,0,0,0,0,,,,,,,,,,,
2023-11-22,BAF,4,0,0,0,0,0,,,,,,,,,,,
2023-11-23,BAF,34,0,0,0,0,0,,,,,,,,,,,
2023-11-24,BAF,62,0,0,0,0,0,,,,,,,,,,,
2023-11-26,BAF,292,1,1,2,0,2,,,,,,,,,,,
2023-11-27,BAF,41,0,0,0,0,0,,,,,,,,,,,
2023-11-28,BAF,43,0,0,0,0,0,,,,,,,,,,,
2023-11-29,BAF,259,0,0,0,0,0,,,,,,,,,,,
2023-11-30,BAF,223,0,0,0,0,0,,,,,,,,,,,
2023-12-01,BAF,134,0,0,0,0,0,,,,,,,,,,,
2023-12-02,BAF,93,0,0,0,0,0,,,,,,,,,,,
2023-12-03,BAF,6,0,0,0,0,0,,,,,,,,,,,
2023-12-04,BAF,83,0,0,0,0,0,,,,,,,,,,,
2023-12-05,BAF,156,0,0,0,0,0,,,,,,,,,,,
2023-12-07,BAF,199,1,0,1,0,1,,,,,,,,,,,
2023-12-08,BAF,205,0,0,0,0,0,,,,,,,,,,,
2023-12-09,BAF,126,0,0,0,0,0,,,,,,,,,,,
2023-12-10,BAF,6,0,0,0,0,0,,,,,,,,,,,
2023-12-11,BAF,24,0,0,0,0,0,,,,,,,,,,,
2023-12-12,BAF,265,0,0,0,0,0,,,,,,,,,,,
2023-12-13,BAF,163,0,0,0,0,0,,,,,,,,,,,
2023-12-14,BAF,189,0,0,0,0,0,,,,,,,,,,,
2023-12-15,BAF,86,0,0,0,0,0,,,,,,,,,,,
2023-12-16,BAF,184,0,0,0,0,0,,,,,,,,,,,
2023-12-17,BAF,6,0,0,0,0,0,,,,,,,,,,,
2023-12-18,BAF,8,0,0,0,0,0,,,,,,,,,,,
2023-12-19,BAF,155,0,0,0,0,0,,,,,,,,,,,
2023-12-20,BAF,298,1,2,3,1,3,,,,,,,,,,,
2023-12-21,BAF,146,0,0,0,0,0,,,,,,,,,,,
2023-12-22,BAF,148,1,0,1,0,1,,,,,,,,,,,
2023-12-23,BAF,202,1,2,3,0,3,,,,,,,,,,,
2023-12-24,BAF,84,0,0,0,0,0,,,,,,,,,,,
2023-12-25,BAF,13,0,0,0,0,0,,,,,,,,,,,
2023-12-26,BAF,2,0,0,0,0,0,,,,,,,,,,,
2023-12-27,BAF,4,0,0,0,0,0,,,,,,,,,,,
2023-12-28,BAF,4,0,0,0,0,0,,,,,,,,,,,
2023-12-29,BAF,4,0,0,0,0,0,,,,,,,,,,,
2023-12-30,BAF,146,0,0,0,0,0,,,,,,,,,,,
2023-12-31,BAF,138,1,0,1,0,1,,,,,,,,,,,
2024-01-01,BAF,192,1,0,1,0,1,,,,,,,,,,,
2024-01-02,BAF,163,2,0,2,0,2,,,,,,,,,,,
2024-01-03,BAF,246,2,0,2,0,2,,,,,,,,,,,
2024-01-04,BAF,162,3,0,3,0,3,,,,,,,,,,,
2024-01-05,BAF,125,3,0,3,0,3,,,,,,,,,,,
2024-01-06,BAF,145,1,2,3,0,3,,,,,,,,,,,
2024-01-07,BAF,3,1,0,1,0,1,,,,,,,,,,,
2024-01-08,BAF,36,2,0,2,0,2,,,,,,,,,,,
2024-01-09,BAF,59,0,0,0,0,0,,,,,,,,,,,
2024-01-10,BAF,59,0,0,0,0,0,,,,,,,,,,,
2024-01-11,BAF,219,1,0,1,0,1,,,,,,,,,,,
2024-01-12,BAF,195,1,1,2,0,2,,,,,,,,,,,
2024-01-13,BAF,20,0,0,0,0,0,,,,,,,,,,,
2024-01-14,BAF,5,0,0,0,0,0,,,,,,,,,,,
2024-01-15,BAF,97,0,0,0,0,0,,,,,,,,,,,
2024-01-16,BAF,3,0,0,0,0,0,,,,,,,,,,,
2024-01-17,BAF,39,2,1,3,1,3,,,,,,,,,,,
2024-01-18,BAF,131,0,1,1,0,1,,,,,,,,,,,
2024-01-19,BAF,8,0,0,0,0,0,,,,,,,,,,,
2024-01-20,BAF,45,8,3,11,1,11,,,,,,,,,,,
2024-01-21,BAF,101,7,2,9,0,9,,,,,,,,,,,
2024-01-22,BAF,137,1,1,2,0,2,,,,,,,,,,,
2024-01-23,BAF,64,0,0,0,0,0,,,,,,,,,,,
2024-01-24,BAF,17,0,0,0,0,0,,,,,,,,,,,
2024-01-25,BAF,34,0,0,0,0,0,,,,,,,,,,,
2024-01-26,BAF,16,0,0,0,0,0,,,,,,,,,,,
2024-01-27,BAF,45,0,0,0,0,0,,,,,,,,,,,
2024-01-28,BAF,5,0,0,0,0,0,,,,,,,,,,,
2024-01-29,BAF,21,0,0,0,0,0,,,,,,,,,,,
2024-01-30,BAF,155,0,0,0,0,0,,,,,,,,,,,
2024-01-31,BAF,82,0,0,0,0,0,,,,,,,,,,,
2024-02-01,BAF,153,0,0,0,0,0,,,,,,,,,,,
2024-02-02,BAF,116,0,0,0,0,0,,,,,,,,,,,
2024-02-03,BAF,151,0,0,0,0,0,,,,,,,,,,,
2024-02-04,BAF,275,1,0,1,0,1,,,,,,,,,,,
2024-02-05,BAF,130,1,0,1,0,1,,,,,,,,,,,
2024-02-06,BAF,209,3,0,3,0,3,,,,,,,,,,,
2024-02-07,BAF,240,0,0,0,0,0,,,,,,,,,,,
2024-02-08,BAF,212,2,2,4,0,4,,,,,,,,,,,
2024-02-09,BAF,86,0,0,0,0,0,,,,,,,,,,,
2024-02-10,BAF,141,0,0,0,0,0,,,,,,,,,,,
2024-02-11,BAF,142,1,0,1,0,1,,,,,,,,,,,
2024-02-12,BAF,188,0,0,0,0,0,,,,,,,,,,,
2024-02-13,BAF,7,0,0,0,0,0,,,,,,,,,,,
2024-02-14,BAF,30,2,0,2,0,2,,,,,,,,,,,
2024-02-15,BAF,179,1,1,2,0,2,,,,,,,,,,,
2024-02-16,BAF,10,1,0,1,0,1,,,,,,,,,,,
2024-02-17,BAF,75,2,0,2,0,2,,,,,,,,,,,
2024-02-18,BAF,86,0,0,0,0,0,,,,,,,,,,,
2024-02-19,BAF,101,1,0,1,0,1,,,,,,,,,,,
2024-02-20,BAF,238,1,0,1,0,1,,,,,,,,,,,
2024-02-21,BAF,362,2,0,2,0,2,,,,,,,,,,,
2024-02-22,BAF,236,1,1,2,0,2,,,,,,,,,,,
2024-02-23,BAF,23,0,0,0,0,0,,,,,,,,,,,
2024-02-24,BAF,149,4,2,6,0,6,,,,,,,,,,,
2024-02-25,BAF,179,0,1,1,0,1,,,,,,,,,,,
2024-02-26,BAF,100,0,0,0,0,0,,,,,,,,,,,
2024-02-27,BAF,155,0,0,0,0,0,,,,,,,,,,,
2024-02-28,BAF,3,0,0,0,0,0,,,,,,,,,,,
2024-02-29,BAF,25,0,0,0,0,0,,,,,,,,,,,
2024-03-01,BAF,252,0,0,0,0,0,,,,,,,,,,,
2024-03-02,BAF,59,0,0,0,0,0,,,,,,,,,,,
2024-03-03,BAF,175,2,2,4,0,4,,,,,,,,,,,
2024-03-04,BAF,202,1,1,2,0,2,,,,,,,,,,,
2024-03-05,BAF,12,0,0,0,0,0,,,,,,,,,,,
2024-03-06,BAF,11,0,0,0,0,0,,,,,,,,,,,
2024-03-07,BAF,51,0,0,0,0,0,,,,,,,,,,,
2024-03-08,BAF,337,0,0,0,0,0,,,,,,,,,,,
2024-03-09,BAF,60,0,0,0,0,0,,,,,,,,,,,
2024-03-10,BAF,11,0,0,0,0,0,,,,,,,,,,,
2024-03-11,BAF,1,0,0,0,0,0,,,,,,,,,,,
2024-03-12,BAF,93,0,0,0,0,0,,,,,,,,,,,
2024-03-13,BAF,265,0,0,0,0,0,,,,,,,,,,,
2024-03-14,BAF,255,2,4,6,0,6,,,,,,,,,,,
2024-03-15,BAF,89,0,0,0,0,0,,,,,,,,,,,
2024-03-16,BAF,136,1,1,2,0,2,,,,,,,,,,,
2024-03-17,BAF,99,0,0,0,0,0,,,,,,,,,,,
2024-03-18,BAF,102,0,0,0,0,0,,,,,,,,,,,
2024-03-19,BAF,42,0,0,0,0,0,,,,,,,,,,,
2024-03-20,BAF,100,1,0,1,0,1,,,,,,,,,,,
2024-03-21,BAF,60,0,0,0,5,0,,,,,,,,,,,
2024-03-22,BAF,210,0,0,0,0,0,,,,,,,,,,,
2024-03-23,BAF,0,0,0,0,0,0,,,,,,,,,,,
2024-03-24,BAF,141,0,0,0,0,0,,,,,,,,,,,
2024-03-25,BAF,158,0,0,0,0,0,,,,,,,,,,,
2024-03-26,BAF,134,0,0,0,0,0,,,,,,,,,,,
2024-03-27,BAF,115,0,0,0,0,0,,,,,,,,,,,
2024-03-28,BAF,21,0,0,0,0,0,,,,,,,,,,,
2024-03-29,BAF,50,0,0,0,0,0,,,,,,,,,,,
2024-03-30,BAF,30,0,0,0,0,0,,,,,,,,,,,
2024-03-31,BAF,77,0,0,0,0,0,,,,,,,,,,,
2024-04-01,BAF,241,1,2,3,0,3,,,,,,,,,,,
2024-04-02,BAF,158,0,0,0,0,0,,,,,,,,,,,
2024-04-03,BAF,9,0,0,0,0,0,,,,,,,,,,,
2024-04-04,BAF,25,0,0,0,0,0,,,,,,,,,,,
2024-04-05,BAF,91,0,0,0,0,0,,,,,,,,,,,
2024-04-06,BAF,56,0,0,0,0,0,,,,,,,,,,,
2024-04-07,BAF,275,0,1,1,0,1,,,,,,,,,,,
2024-04-08,BAF,258,0,0,0,0,0,,,,,,,,,,,
2024-04-09,BAF,207,1,1,2,0,2,,,,,,,,,,,
2024-04-10,BAF,260,0,0,0,0,0,,,,,,,,,,,
2024-04-11,BAF,2,0,0,0,0,0,,,,,,,,,,,
2024-04-12,BAF,5,0,0,0,0,0,,,,,,,,,,,
2024-04-13,BAF,82,0,0,0,0,0,,,,,,,,,,,
2024-04-14,BAF,226,0,0,0,0,0,,,,,,,,,,,
2024-04-15,BAF,187,0,0,0,0,0,,,,,,,,,,,
2024-04-16,BAF,173,0,0,0,0,0,,,,,,,,,,,
2024-04-17,BAF,282,0,0,0,0,0,,,,,,,,,,,
2024-04-18,BAF,108,0,0,0,0,0,,,,,,,,,,,
2024-04-19,BAF,183,0,0,0,0,0,,,,,,,,,,,
2024-04-20,BAF,43,0,0,0,0,0,,,,,,,,,,,
2024-04-21,BAF,234,0,0,0,0,0,,,,,,,,,,,
2024-04-22,BAF,148,0,0,0,0,0,,,,,,,,,,,
2024-04-23,BAF,144,0,0,0,0,0,,,,,,,,,,,
2024-04-24,BAF,117,0,0,0,0,0,,,,,,,,,,,
2024-04-25,BAF,217,1,0,1,0,1,,,,,,,,,,,
2024-04-26,BAF,211,0,0,0,0,0,,,,,,,,,,,
2024-04-27,BAF,217,0,0,0,0,0,,,,,,,,,,,
2024-04-28,BAF,107,0,0,0,0,0,,,,,,,,,,,
2024-04-29,BAF,128,0,0,0,0,0,,,,,,,,,,,
2024-04-30,BAF,148,0,0,0,0,0,,,,,,,,,,,
2024-05-01,BAF,112,0,0,0,0,0,,,,,,,,,,,
2024-05-02,BAF,161,0,0,0,1,0,,,,,,,,,,,
2024-05-03,BAF,212,0,0,0,0,0,,,,,,,,,,,
2024-05-04,BAF,199,0,0,0,0,0,,,,,,,,,,,
2024-05-05,BAF,3,0,0,0,0,0,,,,,,,,,,,
2024-05-06,BAF,110,0,0,0,0,0,,,,,,,,,,,
2024-05-07,BAF,257,0,0,0,0,0,,,,,,,,,,,
2024-05-08,BAF,18,0,0,0,0,0,,,,,,,,,,,
2024-05-09,BAF,220,0,0,0,0,0,,,,,,,,,,,
2024-05-10,BAF,191,0,0,0,0,0,,,,,,,,,,,
2024-05-11,BAF,224,0,0,0,0,0,,,,,,,,,,,
2024-05-12,BAF,171,0,0,0,0,0,,,,,,,,,,,
2024-05-13,BAF,208,0,0,0,0,0,,,,,,,,,,,
2024-05-14,BAF,110,0,0,0,0,0,,,,,,,,,,,
2024-05-15,BAF,95,0,0,0,0,0,,,,,,,,,,,
2024-05-16,BAF,47,0,0,0,0,0,,,,,,,,,,,
2024-05-17,BAF,180,0,0,0,0,0,,,,,,,,,,,
2024-05-18,BAF,162,0,0,0,0,0,,,,,,,,,,,
2024-05-19,BAF,99,0,0,0,0,0,,,,,,,,,,,
2024-05-20,BAF,156,0,0,0,0,0,,,,,,,,,,,
2024-05-21,BAF,193,0,0,0,0,0,,,,,,,,,,,
2024-05-22,BAF,237,0,0,0,0,0,,,,,,,,,,,
2024-05-23,BAF,117,0,0,0,0,0,,,,,,,,,,,
2024-05-24,BAF,149,0,0,0,0,0,,,,,,,,,,,
2024-05-25,BAF,227,0,0,0,0,0,,,,,,,,,,,
2024-05-26,BAF,252,0,0,0,0,0,,,,,,,,,,,
2024-05-27,BAF,0,0,0,0,0,0,,,,,,,,,,,
2024-05-28,BAF,122,0,0,0,0,0,,,,,,,,,,,
2024-05-29,BAF,212,0,0,0,0,0,,,,,,,,,,,
2024-05-30,BAF,100,0,0,0,0,0,,,,,,,,,,,
2024-05-31,BAF,221,0,0,0,0,0,,,,,,,,,,,
2024-06-01,BAF,209,0,0,0,0,0,,,,,,,,,,,
2024-06-03,BAF,178,0,0,0,0,0,,,,,,,,,,,
2024-06-04,BAF,191,0,0,0,0,0,,,,,,,,,,,
2024-06-05,BAF,328,0,0,0,0,0,,,,,,,,,,,
2024-06-06,BAF,33,0,0,0,0,0,,,,,,,,,,,
2024-06-07,BAF,199,0,0,0,0,0,,,,,,,,,,,
2024-06-08,BAF,109,0,0,0,0,0,,,,,,,,,,,
2024-06-09,BAF,74,0,0,0,0,0,,,,,,,,,,,
2024-06-10,BAF,138,0,0,0,1,0,,,,,,,,,,,
2024-06-11,BAF,294,0,0,0,0,0,,,,,,,,,,,
2024-06-12,BAF,259,0,0,0,0,0,,,,,,,,,,,
2024-06-13,BAF,224,0,0,0,0,0,,,,,,,,,,,
2024-06-14,BAF,66,0,0,0,0,0,,,,,,,,,,,
2024-06-15,BAF,170,0,0,0,0,0,,,,,,,,,,,
2024-06-16,BAF,255,0,0,0,0,0,,,,,,,,,,,
2024-06-17,BAF,70,0,0,0,0,0,,,,,,,,,,,
2024-06-18,BAF,148,0,0,0,0,0,,,,,,,,,,,
2024-06-19,BAF,275,0,0,0,0,0,,,,,,,,,,,
2024-06-20,BAF,225,0,0,0,0,0,,,,,,,,,,,
2024-06-21,BAF,123,0,0,0,0,0,,,,,,,,,,,
2024-06-22,BAF,15,0,0,0,0,0,,,,,,,,,,,
2024-06-23,BAF,21,0,0,0,0,0,,,,,,,,,,,
2024-06-24,BAF,160,0,0,0,1,0,,,,,,,,,,,
2024-06-25,BAF,245,0,0,0,0,0,,,,,,,,,,,
2024-06-26,BAF,252,0,0,0,0,0,,,,,,,,,,,
2024-06-27,BAF,211,0,0,0,0,0,,,,,,,,,,,
2024-06-28,BAF,310,0,0,0,0,0,,,,,,,,,,,
2024-06-29,BAF,173,0,0,0,0,0,,,,,,,,,,,
2024-06-30,BAF,108,0,0,0,0,0,,,,,,,,,,,
2024-07-01,BAF,144,0,0,0,0,0,,,,,,,,,,,
2024-07-02,BAF,349,1,0,1,0,1,,,,,,,,,,,
2024-07-03,BAF,112,0,0,0,0,0,,,,,,,,,,,
2024-07-04,BAF,154,0,0,0,0,0,,,,,,,,,,,
2024-07-05,BAF,42,0,0,0,0,0,,,,,,,,,,,
2024-07-06,BAF,100,0,0,0,0,0,,,,,,,,,,,
2024-07-07,BAF,257,1,1,2,0,2,,,,,,,,,,,
2024-07-08,BAF,120,1,0,1,0,1,,,,,,,,,,,
2024-07-09,BAF,136,0,0,0,0,0,,,,,,,,,,,
2024-07-10,BAF,70,0,0,0,0,0,,,,,,,,,,,
2024-07-11,BAF,162,0,0,0,0,0,,,,,,,,,,,
2024-07-12,BAF,200,0,0,0,0,0,,,,,,,,,,,
2024-07-13,BAF,83,0,0,0,1,0,,,,,,,,,,,
2024-07-14,BAF,131,1,0,1,0,1,,,,,,,,,,,
2024-07-15,BAF,132,0,0,0,0,0,,,,,,,,,,,
2024-07-16,BAF,177,0,0,0,0,0,,,,,,,,,,,
2024-07-17,BAF,195,0,0,0,0,0,,,,,,,,,,,
2024-07-18,BAF,236,0,0,0,0,0,,,,,,,,,,,
2024-07-19,BAF,160,0,0,0,0,0,,,,,,,,,,,
2024-07-20,BAF,174,0,0,0,0,0,,,,,,,,,,,
2024-07-21,BAF,201,0,0,0,0,0,,,,,,,,,,,
2024-07-22,BAF,148,0,0,0,0,0,,,,,,,,,,,
2024-07-23,BAF,107,0,0,0,0,0,,,,,,,,,,,
2024-07-24,BAF,37,0,0,0,0,0,,,,,,,,,,,
2024-07-25,BAF,136,0,0,0,0,0,,,,,,,,,,,
2024-07-26,BAF,191,0,0,0,0,0,,,,,,,,,,,
2024-07-27,BAF,93,1,0,1,0,1,,,,,,,,,,,
2024-07-28,BAF,297,1,0,1,0,1,,,,,,,,,,,
2024-07-29,BAF,30,0,0,0,0,0,,,,,,,,,,,
2024-07-30,BAF,97,0,0,0,0,0,,,,,,,,,,,
2024-07-31,BAF,57,0,0,0,0,0,,,,,,,,,,,
2024-08-01,BAF,208,0,0,0,0,0,,,,,,,,,,,
2024-08-02,BAF,149,0,0,0,0,0,,,,,,,,,,,
2024-08-03,BAF,88,0,0,0,0,0,,,,,,,,,,,
2024-08-04,BAF,17,0,0,0,0,0,,,,,,,,,,,
2024-08-05,BAF,246,1,0,1,0,1,,,,,,,,,,,
2024-08-06,BAF,34,0,0,0,0,0,,,,,,,,,,,
2024-08-07,BAF,191,0,0,0,0,0,,,,,,,,,,,
2024-08-08,BAF,83,0,0,0,0,0,,,,,,,,,,,
2024-08-09,BAF,6,0,0,0,0,0,,,,,,,,,,,
2024-08-10,BAF,111,0,0,0,0,0,,,,,,,,,,,
2024-08-11,BAF,265,0,0,0,0,0,,,,,,,,,,,
2024-08-12,BAF,162,0,0,0,0,0,,,,,,,,,,,
2024-08-13,BAF,305,0,0,0,0,0,,,,,,,,,,,
2024-08-14,BAF,119,0,0,0,0,0,,,,,,,,,,,
2024-08-15,BAF,186,0,0,0,0,0,,,,,,,,,,,
2024-08-16,BAF,177,0,0,0,0,0,,,,,,,,,,,
2024-08-17,BAF,59,0,0,0,0,0,,,,,,,,,,,
2024-08-18,BAF,7,0,0,0,0,0,,,,,,,,,,,
2024-08-19,BAF,60,0,0,0,0,0,,,,,,,,,,,
2024-08-20,BAF,236,1,0,1,0,1,,,,,,,,,,,
2024-08-21,BAF,269,0,0,0,0,0,,,,,,,,,,,
2024-08-22,BAF,247,0,0,0,0,0,,,,,,,,,,,
2024-08-23,BAF,212,0,0,0,0,0,,,,,,,,,,,
2024-08-24,BAF,168,0,0,0,0,0,,,,,,,,,,,
2024-08-25,BAF,131,0,0,0,0,0,,,,,,,,,,,
2024-08-26,BAF,77,0,0,0,0,0,,,,,,,,,,,
2024-08-27,BAF,215,0,0,0,0,0,,,,,,,,,,,
2024-08-28,BAF,248,0,0,0,0,0,,,,,,,,,,,
2024-08-29,BAF,174,0,0,0,0,0,,,,,,,,,,,
2024-08-30,BAF,244,0,0,0,0,0,,,,,,,,,,,
2024-08-31,BAF,75,0,0,0,0,0,,,,,,,,,,,
2024-09-01,BAF,142,0,0,0,0,0,,,,,,,,,,,
2024-09-02,BAF,144,0,0,0,0,0,,,,,,,,,,,
2024-09-03,BAF,180,0,0,0,1,0,,,,,,,,,,,
2024-09-04,BAF,278,0,0,0,0,0,,,,,,,,,,,
2024-09-05,BAF,202,0,0,0,0,0,,,,,,,,,,,
2024-09-06,BAF,108,0,0,0,0,0,,,,,,,,,,,
2024-09-07,BAF,84,0,0,0,0,0,,,,,,,,,,,
2024-09-08,BAF,181,0,0,0,0,0,,,,,,,,,,,
2024-09-09,BAF,148,0,0,0,0,0,,,,,,,,,,,
2024-09-10,BAF,229,1,0,1,1,1,,,,,,,,,,,
2024-09-11,BAF,304,1,0,1,0,1,,,,,,,,,,,
2024-09-12,BAF,222,0,0,0,0,0,,,,,,,,,,,
2024-09-13,BAF,233,0,0,0,0,0,,,,,,,,,,,
2024-09-14,BAF,180,0,0,0,0,0,,,,,,,,,,,
2024-09-15,BAF,235,0,0,0,0,0,,,,,,,,,,,
2024-09-16,BAF,198,0,0,0,0,0,,,,,,,,,,,
2024-09-17,BAF,270,1,0,1,0,1,,,,,,,,,,,
2024-09-18,BAF,245,0,0,0,0,0,,,,,,,,,,,
2024-09-19,BAF,196,0,0,0,1,0,,,,,,,,,,,
2024-09-20,BAF,62,0,0,0,0,0,,,,,,,,,,,
2024-09-21,BAF,142,0,0,0,0,0,,,,,,,,,,,
2024-09-22,BAF,114,0,0,0,0,0,,,,,,,,,,,
2024-09-23,BAF,224,0,0,0,0,0,,,,,,,,,,,
2024-09-24,BAF,210,1,1,2,0,2,,,,,,,,,,,
2024-09-25,BAF,186,0,0,0,0,0,,,,,,,,,,,
2024-09-26,BAF,29,0,0,0,0,0,,,,,,,,,,,
2024-09-27,BAF,204,0,0,0,0,0,,,,,,,,,,,
2024-09-28,BAF,279,0,0,0,0,0,,,,,,,,,,,
2024-09-29,BAF,107,0,0,0,0,0,,,,,,,,,,,
2024-09-30,BAF,182,0,0,0,0,0,,,,,,,,,,,
2024-10-01,BAF,155,0,0,0,0,0,,,,,,,,,,,
2024-10-02,BAF,368,0,0,0,0,0,,,,,,,,,,,
2024-10-03,BAF,248,0,0,0,0,0,,,,,,,,,,,
2024-10-04,BAF,120,0,0,0,0,0,,,,,,,,,,,
2024-10-05,BAF,260,0,0,0,0,0,,,,,,,,,,,
2024-10-06,BAF,202,0,0,0,0,0,,,,,,,,,,,
2024-10-07,BAF,124,0,0,0,0,0,,,,,,,,,,,
2024-10-08,BAF,132,0,0,0,0,0,,,,,,,,,,,
2024-10-09,BAF,149,1,0,1,0,1,,,,,,,,,,,
2024-10-10,BAF,90,0,0,0,1,0,,,,,,,,,,,
2024-10-11,BAF,119,3,0,3,0,3,,,,,,,,,,,
2024-10-12,BAF,16,1,0,1,1,1,,,,,,,,,,,
2024-10-13,BAF,49,0,0,0,0,0,,,,,,,,,,,
2024-10-14,BAF,21,0,0,0,0,0,,,,,,,,,,,
2024-10-15,BAF,112,0,0,0,0,0,,,,,,,,,,,
2024-10-16,BAF,73,1,0,1,0,1,,,,,,,,,,,
2024-10-17,BAF,156,0,0,0,0,0,,,,,,,,,,,
2024-10-18,BAF,168,1,0,1,1,1,,,,,,,,,,,
2024-10-19,BAF,196,1,2,3,0,3,,,,,,,,,,,
2024-10-20,BAF,173,1,0,1,0,1,,,,,,,,,,,
2024-10-21,BAF,176,0,0,0,0,0,,,,,,,,,,,
2024-10-22,BAF,244,0,0,0,0,0,,,,,,,,,,,
2024-10-23,BAF,199,0,0,0,0,0,,,,,,,,,,,
2024-10-24,BAF,123,1,0,1,1,1,,,,,,,,,,,
2024-10-25,BAF,202,1,0,1,0,1,,,,,,,,,,,
2024-10-26,BAF,128,2,0,2,1,2,,,,,,,,,,,
2024-10-27,BAF,184,2,0,2,0,2,,,,,,,,,,,
2024-10-28,BAF,228,0,0,0,0,0,,,,,,,,,,,
2024-10-29,BAF,150,3,1,4,0,4,,,,,,,,,,,
2024-10-30,BAF,121,0,0,0,0,0,,,,,,,,,,,
2024-10-31,BAF,154,0,0,0,0,0,,,,,,,,,,,
2024-11-01,BAF,90,1,0,1,0,1,,,,,,,,,,,
2024-11-02,BAF,158,2,0,2,1,2,,,,,,,,,,,
2024-11-03,BAF,247,6,4,10,0,10,,,,,,,,,,,
2024-11-04,BAF,148,0,0,0,0,0,,,,,,,,,,,
2024-11-05,BAF,148,0,0,0,0,0,,,,,,,,,,,
2024-11-06,BAF,139,0,0,0,2,0,,,,,,,,,,,
2024-11-07,BAF,100,1,0,1,1,1,,,,,,,,,,,
2024-11-08,BAF,81,1,0,1,0,1,,,,,,,,,,,
2024-11-09,BAF,143,0,0,0,1,0,,,,,,,,,,,
2024-11-10,BAF,137,0,0,0,0,0,,,,,,,,,,,
2024-11-11,BAF,76,2,1,3,0,3,,,,,,,,,,,
2024-11-12,BAF,27,0,0,0,0,0,,,,,,,,,,,
2024-11-13,BAF,183,0,0,0,0,0,,,,,,,,,,,
2024-11-14,BAF,179,2,0,2,0,2,,,,,,,,,,,
2024-11-15,BAF,171,1,0,1,0,1,,,,,,,,,,,
2024-11-16,BAF,100,0,0,0,4,0,,,,,,,,,,,
2024-11-17,BAF,256,4,1,5,2,5,,,,,,,,,,,
2024-11-18,BAF,60,1,0,1,0,1,,,,,,,,,,,
2024-11-19,BAF,188,1,0,1,0,1,,,,,,,,,,,
2024-11-20,BAF,239,1,0,1,0,1,,,,,,,,,,,
2024-11-21,BAF,5,0,0,0,0,0,,,,,,,,,,,
2024-11-22,BAF,16,0,0,0,0,0,,,,,,,,,,,
2024-11-23,BAF,3,0,0,0,0,0,,,,,,,,,,,
2024-11-24,BAF,0,0,0,0,0,0,,,,,,,,,,,
2024-11-25,BAF,200,2,0,2,1,2,,,,,,,,,,,
2024-11-26,BAF,12,0,0,0,0,0,,,,,,,,,,,
2024-11-27,BAF,286,1,0,1,0,1,,,,,,,,,,,
2024-11-28,BAF,4,0,0,0,0,0,,,,,,,,,,,
2024-11-29,BAF,89,0,0,0,0,0,,,,,,,,,,,
2024-11-30,BAF,147,3,0,3,0,3,,,,,,,,,,,
2024-12-01,BAF,153,0,0,0,1,0,,,,,,,,,,,
2024-12-02,BAF,137,2,0,2,0,2,,,,,,,,,,,
2024-12-03,BAF,238,4,1,5,0,5,,,,,,,,,,,
2024-12-04,BAF,191,1,0,1,1,1,,,,,,,,,,,
2024-12-05,BAF,16,0,0,0,1,0,,,,,,,,,,,
2024-12-06,BAF,18,0,0,0,0,0,,,,,,,,,,,
2024-12-07,BAF,146,3,2,5,0,5,,,,,,,,,,,
2024-12-08,BAF,144,0,0,0,2,0,,,,,,,,,,,
2024-12-09,BAF,78,0,0,0,0,0,,,,,,,,,,,
2024-12-10,BAF,12,0,0,0,0,0,,,,,,,,,,,
2024-12-11,BAF,12,0,0,0,0,0,,,,,,,,,,,
2024-12-12,BAF,80,1,0,1,1,1,,,,,,,,,,,
2024-12-13,BAF,181,12,2,14,0,14,,,,,,,,,,,
2024-12-14,BAF,196,2,2,4,0,4,,,,,,,,,,,
2024-12-15,BAF,206,16,5,21,0,21,,,,,,,,,,,
2024-12-16,BAF,7,1,0,1,0,1,,,,,,,,,,,
2024-12-17,BAF,320,0,0,0,0,0,,,,,,,,,,,
2024-12-18,BAF,67,0,0,0,0,0,,,,,,,,,,,
2024-12-19,BAF,115,0,0,0,0,0,,,,,,,,,,,
2024-12-20,BAF,57,0,0,0,0,0,,,,,,,,,,,
2024-12-21,BAF,48,2,0,2,1,2,,,,,,,,,,,
2024-12-22,BAF,77,8,5,13,2,13,,,,,,,,,,,
2024-12-23,BAF,121,10,4,14,1,14,,,,,,,,,,,
2024-12-24,BAF,8,0,0,0,0,0,,,,,,,,,,,
2024-12-25,BAF,16,1,0,1,0,1,,,,,,,,,,,
2024-12-26,BAF,142,9,0,9,1,9,,,,,,,,,,,
2024-12-27,BAF,167,2,4,6,1,6,,,,,,,,,,,
2024-12-28,BAF,2,0,0,0,0,0,,,,,,,,,,,
2024-12-29,BAF,8,0,0,0,0,0,,,,,,,,,,,
2024-12-30,BAF,90,0,0,0,0,0,,,,,,,,,,,
2024-12-31,BAF,282,0,2,2,0,2,,,,,,,,,,,
2025-01-01,BAF,8,0,0,0,0,0,,,,,,,,,,,
2025-01-02,BAF,10,0,0,0,0,0,,,,,,,,,,,
2025-01-03,BAF,22,0,0,0,1,0,,,,,,,,,,,
2025-01-04,BAF,13,1,0,1,1,1,,,,,,,,,,,
2025-01-05,BAF,19,1,0,1,1,1,,,,,,,,,,,
2025-01-06,BAF,170,9,0,9,3,9,,,,,,,,,,,
2025-01-07,BAF,15,2,0,2,0,2,,,,,,,,,,,
2025-01-08,BAF,27,2,0,2,2,2,,,,,,,,,,,
2025-01-09,BAF,4,0,0,0,1,0,,,,,,,,,,,
2025-01-10,BAF,111,0,0,0,1,0,,,,,,,,,,,
2025-01-11,BAF,74,1,0,1,6,1,,,,,,,,,,,
2025-01-12,BAF,232,12,2,14,2,14,,,,,,,,,,,
2025-01-13,BAF,220,0,0,0,0,0,,,,,,,,,,,
2025-01-14,BAF,75,3,0,3,4,3,,,,,,,,,,,
2025-01-15,BAF,106,6,2,8,4,8,,,,,,,,,,,
2025-01-16,BAF,181,5,10,15,1,15,,,,,,,,,,,
2025-01-17,BAF,181,3,1,4,0,4,,,,,,,,,,,
2025-01-18,BAF,47,0,0,0,0,0,,,,,,,,,,,
2025-01-19,BAF,113,1,0,1,0,1,,,,,,,,,,,
2025-01-20,BAF,25,2,0,2,1,2,,,,,,,,,,,
2025-01-21,BAF,89,4,0,4,1,4,,,,,,,,,,,
2025-01-22,BAF,248,5,2,7,1,7,,,,,,,,,,,
2025-01-23,BAF,119,0,0,0,0,0,,,,,,,,,,,
2025-01-24,BAF,170,7,2,9,1,9,,,,,,,,,,,
2025-01-25,BAF,192,1,4,5,1,5,,,,,,,,,,,
2025-01-26,BAF,53,2,0,2,0,2,,,,,,,,,,,
2025-01-27,BAF,123,0,0,0,0,0,,,,,,,,,,,
2025-01-28,BAF,37,0,0,0,2,0,,,,,,,,,,,
2025-01-29,BAF,34,0,0,0,1,0,,,,,,,,,,,
2025-01-30,BAF,118,9,2,11,4,11,,,,,,,,,,,
2025-01-31,BAF,36,0,0,0,0,0,,,,,,,,,,,
2025-02-01,BAF,55,2,0,2,9,2,,,,,,,,,,,
2025-02-02,BAF,254,5,6,11,1,11,,,,,,,,,,,
2025-02-03,BAF,140,0,0,0,0,0,,,,,,,,,,,
2025-02-04,BAF,34,0,0,0,2,0,,,,,,,,,,,
2025-02-05,BAF,147,7,2,9,1,9,,,,,,,,,,,
2025-02-06,BAF,0,0,0,0,0,0,,,,,,,,,,,
2025-02-07,BAF,21,2,0,2,1,2,,,,,,,,,,,
2025-02-08,BAF,145,0,2,2,0,2,,,,,,,,,,,
2025-02-09,BAF,3,1,0,1,1,1,,,,,,,,,,,
2025-02-10,BAF,170,3,0,3,2,3,,,,,,,,,,,
2025-02-11,BAF,190,0,0,0,0,0,,,,,,,,,,,
2025-02-12,BAF,158,1,0,1,3,1,,,,,,,,,,,
2025-02-13,BAF,6,0,0,0,0,0,,,,,,,,,,,
2025-02-14,BAF,26,3,0,3,1,3,,,,,,,,,,,
2025-02-15,BAF,149,2,8,10,0,10,,,,,,,,,,,
2025-02-16,BAF,2,0,0,0,0,0,,,,,,,,,,,
2025-02-17,BAF,2,0,0,0,0,0,,,,,,,,,,,
2025-02-18,BAF,19,3,1,4,0,4,,,,,,,,,,,
2025-02-19,BAF,67,2,0,2,0,2,,,,,,,,,,,
2025-02-20,BAF,74,3,0,3,1,3,,,,,,,,,,,
2025-02-21,BAF,36,2,0,2,0,2,,,,,,,,,,,
2025-02-22,BAF,214,2,1,3,0,3,,,,,,,,,,,
2025-02-23,BAF,194,2,0,2,0,2,,,,,,,,,,,
2025-02-24,BAF,161,0,0,0,0,0,,,,,,,,,,,
2025-02-25,BAF,221,0,0,0,1,0,,,,,,,,,,,
2025-02-26,BAF,134,0,0,0,1,0,,,,,,,,,,,
2025-02-27,BAF,0,0,0,0,0,0,,,,,,,,,,,
2025-02-28,BAF,158,2,0,2,0,2,,,,,,,,,,,
2025-03-01,BAF,105,0,0,0,0,0,,,,,,,,,,,
2025-03-02,BAF,15,1,0,1,1,1,,,,,,,,,,,
2025-03-03,BAF,138,3,1,4,0,4,,,,,,,,,,,
2025-03-04,BAF,154,0,0,0,0,0,,,,,,,,,,,
2025-03-05,BAF,14,0,0,0,0,0,,,,,,,,,,,
2025-03-06,BAF,83,0,0,0,0,0,,,,,,,,,,,
2025-03-07,BAF,15,0,0,0,0,0,,,,,,,,,,,
2025-03-08,BAF,21,0,0,0,0,0,,,,,,,,,,,
2025-03-09,BAF,251,0,1,1,0,1,,,,,,,,,,,
2025-03-10,BAF,170,2,0,2,0,2,,,,,,,,,,,
2025-03-11,BAF,179,1,1,2,0,2,,,,,,,,,,,
2025-03-12,BAF,257,0,0,0,4,0,,,,,,,,,,,
2025-03-13,BAF,208,0,0,0,0,0,,,,,,,,,,,
2025-03-14,BAF,252,0,0,0,1,0,,,,,,,,,,,
2025-03-15,BAF,35,0,0,0,0,0,,,,,,,,,,,
2025-03-17,BAF,20,0,0,0,0,0,,,,,,,,,,,
2025-03-18,BAF,217,0,0,0,1,0,,,,,,,,,,,
2025-03-19,BAF,249,0,0,0,1,0,,,,,,,,,,,
2025-03-20,BAF,10,0,0,0,0,0,,,,,,,,,,,
2025-03-21,BAF,56,0,0,0,0,0,,,,,,,,,,,
2025-03-22,BAF,132,1,0,1,0,1,,,,,,,,,,,
2025-03-23,BAF,293,4,2,6,0,6,,,,,,,,,,,
2025-03-24,BAF,1,0,0,0,0,0,,,,,,,,,,,
2025-03-25,BAF,110,1,0,1,0,1,,,,,,,,,,,
2025-03-26,BAF,250,0,0,0,1,0,,,,,,,,,,,
2025-03-27,BAF,229,1,0,1,0,1,,,,,,,,,,,
2025-03-28,BAF,331,2,1,3,0,3,,,,,,,,,,,
2025-03-29,BAF,64,0,0,0,0,0,,,,,,,,,,,
2025-03-30,BAF,9,0,0,0,0,0,,,,,,,,,,,
2025-03-31,BAF,26,0,0,0,0,0,,,,,,,,,,,
2025-04-01,BAF,37,0,0,0,0,0,,,,,,,,,,,
2025-04-02,BAF,439,1,0,1,0,1,,,,,,,,,,,
2025-04-03,BAF,64,0,0,0,0,0,,,,,,,,,,,
2025-04-04,BAF,228,1,0,1,0,1,,,,,,,,,,,
2025-04-05,BAF,36,0,0,0,0,0,,,,,,,,,,,
2025-04-06,BAF,91,0,0,0,0,0,,,,,,,,,,,
2025-04-07,BAF,3,0,0,0,0,0,,,,,,,,,,,
2025-04-08,BAF,31,0,0,0,0,0,,,,,,,,,,,
2025-04-09,BAF,309,2,0,2,0,2,,,,,,,,,,,
2025-04-10,BAF,404,0,0,0,0,0,,,,,,,,,,,
2025-04-11,BAF,91,0,0,0,0,0,,,,,,,,,,,
2025-04-12,BAF,8,0,0,0,0,0,,,,,,,,,,,
2025-04-13,BAF,99,0,0,0,0,0,,,,,,,,,,,
2025-04-14,BAF,316,0,0,0,0,0,,,,,,,,,,,
2025-04-15,BAF,111,0,0,0,1,0,,,,,,,,,,,
2025-04-16,BAF,72,1,0,1,0,1,,,,,,,,,,,
2025-04-17,BAF,68,0,0,0,0,0,,,,,,,,,,,
2025-04-18,BAF,290,0,0,0,0,0,,,,,,,,,,,
2025-04-19,BAF,139,0,0,0,0,0,,,,,,,,,,,
2025-04-20,BAF,11,0,0,0,1,0,,,,,,,,,,,
2025-04-21,BAF,308,0,0,0,0,0,,,,,,,,,,,
2025-04-22,BAF,133,3,0,3,0,3,,,,,,,,,,,
2025-04-23,BAF,337,2,0,2,0,2,,,,,,,,,,,
2025-04-24,BAF,284,0,0,0,0,0,,,,,,,,,,,
2025-04-25,BAF,137,0,0,0,0,0,,,,,,,,,,,
2025-04-26,BAF,15,0,0,0,0,0,,,,,,,,,,,
2025-04-27,BAF,14,1,0,1,0,1,,,,,,,,,,,
2025-04-28,BAF,302,0,0,0,0,0,,,,,,,,,,,
2025-04-29,BAF,90,0,0,0,0,0,,,,,,,,,,,
2025-04-30,BAF,111,0,0,0,0,0,,,,,,,,,,,
2025-05-01,BAF,313,0,0,0,0,0,,,,,,,,,,,
2025-05-02,BAF,141,0,0,0,0,0,,,,,,,,,,,
2025-05-03,BAF,111,0,0,0,0,0,,,,,,,,,,,
2025-05-04,BAF,14,0,0,0,0,0,,,,,,,,,,,
2025-05-05,BAF,12,0,0,0,0,0,,,,,,,,,,,
2025-05-06,BAF,9,0,0,0,0,0,,,,,,,,,,,
2025-05-07,BAF,293,0,0,0,0,0,,,,,,,,,,,
2025-05-08,BAF,178,0,0,0,0,0,,,,,,,,,,,
2025-05-09,BAF,2,0,0,0,0,0,,,,,,,,,,,
2025-05-10,BAF,74,0,0,0,0,0,,,,,,,,,,,
2025-05-11,BAF,50,0,0,0,0,0,,,,,,,,,,,
2025-05-12,BAF,350,0,0,0,0,0,,,,,,,,,,,
2025-05-13,BAF,242,0,0,0,0,0,,,,,,,,,,,
2025-05-15,BAF,50,0,0,0,0,0,,,,,,,,,,,
2025-05-16,BAF,147,0,0,0,0,0,,,,,,,,,,,
2025-05-17,BAF,91,0,0,0,0,0,,,,,,,,,,,
2025-05-18,BAF,87,0,0,0,0,0,,,,,,,,,,,
2025-05-19,BAF,31,0,0,0,1,0,,,,,,,,,,,
2025-05-20,BAF,181,0,0,0,0,0,,,,,,,,,,,
2025-05-21,BAF,165,0,0,0,1,0,,,,,,,,,,,
2025-05-22,BAF,6,0,0,0,0,0,,,,,,,,,,,
2025-05-23,BAF,82,1,1,2,0,2,,,,,,,,,,,
2025-05-24,BAF,103,0,0,0,0,0,,,,,,,,,,,
2025-05-25,BAF,142,0,0,0,0,0,,,,,,,,,,,
2025-05-26,BAF,192,0,0,0,0,0,,,,,,,,,,,
2025-05-27,BAF,324,0,0,0,1,0,,,,,,,,,,,
2025-05-28,BAF,361,0,0,0,0,0,,,,,,,,,,,
2025-05-29,BAF,130,0,0,0,0,0,,,,,,,,,,,
2025-05-30,BAF,143,0,0,0,0,0,,,,,,,,,,,
2025-05-31,BAF,11,0,0,0,0,0,,,,,,,,,,,
2025-06-01,BAF,211,0,0,0,0,0,,,,,,,,,,,
2025-06-02,BAF,264,0,0,0,0,0,,,,,,,,,,,
2025-06-03,BAF,310,0,0,0,0,0,,,,,,,,,,,
2025-06-04,BAF,440,0,0,0,0,0,,,,,,,,,,,
2025-06-05,BAF,305,0,0,0,0,0,,,,,,,,,,,
2025-06-06,BAF,220,1,0,1,0,1,,,,,,,,,,,
2025-06-07,BAF,9,0,0,0,0,0,,,,,,,,,,,
2025-06-08,BAF,224,0,0,0,0,0,,,,,,,,,,,
2025-06-09,BAF,186,0,2,2,0,2,,,,,,,,,,,
2025-06-10,BAF,10,0,0,0,0,0,,,,,,,,,,,
2025-06-11,BAF,243,0,0,0,0,0,,,,,,,,,,,
2025-06-12,BAF,142,0,0,0,0,0,,,,,,,,,,,
2025-06-13,BAF,266,0,0,0,0,0,,,,,,,,,,,
2025-06-15,BAF,236,0,0,0,1,0,,,,,,,,,,,
2025-06-16,BAF,218,1,0,1,0,1,,,,,,,,,,,
2025-06-17,BAF,19,0,0,0,0,0,,,,,,,,,,,
2025-06-18,BAF,18,0,0,0,0,0,,,,,,,,,,,
2025-06-19,BAF,127,0,0,0,0,0,,,,,,,,,,,
2025-06-20,BAF,20,0,0,0,0,0,,,,,,,,,,,
2025-06-21,BAF,238,0,0,0,0,0,,,,,,,,,,,
2025-06-22,BAF,83,0,0,0,0,0,,,,,,,,,,,
2025-06-23,BAF,178,3,4,7,0,7,,,,,,,,,,,
2025-06-24,BAF,134,0,1,1,0,1,,,,,,,,,,,
2025-06-25,BAF,189,5,10,15,0,15,,,,,,,,,,,
2025-06-26,BAF,171,3,3,6,0,6,,,,,,,,,,,
2025-06-27,BAF,296,16,9,25,0,25,,,,,,,,,,,
2025-06-28,BAF,43,1,0,1,0,1,,,,,,,,,,,
2025-06-29,BAF,274,1,2,3,0,3,,,,,,,,,,,
2025-06-30,BAF,244,2,1,3,0,3,,,,,,,,,,,
2025-07-01,BAF,194,2,2,4,0,4,,,,,,,,,,,
2025-07-02,BAF,409,51,42,93,4,93,,,,,,,,,,,
2025-07-03,BAF,171,10,6,16,4,16,,,,,,,,,,,
2025-07-04,BAF,153,4,4,8,1,8,,,,,,,,,,,
2025-07-05,BAF,171,35,33,68,2,68,,,,,,,,,,,
2025-07-06,BAF,168,21,12,33,3,33,,,,,,,,,,,
2025-07-07,BAF,188,17,11,28,0,28,,,,,,,,,,,
2025-07-08,BAF,310,33,26,59,1,59,,,,,,,,,,,
2025-07-09,BAF,252,33,32,65,3,65,,,,,,,,,,,
2025-07-10,BAF,239,25,20,45,1,45,,,,,,,,,,,
2025-07-11,BAF,99,11,10,21,0,21,,,,,,,,,,,
2025-07-12,BAF,118,13,9,22,0,22,,,,,,,,,,,
2025-07-13,BAF,121,21,13,34,0,34,,,,,,,,,,,
2025-07-14,BAF,52,1,0,1,0,1,,,,,,,,,,,
2025-07-15,BAF,237,25,24,49,1,49,,,,,,,,,,,
2025-07-16,BAF,172,14,5,19,1,19,,,,,,,,,,,
2025-07-17,BAF,220,4,0,4,0,4,,,,,,,,,,,
2025-07-18,BAF,184,16,13,29,1,29,,,,,,,,,,,
2025-07-19,BAF,192,37,28,65,2,65,,,,,,,,,,,
2025-07-20,BAF,100,13,12,25,0,25,,,,,,,,,,,
2025-07-21,BAF,221,15,14,29,3,29,,,,,,,,,,,
2025-07-22,BAF,251,40,35,75,5,75,,,,,,,,,,,
2025-07-23,BAF,337,68,63,131,14,131,,,,,,,,,,,
2025-07-24,BAF,222,22,13,35,3,35,,,,,,,,,,,
2025-07-25,BAF,150,23,19,42,2,42,,,,,,,,,,,
2025-07-26,BAF,224,31,24,55,0,55,,,,,,,,,,,
2025-07-27,BAF,37,2,0,2,0,2,,,,,,,,,,,
2025-07-28,BAF,256,33,31,64,1,64,,,,,,,,,,,
2025-07-29,BAF,307,41,37,78,6,78,,,,,,,,,,,
2025-07-30,BAF,331,30,20,50,6,50,,,,,,,,,,,
2025-07-31,BAF,32,0,0,0,0,0,,,,,,,,,,,
2025-08-01,BAF,209,14,14,28,1,28,,,,,,,,,,,
2025-08-02,BAF,190,47,35,82,0,82,,,,,,,,,,,
2025-08-03,BAF,223,49,49,98,2,98,,,,,,,,,,,
2025-08-04,BAF,286,10,10,20,3,20,,,,,,,,,,,
2025-08-05,BAF,192,28,23,51,3,51,,,,,,,,,,,
2025-08-06,BAF,271,43,37,80,2,80,,,,,,,,,,,
2025-08-07,BAF,248,27,22,49,6,49,,,,,,,,,,,
2025-08-08,BAF,288,54,45,99,0,99,,,,,,,,,,,
2025-08-09,BAF,210,39,40,79,0,79,,,,,,,,,,,
2025-08-10,BAF,152,30,19,49,3,49,,,,,,,,,,,
2025-08-11,BAF,234,22,14,36,0,36,,,,,,,,,,,
2025-08-12,BAF,169,26,21,47,2,47,,,,,,,,,,,
2025-08-13,BAF,113,11,9,20,0,20,,,,,,,,,,,
2025-08-14,BAF,196,34,26,60,2,60,,,,,,,,,,,
2025-08-15,BAF,187,23,24,47,1,47,,,,,,,,,,,
2025-08-16,BAF,129,12,13,25,0,25,,,,,,,,,,,
2025-08-17,BAF,201,26,20,46,0,46,,,,,,,,,,,
2025-08-18,BAF,170,27,23,50,0,50,,,,,,,,,,,
2025-08-19,BAF,302,49,36,85,4,85,,,,,,,,,,,
2025-08-20,BAF,17,0,0,0,0,0,,,,,,,,,,,
2025-08-21,BAF,123,4,1,5,0,5,,,,,,,,,,,
2025-08-22,BAF,280,31,27,58,2,58,,,,,,,,,,,
2025-08-25,BAF,182,8,6,14,2,14,,,,,,,,,,,
2025-08-26,BAF,238,19,12,31,3,31,,,,,,,,,,,
2025-08-27,BAF,302,9,12,21,1,21,,,,,,,,,,,
2025-08-28,BAF,291,29,21,50,4,50,,,,,,,,,,,
2025-08-29,BAF,207,12,13,25,1,25,,,,,,,,,,,
2025-08-30,BAF,196,23,17,40,0,40,,,,,,,,,,,
2025-08-31,BAF,158,22,30,52,1,52,,,,,,,,,,,
2025-09-01,BAF,190,37,40,77,0,77,,,,,,,,,,,
2025-09-02,BAF,257,38,23,61,7,61,,,,,,,,,,,
2025-09-03,BAF,107,20,22,42,1,42,,,,,,,,,,,
2025-09-04,BAF,187,11,12,23,4,23,,,,,,,,,,,
2025-09-05,BAF,130,7,8,15,3,15,,,,,,,,,,,
2025-09-06,BAF,79,2,3,5,0,5,,,,,,,,,,,
2025-09-07,BAF,134,15,14,29,1,29,,,,,,,,,,,
2025-09-09,BAF,248,26,25,51,7,51,,,,,,,,,,,
2025-09-10,BAF,241,69,88,157,2,157,,,,,,,,,,,
2025-09-12,BAF,281,100,106,206,4,206,,,,,,,,,,,
2025-09-13,BAF,185,58,58,116,2,116,,,,,,,,,,,
2025-09-15,BAF,184,39,37,76,7,76,,,,,,,,,,,
2025-09-16,BAF,136,37,39,76,6,76,,,,,,,,,,,
2025-09-17,BAF,220,61,73,134,0,134,,,,,,,,,,,
2025-09-19,BAF,200,70,74,144,1,144,,,,,,,,,,,
2025-09-20,BAF,201,75,78,153,2,153,,,,,,,,,,,
2025-09-21,BAF,202,71,70,141,2,141,,,,,,,,,,,
2025-09-22,BAF,160,47,43,90,2,90,,,,,,,,,,,
2025-09-24,BAF,14,5,5,10,0,10,,,,,,,,,,,
2025-09-25,BAF,9,3,5,8,0,8,,,,,,,,,,,
2025-09-26,BAF,165,57,58,115,1,115,,,,,,,,,,,
2025-09-27,BAF,174,53,60,113,3,113,,,,,,,,,,,
2025-09-28,BAF,188,59,62,121,4,121,,,,,,,,,,,
2025-09-29,BAF,216,72,71,143,4,143,,,,,,,,,,,
2025-10-01,BAF,171,45,54,99,1,99,,,,,,,,,,,
2025-10-02,BAF,223,63,80,143,0,143,,,,,,,,,,,
2025-10-03,BAF,144,74,59,133,0,133,,,,,,,,,,,
2025-10-04,BAF,144,44,55,99,1,99,,,,,,,,,,,
2025-10-05,BAF,191,58,60,118,2,118,,,,,,,,,,,
2025-10-06,BAF,206,61,60,121,1,121,,,,,,,,,,,
2025-10-07,BAF,155,42,31,73,0,73,,,,,,,,,,,
2025-10-08,BAF,52,14,19,33,0,33,,,,,,,,,,,
2025-10-09,BAF,95,32,32,64,1,64,,,,,,,,,,,
2025-10-10,BAF,215,79,77,156,0,156,,,,,,,,,,,
2025-10-11,BAF,146,67,68,135,1,135,,,,,,,,,,,
2025-10-12,BAF,42,15,17,32,0,32,,,,,,,,,,,
2025-10-13,BAF,4,2,1,3,0,3,,,,,,,,,,,
2025-10-14,BAF,93,19,25,44,0,44,,,,,,,,,,,
2025-10-15,BAF,150,39,41,80,1,80,,,,,,,,,,,
2025-10-16,BAF,78,11,11,22,0,22,,,,,,,,,,,
2025-10-17,BAF,325,104,108,212,4,212,,,,,,,,,,,
2025-10-18,BAF,260,106,110,216,1,216,,,,,,,,,,,
2025-10-19,BAF,180,50,57,107,2,107,,,,,,,,,,,
2025-10-20,BAF,68,28,28,56,0,56,,,,,,,,,,,
2025-10-21,BAF,177,51,48,99,0,99,,,,,,,,,,,
2025-10-22,BAF,40,14,13,27,0,27,,,,,,,,,,,
2025-10-23,BAF,40,107,113,220,3,220,,,,,,,,,,,
2025-10-25,BAF,207,99,104,203,2,203,,,,,,,,,,,
2025-10-26,BAF,222,71,79,150,1,150,,,,,,,,,,,
2025-10-27,BAF,192,60,70,130,1,130,,,,,,,,,,,
2025-10-28,BAF,183,72,80,152,1,152,,,,,,,,,,,
2025-10-29,BAF,207,63,80,143,1,143,,,,,,,,,,,
2025-10-30,BAF,24,11,11,22,0,22,,,,,,,,,,,
2025-10-31,BAF,9,3,4,7,0,7,,,,,,,,,,,
2025-11-01,BAF,19,4,2,6,1,6,,,,,,,,,,,
2025-11-02,BAF,200,54,55,109,4,109,,,,,,,,,,,
2025-11-03,BAF,110,45,49,94,0,94,,,,,,,,,,,
2025-11-04,BAF,6,4,3,7,0,7,,,,,,,,,,,
2025-11-05,BAF,179,64,64,128,2,128,,,,,,,,,,,
2025-11-06,BAF,18,6,6,12,2,12,,,,,,,,,,,
2025-11-07,BAF,165,61,66,127,0,127,,,,,,,,,,,
2025-11-08,BAF,145,71,75,146,0,146,,,,,,,,,,,
2025-11-09,BAF,138,48,62,110,0,110,,,,,,,,,,,
2025-11-10,BAF,17,7,7,14,0,14,,,,,,,,,,,
2025-11-11,BAF,19,5,7,12,1,12,,,,,,,,,,,
2025-11-12,BAF,221,76,77,153,0,153,,,,,,,,,,,
2025-11-13,BAF,136,50,52,102,1,102,,,,,,,,,,,
2025-11-14,BAF,177,71,75,146,0,146,,,,,,,,,,,
2025-11-15,BAF,295,111,117,228,0,228,,,,,,,,,,,
2025-11-16,BAF,6,3,2,5,0,5,,,,,,,,,,,
2025-11-17,BAF,38,8,5,13,3,13,,,,,,,,,,,
2025-11-18,BAF,168,48,45,93,2,93,,,,,,,,,,,
2025-11-19,BAF,343,106,112,218,4,218,,,,,,,,,,,
2025-11-20,BAF,277,104,108,212,8,212,,,,,,,,,,,
2025-11-21,BAF,108,41,45,86,0,86,,,,,,,,,,,
2025-11-22,BAF,97,44,42,86,1,86,,,,,,,,,,,
2025-11-23,BAF,253,82,84,166,0,166,,,,,,,,,,,
2025-11-24,BAF,160,56,54,110,4,110,,,,,,,,,,,
2025-11-25,BAF,246,56,62,118,10,118,,,,,,,,,,,
2025-11-26,BAF,40,14,15,29,0,29,,,,,,,,,,,
2025-11-27,BAF,29,9,11,20,2,20,,,,,,,,,,,
2025-11-28,BAF,20,6,6,12,0,12,,,,,,,,,,,
2025-11-29,BAF,71,29,31,60,0,60,,,,,,,,,,,
2025-11-30,BAF,61,21,27,48,0,48,,,,,,,,,,,
2025-12-01,BAF,168,47,45,92,5,92,,,,,,,,,,,
2025-12-02,BAF,0,0,0,0,0,0,,,,,,,,,,,
2025-12-03,BAF,128,16,19,35,3,35,,,,,,,,,,,
2025-12-04,BAF,161,20,28,48,3,48,,,,,,,,,,,
2025-12-05,BAF,161,66,69,135,0,135,,,,,,,,,,,
2025-12-06,BAF,114,26,21,47,0,47,,,,,,,,,,,
2025-12-07,BAF,165,60,52,112,0,112,,,,,,,,,,,
2025-12-08,BAF,123,41,39,80,2,80,,,,,,,,,,,
2025-12-09,BAF,247,84,88,172,3,172,,,,,,,,,,,
2025-12-10,BAF,112,28,33,61,2,61,,,,,,,,,,,
2025-12-11,BAF,7,3,3,6,2,6,,,,,,,,,,,
2025-12-12,BAF,23,8,9,17,1,17,,,,,,,,,,,
2025-12-13,BAF,229,106,109,215,0,215,,,,,,,,,,,
2025-12-14,BAF,2,2,0,2,1,2,,,,,,,,,,,
2025-12-15,BAF,50,9,8,17,5,17,,,,,,,,,,,
2025-12-16,BAF,240,52,56,108,3,108,,,,,,,,,,,
2025-12-17,BAF,193,44,46,90,5,90,,,,,,,,,,,
2025-12-18,BAF,170,71,71,142,2,142,,,,,,,,,,,
2025-12-19,BAF,2,1,1,2,0,2,,,,,,,,,,,
2025-12-20,BAF,139,61,63,124,1,124,,,,,,,,,,,
2025-12-21,BAF,20,10,10,20,0,20,,,,,,,,,,,
2025-12-22,BAF,170,51,53,104,3,104,,,,,,,,,,,
2025-12-23,BAF,3,1,2,3,0,3,,,,,,,,,,,
2025-12-24,BAF,16,4,4,8,0,8,,,,,,,,,,,
2025-12-25,BAF,4,0,0,0,1,0,,,,,,,,,,,
2025-12-26,BAF,119,35,45,80,0,80,,,,,,,,,,,
2025-12-27,BAF,44,12,15,27,0,27,,,,,,,,,,,
2025-12-28,BAF,142,24,32,56,0,56,,,,,,,,,,,
2025-12-29,BAF,1,0,1,1,0,1,,,,,,,,,,,
2025-12-30,BAF,2,1,1,2,1,2,,,,,,,,,,,
2025-12-31,BAF,52,20,16,36,0,36,,,,,,,,,,,
2026-01-01,BAF,3,1,2,3,0,3,,,,,,,,,,,
2026-01-02,BAF,165,62,60,122,2,122,,,,,,,,,,,
2026-01-03,BAF,136,52,47,99,2,99,,,,,,,,,,,
2026-01-04,BAF,123,35,35,70,0,70,,,,,,,,,,,
2026-01-05,BAF,63,28,24,52,0,52,,,,,,,,,,,
2026-01-06,BAF,132,18,25,43,6,43,,,,,,,,,,,
2026-01-07,BAF,2,1,1,2,0,2,,,,,,,,,,,
2026-01-08,BAF,215,62,60,122,13,122,,,,,,,,,,,
2026-01-09,BAF,49,17,17,34,0,34,,,,,,,,,,,
2026-01-10,BAF,186,25,37,62,10,62,,,,,,,,,,,
2026-01-11,BAF,157,43,43,86,2,86,,,,,,,,,,,
2026-01-12,BAF,212,63,56,119,4,119,,,,,,,,,,,
2026-01-13,BAF,211,69,64,133,7,133,,,,,,,,,,,
2026-01-14,BAF,126,32,31,63,3,63,,,,,,,,,,,
2026-01-15,BAF,87,27,32,59,4,59,,,,,,,,,,,
2026-01-16,BAF,63,24,27,51,0,51,,,,,,,,,,,
2026-01-17,BAF,7,3,3,6,0,6,,,,,,,,,,,
2026-01-18,BAF,2,1,1,2,0,2,,,,,,,,,,,
2026-01-19,BAF,70,16,19,35,0,35,,,,,,,,,,,
2026-01-20,BAF,148,28,33,61,10,61,,,,,,,,,,,
2026-01-21,BAF,254,64,63,127,6,127,,,,,,,,,,,
2026-01-22,BAF,86,25,21,46,6,46,,,,,,,,,,,
2026-01-23,BAF,59,20,19,39,1,39,,,,,,,,,,,
2026-01-24,BAF,90,42,44,86,0,86,,,,,,,,,,,
2026-01-25,BAF,0,0,0,0,0,0,,,,,,,,,,,
2026-01-26,BAF,3,2,1,3,0,3,,,,,,,,,,,
2026-01-27,BAF,27,4,7,11,1,11,,,,,,,,,,,
2026-01-28,BAF,52,12,15,27,6,27,,,,,,,,,,,
2026-01-29,BAF,234,23,24,47,2,47,,,,,,,,,,,
2026-01-30,BAF,31,13,17,30,0,30,,,,,,,,,,,
2026-01-31,BAF,154,77,81,158,0,158,,,,,,,,,,,
2026-02-02,BAF,130,29,28,57,1,57,,,,,,,,,,,
2026-02-03,BAF,151,44,36,80,4,80,,,,,,,,,,,
2026-02-05,BAF,246,86,86,172,8,172,,,,,,,,,,,
2026-02-06,BAF,142,41,42,83,4,83,,,,,,,,,,,
2026-02-07,BAF,2,1,1,2,0,2,,,,,,,,,,,
2026-02-08,BAF,32,7,9,16,3,16,,,,,,,,,,,
2026-02-09,BAF,124,44,47,91,3,91,,,,,,,,,,,
2026-02-10,BAF,165,53,44,97,4,97,,,,,,,,,,,
2026-02-11,BAF,41,13,15,28,1,28,,,,,,,,,,,
2026-02-12,BAF,82,18,20,38,7,38,,,,,,,,,,,
2026-02-13,BAF,166,50,67,117,2,117,,,,,,,,,,,
2026-02-14,BAF,225,99,92,191,1,191,,,,,,,,,,,
2026-02-15,BAF,139,41,44,85,0,85,,,,,,,,,,,
2026-02-16,BAF,160,31,50,81,0,81,,,,,,,,,,,
2026-02-17,BAF,244,52,46,98,9,98,,,,,,,,,,,
2026-02-18,BAF,5,1,3,4,0,4,,,,,,,,,,,
2026-02-19,BAF,215,68,63,131,8,131,,,,,,,,,,,
2026-02-20,BAF,32,10,16,26,0,26,,,,,,,,,,,
2026-02-21,BAF,82,35,37,72,0,72,,,,,,,,,,,
2026-02-22,BAF,36,12,15,27,0,27,,,,,,,,,,,
2026-02-23,BAF,0,0,0,0,0,0,,,,,,,,,,,
2026-02-24,BAF,23,3,4,7,2,7,,,,,,,,,,,
2026-02-25,BAF,59,1,1,2,2,2,,,,,,,,,,,
2026-02-26,BAF,221,86,83,169,7,169,,,,,,,,,,,
2026-02-27,BAF,162,65,51,116,3,116,,,,,,,,,,,
2026-02-28,BAF,147,54,39,93,3,93,,,,,,,,,,,
2026-03-01,BAF,31,6,7,13,0,13,,,,,,,,,,,
2026-03-02,BAF,230,79,67,146,3,146,,,,,,,,,,,
2026-03-03,BAF,48,14,11,25,0,25,,,,,,,,,,,
2026-03-04,BAF,216,56,44,100,11,100,,,,,,,,,,,
2026-03-05,BAF,13,1,3,4,0,4,,,,,,,,,,,
2026-03-06,BAF,4,0,2,2,0,2,,,,,,,,,,,
2026-03-07,BAF,6,2,2,4,0,4,,,,,,,,,,,
2026-03-08,BAF,44,10,12,22,0,22,,,,,,,,,,,
2026-03-09,BAF,249,77,60,137,2,137,,,,,,,,,,,
2026-03-10,BAF,187,102,82,184,3,184,,,,,,,,,,,
2026-03-11,BAF,225,65,71,136,0,136,,,,,,,,,,,
2026-03-12,BAF,9,2,0,2,7,2,,,,,,,,,,,
2026-03-13,BAF,190,74,68,142,0,142,,,,,,,,,,,
2026-03-14,BAF,2,0,0,0,0,0,,,,,,,,,,,
2026-03-15,BAF,206,75,78,153,2,153,,,,,,,,,,,
2026-03-16,BAF,4,1,3,4,0,4,,,,,,,,,,,
2026-03-17,BAF,16,0,2,2,9,2,,,,,,,,,,,
2026-03-18,BAF,226,64,63,127,18,127,,,,,,,,,,,
2026-03-19,BAF,239,77,72,149,19,149,,,,,,,,,,,
2026-03-20,BAF,147,51,41,92,1,92,,,,,,,,,,,
2026-03-21,BAF,62,26,26,52,0,52,,,,,,,,,,,
2026-03-22,BAF,16,8,7,15,0,15,,,,,,,,,,,
2026-03-23,BAF,6,2,1,3,0,3,,,,,,,,,,,
2026-03-24,BAF,254,64,51,115,7,115,,,,,,,,,,,
2026-03-25,BAF,167,40,29,69,6,69,,,,,,,,,,,
2026-03-26,BAF,177,58,45,103,7,103,,,,,,,,,,,
2026-03-27,BAF,115,24,35,59,0,59,,,,,,,,,,,
2026-03-28,BAF,119,38,36,74,0,74,,,,,,,,,,,
2026-03-29,BAF,86,33,20,53,1,53,,,,,,,,,,,
2026-03-30,BAF,150,51,33,84,0,84,,,,,,,,,,,
2026-03-31,BAF,145,31,24,55,2,55,,,,,,,,,,,
2026-04-01,BAF,89,16,10,26,2,26,,,,,,,,,,,
2026-04-02,BAF,9,5,3,8,0,8,,,,,,,,,,,
2026-04-03,BAF,62,25,23,48,0,48,,,,,,,,,,,
2026-04-04,BAF,170,42,58,100,0,100,,,,,,,,,,,
2026-04-05,BAF,2,0,1,1,1,1,,,,,,,,,,,
2026-04-06,BAF,46,14,17,31,0,31,,,,,,,,,,,
2026-04-07,BAF,81,10,13,23,10,23,,,,,,,,,,,
2026-04-08,BAF,335,94,79,173,1,173,,,,,,,,,,,
2026-04-09,BAF,151,46,27,73,1,73,,,,,,,,,,,
2026-04-10,BAF,171,58,37,95,11,95,,,,,,,,,,,
2026-04-11,BAF,30,6,4,10,6,10,,,,,,,,,,,
2026-04-12,BAF,192,48,41,89,4,89,,,,,,,,,,,
2026-04-13,BAF,54,23,17,40,1,40,,,,,,,,,,,
2026-04-14,BAF,179,57,42,99,2,99,,,,,,,,,,,
2026-04-15,BAF,167,75,64,139,4,139,,,,,,,,,,,
2026-04-16,BAF,176,60,49,109,2,109,,,,,,,,,,,
2026-04-17,BAF,117,38,44,82,1,82,,,,,,,,,,,
2026-04-18,BAF,99,30,39,69,0,69,,,,,,,,,,,
2026-04-19,BAF,7,1,5,6,1,6,,,,,,,,,,,
2026-04-20,BAF,116,28,25,53,8,53,,,,,,,,,,,
2026-04-21,BAF,281,83,79,162,5,162,,,,,,,,,,,
2026-04-22,BAF,26,9,10,19,3,19,,,,,,,,,,,
2026-04-23,BAF,83,18,22,40,10,40,,,,,,,,,,,
2026-04-24,BAF,219,54,64,118,0,118,,,,,,,,,,,
2026-04-25,BAF,168,74,54,128,0,128,,,,,,,,,,,
2026-04-26,BAF,125,38,44,82,0,82,,,,,,,,,,,
2026-04-27,BAF,193,50,59,109,4,109,,,,,,,,,,,
2026-04-28,BAF,269,83,72,155,1,155,,,,,,,,,,,
2026-04-29,BAF,211,76,66,142,2,142,,,,,,,,,,,
2026-04-30,BAF,54,29,25,54,0,54,,,,,,,,,,,
2026-05-01,BAF,113,36,40,76,3,76,,,,,,,,,,,
2026-05-02,BAF,161,59,62,121,7,121,,,,,,,,,,,
2026-05-03,BAF,42,10,13,23,3,23,,,,,,,,,,,
2026-05-04,BAF,40,7,0,7,1,7,,,,,,,,,,,
2026-05-07,BAF,53,10,15,25,3,25,,,,,,,,,,,
2026-05-08,BAF,133,37,44,81,2,81,,,,,,,,,,,
2026-05-09,BAF,2,0,0,0,0,0,,,,,,,,,,,
2026-05-10,BAF,184,74,64,138,3,138,,,,,,,,,,,
2026-05-11,BAF,306,99,109,208,2,208,,,,,,,,,,,
2026-05-12,BAF,306,69,80,149,9,149,,,,,,,,,,,
2026-05-13,BAF,16,9,6,15,0,15,,,,,,,,,,,
2026-05-14,BAF,16,8,4,12,0,12,,,,,,,,,,,
2026-05-15,BAF,214,63,76,139,0,139,,,,,,,,,,,
2026-05-16,BAF,292,97,62,159,3,159,,,,,,,,,,,
2026-05-17,BAF,162,61,53,114,1,114,,,,,,,,,,,
2026-05-18,BAF,194,79,68,147,5,147,,,,,,,,,,,
2026-05-19,BAF,110,39,29,68,8,68,,,,,,,,,,,
2026-05-20,BAF,79,21,26,47,4,47,,,,,,,,,,,
2026-05-21,BAF,268,81,93,174,4,174,,,,,,,,,,,
2026-05-22,BAF,252,89,116,205,1,205,,,,,,,,,,,
2026-05-23,BAF,252,60,57,117,0,117,,,,,,,,,,,
2026-05-24,BAF,15,3,9,12,0,12,,,,,,,,,,,
2026-05-25,BAF,118,36,35,71,0,71,,,,,,,,,,,
2026-05-26,BAF,388,118,93,211,5,211,,,,,,,,,,,
2026-05-27,BAF,247,69,61,130,13,130,,,,,,,,,,,
2026-05-28,BAF,226,47,60,107,8,107,,,,,,,,,,,
2026-05-29,BAF,204,79,78,157,1,157,,,,,,,,,,,
2026-05-30,BAF,14,3,3,6,0,6,,,,,,,,,,,
2026-05-31,BAF,149,45,40,85,0,85,,,,,,,,,,,
2026-06-01,BAF,178,29,49,78,7,78,,,,,,,,,,,
2026-06-02,BAF,329,59,76,135,3,135,,,,,,,,,,,
2026-06-03,BAF,361,98,118,216,7,216,,,,,,,,,,,
2026-06-04,BAF,262,92,85,177,4,177,,,,,,,,,,,
2026-06-05,BAF,267,82,89,171,10,171,,,,,,,,,,,
2026-06-06,BAF,111,48,41,89,5,89,,,,,,,,,,,
2026-06-07,BAF,47,19,14,33,2,33,,,,,,,,,,,
2026-06-08,BAF,254,71,82,153,5,153,,,,,,,,,,,
2026-06-09,BAF,407,139,119,258,5,258,,,,,,,,,,,
2026-06-10,BAF,257,67,53,120,4,120,,,,,,,,,,,
2026-06-11,BAF,222,0,0,0,0,0,,,,,,,,,,,
2026-06-12,BAF,194,59,70,129,0,129,,,,,,,,,,,
2026-06-13,BAF,190,44,63,107,3,107,,,,,,,,,,,
2026-06-14,BAF,119,32,9,41,1,41,,,,,,,,,,,
2026-06-15,BAF,76,24,19,43,2,43,,,,,,,,,,,
2026-06-16,BAF,298,120,127,247,5,247,,,,,,,,,,,
2026-06-17,BAF,288,82,63,145,6,145,,,,,,,,,,,
2026-06-18,BAF,8,3,3,6,2,6,,,,,,,,,,,
2026-06-19,BAF,94,22,27,49,1,49,,,,,,,,,,,
2026-06-20,BAF,32,13,14,27,1,27,,,,,,,,,,,
2026-06-21,BAF,180,63,62,125,0,125,,,,,,,,,,,
2026-06-22,BAF,108,31,36,67,3,67,,,,,,,,,,,
2026-06-23,BAF,147,52,57,109,0,109,,,,,,,,,,,
2026-06-24,BAF,323,95,101,196,3,196,,,,,,,,,,,
2026-06-25,BAF,296,26,33,59,4,59,,,,,,,,,,,
2026-06-26,BAF,226,79,69,148,3,148,,,,,,,,,,,
2026-06-27,BAF,109,23,24,47,1,47,,,,,,,,,,,
2026-06-28,BAF,106,21,34,55,1,55,,,,,,,,,,,
2026-06-29,BAF,208,50,65,115,3,115,,,,,,,,,,,
2026-06-30,BAF,202,66,54,120,4,120,,,,,,,,,,,
2026-07-01,BAF,270,82,69,151,1,151,,,,,,,,,,,
2026-07-02,BAF,142,56,50,106,0,106,,,,,,,,,,,
2026-07-03,BAF,118,45,50,95,0,95,,,,,,,,,,,
2026-07-04,BAF,98,39,41,80,1,80,,,,,,,,,,,
2026-07-05,BAF,106,38,27,65,1,65,,,,,,,,,,,
2026-07-06,BAF,16,2,1,3,2,3,,,,,,,,,,,
2026-07-07,BAF,18,2,5,7,0,7,,,,,,,,,,,
2026-07-08,BAF,415,110,113,223,8,223,,,,,,,,,,,
2026-07-09,BAF,288,116,98,214,9,214,,,,,,,,,,,
2026-07-10,BAF,264,68,58,126,1,126,,,,,,,,,,,
2026-07-11,BAF,229,45,53,98,1,98,,,,,,,,,,,
2026-07-12,BAF,165,42,57,99,1,99,,,,,,,,,,,
2026-07-13,BAF,230,90,72,162,3,162,,,,,,,,,,,
2026-07-14,BAF,246,68,52,120,4,120,,,,,,,,,,,
2026-07-15,BAF,202,83,82,165,4,165,,,,,,,,,,,
2026-07-16,BAF,202,36,38,74,1,74,,,,,,,,,,,
2026-07-17,BAF,254,111,114,225,2,225,,,,,,,,,,,
2026-07-18,BAF,46,24,15,39,1,39,,,,,,,,,,,
2026-07-19,BAF,89,34,37,71,1,71,,,,,,,,,,,
2026-07-20,BAF,277,104,77,181,3,181,,,,,,,,,,,
2026-07-21,BAF,20,3,3,6,0,6,,,,,,,,,,,
2026-07-22,BAF,170,56,53,109,6,109,,,,,,,,,,,
2026-07-23,BAF,232,74,76,150,10,150,,,,,,,,,,,
2026-07-24,BAF,198,79,57,136,3,136,,,,,,,,,,,
2026-07-25,BAF,213,75,64,139,0,139,,,,,,,,,,,
2026-07-26,BAF,200,60,77,137,3,137,,,,,,,,,,,
2026-07-27,BAF,230,86,75,161,5,161,,,,,,,,,,,
2026-07-28,BAF,22,6,3,9,1,9,,,,,,,,,,,
2026-07-29,BAF,18,8,3,11,0,11,,,,,,,,,,,
2026-07-30,BAF,153,42,57,99,2,99,,,,,,,,,,,
2026-07-31,BAF,221,58,87,145,2,145,,,,,,,,,,,
2026-08-01,BAF,187,9,11,20,0,20,,,,,,,,,,,
2026-08-02,BAF,69,34,21,55,2,55,,,,,,,,,,,
2026-08-03,BAF,48,25,24,49,0,49,,,,,,,,,,,
2026-08-04,BAF,295,87,79,166,10,166,,,,,,,,,,,
2026-08-05,BAF,345,100,78,178,7,178,,,,,,,,,,,
2026-08-06,BAF,230,75,54,129,3,129,,,,,,,,,,,
2026-08-07,BAF,186,59,50,109,2,109,,,,,,,,,,,
2026-08-08,BAF,134,57,46,103,0,103,,,,,,,,,,,
2026-08-09,BAF,209,34,30,64,0,64,,,,,,,,,,,
2026-08-10,BAF,151,51,38,89,3,89,,,,,,,,,,,
2026-08-11,BAF,249,65,62,127,6,127,,,,,,,,,,,
2026-08-12,BAF,289,47,45,92,3,92,,,,,,,,,,,
2026-08-13,BAF,235,61,62,123,3,123,,,,,,,,,,,
2026-08-14,BAF,212,74,95,169,0,169,,,,,,,,,,,
2026-08-15,BAF,225,85,94,179,0,179,,,,,,,,,,,
2026-08-16,BAF,188,66,55,121,2,121,,,,,,,,,,,
2026-08-17,BAF,153,54,40,94,6,94,,,,,,,,,,,
2026-08-18,BAF,362,94,121,215,10,215,,,,,,,,,,,
2026-08-19,BAF,281,78,70,148,5,148,,,,,,,,,,,
2026-08-20,BAF,189,50,49,99,5,99,,,,,,,,,,,
2026-08-21,BAF,217,63,79,142,4,142,,,,,,,,,,,
2026-08-22,BAF,118,41,42,83,2,83,,,,,,,,,,,
2026-08-23,BAF,60,23,20,43,0,43,,,,,,,,,,,
2026-08-24,BAF,240,75,54,129,6,129,,,,,,,,,,,
2026-08-25,BAF,271,74,67,141,6,141,,,,,,,,,,,
2026-08-26,BAF,320,73,70,143,11,143,,,,,,,,,,,
2026-08-27,BAF,211,80,64,144,6,144,,,,,,,,,,,
2026-08-28,BAF,232,90,105,195,1,195,,,,,,,,,,,
2026-08-29,BAF,251,75,84,159,6,159,,,,,,,,,,,
2026-08-30,BAF,244,89,68,157,6,157,,,,,,,,,,,
2026-08-31,BAF,284,75,82,157,4,157,,,,,,,,,,,
2023-02-16,BDR,211,23,24,47,1,,47,,,,,,,,,,
2023-02-17,BDR,16,4,7,11,0,,11,,,,,,,,,,
2023-02-18,BDR,330,50,42,92,3,,92,,,,,,,,,,
2023-02-19,BDR,311,37,26,63,0,,63,,,,,,,,,,
2023-02-20,BDR,214,8,10,18,0,,18,,,,,,,,,,
2023-02-21,BDR,51,9,8,17,2,,17,,,,,,,,,,
2023-02-22,BDR,159,16,13,29,4,,29,,,,,,,,,,
2023-02-23,BDR,9,3,2,5,0,,5,,,,,,,,,,
2023-02-24,BDR,37,8,6,14,10,,14,,,,,,,,,,
2023-02-25,BDR,61,0,0,0,0,,0,,,,,,,,,,
2023-02-26,BDR,133,0,0,0,0,,0,,,,,,,,,,
2023-02-27,BDR,180,0,0,0,0,,0,,,,,,,,,,
2023-03-01,BDR,199,0,0,0,0,,0,,,,,,,,,,
2023-03-02,BDR,53,0,0,0,0,,0,,,,,,,,,,
2023-03-03,BDR,209,0,0,0,0,,0,,,,,,,,,,
2023-03-04,BDR,53,0,0,0,0,,0,,,,,,,,,,
2023-03-05,BDR,377,0,0,0,0,,0,,,,,,,,,,
2023-03-06,BDR,147,0,0,0,0,,0,,,,,,,,,,
2023-03-07,BDR,43,0,0,0,0,,0,,,,,,,,,,
2023-03-08,BDR,33,0,0,0,0,,0,,,,,,,,,,
2023-03-09,BDR,180,0,1,1,0,,1,,,,,,,,,,
2023-03-10,BDR,169,0,0,0,0,,0,,,,,,,,,,
2023-03-11,BDR,24,0,0,0,0,,0,,,,,,,,,,
2023-03-12,BDR,339,0,1,1,0,,1,,,,,,,,,,
2023-03-13,BDR,7,0,0,0,0,,0,,,,,,,,,,
2023-03-14,BDR,2,0,0,0,0,,0,,,,,,,,,,
2023-03-15,BDR,31,0,0,0,0,,0,,,,,,,,,,
2023-03-16,BDR,313,0,0,0,0,,0,,,,,,,,,,
2023-03-17,BDR,317,1,0,1,0,,1,,,,,,,,,,
2023-03-18,BDR,310,0,0,0,0,,0,,,,,,,,,,
2023-03-19,BDR,79,0,0,0,0,,0,,,,,,,,,,
2023-03-20,BDR,240,0,0,0,0,,0,,,,,,,,,,
2023-03-21,BDR,336,0,0,0,0,,0,,,,,,,,,,
2023-03-22,BDR,346,2,2,4,0,,4,,,,,,,,,,
2023-03-23,BDR,21,0,0,0,0,,0,,,,,,,,,,
2023-03-24,BDR,300,0,0,0,0,,0,,,,,,,,,,
2023-03-25,BDR,20,0,0,0,0,,0,,,,,,,,,,
2023-03-26,BDR,244,0,0,0,0,,0,,,,,,,,,,
2023-03-27,BDR,200,0,1,1,0,,1,,,,,,,,,,
2023-03-28,BDR,184,0,0,0,0,,0,,,,,,,,,,
2023-03-29,BDR,276,0,0,0,0,,0,,,,,,,,,,
2023-03-30,BDR,192,0,0,0,0,,0,,,,,,,,,,
2023-03-31,BDR,222,0,0,0,0,,0,,,,,,,,,,
2023-04-01,BDR,7,0,0,0,0,,0,,,,,,,,,,
2023-04-02,BDR,88,0,0,0,0,,0,,,,,,,,,,
2023-04-03,BDR,259,0,0,0,0,,0,,,,,,,,,,
2023-04-04,BDR,229,0,0,0,0,,0,,,,,,,,,,
2023-04-05,BDR,17,0,0,0,0,,0,,,,,,,,,,
2023-04-06,BDR,64,0,0,0,0,,0,,,,,,,,,,
2023-04-07,BDR,182,1,1,2,1,,2,,,,,,,,,,
2023-04-08,BDR,320,0,0,0,0,,0,,,,,,,,,,
2023-04-09,BDR,211,0,0,0,0,,0,,,,,,,,,,
2023-04-10,BDR,343,3,3,6,0,,6,,,,,,,,,,
2023-04-11,BDR,268,0,0,0,0,,0,,,,,,,,,,
2023-04-12,BDR,165,1,1,2,0,,2,,,,,,,,,,
2023-04-13,BDR,301,3,3,6,0,,6,,,,,,,,,,
2023-04-14,BDR,323,2,0,2,0,,2,,,,,,,,,,
2023-04-15,BDR,36,0,0,0,0,,0,,,,,,,,,,
2023-04-16,BDR,17,0,0,0,0,,0,,,,,,,,,,
2023-04-17,BDR,28,0,0,0,0,,0,,,,,,,,,,
2023-04-18,BDR,63,0,0,0,0,,0,,,,,,,,,,
2023-04-19,BDR,200,0,0,0,0,,0,,,,,,,,,,
2023-04-20,BDR,400,0,0,0,0,,0,,,,,,,,,,
2023-04-21,BDR,309,0,1,1,0,,1,,,,,,,,,,
2023-04-22,BDR,10,0,0,0,0,,0,,,,,,,,,,
2023-04-23,BDR,109,0,0,0,0,,0,,,,,,,,,,
2023-04-24,BDR,284,0,0,0,0,,0,,,,,,,,,,
2023-04-25,BDR,246,0,0,0,0,,0,,,,,,,,,,
2023-04-26,BDR,204,0,1,1,0,,1,,,,,,,,,,
2023-04-27,BDR,71,0,0,0,0,,0,,,,,,,,,,
2023-04-28,BDR,179,0,0,0,0,,0,,,,,,,,,,
2023-04-29,BDR,9,0,0,0,0,,0,,,,,,,,,,
2023-04-30,BDR,12,0,0,0,0,,0,,,,,,,,,,
2023-05-01,BDR,109,0,0,0,0,,0,,,,,,,,,,
2023-05-02,BDR,138,0,0,0,0,,0,,,,,,,,,,
2023-05-03,BDR,201,0,0,0,0,,0,,,,,,,,,,
2023-05-04,BDR,109,0,0,0,0,,0,,,,,,,,,,
2023-05-05,BDR,270,0,0,0,0,,0,,,,,,,,,,
2023-05-06,BDR,335,0,0,0,0,,0,,,,,,,,,,
2023-05-07,BDR,363,1,1,2,0,,2,,,,,,,,,,
2023-05-08,BDR,152,0,0,0,0,,0,,,,,,,,,,
2023-05-09,BDR,302,1,1,2,0,,2,,,,,,,,,,
2023-05-10,BDR,132,0,0,0,0,,0,,,,,,,,,,
2023-05-11,BDR,293,0,0,0,0,,0,,,,,,,,,,
2023-05-12,BDR,215,0,0,0,0,,0,,,,,,,,,,
2023-05-13,BDR,254,1,1,2,0,,2,,,,,,,,,,
2023-05-14,BDR,208,0,0,0,0,,0,,,,,,,,,,
2023-05-15,BDR,171,0,0,0,0,,0,,,,,,,,,,
2023-05-16,BDR,219,0,1,1,0,,1,,,,,,,,,,
2023-05-17,BDR,63,0,0,0,0,,0,,,,,,,,,,
2023-05-18,BDR,333,0,0,0,0,,0,,,,,,,,,,
2023-05-19,BDR,270,0,0,0,0,,0,,,,,,,,,,
2023-05-20,BDR,13,0,0,0,0,,0,,,,,,,,,,
2023-05-21,BDR,340,0,0,0,0,,0,,,,,,,,,,
2023-05-22,BDR,195,0,0,0,0,,0,,,,,,,,,,
2023-05-23,BDR,274,0,0,0,0,,0,,,,,,,,,,
2023-05-24,BDR,230,5,2,7,0,,7,,,,,,,,,,
2023-05-25,BDR,260,0,0,0,0,,0,,,,,,,,,,
2023-05-26,BDR,239,0,0,0,0,,0,,,,,,,,,,
2023-05-27,BDR,407,0,1,1,0,,1,,,,,,,,,,
2023-05-28,BDR,271,2,2,4,0,,4,,,,,,,,,,
2023-05-29,BDR,213,0,0,0,0,,0,,,,,,,,,,
2023-05-30,BDR,220,0,0,0,0,,0,,,,,,,,,,
2023-05-31,BDR,236,0,0,0,0,,0,,,,,,,,,,
2023-06-01,BDR,357,0,1,1,0,,1,,,,,,,,,,
2023-06-02,BDR,171,0,0,0,0,,0,,,,,,,,,,
2023-06-03,BDR,84,0,0,0,0,,0,,,,,,,,,,
2023-06-04,BDR,168,0,0,0,0,,0,,,,,,,,,,
2023-06-05,BDR,216,0,0,0,0,,0,,,,,,,,,,
2023-06-06,BDR,133,0,0,0,0,,0,,,,,,,,,,
2023-06-07,BDR,108,0,0,0,0,,0,,,,,,,,,,
2023-06-08,BDR,93,0,0,0,0,,0,,,,,,,,,,
2023-06-09,BDR,104,0,0,0,0,,0,,,,,,,,,,
2023-06-10,BDR,262,0,0,0,0,,0,,,,,,,,,,
2023-06-11,BDR,371,2,2,4,1,,4,,,,,,,,,,
2023-06-12,BDR,144,0,0,0,0,,0,,,,,,,,,,
2023-06-13,BDR,205,0,0,0,0,,0,,,,,,,,,,
2023-06-14,BDR,154,0,0,0,0,,0,,,,,,,,,,
2023-06-15,BDR,423,0,0,0,0,,0,,,,,,,,,,
2023-06-16,BDR,223,0,0,0,0,,0,,,,,,,,,,
2023-06-17,BDR,123,0,0,0,0,,0,,,,,,,,,,
2023-06-18,BDR,266,0,0,0,0,,0,,,,,,,,,,
2023-06-19,BDR,312,0,0,0,0,,0,,,,,,,,,,
2023-06-20,BDR,231,0,0,0,0,,0,,,,,,,,,,
2023-06-21,BDR,278,0,0,0,0,,0,,,,,,,,,,
2023-06-22,BDR,61,0,0,0,0,,0,,,,,,,,,,
2023-06-23,BDR,71,0,0,0,0,,0,,,,,,,,,,
2023-06-24,BDR,28,0,0,0,0,,0,,,,,,,,,,
2023-06-25,BDR,176,0,0,0,0,,0,,,,,,,,,,
2023-06-26,BDR,33,0,0,0,0,,0,,,,,,,,,,
2023-06-27,BDR,90,0,0,0,0,,0,,,,,,,,,,
2023-06-28,BDR,118,0,0,0,0,,0,,,,,,,,,,
2023-06-29,BDR,336,0,0,0,0,,0,,,,,,,,,,
2023-06-30,BDR,100,0,0,0,0,,0,,,,,,,,,,
2023-07-01,BDR,258,0,0,0,0,,0,,,,,,,,,,
2023-07-02,BDR,60,0,0,0,0,,0,,,,,,,,,,
2023-07-03,BDR,231,0,0,0,0,,0,,,,,,,,,,
2023-07-04,BDR,33,0,0,0,0,,0,,,,,,,,,,
2023-07-05,BDR,221,0,0,0,0,,0,,,,,,,,,,
2023-07-06,BDR,312,0,0,0,0,,0,,,,,,,,,,
2023-07-07,BDR,219,0,0,0,0,,0,,,,,,,,,,
2023-07-08,BDR,126,4,14,18,0,,18,,,,,,,,,,
2023-07-09,BDR,83,3,16,19,0,,19,,,,,,,,,,
2023-07-10,BDR,167,22,13,35,5,,35,,,,,,,,,,
2023-07-11,BDR,340,95,46,141,7,,141,,,,,,,,,,
2023-07-12,BDR,292,104,54,158,2,,158,,,,,,,,,,
2023-07-13,BDR,232,48,38,86,8,,86,,,,,,,,,,
2023-07-14,BDR,45,2,7,9,5,,9,,,,,,,,,,
2023-07-15,BDR,154,38,42,80,3,,80,,,,,,,,,,
2023-07-16,BDR,21,7,2,9,0,,9,,,,,,,,,,
2023-07-17,BDR,277,79,34,113,3,,113,,,,,,,,,,
2023-07-18,BDR,41,15,3,18,3,,18,,,,,,,,,,
2023-07-19,BDR,213,67,27,94,4,,94,,,,,,,,,,
2023-07-20,BDR,334,39,75,114,6,,114,,,,,,,,,,
2023-07-21,BDR,66,11,16,27,4,,27,,,,,,,,,,
2023-07-23,BDR,295,96,107,203,5,,203,,,,,,,,,,
2023-07-24,BDR,327,121,98,219,6,,219,,,,,,,,,,
2023-07-25,BDR,193,63,58,121,9,,121,,,,,,,,,,
2023-07-26,BDR,226,86,70,156,14,,156,,,,,,,,,,
2023-07-27,BDR,110,49,39,88,8,,88,,,,,,,,,,
2023-07-28,BDR,300,152,119,271,13,,271,,,,,,,,,,
2023-07-29,BDR,232,92,77,169,2,,169,,,,,,,,,,
2023-07-30,BDR,275,114,93,207,12,,207,,,,,,,,,,
2023-07-31,BDR,255,116,94,210,8,,210,,,,,,,,,,
2023-08-01,BDR,129,43,64,107,17,,107,,,,,,,,,,
2023-08-03,BDR,282,102,87,189,23,,189,,,,,,,,,,
2023-08-04,BDR,109,36,30,66,9,,66,,,,,,,,,,
2023-08-05,BDR,275,107,91,198,6,,198,,,,,,,,,,
2023-08-06,BDR,269,65,54,119,10,,119,,,,,,,,,,
2023-08-07,BDR,25,10,12,22,1,,22,,,,,,,,,,
2023-08-08,BDR,73,25,17,42,18,,42,,,,,,,,,,
2023-08-09,BDR,259,86,84,170,18,,170,,,,,,,,,,
2023-08-10,BDR,190,56,50,106,17,,106,,,,,,,,,,
2023-08-11,BDR,391,140,131,271,11,,271,,,,,,,,,,
2023-08-12,BDR,264,63,82,145,4,,145,,,,,,,,,,
2023-08-13,BDR,204,81,62,143,10,,143,,,,,,,,,,
2023-08-14,BDR,312,116,88,204,14,,204,,,,,,,,,,
2023-08-15,BDR,34,8,12,20,9,,20,,,,,,,,,,
2023-08-16,BDR,131,36,47,83,12,,83,,,,,,,,,,
2023-08-17,BDR,68,10,22,32,12,,32,,,,,,,,,,
2023-08-18,BDR,267,110,100,210,8,,210,,,,,,,,,,
2023-08-20,BDR,244,84,54,138,7,,138,,,,,,,,,,
2023-08-21,BDR,267,74,58,132,9,,132,,,,,,,,,,
2023-08-22,BDR,240,51,66,117,15,,117,,,,,,,,,,
2023-08-23,BDR,409,97,111,208,15,,208,,,,,,,,,,
2023-08-24,BDR,175,47,54,101,16,,101,,,,,,,,,,
2023-08-25,BDR,75,30,25,55,6,,55,,,,,,,,,,
2023-08-26,BDR,266,103,95,198,6,,198,,,,,,,,,,
2023-08-27,BDR,315,90,87,177,8,,177,,,,,,,,,,
2023-08-28,BDR,120,37,48,85,14,,85,,,,,,,,,,
2023-08-29,BDR,42,4,16,20,9,,20,,,,,,,,,,
2023-08-30,BDR,124,47,41,88,7,,88,,,,,,,,,,
2023-08-31,BDR,276,70,98,168,20,,168,,,,,,,,,,
2023-09-01,BDR,308,72,88,160,16,,160,,,,,,,,,,
2023-09-02,BDR,247,86,76,162,5,,162,,,,,,,,,,
2023-09-03,BDR,267,82,66,148,9,,148,,,,,,,,,,
2023-09-04,BDR,322,86,62,148,17,,148,,,,,,,,,,
2023-09-05,BDR,247,72,65,137,9,,137,,,,,,,,,,
2023-09-06,BDR,224,76,67,143,10,,143,,,,,,,,,,
2023-09-07,BDR,232,67,58,125,18,,125,,,,,,,,,,
2023-09-08,BDR,83,20,13,33,12,,33,,,,,,,,,,
2023-09-09,BDR,101,23,27,50,7,,50,,,,,,,,,,
2023-09-10,BDR,67,16,16,32,7,,32,,,,,,,,,,
2023-09-11,BDR,78,23,34,57,11,,57,,,,,,,,,,
2023-09-12,BDR,232,80,66,146,8,,146,,,,,,,,,,
2023-09-13,BDR,26,4,5,9,7,,9,,,,,,,,,,
2023-09-14,BDR,270,104,87,191,11,,191,,,,,,,,,,
2023-09-15,BDR,123,24,40,64,14,,64,,,,,,,,,,
2023-09-16,BDR,144,50,49,99,8,,99,,,,,,,,,,
2023-09-17,BDR,284,102,82,184,5,,184,,,,,,,,,,
2023-09-18,BDR,24,6,13,19,1,,19,,,,,,,,,,
2023-09-19,BDR,292,118,113,231,9,,231,,,,,,,,,,
2023-09-20,BDR,403,157,148,305,11,,305,,,,,,,,,,
2023-09-21,BDR,313,89,120,209,14,,209,,,,,,,,,,
2023-09-22,BDR,244,102,126,228,12,,228,,,,,,,,,,
2023-09-23,BDR,4,1,2,3,0,,3,,,,,,,,,,
2023-09-24,BDR,20,7,7,14,2,,14,,,,,,,,,,
2023-09-25,BDR,10,1,6,7,2,,7,,,,,,,,,,
2023-09-26,BDR,18,5,4,9,5,,9,,,,,,,,,,
2023-09-27,BDR,288,56,81,137,7,,137,,,,,,,,,,
2023-09-28,BDR,246,101,120,221,18,,221,,,,,,,,,,
2023-09-29,BDR,16,5,7,12,2,,12,,,,,,,,,,
2023-09-30,BDR,85,33,41,74,6,,74,,,,,,,,,,
2023-10-01,BDR,328,96,97,193,8,,193,,,,,,,,,,
2023-10-02,BDR,278,72,90,162,11,,162,,,,,,,,,,
2023-10-03,BDR,347,105,88,193,13,,193,,,,,,,,,,
2023-10-04,BDR,301,98,101,199,15,,199,,,,,,,,,,
2023-10-05,BDR,243,70,79,149,8,,149,,,,,,,,,,
2023-10-06,BDR,18,1,10,11,2,,11,,,,,,,,,,
2023-10-07,BDR,21,8,9,17,2,,17,,,,,,,,,,
2023-10-08,BDR,172,61,51,112,16,,112,,,,,,,,,,
2023-10-09,BDR,234,75,61,136,13,,136,,,,,,,,,,
2023-10-10,BDR,224,72,64,136,10,,136,,,,,,,,,,
2023-10-11,BDR,278,100,87,187,11,,187,,,,,,,,,,
2023-10-12,BDR,310,120,102,222,6,,222,,,,,,,,,,
2023-10-13,BDR,267,95,99,194,14,,194,,,,,,,,,,
2023-10-14,BDR,58,16,21,37,1,,37,,,,,,,,,,
2023-10-15,BDR,150,58,46,104,6,,104,,,,,,,,,,
2023-10-16,BDR,179,50,49,99,6,,99,,,,,,,,,,
2023-10-17,BDR,245,93,99,192,6,,192,,,,,,,,,,
2023-10-18,BDR,305,79,90,169,11,,169,,,,,,,,,,
2023-10-19,BDR,285,124,105,229,10,,229,,,,,,,,,,
2023-10-20,BDR,24,6,12,18,2,,18,,,,,,,,,,
2023-10-21,BDR,10,5,5,10,0,,10,,,,,,,,,,
2023-10-22,BDR,89,35,27,62,6,,62,,,,,,,,,,
2023-10-23,BDR,201,88,79,167,16,,167,,,,,,,,,,
2023-10-24,BDR,196,58,62,120,8,,120,,,,,,,,,,
2023-10-25,BDR,277,95,79,174,16,,174,,,,,,,,,,
2023-10-26,BDR,265,104,95,199,15,,199,,,,,,,,,,
2023-10-27,BDR,243,94,88,182,7,,182,,,,,,,,,,
2023-10-28,BDR,256,74,64,138,4,,138,,,,,,,,,,
2023-10-29,BDR,34,10,13,23,4,,23,,,,,,,,,,
2023-10-30,BDR,17,6,6,12,1,,12,,,,,,,,,,
2023-10-31,BDR,240,86,93,179,14,,179,,,,,,,,,,
2023-11-01,BDR,66,24,25,49,11,,49,,,,,,,,,,
2023-11-02,BDR,285,104,98,202,13,,202,,,,,,,,,,
2023-11-03,BDR,342,132,122,254,6,,254,,,,,,,,,,
2023-11-04,BDR,298,126,118,244,7,,244,,,,,,,,,,
2023-11-05,BDR,295,125,117,242,11,,242,,,,,,,,,,
2023-11-06,BDR,328,97,105,202,11,,202,,,,,,,,,,
2023-11-07,BDR,229,93,92,185,13,,185,,,,,,,,,,
2023-11-08,BDR,194,63,62,125,4,,125,,,,,,,,,,
2023-11-09,BDR,161,56,64,120,12,,120,,,,,,,,,,
2023-11-10,BDR,184,70,68,138,10,,138,,,,,,,,,,
2023-11-11,BDR,223,72,76,148,2,,148,,,,,,,,,,
2023-11-12,BDR,237,81,100,181,7,,181,,,,,,,,,,
2023-11-13,BDR,189,63,62,125,4,,125,,,,,,,,,,
2023-11-14,BDR,106,37,34,71,8,,71,,,,,,,,,,
2023-11-15,BDR,426,124,120,244,14,,244,,,,,,,,,,
2023-11-16,BDR,342,124,118,242,13,,242,,,,,,,,,,
2023-11-17,BDR,223,79,73,152,22,,152,,,,,,,,,,
2023-11-18,BDR,59,23,26,49,4,,49,,,,,,,,,,
2023-11-19,BDR,275,111,103,214,8,,214,,,,,,,,,,
2023-11-20,BDR,326,106,130,236,6,,236,,,,,,,,,,
2023-11-21,BDR,192,88,94,182,11,,182,,,,,,,,,,
2023-11-22,BDR,25,9,11,20,5,,20,,,,,,,,,,
2023-11-24,BDR,218,87,86,173,10,,173,,,,,,,,,,
2023-11-25,BDR,236,80,94,174,8,,174,,,,,,,,,,
2023-11-26,BDR,334,86,91,177,10,,177,,,,,,,,,,
2023-11-27,BDR,128,37,41,78,10,,78,,,,,,,,,,
2023-11-28,BDR,45,15,13,28,5,,28,,,,,,,,,,
2023-11-29,BDR,223,111,105,216,7,,216,,,,,,,,,,
2023-11-30,BDR,268,114,108,222,12,,222,,,,,,,,,,
2023-12-01,BDR,132,50,45,95,6,,95,,,,,,,,,,
2023-12-02,BDR,92,47,40,87,3,,87,,,,,,,,,,
2023-12-03,BDR,23,8,9,17,1,,17,,,,,,,,,,
2023-12-04,BDR,207,70,60,130,5,,130,,,,,,,,,,
2023-12-05,BDR,168,68,66,134,12,,134,,,,,,,,,,
2023-12-06,BDR,105,25,36,61,4,,61,,,,,,,,,,
2023-12-07,BDR,125,39,38,77,8,,77,,,,,,,,,,
2023-12-08,BDR,231,78,71,149,9,,149,,,,,,,,,,
2023-12-09,BDR,205,80,98,178,8,,178,,,,,,,,,,
2023-12-10,BDR,6,3,3,6,0,,6,,,,,,,,,,
2023-12-11,BDR,34,11,12,23,7,,23,,,,,,,,,,
2023-12-12,BDR,277,79,77,156,16,,156,,,,,,,,,,
2023-12-13,BDR,232,87,87,174,8,,174,,,,,,,,,,
2023-12-14,BDR,274,87,81,168,11,,168,,,,,,,,,,
2023-12-15,BDR,268,88,80,168,7,,168,,,,,,,,,,
2023-12-16,BDR,238,82,100,182,4,,182,,,,,,,,,,
2023-12-17,BDR,11,3,5,8,2,,8,,,,,,,,,,
2023-12-18,BDR,7,2,3,5,0,,5,,,,,,,,,,
2023-12-19,BDR,214,92,83,175,13,,175,,,,,,,,,,
2023-12-20,BDR,269,76,81,157,12,,157,,,,,,,,,,
2023-12-21,BDR,116,39,36,75,8,,75,,,,,,,,,,
2023-12-22,BDR,255,81,94,175,5,,175,,,,,,,,,,
2023-12-23,BDR,164,77,93,170,6,,170,,,,,,,,,,
2023-12-24,BDR,83,35,32,67,5,,67,,,,,,,,,,
2023-12-25,BDR,15,0,7,7,2,,7,,,,,,,,,,
2023-12-26,BDR,15,6,9,15,0,,15,,,,,,,,,,
2023-12-27,BDR,19,5,11,16,0,,16,,,,,,,,,,
2023-12-28,BDR,4,1,3,4,0,,4,,,,,,,,,,
2023-12-29,BDR,59,14,14,28,3,,28,,,,,,,,,,
2023-12-30,BDR,150,66,61,127,0,,127,,,,,,,,,,
2023-12-31,BDR,224,89,86,175,1,,175,,,,,,,,,,
2024-01-01,BDR,160,50,58,108,0,,108,,,,,,,,,,
2024-01-02,BDR,221,89,80,169,10,,169,,,,,,,,,,
2024-01-03,BDR,264,97,92,189,6,,189,,,,,,,,,,
2024-01-04,BDR,70,23,21,44,6,,44,,,,,,,,,,
2024-01-05,BDR,253,100,93,193,11,,193,,,,,,,,,,
2024-01-06,BDR,175,65,75,140,2,,140,,,,,,,,,,
2024-01-07,BDR,11,2,3,5,4,,5,,,,,,,,,,
2024-01-08,BDR,81,37,35,72,6,,72,,,,,,,,,,
2024-01-09,BDR,8,2,4,6,2,,6,,,,,,,,,,
2024-01-10,BDR,14,3,2,5,8,,5,,,,,,,,,,
2024-01-11,BDR,246,82,81,163,14,,163,,,,,,,,,,
2024-01-12,BDR,287,111,119,230,8,,230,,,,,,,,,,
2024-01-13,BDR,5,3,2,5,0,,5,,,,,,,,,,
2024-01-14,BDR,13,5,7,12,0,,12,,,,,,,,,,
2024-01-15,BDR,274,101,96,197,9,,197,,,,,,,,,,
2024-01-16,BDR,2,0,0,0,2,,0,,,,,,,,,,
2024-01-17,BDR,71,21,21,42,17,,42,,,,,,,,,,
2024-01-18,BDR,135,53,51,104,5,,104,,,,,,,,,,
2024-01-19,BDR,11,3,6,9,2,,9,,,,,,,,,,
2024-01-20,BDR,113,47,51,98,2,,98,,,,,,,,,,
2024-01-21,BDR,181,75,67,142,2,,142,,,,,,,,,,
2024-01-22,BDR,271,98,95,193,4,,193,,,,,,,,,,
2024-01-23,BDR,97,22,22,44,5,,44,,,,,,,,,,
2024-01-24,BDR,7,1,3,4,0,,4,,,,,,,,,,
2024-01-25,BDR,10,2,2,4,3,,4,,,,,,,,,,
2024-01-26,BDR,5,0,3,3,0,,3,,,,,,,,,,
2024-01-27,BDR,59,14,17,31,2,,31,,,,,,,,,,
2024-01-28,BDR,3,2,2,4,0,,4,,,,,,,,,,
2024-01-29,BDR,12,4,4,8,7,,8,,,,,,,,,,
2024-01-31,BDR,215,95,94,189,12,,189,,,,,,,,,,
2024-02-01,BDR,192,71,70,141,9,,141,,,,,,,,,,
2024-02-02,BDR,37,9,14,23,3,,23,,,,,,,,,,
2024-02-03,BDR,206,90,83,173,8,,173,,,,,,,,,,
2024-02-04,BDR,324,91,101,192,5,,192,,,,,,,,,,
2024-02-05,BDR,219,60,84,144,13,,144,,,,,,,,,,
2024-02-06,BDR,215,53,71,124,11,,124,,,,,,,,,,
2024-02-07,BDR,368,132,140,272,12,,272,,,,,,,,,,
2024-02-08,BDR,272,116,131,247,4,,247,,,,,,,,,,
2024-02-09,BDR,247,107,102,209,6,,209,,,,,,,,,,
2024-02-10,BDR,179,80,74,154,1,,154,,,,,,,,,,
2024-02-11,BDR,273,44,48,92,1,,92,,,,,,,,,,
2024-02-12,BDR,113,57,54,111,11,,111,,,,,,,,,,
2024-02-13,BDR,1,1,0,1,0,,1,,,,,,,,,,
2024-02-14,BDR,24,8,5,13,6,,13,,,,,,,,,,
2024-02-15,BDR,160,48,48,96,9,,96,,,,,,,,,,
2024-02-16,BDR,41,13,17,30,4,,30,,,,,,,,,,
2024-02-17,BDR,13,4,5,9,3,,9,,,,,,,,,,
2024-02-18,BDR,50,24,23,47,1,,47,,,,,,,,,,
2024-02-19,BDR,248,83,100,183,5,,183,,,,,,,,,,
2024-02-20,BDR,200,85,85,170,13,,170,,,,,,,,,,
2024-02-21,BDR,246,76,84,160,12,,160,,,,,,,,,,
2024-02-22,BDR,219,82,80,162,13,,162,,,,,,,,,,
2024-02-23,BDR,48,11,13,24,11,,24,,,,,,,,,,
2024-02-24,BDR,153,59,60,119,2,,119,,,,,,,,,,
2024-02-25,BDR,397,167,163,330,12,,330,,,,,,,,,,
2024-02-26,BDR,301,143,130,273,8,,273,,,,,,,,,,
2024-02-27,BDR,82,40,40,80,4,,80,,,,,,,,,,
2024-02-28,BDR,32,4,3,7,4,,7,,,,,,,,,,
2024-02-29,BDR,66,26,24,50,8,,50,,,,,,,,,,
2024-03-01,BDR,304,119,109,228,8,,228,,,,,,,,,,
2024-03-02,BDR,4,2,2,4,0,,4,,,,,,,,,,
2024-03-03,BDR,204,88,82,170,6,,170,,,,,,,,,,
2024-03-04,BDR,233,90,94,184,9,,184,,,,,,,,,,
2024-03-05,BDR,9,3,4,7,0,,7,,,,,,,,,,
2024-03-06,BDR,7,2,5,7,0,,7,,,,,,,,,,
2024-03-07,BDR,32,4,6,10,12,,10,,,,,,,,,,
2024-03-08,BDR,304,117,133,250,6,,250,,,,,,,,,,
2024-03-09,BDR,45,19,22,41,4,,41,,,,,,,,,,
2024-03-10,BDR,38,17,12,29,3,,29,,,,,,,,,,
2024-03-11,BDR,20,7,5,12,4,,12,,,,,,,,,,
2024-03-12,BDR,195,89,83,172,6,,172,,,,,,,,,,
2024-03-13,BDR,334,105,105,210,5,,210,,,,,,,,,,
2024-03-14,BDR,361,141,132,273,7,,273,,,,,,,,,,
2024-03-15,BDR,144,60,63,123,7,,123,,,,,,,,,,
2024-03-16,BDR,303,113,107,220,4,,220,,,,,,,,,,
2024-03-17,BDR,109,46,40,86,5,,86,,,,,,,,,,
2024-03-18,BDR,132,46,45,91,5,,91,,,,,,,,,,
2024-03-19,BDR,159,67,65,132,6,,132,,,,,,,,,,
2024-03-20,BDR,266,97,93,190,8,,190,,,,,,,,,,
2024-03-21,BDR,21,6,7,13,2,,13,,,,,,,,,,
2024-03-22,BDR,443,36,29,65,0,,65,,,,,,,,,,
2024-03-23,BDR,3,0,2,2,0,,2,,,,,,,,,,
2024-03-24,BDR,135,31,45,76,2,,76,,,,,,,,,,
2024-03-25,BDR,176,81,99,180,4,,180,,,,,,,,,,
2024-03-26,BDR,250,84,89,173,12,,173,,,,,,,,,,
2024-03-27,BDR,102,34,32,66,2,,66,,,,,,,,,,
2024-03-28,BDR,16,6,5,11,2,,11,,,,,,,,,,
2024-03-29,BDR,82,29,31,60,0,,60,,,,,,,,,,
2024-03-30,BDR,196,72,67,139,3,,139,,,,,,,,,,
2024-03-31,BDR,330,112,94,206,2,,206,,,,,,,,,,
2024-04-01,BDR,217,88,102,190,4,,190,,,,,,,,,,
2024-04-02,BDR,64,30,31,61,3,,61,,,,,,,,,,
2024-04-03,BDR,7,3,4,7,0,,7,,,,,,,,,,
2024-04-04,BDR,29,11,13,24,5,,24,,,,,,,,,,
2024-04-05,BDR,229,83,78,161,11,,161,,,,,,,,,,
2024-04-06,BDR,76,29,29,58,3,,58,,,,,,,,,,
2024-04-07,BDR,319,106,121,227,4,,227,,,,,,,,,,
2024-04-08,BDR,283,105,92,197,5,,197,,,,,,,,,,
2024-04-09,BDR,241,95,84,179,8,,179,,,,,,,,,,
2024-04-10,BDR,219,61,71,132,9,,132,,,,,,,,,,
2024-04-11,BDR,3,1,1,2,0,,2,,,,,,,,,,
2024-04-12,BDR,19,8,7,15,1,,15,,,,,,,,,,
2024-04-13,BDR,29,11,11,22,3,,22,,,,,,,,,,
2024-04-14,BDR,335,157,148,305,6,,305,,,,,,,,,,
2024-04-15,BDR,344,95,92,187,5,,187,,,,,,,,,,
2024-04-16,BDR,367,113,109,222,13,,222,,,,,,,,,,
2024-04-17,BDR,226,76,84,160,8,,160,,,,,,,,,,
2024-04-18,BDR,11,2,3,5,4,,5,,,,,,,,,,
2024-04-19,BDR,282,99,116,215,8,,215,,,,,,,,,,
2024-04-20,BDR,225,86,87,173,2,,173,,,,,,,,,,
2024-04-21,BDR,289,110,90,200,6,,200,,,,,,,,,,
2024-04-22,BDR,222,76,75,151,8,,151,,,,,,,,,,
2024-04-23,BDR,306,107,103,210,8,,210,,,,,,,,,,
2024-04-24,BDR,153,64,61,125,6,,125,,,,,,,,,,
2024-04-25,BDR,232,89,92,181,10,,181,,,,,,,,,,
2024-04-26,BDR,431,150,160,310,5,,310,,,,,,,,,,
2024-04-27,BDR,393,149,129,278,4,,278,,,,,,,,,,
2024-04-28,BDR,229,103,93,196,4,,196,,,,,,,,,,
2024-04-29,BDR,312,112,108,220,4,,220,,,,,,,,,,
2024-04-30,BDR,58,16,27,43,6,,43,,,,,,,,,,
2024-05-01,BDR,168,60,58,118,13,,118,,,,,,,,,,
2024-05-02,BDR,159,55,60,115,3,,115,,,,,,,,,,
2024-05-03,BDR,340,102,117,219,10,,219,,,,,,,,,,
2024-05-04,BDR,443,134,144,278,9,,278,,,,,,,,,,
2024-05-05,BDR,11,3,3,6,3,,6,,,,,,,,,,
2024-05-06,BDR,38,27,19,46,2,,46,,,,,,,,,,
2024-05-07,BDR,421,164,162,326,2,,326,,,,,,,,,,
2024-05-08,BDR,71,25,22,47,3,,47,,,,,,,,,,
2024-05-09,BDR,298,96,100,196,13,,196,,,,,,,,,,
2024-05-10,BDR,41,12,19,31,7,,31,,,,,,,,,,
2024-05-11,BDR,362,128,139,267,5,,267,,,,,,,,,,
2024-05-12,BDR,187,61,50,111,5,,111,,,,,,,,,,
2024-05-13,BDR,339,104,88,192,13,,192,,,,,,,,,,
2024-05-14,BDR,374,170,171,341,9,,341,,,,,,,,,,
2024-05-15,BDR,25,6,13,19,3,,19,,,,,,,,,,
2024-05-16,BDR,20,1,9,10,7,,10,,,,,,,,,,
2024-05-17,BDR,409,127,126,253,10,,253,,,,,,,,,,
2024-05-18,BDR,200,52,64,116,8,,116,,,,,,,,,,
2024-05-19,BDR,230,68,88,156,5,,156,,,,,,,,,,
2024-05-20,BDR,307,117,104,221,6,,221,,,,,,,,,,
2024-05-21,BDR,342,133,130,263,6,,263,,,,,,,,,,
2024-05-22,BDR,452,167,141,308,9,,308,,,,,,,,,,
2024-05-23,BDR,194,67,55,122,12,,122,,,,,,,,,,
2024-05-24,BDR,413,124,101,225,11,,225,,,,,,,,,,
2024-05-25,BDR,381,97,128,225,4,,225,,,,,,,,,,
2024-05-26,BDR,303,107,122,229,5,,229,,,,,,,,,,
2024-05-27,BDR,29,14,17,31,0,,31,,,,,,,,,,
2024-05-28,BDR,328,116,97,213,7,,213,,,,,,,,,,
2024-05-29,BDR,434,207,185,392,10,,392,,,,,,,,,,
2024-05-30,BDR,170,60,69,129,11,,129,,,,,,,,,,
2024-05-31,BDR,323,109,93,202,16,,202,,,,,,,,,,
2024-06-01,BDR,323,123,99,222,8,,222,,,,,,,,,,
2024-06-02,BDR,309,122,97,219,11,,219,,,,,,,,,,
2024-06-03,BDR,280,101,86,187,9,,187,,,,,,,,,,
2024-06-04,BDR,269,90,120,210,8,,210,,,,,,,,,,
2024-06-05,BDR,134,42,38,80,9,,80,,,,,,,,,,
2024-06-06,BDR,31,6,12,18,2,,18,,,,,,,,,,
2024-06-07,BDR,366,123,101,224,16,,224,,,,,,,,,,
2024-06-08,BDR,220,77,61,138,2,,138,,,,,,,,,,
2024-06-09,BDR,195,56,43,99,6,,99,,,,,,,,,,
2024-06-10,BDR,292,112,102,214,9,,214,,,,,,,,,,
2024-06-11,BDR,259,99,96,195,15,,195,,,,,,,,,,
2024-06-12,BDR,290,124,104,228,5,,228,,,,,,,,,,
2024-06-13,BDR,395,135,110,245,9,,245,,,,,,,,,,
2024-06-14,BDR,202,77,55,132,6,,132,,,,,,,,,,
2024-06-15,BDR,184,77,81,158,5,,158,,,,,,,,,,
2024-06-16,BDR,306,124,138,262,14,,262,,,,,,,,,,
2024-06-17,BDR,258,87,77,164,8,,164,,,,,,,,,,
2024-06-18,BDR,265,104,79,183,6,,183,,,,,,,,,,
2024-06-19,BDR,272,111,88,199,8,,199,,,,,,,,,,
2024-06-20,BDR,365,126,102,228,7,,228,,,,,,,,,,
2024-06-21,BDR,226,87,70,157,8,,157,,,,,,,,,,
2024-06-22,BDR,136,31,24,55,1,,55,,,,,,,,,,
2024-06-23,BDR,202,81,59,140,6,,140,,,,,,,,,,
2024-06-24,BDR,100,37,34,71,11,,71,,,,,,,,,,
2024-06-25,BDR,219,111,108,219,15,,219,,,,,,,,,,
2024-06-26,BDR,301,156,147,303,17,,303,,,,,,,,,,
2024-06-27,BDR,285,128,129,257,27,,257,,,,,,,,,,
2024-06-28,BDR,441,216,211,427,17,,427,,,,,,,,,,
2024-06-29,BDR,125,63,66,129,6,,129,,,,,,,,,,
2024-06-30,BDR,20,10,8,18,0,,18,,,,,,,,,,
2024-07-01,BDR,163,77,77,154,23,,154,,,,,,,,,,
2024-07-02,BDR,340,169,169,338,11,,338,,,,,,,,,,
2024-07-03,BDR,320,166,164,330,13,,330,,,,,,,,,,
2024-07-04,BDR,271,114,110,224,12,,224,,,,,,,,,,
2024-07-05,BDR,161,86,82,168,6,,168,,,,,,,,,,
2024-07-06,BDR,58,28,26,54,0,,54,,,,,,,,,,
2024-07-07,BDR,375,168,161,329,16,,329,,,,,,,,,,
2024-07-08,BDR,380,200,199,399,10,,399,,,,,,,,,,
2024-07-09,BDR,267,121,119,240,12,,240,,,,,,,,,,
2024-07-10,BDR,111,30,29,59,8,,59,,,,,,,,,,
2024-07-11,BDR,254,132,132,264,10,,264,,,,,,,,,,
2024-07-12,BDR,103,45,47,92,9,,92,,,,,,,,,,
2024-07-13,BDR,148,65,65,130,11,,130,,,,,,,,,,
2024-07-14,BDR,380,177,166,343,14,,343,,,,,,,,,,
2024-07-15,BDR,293,139,132,271,13,,271,,,,,,,,,,
2024-07-16,BDR,286,135,134,269,9,,269,,,,,,,,,,
2024-07-17,BDR,297,148,141,289,14,,289,,,,,,,,,,
2024-07-18,BDR,234,149,147,296,17,,296,,,,,,,,,,
2024-07-19,BDR,416,200,197,397,16,,397,,,,,,,,,,
2024-07-20,BDR,338,161,161,322,10,,322,,,,,,,,,,
2024-07-21,BDR,281,137,132,269,12,,269,,,,,,,,,,
2024-07-22,BDR,203,79,82,161,10,,161,,,,,,,,,,
2024-07-23,BDR,69,29,31,60,10,,60,,,,,,,,,,
2024-07-24,BDR,22,10,8,18,5,,18,,,,,,,,,,
2024-07-25,BDR,257,115,115,230,14,,230,,,,,,,,,,
2024-07-26,BDR,282,127,130,257,16,,257,,,,,,,,,,
2024-07-27,BDR,484,244,232,476,7,,476,,,,,,,,,,
2024-07-28,BDR,299,159,161,320,12,,320,,,,,,,,,,
2024-07-29,BDR,78,43,39,82,13,,82,,,,,,,,,,
2024-07-30,BDR,147,79,80,159,10,,159,,,,,,,,,,
2024-07-31,BDR,131,49,48,97,18,,97,,,,,,,,,,
2024-08-01,BDR,327,151,147,298,20,,298,,,,,,,,,,
2024-08-02,BDR,247,112,115,227,10,,227,,,,,,,,,,
2024-08-03,BDR,164,88,82,170,6,,170,,,,,,,,,,
2024-08-04,BDR,59,28,26,54,8,,54,,,,,,,,,,
2024-08-05,BDR,438,196,195,391,20,,391,,,,,,,,,,
2024-08-06,BDR,248,111,108,219,12,,219,,,,,,,,,,
2024-08-07,BDR,37,13,13,26,11,,26,,,,,,,,,,
2024-08-08,BDR,33,19,17,36,3,,36,,,,,,,,,,
2024-08-09,BDR,16,5,8,13,3,,13,,,,,,,,,,
2024-08-10,BDR,307,130,133,263,17,,263,,,,,,,,,,
2024-08-11,BDR,383,191,184,375,18,,375,,,,,,,,,,
2024-08-12,BDR,336,178,173,351,24,,351,,,,,,,,,,
2024-08-13,BDR,280,153,145,298,20,,298,,,,,,,,,,
2024-08-14,BDR,327,135,131,266,33,,266,,,,,,,,,,
2024-08-15,BDR,301,155,152,307,18,,307,,,,,,,,,,
2024-08-16,BDR,388,180,182,362,20,,362,,,,,,,,,,
2024-08-17,BDR,106,54,55,109,7,,109,,,,,,,,,,
2024-08-18,BDR,30,15,7,22,12,,22,,,,,,,,,,
2024-08-19,BDR,134,62,65,127,13,,127,,,,,,,,,,
2024-08-20,BDR,181,88,83,171,24,,171,,,,,,,,,,
2024-08-21,BDR,345,162,157,319,31,,319,,,,,,,,,,
2024-08-22,BDR,301,166,155,321,29,,321,,,,,,,,,,
2024-08-23,BDR,401,192,185,377,15,,377,,,,,,,,,,
2024-08-24,BDR,203,94,86,180,8,,180,,,,,,,,,,
2024-08-25,BDR,292,151,140,291,15,,291,,,,,,,,,,
2024-08-26,BDR,242,119,112,231,21,,231,,,,,,,,,,
2024-08-27,BDR,308,126,119,245,22,,245,,,,,,,,,,
2024-08-28,BDR,288,142,140,282,17,,282,,,,,,,,,,
2024-08-29,BDR,260,124,127,251,30,,251,,,,,,,,,,
2024-08-30,BDR,170,87,89,176,14,,176,,,,,,,,,,
2024-08-31,BDR,186,87,87,174,9,,174,,,,,,,,,,
2024-09-01,BDR,64,32,27,59,4,,59,,,,,,,,,,
2024-09-02,BDR,291,155,147,302,21,,302,,,,,,,,,,
2024-09-03,BDR,234,118,116,234,12,,234,,,,,,,,,,
2024-09-04,BDR,309,155,158,313,14,,313,,,,,,,,,,
2024-09-05,BDR,225,110,108,218,16,,218,,,,,,,,,,
2024-09-06,BDR,348,159,169,328,14,,328,,,,,,,,,,
2024-09-07,BDR,40,16,15,31,5,,31,,,,,,,,,,
2024-09-08,BDR,302,152,138,290,12,,290,,,,,,,,,,
2024-09-09,BDR,330,170,161,331,12,,331,,,,,,,,,,
2024-09-10,BDR,247,121,120,241,16,,241,,,,,,,,,,
2024-09-11,BDR,328,171,174,345,18,,345,,,,,,,,,,
2024-09-12,BDR,297,163,155,318,21,,318,,,,,,,,,,
2024-09-13,BDR,274,148,153,301,17,,301,,,,,,,,,,
2024-09-14,BDR,365,171,165,336,16,,336,,,,,,,,,,
2024-09-15,BDR,372,173,169,342,14,,342,,,,,,,,,,
2024-09-16,BDR,222,18,19,37,5,,37,,,,,,,,,,
2024-09-17,BDR,295,133,130,263,20,,263,,,,,,,,,,
2024-09-18,BDR,185,80,78,158,15,,158,,,,,,,,,,
2024-09-19,BDR,169,88,87,175,11,,175,,,,,,,,,,
2024-09-20,BDR,195,88,93,181,10,,181,,,,,,,,,,
2024-09-21,BDR,231,106,104,210,9,,210,,,,,,,,,,
2024-09-22,BDR,347,168,159,327,5,,327,,,,,,,,,,
2024-09-23,BDR,320,151,159,310,14,,310,,,,,,,,,,
2024-09-24,BDR,508,215,213,428,9,,428,,,,,,,,,,
2024-09-25,BDR,182,87,85,172,11,,172,,,,,,,,,,
2024-09-26,BDR,33,15,14,29,4,,29,,,,,,,,,,
2024-09-27,BDR,286,139,133,272,10,,272,,,,,,,,,,
2024-09-28,BDR,151,76,78,154,2,,154,,,,,,,,,,
2024-09-29,BDR,47,24,20,44,5,,44,,,,,,,,,,
2024-09-30,BDR,380,157,155,312,12,,312,,,,,,,,,,
2024-10-01,BDR,217,119,114,233,9,,233,,,,,,,,,,
2024-10-02,BDR,258,137,136,273,9,,273,,,,,,,,,,
2024-10-03,BDR,368,195,194,389,20,,389,,,,,,,,,,
2024-10-04,BDR,392,187,175,362,15,,362,,,,,,,,,,
2024-10-05,BDR,393,211,207,418,12,,418,,,,,,,,,,
2024-10-06,BDR,381,184,182,366,8,,366,,,,,,,,,,
2024-10-07,BDR,148,68,67,135,6,,135,,,,,,,,,,
2024-10-08,BDR,338,147,143,290,17,,290,,,,,,,,,,
2024-10-09,BDR,289,135,123,258,14,,258,,,,,,,,,,
2024-10-10,BDR,246,134,138,272,13,,272,,,,,,,,,,
2024-10-11,BDR,323,143,146,289,7,,289,,,,,,,,,,
2024-10-12,BDR,162,72,72,144,4,,144,,,,,,,,,,
2024-10-13,BDR,256,129,131,260,9,,260,,,,,,,,,,
2024-10-14,BDR,42,16,17,33,17,,33,,,,,,,,,,
2024-10-15,BDR,265,132,127,259,10,,259,,,,,,,,,,
2024-10-16,BDR,199,98,98,196,9,,196,,,,,,,,,,
2024-10-17,BDR,356,185,185,370,10,,370,,,,,,,,,,
2024-10-18,BDR,319,196,200,396,12,,396,,,,,,,,,,
2024-10-19,BDR,373,170,170,340,13,,340,,,,,,,,,,
2024-10-20,BDR,367,186,172,358,9,,358,,,,,,,,,,
2024-10-21,BDR,371,167,166,333,13,,333,,,,,,,,,,
2024-10-22,BDR,314,157,155,312,17,,312,,,,,,,,,,
2024-10-23,BDR,330,148,144,292,11,,292,,,,,,,,,,
2024-10-24,BDR,178,77,81,158,10,,158,,,,,,,,,,
2024-10-25,BDR,296,127,133,260,9,,260,,,,,,,,,,
2024-10-26,BDR,155,61,60,121,11,,121,,,,,,,,,,
2024-10-27,BDR,316,156,146,302,14,,302,,,,,,,,,,
2024-10-28,BDR,314,156,161,317,15,,317,,,,,,,,,,
2024-10-29,BDR,188,98,102,200,14,,200,,,,,,,,,,
2024-10-30,BDR,286,160,155,315,14,,315,,,,,,,,,,
2024-10-31,BDR,228,147,146,293,5,,293,,,,,,,,,,
2024-11-01,BDR,146,65,68,133,7,,133,,,,,,,,,,
2024-11-02,BDR,199,102,100,202,4,,202,,,,,,,,,,
2024-11-03,BDR,277,129,129,258,6,,258,,,,,,,,,,
2024-11-04,BDR,256,141,142,283,6,,283,,,,,,,,,,
2024-11-05,BDR,274,123,123,246,6,,246,,,,,,,,,,
2024-11-06,BDR,265,124,121,245,4,,245,,,,,,,,,,
2024-11-07,BDR,254,120,114,234,13,,234,,,,,,,,,,
2024-11-08,BDR,263,117,114,231,17,,231,,,,,,,,,,
2024-11-09,BDR,268,124,119,243,9,,243,,,,,,,,,,
2024-11-10,BDR,264,121,123,244,2,,244,,,,,,,,,,
2024-11-11,BDR,99,44,43,87,7,,87,,,,,,,,,,
2024-11-12,BDR,49,21,22,43,6,,43,,,,,,,,,,
2024-11-13,BDR,306,160,167,327,16,,327,,,,,,,,,,
2024-11-14,BDR,285,171,167,338,9,,338,,,,,,,,,,
2024-11-15,BDR,160,95,96,191,11,,191,,,,,,,,,,
2024-11-16,BDR,88,41,40,81,11,,81,,,,,,,,,,
2024-11-17,BDR,235,138,141,279,12,,279,,,,,,,,,,
2024-11-18,BDR,304,145,141,286,6,,286,,,,,,,,,,
2024-11-19,BDR,262,138,129,267,10,,267,,,,,,,,,,
2024-11-20,BDR,273,169,166,335,8,,335,,,,,,,,,,
2024-11-21,BDR,3,1,2,3,0,,3,,,,,,,,,,
2024-11-22,BDR,13,5,5,10,3,,10,,,,,,,,,,
2024-11-23,BDR,78,36,36,72,6,,72,,,,,,,,,,
2024-11-24,BDR,65,42,37,79,9,,79,,,,,,,,,,
2024-11-25,BDR,296,166,168,334,8,,334,,,,,,,,,,
2024-11-26,BDR,112,26,25,51,9,,51,,,,,,,,,,
2024-11-27,BDR,248,135,135,270,12,,270,,,,,,,,,,
2024-11-28,BDR,4,2,2,4,0,,4,,,,,,,,,,
2024-11-29,BDR,226,96,98,194,8,,194,,,,,,,,,,
2024-11-30,BDR,215,106,107,213,0,,213,,,,,,,,,,
2024-12-01,BDR,121,60,55,115,14,,115,,,,,,,,,,
2024-12-02,BDR,265,110,111,221,8,,221,,,,,,,,,,
2024-12-03,BDR,239,123,119,242,7,,242,,,,,,,,,,
2024-12-04,BDR,184,85,85,170,8,,170,,,,,,,,,,
2024-12-05,BDR,22,5,6,11,12,,11,,,,,,,,,,
2024-12-06,BDR,56,22,19,41,10,,41,,,,,,,,,,
2024-12-07,BDR,246,121,122,243,5,,243,,,,,,,,,,
2024-12-08,BDR,86,46,45,91,5,,91,,,,,,,,,,
2024-12-09,BDR,140,76,72,148,7,,148,,,,,,,,,,
2024-12-10,BDR,21,11,10,21,0,,21,,,,,,,,,,
2024-12-11,BDR,4,2,3,5,0,,5,,,,,,,,,,
2024-12-12,BDR,24,12,16,28,6,,28,,,,,,,,,,
2024-12-13,BDR,234,113,111,224,4,,224,,,,,,,,,,
2024-12-14,BDR,291,141,140,281,5,,281,,,,,,,,,,
2024-12-15,BDR,252,94,90,184,5,,184,,,,,,,,,,
2024-12-16,BDR,28,17,18,35,0,,35,,,,,,,,,,
2024-12-17,BDR,93,44,41,85,7,,85,,,,,,,,,,
2024-12-18,BDR,245,139,140,279,5,,279,,,,,,,,,,
2024-12-19,BDR,158,65,60,125,18,,125,,,,,,,,,,
2024-12-20,BDR,45,18,20,38,6,,38,,,,,,,,,,
2024-12-21,BDR,68,29,31,60,4,,60,,,,,,,,,,
2024-12-22,BDR,127,56,52,108,7,,108,,,,,,,,,,
2024-12-23,BDR,198,87,83,170,8,,170,,,,,,,,,,
2024-12-24,BDR,26,13,12,25,2,,25,,,,,,,,,,
2024-12-25,BDR,35,20,20,40,4,,40,,,,,,,,,,
2024-12-26,BDR,239,87,92,179,8,,179,,,,,,,,,,
2024-12-27,BDR,280,135,133,268,12,,268,,,,,,,,,,
2024-12-28,BDR,6,3,3,6,0,,6,,,,,,,,,,
2024-12-29,BDR,15,8,8,16,0,,16,,,,,,,,,,
2024-12-30,BDR,65,25,25,50,5,,50,,,,,,,,,,
2024-12-31,BDR,215,96,92,188,0,,188,,,,,,,,,,
2025-01-01,BDR,10,5,5,10,0,,10,,,,,,,,,,
2025-01-02,BDR,12,4,5,9,4,,9,,,,,,,,,,
2025-01-03,BDR,111,53,54,107,1,,107,,,,,,,,,,
2025-01-04,BDR,13,8,5,13,0,,13,,,,,,,,,,
2025-01-05,BDR,101,48,44,92,8,,92,,,,,,,,,,
2025-01-06,BDR,72,34,33,67,4,,67,,,,,,,,,,
2025-01-07,BDR,18,7,8,15,2,,15,,,,,,,,,,
2025-01-08,BDR,20,5,7,12,7,,12,,,,,,,,,,
2025-01-09,BDR,35,4,7,11,9,,11,,,,,,,,,,
2025-01-10,BDR,190,86,87,173,11,,173,,,,,,,,,,
2025-01-11,BDR,79,37,39,76,2,,76,,,,,,,,,,
2025-01-12,BDR,341,173,161,334,3,,334,,,,,,,,,,
2025-01-13,BDR,275,138,134,272,5,,272,,,,,,,,,,
2025-01-14,BDR,52,25,26,51,8,,51,,,,,,,,,,
2025-01-15,BDR,30,12,12,24,4,,24,,,,,,,,,,
2025-01-16,BDR,224,119,116,235,3,,235,,,,,,,,,,
2025-01-17,BDR,218,104,108,212,6,,212,,,,,,,,,,
2025-01-18,BDR,151,74,75,149,2,,149,,,,,,,,,,
2025-01-19,BDR,106,53,51,104,2,,104,,,,,,,,,,
2025-01-20,BDR,64,35,33,68,5,,68,,,,,,,,,,
2025-01-21,BDR,143,59,59,118,4,,118,,,,,,,,,,
2025-01-22,BDR,143,63,61,124,13,,124,,,,,,,,,,
2025-01-23,BDR,275,128,129,257,6,,257,,,,,,,,,,
2025-01-24,BDR,213,98,101,199,12,,199,,,,,,,,,,
2025-01-25,BDR,275,127,126,253,5,,253,,,,,,,,,,
2025-01-26,BDR,136,66,64,130,4,,130,,,,,,,,,,
2025-01-27,BDR,113,47,43,90,4,,90,,,,,,,,,,
2025-01-28,BDR,29,14,15,29,4,,29,,,,,,,,,,
2025-01-29,BDR,75,30,30,60,9,,60,,,,,,,,,,
2025-01-30,BDR,210,117,117,234,13,,234,,,,,,,,,,
2025-01-31,BDR,11,5,6,11,0,,11,,,,,,,,,,
2025-02-01,BDR,40,21,18,39,0,,39,,,,,,,,,,
2025-02-02,BDR,271,132,132,264,0,,264,,,,,,,,,,
2025-02-03,BDR,180,82,84,166,2,,166,,,,,,,,,,
2025-02-04,BDR,86,35,37,72,5,,72,,,,,,,,,,
2025-02-05,BDR,264,135,132,267,6,,267,,,,,,,,,,
2025-02-06,BDR,7,4,3,7,0,,7,,,,,,,,,,
2025-02-07,BDR,19,7,7,14,6,,14,,,,,,,,,,
2025-02-08,BDR,297,139,137,276,5,,276,,,,,,,,,,
2025-02-09,BDR,13,5,4,9,2,,9,,,,,,,,,,
2025-02-10,BDR,303,129,124,253,8,,253,,,,,,,,,,
2025-02-11,BDR,203,88,89,177,11,,177,,,,,,,,,,
2025-02-12,BDR,58,13,12,25,6,,25,,,,,,,,,,
2025-02-13,BDR,25,10,12,22,4,,22,,,,,,,,,,
2025-02-14,BDR,52,29,33,62,7,,62,,,,,,,,,,
2025-02-15,BDR,176,92,89,181,2,,181,,,,,,,,,,
2025-02-16,BDR,10,3,6,9,0,,9,,,,,,,,,,
2025-02-17,BDR,16,9,5,14,3,,14,,,,,,,,,,
2025-02-18,BDR,22,11,8,19,2,,19,,,,,,,,,,
2025-02-20,BDR,219,107,105,212,4,,212,,,,,,,,,,
2025-02-21,BDR,49,16,19,35,4,,35,,,,,,,,,,
2025-02-22,BDR,356,176,171,347,5,,347,,,,,,,,,,
2025-02-23,BDR,375,185,184,369,8,,369,,,,,,,,,,
2025-02-24,BDR,321,138,130,268,7,,268,,,,,,,,,,
2025-02-26,BDR,278,132,137,269,8,,269,,,,,,,,,,
2025-02-27,BDR,54,31,30,61,5,,61,,,,,,,,,,
2025-02-28,BDR,198,99,98,197,6,,197,,,,,,,,,,
2025-03-01,BDR,221,117,106,223,2,,223,,,,,,,,,,
2025-03-02,BDR,79,36,32,68,8,,68,,,,,,,,,,
2025-03-03,BDR,278,130,127,257,17,,257,,,,,,,,,,
2025-03-04,BDR,215,97,94,191,10,,191,,,,,,,,,,
2025-03-05,BDR,12,6,5,11,2,,11,,,,,,,,,,
2025-03-06,BDR,101,44,44,88,5,,88,,,,,,,,,,
2025-03-07,BDR,45,17,17,34,8,,34,,,,,,,,,,
2025-03-08,BDR,28,10,11,21,4,,21,,,,,,,,,,
2025-03-09,BDR,209,97,92,189,3,,189,,,,,,,,,,
2025-03-10,BDR,361,167,162,329,9,,329,,,,,,,,,,
2025-03-11,BDR,333,164,168,332,7,,332,,,,,,,,,,
2025-03-12,BDR,290,134,132,266,9,,266,,,,,,,,,,
2025-03-13,BDR,269,127,125,252,12,,252,,,,,,,,,,
2025-03-15,BDR,21,11,13,24,0,,24,,,,,,,,,,
2025-03-16,BDR,6,1,3,4,2,,4,,,,,,,,,,
2025-03-17,BDR,16,9,7,16,2,,16,,,,,,,,,,
2025-03-18,BDR,230,119,118,237,6,,237,,,,,,,,,,
2025-03-19,BDR,407,219,214,433,2,,433,,,,,,,,,,
2025-03-20,BDR,18,8,9,17,2,,17,,,,,,,,,,
2025-03-21,BDR,26,12,7,19,6,,19,,,,,,,,,,
2025-03-22,BDR,383,184,184,368,7,,368,,,,,,,,,,
2025-03-23,BDR,332,160,156,316,9,,316,,,,,,,,,,
2025-03-24,BDR,14,7,7,14,0,,14,,,,,,,,,,
2025-03-25,BDR,132,64,62,126,6,,126,,,,,,,,,,
2025-03-26,BDR,305,158,150,308,6,,308,,,,,,,,,,
2025-03-27,BDR,172,80,82,162,7,,162,,,,,,,,,,
2025-03-28,BDR,359,175,177,352,9,,352,,,,,,,,,,
2025-03-29,BDR,228,105,101,206,8,,206,,,,,,,,,,
2025-03-30,BDR,18,9,11,20,0,,20,,,,,,,,,,
2025-03-31,BDR,29,19,14,33,0,,33,,,,,,,,,,
2025-04-01,BDR,57,34,35,69,6,,69,,,,,,,,,,
2025-04-02,BDR,427,207,206,413,4,,413,,,,,,,,,,
2025-04-03,BDR,13,5,6,11,5,,11,,,,,,,,,,
2025-04-04,BDR,342,174,171,345,7,,345,,,,,,,,,,
2025-04-05,BDR,112,54,55,109,3,,109,,,,,,,,,,
2025-04-06,BDR,158,59,57,116,5,,116,,,,,,,,,,
2025-04-07,BDR,30,2,2,4,1,,4,,,,,,,,,,
2025-04-08,BDR,45,15,15,30,1,,30,,,,,,,,,,
2025-04-09,BDR,291,161,161,322,10,,322,,,,,,,,,,
2025-04-10,BDR,327,166,159,325,13,,325,,,,,,,,,,
2025-04-11,BDR,40,16,15,31,5,,31,,,,,,,,,,
2025-04-12,BDR,14,9,6,15,0,,15,,,,,,,,,,
2025-04-13,BDR,113,56,57,113,0,,113,,,,,,,,,,
2025-04-14,BDR,340,157,151,308,4,,308,,,,,,,,,,
2025-04-15,BDR,195,70,68,138,0,,138,,,,,,,,,,
2025-04-16,BDR,17,7,7,14,4,,14,,,,,,,,,,
2025-04-17,BDR,287,144,150,294,7,,294,,,,,,,,,,
2025-04-18,BDR,279,138,131,269,9,,269,,,,,,,,,,
2025-04-19,BDR,274,123,117,240,8,,240,,,,,,,,,,
2025-04-20,BDR,85,37,37,74,5,,74,,,,,,,,,,
2025-04-21,BDR,407,203,206,409,9,,409,,,,,,,,,,
2025-04-22,BDR,343,151,146,297,7,,297,,,,,,,,,,
2025-04-23,BDR,367,172,170,342,10,,342,,,,,,,,,,
2025-04-24,BDR,362,197,195,392,8,,392,,,,,,,,,,
2025-04-25,BDR,374,154,151,305,8,,305,,,,,,,,,,
2025-04-26,BDR,13,5,7,12,1,,12,,,,,,,,,,
2025-04-27,BDR,78,38,30,68,12,,68,,,,,,,,,,
2025-04-28,BDR,286,131,128,259,12,,259,,,,,,,,,,
2025-04-29,BDR,210,96,100,196,8,,196,,,,,,,,,,
2025-04-30,BDR,162,75,75,150,8,,150,,,,,,,,,,
2025-05-01,BDR,461,215,214,429,11,,429,,,,,,,,,,
2025-05-02,BDR,171,99,97,196,11,,196,,,,,,,,,,
2025-05-03,BDR,215,109,109,218,2,,218,,,,,,,,,,
2025-05-04,BDR,76,37,33,70,2,,70,,,,,,,,,,
2025-05-05,BDR,20,9,12,21,0,,21,,,,,,,,,,
2025-05-06,BDR,14,5,8,13,2,,13,,,,,,,,,,
2025-05-07,BDR,304,169,161,330,1,,330,,,,,,,,,,
2025-05-08,BDR,403,203,201,404,15,,404,,,,,,,,,,
2025-05-09,BDR,21,6,15,21,0,,21,,,,,,,,,,
2025-05-10,BDR,86,42,39,81,2,,81,,,,,,,,,,
2025-05-11,BDR,308,156,148,304,10,,304,,,,,,,,,,
2025-05-12,BDR,304,155,158,313,19,,313,,,,,,,,,,
2025-05-13,BDR,247,132,133,265,6,,265,,,,,,,,,,
2025-05-14,BDR,11,6,5,11,0,,11,,,,,,,,,,
2025-05-15,BDR,14,5,7,12,3,,12,,,,,,,,,,
2025-05-16,BDR,114,56,60,116,9,,116,,,,,,,,,,
2025-05-17,BDR,131,67,62,129,8,,129,,,,,,,,,,
2025-05-18,BDR,128,59,59,118,6,,118,,,,,,,,,,
2025-05-19,BDR,99,49,56,105,3,,105,,,,,,,,,,
2025-05-20,BDR,376,202,202,404,15,,404,,,,,,,,,,
2025-05-21,BDR,104,49,48,97,16,,97,,,,,,,,,,
2025-05-22,BDR,12,6,2,8,4,,8,,,,,,,,,,
2025-05-23,BDR,161,64,63,127,14,,127,,,,,,,,,,
2025-05-24,BDR,366,177,179,356,11,,356,,,,,,,,,,
2025-05-25,BDR,401,199,192,391,9,,391,,,,,,,,,,
2025-05-26,BDR,416,213,208,421,9,,421,,,,,,,,,,
2025-05-27,BDR,334,166,164,330,18,,330,,,,,,,,,,
2025-05-28,BDR,279,130,128,258,13,,258,,,,,,,,,,
2025-05-29,BDR,63,20,17,37,8,,37,,,,,,,,,,
2025-05-30,BDR,152,58,54,112,7,,112,,,,,,,,,,
2025-05-31,BDR,15,8,6,14,1,,14,,,,,,,,,,
2025-06-01,BDR,277,129,129,258,14,,258,,,,,,,,,,
2025-06-02,BDR,319,164,162,326,21,,326,,,,,,,,,,
2025-06-03,BDR,407,186,191,377,20,,377,,,,,,,,,,
2025-06-04,BDR,407,177,177,354,11,,354,,,,,,,,,,
2025-06-05,BDR,365,187,175,362,14,,362,,,,,,,,,,
2025-06-06,BDR,249,111,114,225,13,,225,,,,,,,,,,
2025-06-07,BDR,23,12,9,21,2,,21,,,,,,,,,,
2025-06-08,BDR,473,179,188,367,5,,367,,,,,,,,,,
2025-06-09,BDR,15,8,9,17,0,,17,,,,,,,,,,
2025-06-10,BDR,18,8,9,17,3,,17,,,,,,,,,,
2025-06-11,BDR,387,243,239,482,10,,482,,,,,,,,,,
2025-06-12,BDR,384,192,194,386,12,,386,,,,,,,,,,
2025-06-13,BDR,429,240,232,472,14,,472,,,,,,,,,,
2025-06-14,BDR,22,10,10,20,1,,20,,,,,,,,,,
2025-06-15,BDR,208,90,92,182,5,,182,,,,,,,,,,
2025-06-16,BDR,121,55,54,109,11,,109,,,,,,,,,,
2025-06-17,BDR,15,4,9,13,3,,13,,,,,,,,,,
2025-06-18,BDR,19,6,6,12,6,,12,,,,,,,,,,
2025-06-19,BDR,214,100,101,201,13,,201,,,,,,,,,,
2025-06-20,BDR,202,91,93,184,22,,184,,,,,,,,,,
2025-06-21,BDR,467,213,207,420,10,,420,,,,,,,,,,
2025-06-22,BDR,271,112,107,219,10,,219,,,,,,,,,,
2025-06-23,BDR,396,185,181,366,11,,366,,,,,,,,,,
2025-06-24,BDR,348,142,135,277,13,,277,,,,,,,,,,
2025-06-25,BDR,325,166,161,327,9,,327,,,,,,,,,,
2025-06-26,BDR,200,82,82,164,14,,164,,,,,,,,,,
2025-06-27,BDR,239,97,100,197,17,,197,,,,,,,,,,
2025-06-28,BDR,42,20,17,37,2,,37,,,,,,,,,,
2025-06-29,BDR,395,198,191,389,8,,389,,,,,,,,,,
2025-06-30,BDR,245,138,134,272,7,,272,,,,,,,,,,
2025-07-01,BDR,132,70,67,137,3,,137,,,,,,,,,,
2025-07-02,BDR,299,131,128,259,19,,259,,,,,,,,,,
2025-07-03,BDR,323,139,136,275,10,,275,,,,,,,,,,
2025-07-04,BDR,238,113,111,224,5,,224,,,,,,,,,,
2025-07-05,BDR,452,220,218,438,4,,438,,,,,,,,,,
2025-07-06,BDR,365,174,165,339,10,,339,,,,,,,,,,
2025-07-07,BDR,70,29,30,59,9,,59,,,,,,,,,,
2025-07-08,BDR,143,70,72,142,10,,142,,,,,,,,,,
2025-07-09,BDR,267,137,137,274,10,,274,,,,,,,,,,
2025-07-10,BDR,130,54,52,106,11,,106,,,,,,,,,,
2025-07-11,BDR,204,114,116,230,10,,230,,,,,,,,,,
2025-07-12,BDR,282,137,131,268,9,,268,,,,,,,,,,
2025-07-13,BDR,295,137,134,271,12,,271,,,,,,,,,,
2025-07-14,BDR,161,75,78,153,10,,153,,,,,,,,,,
2025-07-15,BDR,190,89,88,177,7,,177,,,,,,,,,,
2025-07-16,BDR,262,137,135,272,11,,272,,,,,,,,,,
2025-07-17,BDR,224,106,105,211,16,,211,,,,,,,,,,
2025-07-18,BDR,348,165,168,333,12,,333,,,,,,,,,,
2025-07-19,BDR,400,191,185,376,4,,376,,,,,,,,,,
2025-07-20,BDR,214,99,101,200,14,,200,,,,,,,,,,
2025-07-21,BDR,233,111,110,221,12,,221,,,,,,,,,,
2025-07-22,BDR,240,100,100,200,9,,200,,,,,,,,,,
2025-07-23,BDR,173,99,91,190,4,,190,,,,,,,,,,
2025-07-24,BDR,214,81,74,155,16,,155,,,,,,,,,,
2025-07-25,BDR,74,43,40,83,10,,83,,,,,,,,,,
2025-07-26,BDR,228,97,93,190,3,,190,,,,,,,,,,
2025-07-27,BDR,37,14,14,28,7,,28,,,,,,,,,,
2025-07-28,BDR,290,134,129,263,11,,263,,,,,,,,,,
2025-07-29,BDR,261,123,120,243,10,,243,,,,,,,,,,
2025-07-30,BDR,271,134,137,271,12,,271,,,,,,,,,,
2025-07-31,BDR,124,54,54,108,4,,108,,,,,,,,,,
2025-08-01,BDR,75,36,35,71,8,,71,,,,,,,,,,
2025-08-02,BDR,299,132,130,262,9,,262,,,,,,,,,,
2025-08-03,BDR,293,141,139,280,8,,280,,,,,,,,,,
2025-08-04,BDR,231,100,100,200,12,,200,,,,,,,,,,
2025-08-05,BDR,328,122,118,240,13,,240,,,,,,,,,,
2025-08-06,BDR,223,121,125,246,17,,246,,,,,,,,,,
2025-08-07,BDR,208,93,94,187,15,,187,,,,,,,,,,
2025-08-08,BDR,279,139,139,278,11,,278,,,,,,,,,,
2025-08-09,BDR,314,135,136,271,10,,271,,,,,,,,,,
2025-08-10,BDR,240,122,117,239,6,,239,,,,,,,,,,
2025-08-11,BDR,236,110,107,217,11,,217,,,,,,,,,,
2025-08-12,BDR,242,114,108,222,9,,222,,,,,,,,,,
2025-08-13,BDR,168,93,93,186,13,,186,,,,,,,,,,
2025-08-14,BDR,267,132,133,265,12,,265,,,,,,,,,,
2025-08-15,BDR,262,129,134,263,12,,263,,,,,,,,,,
2025-08-16,BDR,269,128,126,254,6,,254,,,,,,,,,,
2025-08-17,BDR,258,130,117,247,12,,247,,,,,,,,,,
2025-08-18,BDR,212,105,107,212,14,,212,,,,,,,,,,
2025-08-19,BDR,303,177,177,354,14,,354,,,,,,,,,,
2025-08-20,BDR,60,22,23,45,10,,45,,,,,,,,,,
2025-08-21,BDR,57,23,26,49,13,,49,,,,,,,,,,
2025-08-22,BDR,292,153,157,310,6,,310,,,,,,,,,,
2025-08-23,BDR,235,119,109,228,4,,228,,,,,,,,,,
2025-08-24,BDR,137,65,60,125,8,,125,,,,,,,,,,
2025-08-25,BDR,266,120,118,238,10,,238,,,,,,,,,,
2025-08-26,BDR,298,140,135,275,14,,275,,,,,,,,,,
2025-08-27,BDR,288,167,169,336,11,,336,,,,,,,,,,
2025-08-28,BDR,345,169,163,332,17,,332,,,,,,,,,,
2025-08-29,BDR,186,67,70,137,18,,137,,,,,,,,,,
2025-08-30,BDR,243,109,117,226,7,,226,,,,,,,,,,
2025-08-31,BDR,274,128,126,254,18,,254,,,,,,,,,,
2025-09-01,BDR,142,83,77,160,13,,160,,,,,,,,,,
2025-09-02,BDR,208,110,107,217,14,,217,,,,,,,,,,
2025-09-03,BDR,122,66,67,133,10,,133,,,,,,,,,,
2025-09-04,BDR,221,99,97,196,15,,196,,,,,,,,,,
2025-09-05,BDR,204,83,85,168,7,,168,,,,,,,,,,
2025-09-06,BDR,165,81,79,160,4,,160,,,,,,,,,,
2025-09-07,BDR,108,55,50,105,5,,105,,,,,,,,,,
2025-09-08,BDR,175,90,92,182,14,,182,,,,,,,,,,
2025-09-09,BDR,253,117,117,234,14,,234,,,,,,,,,,
2025-09-10,BDR,109,41,39,80,11,,80,,,,,,,,,,
2025-09-11,BDR,298,135,142,277,12,,277,,,,,,,,,,
2025-09-12,BDR,382,161,165,326,12,,326,,,,,,,,,,
2025-09-13,BDR,359,171,165,336,12,,336,,,,,,,,,,
2025-09-14,BDR,399,188,181,369,12,,369,,,,,,,,,,
2025-09-15,BDR,265,121,123,244,18,,244,,,,,,,,,,
2025-09-16,BDR,207,118,117,235,10,,235,,,,,,,,,,
2025-09-17,BDR,93,39,40,79,8,,79,,,,,,,,,,
2025-09-18,BDR,231,102,101,203,8,,203,,,,,,,,,,
2025-09-19,BDR,292,143,142,285,14,,285,,,,,,,,,,
2025-09-20,BDR,282,133,131,264,7,,264,,,,,,,,,,
2025-09-21,BDR,321,159,150,309,13,,309,,,,,,,,,,
2025-09-24,BDR,110,48,51,99,6,,99,,,,,,,,,,
2025-09-25,BDR,21,14,9,23,2,,23,,,,,,,,,,
2025-09-26,BDR,106,45,43,88,22,,88,,,,,,,,,,
2025-09-27,BDR,307,135,137,272,16,,272,,,,,,,,,,
2025-09-29,BDR,252,117,112,229,8,,229,,,,,,,,,,
2025-10-01,BDR,128,60,59,119,12,,119,,,,,,,,,,
2025-10-02,BDR,343,156,155,311,16,,311,,,,,,,,,,
2025-10-03,BDR,329,163,160,323,17,,323,,,,,,,,,,
2025-10-04,BDR,266,119,118,237,6,,237,,,,,,,,,,
2025-10-05,BDR,295,150,143,293,8,,293,,,,,,,,,,
2025-10-06,BDR,269,143,140,283,9,,283,,,,,,,,,,
2025-10-07,BDR,277,119,115,234,4,,234,,,,,,,,,,
2025-10-08,BDR,28,13,13,26,9,,26,,,,,,,,,,
2025-10-09,BDR,227,108,118,226,9,,226,,,,,,,,,,
2025-10-10,BDR,357,175,174,349,12,,349,,,,,,,,,,
2025-10-11,BDR,182,90,86,176,3,,176,,,,,,,,,,
2025-10-12,BDR,8,4,4,8,0,,8,,,,,,,,,,
2025-10-13,BDR,12,4,3,7,0,,7,,,,,,,,,,
2025-10-14,BDR,16,5,4,9,2,,9,,,,,,,,,,
2025-10-15,BDR,201,95,94,189,9,,189,,,,,,,,,,
2025-10-16,BDR,113,52,51,103,14,,103,,,,,,,,,,
2025-10-17,BDR,263,129,127,256,5,,256,,,,,,,,,,
2025-10-18,BDR,395,185,190,375,9,,375,,,,,,,,,,
2025-10-19,BDR,277,138,128,266,7,,266,,,,,,,,,,
2025-10-20,BDR,62,26,32,58,2,,58,,,,,,,,,,
2025-10-21,BDR,370,205,204,409,11,,409,,,,,,,,,,
2025-10-22,BDR,234,96,97,193,10,,193,,,,,,,,,,
2025-10-23,BDR,244,117,117,234,4,,234,,,,,,,,,,
2025-10-24,BDR,377,156,149,305,12,,305,,,,,,,,,,
2025-10-25,BDR,350,167,156,323,10,,323,,,,,,,,,,
2025-10-26,BDR,307,145,142,287,10,,287,,,,,,,,,,
2025-10-27,BDR,360,177,167,344,8,,344,,,,,,,,,,
2025-10-28,BDR,177,65,66,131,7,,131,,,,,,,,,,
2025-10-29,BDR,184,78,80,158,4,,158,,,,,,,,,,
2025-10-30,BDR,9,2,7,9,0,,9,,,,,,,,,,
2025-10-31,BDR,86,32,31,63,4,,63,,,,,,,,,,
2025-11-01,BDR,110,49,46,95,4,,95,,,,,,,,,,
2025-11-02,BDR,344,174,167,341,0,,341,,,,,,,,,,
2025-11-03,BDR,237,116,113,229,4,,229,,,,,,,,,,
2025-11-04,BDR,87,44,39,83,6,,83,,,,,,,,,,
2025-11-05,BDR,238,103,98,201,11,,201,,,,,,,,,,
2025-11-06,BDR,113,46,50,96,12,,96,,,,,,,,,,
2025-11-07,BDR,185,82,86,168,3,,168,,,,,,,,,,
2025-11-08,BDR,401,179,174,353,6,,353,,,,,,,,,,
2025-11-09,BDR,172,80,75,155,2,,155,,,,,,,,,,
2025-11-10,BDR,37,7,13,20,14,,20,,,,,,,,,,
2025-11-11,BDR,65,20,20,40,13,,40,,,,,,,,,,
2025-11-12,BDR,203,98,93,191,15,,191,,,,,,,,,,
2025-11-13,BDR,79,38,40,78,8,,78,,,,,,,,,,
2025-11-14,BDR,292,145,147,292,11,,292,,,,,,,,,,
2025-11-15,BDR,395,182,177,359,1,,359,,,,,,,,,,
2025-11-16,BDR,37,16,14,30,7,,30,,,,,,,,,,
2025-11-17,BDR,47,24,23,47,3,,47,,,,,,,,,,
2025-11-18,BDR,258,106,107,213,8,,213,,,,,,,,,,
2025-11-19,BDR,235,109,112,221,7,,221,,,,,,,,,,
2025-11-20,BDR,360,171,162,333,11,,333,,,,,,,,,,
2025-11-21,BDR,168,74,82,156,8,,156,,,,,,,,,,
2025-11-22,BDR,105,45,46,91,2,,91,,,,,,,,,,
2025-11-23,BDR,307,144,138,282,8,,282,,,,,,,,,,
2025-11-24,BDR,279,149,148,297,7,,297,,,,,,,,,,
2025-11-25,BDR,174,84,90,174,7,,174,,,,,,,,,,
2025-11-26,BDR,18,9,6,15,2,,15,,,,,,,,,,
2025-11-27,BDR,77,34,30,64,8,,64,,,,,,,,,,
2025-11-28,BDR,53,19,24,43,1,,43,,,,,,,,,,
2025-11-29,BDR,281,131,135,266,2,,266,,,,,,,,,,
2025-11-30,BDR,171,83,75,158,7,,158,,,,,,,,,,
2025-12-01,BDR,162,72,77,149,15,,149,,,,,,,,,,
2025-12-02,BDR,11,5,6,11,2,,11,,,,,,,,,,
2025-12-03,BDR,266,129,126,255,14,,255,,,,,,,,,,
2025-12-04,BDR,201,82,79,161,5,,161,,,,,,,,,,
2025-12-05,BDR,245,122,117,239,8,,239,,,,,,,,,,
2025-12-06,BDR,189,95,92,187,0,,187,,,,,,,,,,
2025-12-07,BDR,299,166,160,326,11,,326,,,,,,,,,,
2025-12-08,BDR,120,38,47,85,14,,85,,,,,,,,,,
2025-12-09,BDR,220,101,102,203,9,,203,,,,,,,,,,
2025-12-10,BDR,48,21,21,42,5,,42,,,,,,,,,,
2025-12-11,BDR,39,10,17,27,15,,27,,,,,,,,,,
2025-12-12,BDR,161,86,83,169,6,,169,,,,,,,,,,
2025-12-13,BDR,224,122,116,238,3,,238,,,,,,,,,,
2025-12-14,BDR,15,8,5,13,3,,13,,,,,,,,,,
2025-12-15,BDR,17,6,8,14,8,,14,,,,,,,,,,
2025-12-16,BDR,154,50,49,99,13,,99,,,,,,,,,,
2025-12-17,BDR,264,118,115,233,8,,233,,,,,,,,,,
2025-12-18,BDR,244,128,132,260,3,,260,,,,,,,,,,
2025-12-19,BDR,9,4,5,9,0,,9,,,,,,,,,,
2025-12-20,BDR,371,183,177,360,3,,360,,,,,,,,,,
2025-12-21,BDR,127,63,66,129,2,,129,,,,,,,,,,
2025-12-22,BDR,298,157,144,301,5,,301,,,,,,,,,,
2025-12-23,BDR,9,4,5,9,0,,9,,,,,,,,,,
2025-12-24,BDR,27,11,10,21,6,,21,,,,,,,,,,
2025-12-25,BDR,28,11,14,25,4,,25,,,,,,,,,,
2025-12-26,BDR,168,76,79,155,3,,155,,,,,,,,,,
2025-12-27,BDR,35,16,19,35,0,,35,,,,,,,,,,
2025-12-28,BDR,76,35,32,67,0,,67,,,,,,,,,,
2025-12-29,BDR,8,3,3,6,2,,6,,,,,,,,,,
2025-12-30,BDR,11,1,1,2,4,,2,,,,,,,,,,
2025-12-31,BDR,134,70,66,136,2,,136,,,,,,,,,,
2026-01-01,BDR,12,6,4,10,3,,10,,,,,,,,,,
2026-01-02,BDR,224,113,116,229,2,,229,,,,,,,,,,
2026-01-03,BDR,352,174,170,344,4,,344,,,,,,,,,,
2026-01-04,BDR,206,102,98,200,5,,200,,,,,,,,,,
2026-01-05,BDR,170,95,95,190,8,,190,,,,,,,,,,
2026-01-07,BDR,82,31,29,60,7,,60,,,,,,,,,,
2026-01-08,BDR,364,178,178,356,11,,356,,,,,,,,,,
2026-01-09,BDR,79,37,36,73,5,,73,,,,,,,,,,
2026-01-10,BDR,173,89,93,182,3,,182,,,,,,,,,,
2026-01-11,BDR,168,85,82,167,7,,167,,,,,,,,,,
2026-01-12,BDR,141,67,67,134,7,,134,,,,,,,,,,
2026-01-15,BDR,58,20,22,42,6,,42,,,,,,,,,,
2026-01-16,BDR,162,77,81,158,10,,158,,,,,,,,,,
2026-01-17,BDR,24,13,12,25,2,,25,,,,,,,,,,
2026-01-18,BDR,4,1,3,4,0,,4,,,,,,,,,,
2026-01-19,BDR,129,65,65,130,6,,130,,,,,,,,,,
2026-01-21,BDR,379,180,174,354,7,,354,,,,,,,,,,
2026-01-22,BDR,157,75,78,153,7,,153,,,,,,,,,,
2026-01-23,BDR,176,76,73,149,4,,149,,,,,,,,,,
2026-01-24,BDR,131,61,66,127,4,,127,,,,,,,,,,
2026-01-25,BDR,1,0,1,1,0,,1,,,,,,,,,,
2026-01-26,BDR,2,0,0,0,2,,0,,,,,,,,,,
2026-01-29,BDR,190,61,60,121,4,,121,,,,,,,,,,
2026-01-30,BDR,222,99,98,197,6,,197,,,,,,,,,,
2026-01-31,BDR,328,167,168,335,0,,335,,,,,,,,,,
2026-02-01,BDR,6,3,1,4,2,,4,,,,,,,,,,
2026-02-02,BDR,88,37,39,76,3,,76,,,,,,,,,,
2026-02-05,BDR,242,123,118,241,9,,241,,,,,,,,,,
2026-02-06,BDR,421,196,197,393,6,,393,,,,,,,,,,
2026-02-07,BDR,0,0,0,0,0,,0,,,,,,,,,,
2026-02-08,BDR,11,4,2,6,5,,6,,,,,,,,,,
2026-02-09,BDR,176,69,74,143,10,,143,,,,,,,,,,
2026-02-12,BDR,76,29,32,61,3,,61,,,,,,,,,,
2026-02-13,BDR,313,170,171,341,13,,341,,,,,,,,,,
2026-02-14,BDR,283,170,165,335,0,,335,,,,,,,,,,
2026-02-15,BDR,163,81,79,160,2,,160,,,,,,,,,,
2026-02-16,BDR,213,100,101,201,8,,201,,,,,,,,,,
2026-02-19,BDR,373,174,173,347,13,,347,,,,,,,,,,
2026-02-20,BDR,13,6,7,13,0,,13,,,,,,,,,,
2026-02-21,BDR,327,168,170,338,4,,338,,,,,,,,,,
2026-02-22,BDR,3,1,3,4,0,,4,,,,,,,,,,
2026-02-23,BDR,0,0,0,0,0,,0,,,,,,,,,,
2026-02-26,BDR,230,113,116,229,11,,229,,,,,,,,,,
2026-02-27,BDR,358,201,192,393,9,,393,,,,,,,,,,
2026-02-28,BDR,382,208,216,424,1,,424,,,,,,,,,,
2026-03-01,BDR,133,61,62,123,4,,123,,,,,,,,,,
2026-03-02,BDR,314,162,159,321,8,,321,,,,,,,,,,
2026-03-03,BDR,14,7,9,16,0,,16,,,,,,,,,,
2026-03-04,BDR,280,137,137,274,7,,274,,,,,,,,,,
2026-03-05,BDR,13,8,5,13,0,,13,,,,,,,,,,
2026-03-06,BDR,46,23,25,48,4,,48,,,,,,,,,,
2026-03-07,BDR,7,6,3,9,0,,9,,,,,,,,,,
2026-03-08,BDR,156,78,76,154,2,,154,,,,,,,,,,
2026-03-09,BDR,354,239,238,477,4,,477,,,,,,,,,,
2026-03-10,BDR,383,197,198,395,12,,395,,,,,,,,,,
2026-03-11,BDR,248,130,131,261,11,,261,,,,,,,,,,
2026-03-12,BDR,23,8,6,14,4,,14,,,,,,,,,,
2026-03-13,BDR,203,129,125,254,10,,254,,,,,,,,,,
2026-03-14,BDR,22,11,11,22,2,,22,,,,,,,,,,
2026-03-15,BDR,422,198,197,395,5,,395,,,,,,,,,,
2026-03-16,BDR,0,0,0,0,0,,0,,,,,,,,,,
2026-03-17,BDR,18,4,5,9,6,,9,,,,,,,,,,
2026-03-18,BDR,350,156,157,313,10,,313,,,,,,,,,,
2026-03-19,BDR,457,213,207,420,6,,420,,,,,,,,,,
2026-03-20,BDR,265,126,129,255,6,,255,,,,,,,,,,
2026-03-21,BDR,194,95,94,189,6,,189,,,,,,,,,,
2026-03-22,BDR,42,14,16,30,12,,30,,,,,,,,,,
2026-03-23,BDR,15,4,5,9,2,,9,,,,,,,,,,
2026-03-24,BDR,397,163,173,336,4,,336,,,,,,,,,,
2026-03-25,BDR,425,200,203,403,4,,403,,,,,,,,,,
2026-03-26,BDR,345,141,141,282,11,,282,,,,,,,,,,
2026-03-27,BDR,86,48,45,93,0,,93,,,,,,,,,,
2026-03-28,BDR,167,73,72,145,0,,145,,,,,,,,,,
2026-03-29,BDR,395,184,188,372,5,,372,,,,,,,,,,
2026-03-30,BDR,237,99,91,190,5,,190,,,,,,,,,,
2026-03-31,BDR,277,132,129,261,1,,261,,,,,,,,,,
2026-04-01,BDR,130,49,49,98,5,,98,,,,,,,,,,
2026-04-02,BDR,26,11,10,21,2,,21,,,,,,,,,,
2026-04-03,BDR,103,38,36,74,2,,74,,,,,,,,,,
2026-04-04,BDR,299,143,140,283,0,,283,,,,,,,,,,
2026-04-05,BDR,17,10,10,20,1,,20,,,,,,,,,,
2026-04-06,BDR,177,61,65,126,7,,126,,,,,,,,,,
2026-04-07,BDR,124,47,47,94,10,,94,,,,,,,,,,
2026-04-08,BDR,435,179,180,359,6,,359,,,,,,,,,,
2026-04-09,BDR,451,204,201,405,4,,405,,,,,,,,,,
2026-04-10,BDR,377,173,170,343,6,,343,,,,,,,,,,
2026-04-11,BDR,133,62,64,126,6,,126,,,,,,,,,,
2026-04-12,BDR,440,188,177,365,8,,365,,,,,,,,,,
2026-04-13,BDR,181,59,63,122,9,,122,,,,,,,,,,
2026-04-16,BDR,427,173,170,343,15,,343,,,,,,,,,,
2026-04-17,BDR,301,131,128,259,7,,259,,,,,,,,,,
2026-04-18,BDR,156,72,68,140,3,,140,,,,,,,,,,
2026-04-19,BDR,18,7,6,13,7,,13,,,,,,,,,,
2026-04-20,BDR,198,108,107,215,2,,215,,,,,,,,,,
2026-04-23,BDR,299,131,132,263,5,,263,,,,,,,,,,
2026-04-24,BDR,418,214,215,429,4,,429,,,,,,,,,,
2026-04-25,BDR,125,60,58,118,0,,118,,,,,,,,,,
2026-04-26,BDR,217,113,111,224,4,,224,,,,,,,,,,
2026-04-27,BDR,315,146,147,293,10,,293,,,,,,,,,,
2026-04-30,BDR,24,7,5,12,10,,12,,,,,,,,,,
2026-05-01,BDR,437,199,195,394,8,,394,,,,,,,,,,
2026-05-02,BDR,139,78,81,159,8,,159,,,,,,,,,,
2026-05-03,BDR,125,63,66,129,2,,129,,,,,,,,,,
2026-05-04,BDR,152,71,68,139,13,,139,,,,,,,,,,
2026-05-07,BDR,383,109,94,203,6,,203,,,,,,,,,,
2026-05-08,BDR,428,144,136,280,8,,280,,,,,,,,,,
2026-05-09,BDR,29,4,6,10,0,,10,,,,,,,,,,
2026-05-10,BDR,98,48,49,97,5,,97,,,,,,,,,,
2026-05-11,BDR,432,204,204,408,11,,408,,,,,,,,,,
2026-05-12,BDR,409,195,195,390,10,,390,,,,,,,,,,
2026-05-13,BDR,123,57,54,111,5,,111,,,,,,,,,,
2026-05-14,BDR,51,21,24,45,7,,45,,,,,,,,,,
2026-05-15,BDR,334,146,144,290,14,,290,,,,,,,,,,
2026-05-16,BDR,382,165,167,332,5,,332,,,,,,,,,,
2026-05-17,BDR,436,170,169,339,10,,339,,,,,,,,,,
2026-05-18,BDR,296,131,131,262,8,,262,,,,,,,,,,
2026-05-19,BDR,306,137,136,273,4,,273,,,,,,,,,,
2026-05-20,BDR,189,89,85,174,4,,174,,,,,,,,,,
2026-05-21,BDR,225,85,90,175,13,,175,,,,,,,,,,
2026-05-22,BDR,393,184,182,366,14,,366,,,,,,,,,,
2026-05-23,BDR,67,26,28,54,4,,54,,,,,,,,,,
2026-05-24,BDR,12,7,4,11,0,,11,,,,,,,,,,
2026-05-25,BDR,106,53,49,102,10,,102,,,,,,,,,,
2026-05-26,BDR,445,231,229,460,7,,460,,,,,,,,,,
2026-05-27,BDR,336,154,151,305,8,,305,,,,,,,,,,
2026-05-28,BDR,179,76,81,157,10,,157,,,,,,,,,,
2026-05-29,BDR,309,148,141,289,8,,289,,,,,,,,,,
2026-05-30,BDR,16,5,9,14,3,,14,,,,,,,,,,
2026-05-31,BDR,333,139,136,275,9,,275,,,,,,,,,,
2026-06-01,BDR,291,161,160,321,12,,321,,,,,,,,,,
2026-06-02,BDR,350,165,163,328,13,,328,,,,,,,,,,
2026-06-03,BDR,344,161,163,324,8,,324,,,,,,,,,,
2026-06-04,BDR,377,179,175,354,5,,354,,,,,,,,,,
2026-06-05,BDR,438,199,201,400,6,,400,,,,,,,,,,
2026-06-06,BDR,370,179,180,359,4,,359,,,,,,,,,,
2026-06-07,BDR,237,86,83,169,9,,169,,,,,,,,,,
2026-06-08,BDR,365,169,173,342,13,,342,,,,,,,,,,
2026-06-09,BDR,419,187,189,376,15,,376,,,,,,,,,,
2026-06-10,BDR,307,144,144,288,8,,288,,,,,,,,,,
2026-06-11,BDR,224,87,86,173,10,,173,,,,,,,,,,
2026-06-12,BDR,326,147,149,296,19,,296,,,,,,,,,,
2026-06-13,BDR,339,171,170,341,11,,341,,,,,,,,,,
2026-06-14,BDR,358,172,173,345,4,,345,,,,,,,,,,
2026-06-15,BDR,151,65,62,127,15,,127,,,,,,,,,,
2026-06-16,BDR,351,157,160,317,14,,317,,,,,,,,,,
2026-06-17,BDR,340,193,196,389,14,,389,,,,,,,,,,
2026-06-18,BDR,69,34,36,70,14,,70,,,,,,,,,,
2026-06-19,BDR,342,167,165,332,15,,332,,,,,,,,,,
2026-06-20,BDR,129,44,44,88,11,,88,,,,,,,,,,
2026-06-21,BDR,331,140,139,279,23,,279,,,,,,,,,,
2026-06-22,BDR,209,73,73,146,7,,146,,,,,,,,,,
2026-06-23,BDR,34,4,3,7,12,,7,,,,,,,,,,
2026-06-24,BDR,420,181,179,360,15,,360,,,,,,,,,,
2026-06-25,BDR,439,61,61,122,7,,122,,,,,,,,,,
2026-06-26,BDR,216,89,87,176,22,,176,,,,,,,,,,
2026-06-27,BDR,283,130,127,257,8,,257,,,,,,,,,,
2026-06-28,BDR,378,178,181,359,12,,359,,,,,,,,,,
2026-06-29,BDR,483,204,205,409,15,,409,,,,,,,,,,
2026-06-30,BDR,320,183,181,364,12,,364,,,,,,,,,,
2026-07-01,BDR,270,122,125,247,16,,247,,,,,,,,,,
2026-07-02,BDR,291,138,139,277,9,,277,,,,,,,,,,
2026-07-03,BDR,261,111,114,225,10,,225,,,,,,,,,,
2026-07-04,BDR,152,73,72,145,2,,145,,,,,,,,,,
2026-07-05,BDR,192,69,64,133,18,,133,,,,,,,,,,
2026-07-06,BDR,26,11,13,24,2,,24,,,,,,,,,,
2026-07-07,BDR,21,9,10,19,2,,19,,,,,,,,,,
2026-07-08,BDR,414,219,213,432,8,,432,,,,,,,,,,
2026-07-09,BDR,311,143,143,286,10,,286,,,,,,,,,,
2026-07-10,BDR,354,168,164,332,15,,332,,,,,,,,,,
2026-07-11,BDR,273,131,134,265,18,,265,,,,,,,,,,
2026-07-12,BDR,329,207,201,408,8,,408,,,,,,,,,,
2026-07-13,BDR,380,155,154,309,6,,309,,,,,,,,,,
2026-07-14,BDR,399,208,200,408,11,,408,,,,,,,,,,
2026-07-15,BDR,174,69,64,133,13,,133,,,,,,,,,,
2026-07-16,BDR,205,92,102,194,14,,194,,,,,,,,,,
2026-07-17,BDR,366,167,170,337,14,,337,,,,,,,,,,
2026-07-18,BDR,23,11,9,20,4,,20,,,,,,,,,,
2026-07-19,BDR,387,176,167,343,9,,343,,,,,,,,,,
2026-07-20,BDR,218,100,104,204,15,,204,,,,,,,,,,
2026-07-21,BDR,92,44,42,86,6,,86,,,,,,,,,,
2026-07-22,BDR,177,79,75,154,18,,154,,,,,,,,,,
2026-07-23,BDR,508,250,253,503,12,,503,,,,,,,,,,
2026-07-24,BDR,380,203,200,403,20,,403,,,,,,,,,,
2026-07-25,BDR,333,171,167,338,5,,338,,,,,,,,,,
2026-07-26,BDR,443,199,192,391,13,,391,,,,,,,,,,
2026-07-27,BDR,338,141,138,279,15,,279,,,,,,,,,,
2026-07-28,BDR,46,17,13,30,13,,30,,,,,,,,,,
2026-07-29,BDR,42,17,21,38,5,,38,,,,,,,,,,
2026-07-30,BDR,58,20,19,39,17,,39,,,,,,,,,,
2026-07-31,BDR,424,179,187,366,18,,366,,,,,,,,,,
2026-08-01,BDR,423,80,84,164,3,,164,,,,,,,,,,
2026-08-02,BDR,332,142,140,282,17,,282,,,,,,,,,,
2026-08-03,BDR,15,10,8,18,0,,18,,,,,,,,,,
2026-08-04,BDR,434,228,224,452,16,,452,,,,,,,,,,
2026-08-05,BDR,314,174,174,348,9,,348,,,,,,,,,,
2026-08-06,BDR,197,88,83,171,7,,171,,,,,,,,,,
2026-08-07,BDR,339,157,158,315,12,,315,,,,,,,,,,
2026-08-08,BDR,340,139,136,275,6,,275,,,,,,,,,,
2026-08-09,BDR,380,67,60,127,8,,127,,,,,,,,,,
2026-08-10,BDR,315,167,166,333,23,,333,,,,,,,,,,
2026-08-11,BDR,299,164,163,327,11,,327,,,,,,,,,,
2026-08-12,BDR,197,47,54,101,9,,101,,,,,,,,,,
2026-08-13,BDR,423,196,197,393,16,,393,,,,,,,,,,
2026-08-14,BDR,316,142,130,272,16,,272,,,,,,,,,,
2026-08-15,BDR,363,188,196,384,6,,384,,,,,,,,,,
2026-08-16,BDR,249,135,133,268,10,,268,,,,,,,,,,
2026-08-17,BDR,35,13,14,27,5,,27,,,,,,,,,,
2026-08-18,BDR,347,171,171,342,20,,342,,,,,,,,,,
2026-08-19,BDR,347,157,151,308,18,,308,,,,,,,,,,
2026-08-20,BDR,310,146,146,292,19,,292,,,,,,,,,,
2026-08-21,BDR,287,131,133,264,7,,264,,,,,,,,,,
2026-08-22,BDR,148,70,69,139,5,,139,,,,,,,,,,
2026-08-23,BDR,96,48,39,87,8,,87,,,,,,,,,,
2026-08-24,BDR,352,208,206,414,13,,414,,,,,,,,,,
2026-08-25,BDR,381,183,183,366,15,,366,,,,,,,,,,
2026-08-26,BDR,409,195,198,393,16,,393,,,,,,,,,,
2026-08-27,BDR,179,64,66,130,11,,130,,,,,,,,,,
2026-08-28,BDR,200,96,99,195,9,,195,,,,,,,,,,
2026-08-29,BDR,275,161,159,320,14,,320,,,,,,,,,,
2026-08-30,BDR,369,196,189,385,8,,385,,,,,,,,,,
2026-08-31,BDR,314,145,148,293,15,,293,,,,,,,,,,
2023-02-16,BED,335,15,1,16,1,,,16,,,,,,,,,
2023-02-17,BED,206,39,3,42,0,,,42,,,,,,,,,
2023-02-18,BED,402,42,16,58,3,,,58,,,,,,,,,
2023-02-19,BED,326,22,13,35,0,,,35,,,,,,,,,
2023-02-20,BED,309,16,5,21,0,,,21,,,,,,,,,
2023-02-21,BED,127,1,8,9,0,,,9,,,,,,,,,
2023-02-22,BED,363,50,23,73,0,,,73,,,,,,,,,
2023-02-23,BED,96,8,4,12,0,,,12,,,,,,,,,
2023-02-24,BED,129,54,11,65,0,,,65,,,,,,,,,
2023-02-25,BED,270,108,65,173,0,,,173,,,,,,,,,
2023-02-26,BED,192,93,18,111,0,,,111,,,,,,,,,
2023-02-27,BED,361,79,79,158,0,,,158,,,,,,,,,
2023-02-28,BED,86,0,14,14,0,,,14,,,,,,,,,
2023-03-01,BED,362,114,70,184,1,,,184,,,,,,,,,
2023-03-02,BED,129,37,3,40,0,,,40,,,,,,,,,
2023-03-03,BED,397,107,49,156,2,,,156,,,,,,,,,
2023-03-04,BED,47,0,7,7,0,,,7,,,,,,,,,
2023-03-05,BED,429,157,80,237,2,,,237,,,,,,,,,
2023-03-06,BED,178,56,14,70,1,,,70,,,,,,,,,
2023-03-07,BED,175,62,17,79,0,,,79,,,,,,,,,
2023-03-08,BED,358,88,38,126,1,,,126,,,,,,,,,
2023-03-09,BED,415,60,39,99,0,,,99,,,,,,,,,
2023-03-10,BED,508,168,122,290,2,,,290,,,,,,,,,
2023-03-11,BED,225,6,37,43,0,,,43,,,,,,,,,
2023-03-12,BED,408,63,111,174,1,,,174,,,,,,,,,
2023-03-13,BED,413,41,88,129,0,,,129,,,,,,,,,
2023-03-14,BED,30,2,5,7,0,,,7,,,,,,,,,
2023-03-15,BED,141,67,7,74,0,,,74,,,,,,,,,
2023-03-16,BED,381,144,62,206,0,,,206,,,,,,,,,
2023-03-17,BED,328,76,83,159,2,,,159,,,,,,,,,
2023-03-18,BED,336,136,82,218,1,,,218,,,,,,,,,
2023-03-19,BED,161,59,12,71,0,,,71,,,,,,,,,
2023-03-20,BED,240,98,33,131,1,,,131,,,,,,,,,
2023-03-21,BED,408,174,111,285,2,,,285,,,,,,,,,
2023-03-22,BED,418,61,79,140,0,,,140,,,,,,,,,
2023-03-23,BED,260,91,41,132,0,,,132,,,,,,,,,
2023-03-24,BED,416,163,91,254,0,,,254,,,,,,,,,
2023-03-25,BED,256,38,50,88,0,,,88,,,,,,,,,
2023-03-26,BED,280,98,32,130,2,,,130,,,,,,,,,
2023-03-27,BED,469,175,114,289,0,,,289,,,,,,,,,
2023-03-28,BED,238,101,57,158,1,,,158,,,,,,,,,
2023-03-29,BED,437,163,106,269,0,,,269,,,,,,,,,
2023-03-30,BED,171,69,21,90,1,,,90,,,,,,,,,
2023-03-31,BED,453,0,0,0,0,,,0,,,,,,,,,
2023-04-01,BED,91,21,8,29,0,,,29,,,,,,,,,
2023-04-02,BED,270,25,7,32,0,,,32,,,,,,,,,
2023-04-03,BED,286,36,5,41,0,,,41,,,,,,,,,
2023-04-04,BED,499,102,105,207,1,,,207,,,,,,,,,
2023-04-05,BED,148,5,15,20,1,,,20,,,,,,,,,
2023-04-06,BED,275,33,59,92,0,,,92,,,,,,,,,
2023-04-07,BED,240,93,24,117,0,,,117,,,,,,,,,
2023-04-08,BED,451,186,140,326,2,,,326,,,,,,,,,
2023-04-09,BED,410,176,110,286,0,,,286,,,,,,,,,
2023-04-10,BED,455,191,110,301,0,,,301,,,,,,,,,
2023-04-11,BED,257,96,48,144,1,,,144,,,,,,,,,
2023-04-12,BED,202,73,29,102,1,,,102,,,,,,,,,
2023-04-13,BED,425,195,104,299,1,,,299,,,,,,,,,
2023-04-14,BED,431,111,104,215,1,,,215,,,,,,,,,
2023-04-15,BED,453,96,137,233,5,,,233,,,,,,,,,
2023-04-16,BED,151,3,12,15,0,,,15,,,,,,,,,
2023-04-17,BED,128,18,7,25,1,,,25,,,,,,,,,
2023-04-18,BED,315,128,53,181,4,,,181,,,,,,,,,
2023-04-19,BED,291,100,48,148,2,,,148,,,,,,,,,
2023-04-20,BED,453,206,170,376,3,,,376,,,,,,,,,
2023-04-21,BED,380,50,66,116,0,,,116,,,,,,,,,
2023-04-22,BED,366,39,71,110,0,,,110,,,,,,,,,
2023-04-23,BED,171,1,5,6,0,,,6,,,,,,,,,
2023-04-24,BED,287,70,50,120,0,,,120,,,,,,,,,
2023-04-25,BED,372,100,79,179,1,,,179,,,,,,,,,
2023-04-26,BED,387,31,57,88,1,,,88,,,,,,,,,
2023-04-27,BED,500,163,128,291,1,,,291,,,,,,,,,
2023-04-28,BED,421,65,63,128,0,,,128,,,,,,,,,
2023-04-29,BED,320,36,52,88,0,,,88,,,,,,,,,
2023-04-30,BED,163,1,9,10,0,,,10,,,,,,,,,
2023-05-01,BED,294,99,40,139,1,,,139,,,,,,,,,
2023-05-02,BED,176,51,33,84,0,,,84,,,,,,,,,
2023-05-03,BED,323,21,48,69,0,,,69,,,,,,,,,
2023-05-04,BED,211,9,24,33,0,,,33,,,,,,,,,
2023-05-05,BED,307,32,63,95,0,,,95,,,,,,,,,
2023-05-06,BED,367,140,109,249,2,,,249,,,,,,,,,
2023-05-07,BED,501,176,108,284,0,,,284,,,,,,,,,
2023-05-08,BED,381,122,74,196,2,,,196,,,,,,,,,
2023-05-09,BED,515,139,181,320,4,,,320,,,,,,,,,
2023-05-10,BED,484,178,113,291,2,,,291,,,,,,,,,
2023-05-11,BED,527,178,107,285,3,,,285,,,,,,,,,
2023-05-12,BED,423,135,69,204,3,,,204,,,,,,,,,
2023-05-13,BED,377,138,78,216,4,,,216,,,,,,,,,
2023-05-14,BED,363,136,79,215,3,,,215,,,,,,,,,
2023-05-15,BED,358,154,91,245,0,,,245,,,,,,,,,
2023-05-16,BED,352,151,89,240,1,,,240,,,,,,,,,
2023-05-17,BED,235,100,31,131,1,,,131,,,,,,,,,
2023-05-18,BED,588,250,191,441,8,,,441,,,,,,,,,
2023-05-19,BED,403,171,84,255,4,,,255,,,,,,,,,
2023-05-20,BED,181,17,39,56,2,,,56,,,,,,,,,
2023-05-21,BED,530,213,146,359,6,,,359,,,,,,,,,
2023-05-22,BED,452,88,111,199,7,,,199,,,,,,,,,
2023-05-23,BED,510,66,70,136,3,,,136,,,,,,,,,
2023-05-24,BED,436,170,68,238,2,,,238,,,,,,,,,
2023-05-25,BED,514,165,106,271,5,,,271,,,,,,,,,
2023-05-26,BED,433,110,90,200,2,,,200,,,,,,,,,
2023-05-27,BED,431,166,136,302,2,,,302,,,,,,,,,
2023-05-28,BED,326,109,57,166,3,,,166,,,,,,,,,
2023-05-29,BED,349,61,47,108,5,,,108,,,,,,,,,
2023-05-30,BED,484,64,87,151,3,,,151,,,,,,,,,
2023-05-31,BED,584,221,149,370,3,,,370,,,,,,,,,
2023-06-01,BED,538,183,138,321,6,,,321,,,,,,,,,
2023-06-02,BED,414,116,89,205,2,,,205,,,,,,,,,
2023-06-03,BED,166,8,17,25,1,,,25,,,,,,,,,
2023-06-04,BED,232,18,22,40,1,,,40,,,,,,,,,
2023-06-05,BED,246,21,38,59,0,,,59,,,,,,,,,
2023-06-06,BED,473,172,133,305,2,,,305,,,,,,,,,
2023-06-07,BED,439,148,117,265,4,,,265,,,,,,,,,
2023-06-08,BED,530,207,141,348,2,,,348,,,,,,,,,
2023-06-09,BED,243,54,43,97,0,,,97,,,,,,,,,
2023-06-10,BED,257,82,68,150,0,,,150,,,,,,,,,
2023-06-11,BED,564,163,155,318,5,,,318,,,,,,,,,
2023-06-12,BED,484,145,112,257,0,,,257,,,,,,,,,
2023-06-13,BED,187,9,24,33,1,,,33,,,,,,,,,
2023-06-14,BED,404,142,73,215,4,,,215,,,,,,,,,
2023-06-15,BED,479,207,134,341,0,,,341,,,,,,,,,
2023-06-16,BED,488,151,129,280,6,,,280,,,,,,,,,
2023-06-17,BED,129,5,10,15,0,,,15,,,,,,,,,
2023-06-18,BED,433,134,113,247,1,,,247,,,,,,,,,
2023-06-19,BED,498,79,126,205,2,,,205,,,,,,,,,
2023-06-20,BED,405,41,79,120,4,,,120,,,,,,,,,
2023-06-21,BED,509,59,100,159,2,,,159,,,,,,,,,
2023-06-22,BED,523,57,101,158,0,,,158,,,,,,,,,
2023-06-23,BED,280,42,59,101,2,,,101,,,,,,,,,
2023-06-24,BED,108,39,13,52,0,,,52,,,,,,,,,
2023-06-25,BED,327,123,69,192,0,,,192,,,,,,,,,
2023-06-26,BED,175,20,20,40,0,,,40,,,,,,,,,
2023-06-27,BED,313,63,39,102,1,,,102,,,,,,,,,
2023-06-28,BED,162,32,20,52,0,,,52,,,,,,,,,
2023-06-29,BED,508,173,74,247,1,,,247,,,,,,,,,
2023-06-30,BED,497,124,99,223,3,,,223,,,,,,,,,
2023-07-01,BED,316,38,68,106,1,,,106,,,,,,,,,
2023-07-02,BED,97,14,4,18,0,,,18,,,,,,,,,
2023-07-03,BED,154,54,34,88,0,,,88,,,,,,,,,
2023-07-04,BED,64,8,9,17,0,,,17,,,,,,,,,
2023-07-05,BED,445,128,84,212,1,,,212,,,,,,,,,
2023-07-06,BED,397,103,70,173,4,,,173,,,,,,,,,
2023-07-07,BED,500,157,79,236,3,,,236,,,,,,,,,
2023-07-08,BED,370,67,59,126,1,,,126,,,,,,,,,
2023-07-09,BED,248,21,28,49,0,,,49,,,,,,,,,
2023-07-10,BED,150,3,9,12,0,,,12,,,,,,,,,
2023-07-11,BED,533,165,103,268,4,,,268,,,,,,,,,
2023-07-12,BED,545,176,119,295,2,,,295,,,,,,,,,
2023-07-13,BED,498,153,87,240,5,,,240,,,,,,,,,
2023-07-14,BED,289,89,52,141,0,,,141,,,,,,,,,
2023-07-15,BED,419,173,112,285,5,,,285,,,,,,,,,
2023-07-16,BED,171,21,14,35,0,,,35,,,,,,,,,
2023-07-17,BED,536,196,118,314,3,,,314,,,,,,,,,
2023-07-18,BED,347,97,71,168,1,,,168,,,,,,,,,
2023-07-19,BED,601,228,144,372,9,,,372,,,,,,,,,
2023-07-20,BED,557,147,100,247,3,,,247,,,,,,,,,
2023-07-21,BED,213,34,49,83,2,,,83,,,,,,,,,
2023-07-22,BED,376,151,101,252,1,,,252,,,,,,,,,
2023-07-23,BED,596,243,153,396,3,,,396,,,,,,,,,
2023-07-24,BED,462,193,114,307,2,,,307,,,,,,,,,
2023-07-25,BED,281,112,58,170,1,,,170,,,,,,,,,
2023-07-26,BED,490,201,121,322,1,,,322,,,,,,,,,
2023-07-27,BED,218,74,13,87,0,,,87,,,,,,,,,
2023-07-28,BED,426,132,85,217,3,,,217,,,,,,,,,
2023-07-29,BED,209,82,75,157,0,,,157,,,,,,,,,
2023-07-30,BED,526,219,154,373,2,,,373,,,,,,,,,
2023-07-31,BED,403,154,105,259,0,,,259,,,,,,,,,
2023-08-01,BED,472,181,127,308,5,,,308,,,,,,,,,
2023-08-02,BED,473,183,115,298,1,,,298,,,,,,,,,
2023-08-03,BED,435,189,116,305,1,,,305,,,,,,,,,
2023-08-04,BED,222,63,22,85,3,,,85,,,,,,,,,
2023-08-05,BED,442,162,132,294,2,,,294,,,,,,,,,
2023-08-06,BED,600,234,178,412,2,,,412,,,,,,,,,
2023-08-07,BED,215,71,37,108,2,,,108,,,,,,,,,
2023-08-08,BED,103,26,11,37,0,,,37,,,,,,,,,
2023-08-09,BED,326,114,68,182,6,,,182,,,,,,,,,
2023-08-10,BED,336,120,63,183,0,,,183,,,,,,,,,
2023-08-11,BED,371,143,97,240,7,,,240,,,,,,,,,
2023-08-12,BED,440,173,129,302,1,,,302,,,,,,,,,
2023-08-13,BED,327,144,93,237,2,,,237,,,,,,,,,
2023-08-14,BED,416,157,90,247,3,,,247,,,,,,,,,
2023-08-15,BED,147,2,9,11,1,,,11,,,,,,,,,
2023-08-16,BED,161,4,16,20,0,,,20,,,,,,,,,
2023-08-17,BED,272,24,48,72,0,,,72,,,,,,,,,
2023-08-18,BED,225,78,31,109,0,,,109,,,,,,,,,
2023-08-19,BED,377,148,110,258,2,,,258,,,,,,,,,
2023-08-20,BED,549,225,131,356,1,,,356,,,,,,,,,
2023-08-21,BED,375,157,98,255,2,,,255,,,,,,,,,
2023-08-22,BED,483,152,148,300,5,,,300,,,,,,,,,
2023-08-23,BED,456,163,97,260,1,,,260,,,,,,,,,
2023-08-24,BED,530,202,118,320,1,,,320,,,,,,,,,
2023-08-25,BED,161,13,15,28,0,,,28,,,,,,,,,
2023-08-26,BED,384,133,76,209,1,,,209,,,,,,,,,
2023-08-27,BED,285,51,70,121,0,,,121,,,,,,,,,
2023-08-28,BED,416,93,81,174,0,,,174,,,,,,,,,
2023-08-29,BED,434,70,95,165,1,,,165,,,,,,,,,
2023-08-30,BED,213,63,28,91,0,,,91,,,,,,,,,
2023-08-31,BED,443,152,84,236,1,,,236,,,,,,,,,
2023-09-01,BED,469,161,134,295,2,,,295,,,,,,,,,
2023-09-02,BED,390,151,109,260,1,,,260,,,,,,,,,
2023-09-03,BED,330,133,73,206,4,,,206,,,,,,,,,
2023-09-04,BED,380,147,92,239,1,,,239,,,,,,,,,
2023-09-05,BED,524,160,121,281,1,,,281,,,,,,,,,
2023-09-06,BED,400,155,81,236,0,,,236,,,,,,,,,
2023-09-07,BED,522,194,146,340,1,,,340,,,,,,,,,
2023-09-08,BED,224,66,26,92,3,,,92,,,,,,,,,
2023-09-09,BED,221,70,51,121,0,,,121,,,,,,,,,
2023-09-10,BED,188,10,7,17,0,,,17,,,,,,,,,
2023-09-11,BED,181,32,12,44,0,,,44,,,,,,,,,
2023-09-12,BED,235,40,36,76,1,,,76,,,,,,,,,
2023-09-13,BED,210,29,19,48,0,,,48,,,,,,,,,
2023-09-14,BED,544,193,118,311,0,,,311,,,,,,,,,
2023-09-15,BED,381,45,88,133,1,,,133,,,,,,,,,
2023-09-16,BED,98,44,3,47,1,,,47,,,,,,,,,
2023-09-17,BED,567,244,179,423,11,,,423,,,,,,,,,
2023-09-18,BED,124,7,4,11,0,,,11,,,,,,,,,
2023-09-19,BED,502,187,104,291,0,,,291,,,,,,,,,
2023-09-20,BED,504,234,156,390,4,,,390,,,,,,,,,
2023-09-21,BED,582,233,149,382,4,,,382,,,,,,,,,
2023-09-22,BED,379,130,80,210,2,,,210,,,,,,,,,
2023-09-23,BED,261,60,55,115,0,,,115,,,,,,,,,
2023-09-24,BED,167,21,8,29,0,,,29,,,,,,,,,
2023-09-25,BED,172,11,7,18,0,,,18,,,,,,,,,
2023-09-26,BED,332,77,57,134,2,,,134,,,,,,,,,
2023-09-27,BED,434,163,105,268,0,,,268,,,,,,,,,
2023-09-28,BED,463,154,105,259,3,,,259,,,,,,,,,
2023-09-29,BED,339,110,52,162,0,,,162,,,,,,,,,
2023-09-30,BED,391,84,109,193,1,,,193,,,,,,,,,
2023-10-01,BED,480,190,128,318,3,,,318,,,,,,,,,
2023-10-02,BED,369,105,75,180,2,,,180,,,,,,,,,
2023-10-03,BED,481,202,108,310,1,,,310,,,,,,,,,
2023-10-04,BED,452,185,123,308,3,,,308,,,,,,,,,
2023-10-05,BED,384,164,74,238,1,,,238,,,,,,,,,
2023-10-06,BED,241,32,26,58,1,,,58,,,,,,,,,
2023-10-07,BED,94,7,7,14,0,,,14,,,,,,,,,
2023-10-08,BED,318,124,62,186,3,,,186,,,,,,,,,
2023-10-09,BED,515,234,112,346,1,,,346,,,,,,,,,
2023-10-10,BED,496,180,118,298,0,,,298,,,,,,,,,
2023-10-11,BED,436,184,91,275,0,,,275,,,,,,,,,
2023-10-12,BED,514,215,121,336,6,,,336,,,,,,,,,
2023-10-13,BED,345,129,54,183,3,,,183,,,,,,,,,
2023-10-14,BED,414,153,97,250,3,,,250,,,,,,,,,
2023-10-15,BED,431,152,82,234,1,,,234,,,,,,,,,
2023-10-16,BED,397,132,109,241,1,,,241,,,,,,,,,
2023-10-17,BED,400,151,86,237,0,,,237,,,,,,,,,
2023-10-18,BED,512,199,126,325,1,,,325,,,,,,,,,
2023-10-19,BED,503,215,126,341,3,,,341,,,,,,,,,
2023-10-20,BED,227,47,38,85,0,,,85,,,,,,,,,
2023-10-21,BED,94,20,4,24,0,,,24,,,,,,,,,
2023-10-22,BED,279,125,48,173,0,,,173,,,,,,,,,
2023-10-23,BED,365,150,87,237,1,,,237,,,,,,,,,
2023-10-24,BED,573,224,141,365,6,,,365,,,,,,,,,
2023-10-25,BED,366,169,91,260,4,,,260,,,,,,,,,
2023-10-26,BED,551,199,113,312,0,,,312,,,,,,,,,
2023-10-27,BED,470,214,148,362,4,,,362,,,,,,,,,
2023-10-28,BED,401,177,136,313,3,,,313,,,,,,,,,
2023-10-29,BED,265,77,53,130,0,,,130,,,,,,,,,
2023-10-30,BED,118,9,6,15,0,,,15,,,,,,,,,
2023-10-31,BED,363,136,50,186,0,,,186,,,,,,,,,
2023-11-01,BED,394,129,90,219,0,,,219,,,,,,,,,
2023-11-02,BED,522,201,133,334,2,,,334,,,,,,,,,
2023-11-03,BED,352,147,67,214,3,,,214,,,,,,,,,
2023-11-04,BED,406,194,133,327,2,,,327,,,,,,,,,
2023-11-05,BED,461,200,74,274,0,,,274,,,,,,,,,
2023-11-06,BED,406,113,73,186,0,,,186,,,,,,,,,
2023-11-07,BED,373,158,89,247,0,,,247,,,,,,,,,
2023-11-08,BED,362,133,73,206,2,,,206,,,,,,,,,
2023-11-09,BED,168,55,12,67,0,,,67,,,,,,,,,
2023-11-10,BED,409,175,103,278,2,,,278,,,,,,,,,
2023-11-11,BED,392,149,98,247,1,,,247,,,,,,,,,
2023-11-12,BED,436,196,125,321,0,,,321,,,,,,,,,
2023-11-13,BED,419,170,122,292,0,,,292,,,,,,,,,
2023-11-14,BED,405,157,83,240,1,,,240,,,,,,,,,
2023-11-15,BED,436,196,99,295,3,,,295,,,,,,,,,
2023-11-16,BED,454,192,113,305,0,,,305,,,,,,,,,
2023-11-17,BED,256,101,50,151,0,,,151,,,,,,,,,
2023-11-18,BED,199,84,31,115,0,,,115,,,,,,,,,
2023-11-19,BED,415,170,101,271,2,,,271,,,,,,,,,
2023-11-20,BED,340,136,74,210,0,,,210,,,,,,,,,
2023-11-21,BED,446,138,105,243,5,,,243,,,,,,,,,
2023-11-22,BED,151,37,7,44,0,,,44,,,,,,,,,
2023-11-23,BED,193,57,35,92,0,,,92,,,,,,,,,
2023-11-24,BED,321,105,51,156,0,,,156,,,,,,,,,
2023-11-25,BED,402,168,118,286,0,,,286,,,,,,,,,
2023-11-26,BED,488,187,126,313,4,,,313,,,,,,,,,
2023-11-27,BED,261,107,65,172,2,,,172,,,,,,,,,
2023-11-28,BED,262,97,53,150,0,,,150,,,,,,,,,
2023-11-29,BED,362,163,126,289,0,,,289,,,,,,,,,
2023-11-30,BED,414,189,125,314,5,,,314,,,,,,,,,
2023-12-01,BED,368,156,115,271,2,,,271,,,,,,,,,
2023-12-02,BED,130,54,20,74,0,,,74,,,,,,,,,
2023-12-03,BED,164,22,4,26,0,,,26,,,,,,,,,
2023-12-04,BED,252,94,43,137,2,,,137,,,,,,,,,
2023-12-05,BED,232,70,42,112,0,,,112,,,,,,,,,
2023-12-06,BED,235,79,64,143,1,,,143,,,,,,,,,
2023-12-07,BED,467,214,211,425,0,,,425,,,,,,,,,
2023-12-08,BED,451,181,152,333,0,,,333,,,,,,,,,
2023-12-09,BED,477,206,149,355,1,,,355,,,,,,,,,
2023-12-10,BED,119,36,16,52,0,,,52,,,,,,,,,
2023-12-11,BED,107,48,24,72,0,,,72,,,,,,,,,
2023-12-12,BED,399,176,142,318,0,,,318,,,,,,,,,
2023-12-13,BED,349,155,120,275,0,,,275,,,,,,,,,
2023-12-14,BED,417,174,154,328,0,,,328,,,,,,,,,
2023-12-15,BED,420,187,175,362,5,,,362,,,,,,,,,
2023-12-16,BED,407,176,202,378,1,,,378,,,,,,,,,
2023-12-17,BED,245,92,128,220,0,,,220,,,,,,,,,
2023-12-18,BED,70,17,30,47,0,,,47,,,,,,,,,
2023-12-19,BED,396,188,176,364,1,,,364,,,,,,,,,
2023-12-20,BED,430,189,175,364,4,,,364,,,,,,,,,
2023-12-21,BED,307,113,119,232,5,,,232,,,,,,,,,
2023-12-22,BED,356,180,184,364,4,,,364,,,,,,,,,
2023-12-23,BED,417,204,189,393,0,,,393,,,,,,,,,
2023-12-24,BED,119,65,61,126,0,,,126,,,,,,,,,
2023-12-25,BED,72,26,38,64,0,,,64,,,,,,,,,
2023-12-26,BED,296,138,102,240,0,,,240,,,,,,,,,
2023-12-27,BED,338,148,151,299,1,,,299,,,,,,,,,
2023-12-28,BED,94,15,45,60,0,,,60,,,,,,,,,
2023-12-29,BED,99,17,42,59,0,,,59,,,,,,,,,
2023-12-30,BED,85,35,26,61,1,,,61,,,,,,,,,
2023-12-31,BED,431,205,184,389,1,,,389,,,,,,,,,
2024-01-01,BED,213,112,55,167,1,,,167,,,,,,,,,
2024-01-02,BED,315,140,139,279,2,,,279,,,,,,,,,
2024-01-03,BED,363,148,141,289,0,,,289,,,,,,,,,
2024-01-04,BED,310,149,136,285,2,,,285,,,,,,,,,
2024-01-05,BED,241,99,113,212,3,,,212,,,,,,,,,
2024-01-06,BED,376,118,149,267,2,,,267,,,,,,,,,
2024-01-07,BED,46,23,20,43,0,,,43,,,,,,,,,
2024-01-08,BED,139,66,62,128,2,,,128,,,,,,,,,
2024-01-09,BED,125,40,58,98,2,,,98,,,,,,,,,
2024-01-10,BED,150,65,58,123,5,,,123,,,,,,,,,
2024-01-11,BED,366,156,164,320,4,,,320,,,,,,,,,
2024-01-12,BED,400,164,180,344,1,,,344,,,,,,,,,
2024-01-13,BED,78,26,40,66,0,,,66,,,,,,,,,
2024-01-14,BED,148,64,56,120,2,,,120,,,,,,,,,
2024-01-15,BED,585,233,223,456,1,,,456,,,,,,,,,
2024-01-16,BED,59,26,30,56,0,,,56,,,,,,,,,
2024-01-17,BED,180,68,83,151,3,,,151,,,,,,,,,
2024-01-18,BED,345,164,167,331,3,,,331,,,,,,,,,
2024-01-19,BED,272,117,146,263,0,,,263,,,,,,,,,
2024-01-20,BED,300,145,154,299,2,,,299,,,,,,,,,
2024-01-21,BED,323,167,167,334,1,,,334,,,,,,,,,
2024-01-22,BED,387,164,159,323,5,,,323,,,,,,,,,
2024-01-23,BED,317,153,149,302,0,,,302,,,,,,,,,
2024-01-24,BED,104,39,48,87,0,,,87,,,,,,,,,
2024-01-25,BED,268,101,114,215,2,,,215,,,,,,,,,
2024-01-26,BED,119,38,58,96,0,,,96,,,,,,,,,
2024-01-27,BED,115,37,54,91,3,,,91,,,,,,,,,
2024-01-28,BED,102,37,39,76,0,,,76,,,,,,,,,
2024-01-29,BED,108,30,50,80,0,,,80,,,,,,,,,
2024-01-30,BED,176,67,79,146,3,,,146,,,,,,,,,
2024-01-31,BED,435,181,182,363,7,,,363,,,,,,,,,
2024-02-01,BED,502,214,218,432,0,,,432,,,,,,,,,
2024-02-02,BED,410,142,175,317,2,,,317,,,,,,,,,
2024-02-03,BED,374,170,160,330,4,,,330,,,,,,,,,
2024-02-04,BED,458,198,197,395,0,,,395,,,,,,,,,
2024-02-05,BED,243,87,94,181,1,,,181,,,,,,,,,
2024-02-06,BED,322,101,126,227,2,,,227,,,,,,,,,
2024-02-07,BED,326,104,150,254,1,,,254,,,,,,,,,
2024-02-08,BED,454,164,200,364,0,,,364,,,,,,,,,
2024-02-09,BED,261,134,109,243,3,,,243,,,,,,,,,
2024-02-10,BED,412,197,171,368,2,,,368,,,,,,,,,
2024-02-11,BED,380,68,78,146,5,,,146,,,,,,,,,
2024-02-12,BED,324,126,127,253,4,,,253,,,,,,,,,
2024-02-13,BED,44,20,13,33,1,,,33,,,,,,,,,
2024-02-14,BED,159,68,69,137,2,,,137,,,,,,,,,
2024-02-15,BED,431,190,188,378,0,,,378,,,,,,,,,
2024-02-16,BED,202,90,83,173,0,,,173,,,,,,,,,
2024-02-17,BED,354,149,167,316,0,,,316,,,,,,,,,
2024-02-18,BED,314,127,127,254,2,,,254,,,,,,,,,
2024-02-19,BED,375,133,125,258,2,,,258,,,,,,,,,
2024-02-20,BED,356,160,148,308,2,,,308,,,,,,,,,
2024-02-21,BED,359,112,156,268,3,,,268,,,,,,,,,
2024-02-22,BED,343,142,141,283,1,,,283,,,,,,,,,
2024-02-23,BED,107,40,41,81,0,,,81,,,,,,,,,
2024-02-24,BED,357,162,147,309,0,,,309,,,,,,,,,
2024-02-25,BED,552,225,207,432,3,,,432,,,,,,,,,
2024-02-26,BED,250,109,103,212,1,,,212,,,,,,,,,
2024-02-27,BED,338,114,133,247,0,,,247,,,,,,,,,
2024-02-28,BED,110,46,57,103,0,,,103,,,,,,,,,
2024-02-29,BED,129,53,52,105,0,,,105,,,,,,,,,
2024-03-01,BED,387,136,132,268,0,,,268,,,,,,,,,
2024-03-02,BED,299,103,115,218,1,,,218,,,,,,,,,
2024-03-03,BED,217,79,72,151,0,,,151,,,,,,,,,
2024-03-04,BED,205,63,78,141,1,,,141,,,,,,,,,
2024-03-05,BED,132,26,43,69,0,,,69,,,,,,,,,
2024-03-06,BED,184,47,77,124,0,,,124,,,,,,,,,
2024-03-07,BED,131,26,58,84,2,,,84,,,,,,,,,
2024-03-08,BED,481,118,219,337,2,,,337,,,,,,,,,
2024-03-09,BED,323,122,156,278,0,,,278,,,,,,,,,
2024-03-10,BED,220,93,73,166,0,,,166,,,,,,,,,
2024-03-11,BED,135,54,60,114,0,,,114,,,,,,,,,
2024-03-12,BED,247,92,100,192,2,,,192,,,,,,,,,
2024-03-13,BED,411,149,167,316,2,,,316,,,,,,,,,
2024-03-14,BED,433,181,188,369,0,,,369,,,,,,,,,
2024-03-15,BED,124,42,57,99,1,,,99,,,,,,,,,
2024-03-16,BED,380,156,153,309,1,,,309,,,,,,,,,
2024-03-17,BED,250,117,100,217,0,,,217,,,,,,,,,
2024-03-18,BED,313,116,122,238,0,,,238,,,,,,,,,
2024-03-19,BED,339,139,118,257,0,,,257,,,,,,,,,
2024-03-20,BED,304,135,111,246,0,,,246,,,,,,,,,
2024-03-21,BED,147,53,58,111,0,,,111,,,,,,,,,
2024-03-22,BED,418,35,21,56,0,,,56,,,,,,,,,
2024-03-23,BED,69,11,25,36,0,,,36,,,,,,,,,
2024-03-24,BED,444,146,145,291,3,,,291,,,,,,,,,
2024-03-25,BED,312,53,104,157,1,,,157,,,,,,,,,
2024-03-26,BED,117,15,43,58,1,,,58,,,,,,,,,
2024-03-27,BED,219,79,86,165,0,,,165,,,,,,,,,
2024-03-28,BED,162,76,54,130,0,,,130,,,,,,,,,
2024-03-29,BED,162,63,72,135,1,,,135,,,,,,,,,
2024-03-30,BED,171,59,70,129,5,,,129,,,,,,,,,
2024-03-31,BED,528,211,191,402,0,,,402,,,,,,,,,
2024-04-01,BED,520,187,209,396,2,,,396,,,,,,,,,
2024-04-02,BED,385,123,179,302,1,,,302,,,,,,,,,
2024-04-03,BED,130,35,49,84,0,,,84,,,,,,,,,
2024-04-04,BED,77,31,29,60,0,,,60,,,,,,,,,
2024-04-05,BED,292,121,114,235,3,,,235,,,,,,,,,
2024-04-06,BED,157,63,70,133,0,,,133,,,,,,,,,
2024-04-07,BED,471,156,199,355,2,,,355,,,,,,,,,
2024-04-08,BED,416,178,157,335,8,,,335,,,,,,,,,
2024-04-09,BED,465,152,225,377,3,,,377,,,,,,,,,
2024-04-10,BED,392,104,172,276,1,,,276,,,,,,,,,
2024-04-11,BED,151,44,73,117,0,,,117,,,,,,,,,
2024-04-12,BED,170,75,59,134,2,,,134,,,,,,,,,
2024-04-13,BED,305,116,78,194,2,,,194,,,,,,,,,
2024-04-14,BED,352,157,127,284,1,,,284,,,,,,,,,
2024-04-15,BED,425,176,165,341,2,,,341,,,,,,,,,
2024-04-16,BED,426,168,142,310,3,,,310,,,,,,,,,
2024-04-17,BED,453,161,171,332,5,,,332,,,,,,,,,
2024-04-18,BED,422,139,196,335,0,,,335,,,,,,,,,
2024-04-19,BED,408,119,169,288,0,,,288,,,,,,,,,
2024-04-20,BED,194,94,74,168,0,,,168,,,,,,,,,
2024-04-21,BED,476,227,193,420,2,,,420,,,,,,,,,
2024-04-22,BED,315,123,111,234,5,,,234,,,,,,,,,
2024-04-23,BED,439,194,161,355,2,,,355,,,,,,,,,
2024-04-24,BED,261,120,115,235,4,,,235,,,,,,,,,
2024-04-25,BED,494,239,189,428,3,,,428,,,,,,,,,
2024-04-26,BED,436,180,220,400,4,,,400,,,,,,,,,
2024-04-27,BED,412,197,169,366,3,,,366,,,,,,,,,
2024-04-28,BED,305,150,118,268,3,,,268,,,,,,,,,
2024-04-29,BED,330,97,96,193,0,,,193,,,,,,,,,
2024-04-30,BED,500,175,232,407,2,,,407,,,,,,,,,
2024-05-01,BED,197,46,65,111,1,,,111,,,,,,,,,
2024-05-02,BED,345,142,121,263,0,,,263,,,,,,,,,
2024-05-03,BED,432,107,163,270,3,,,270,,,,,,,,,
2024-05-04,BED,463,172,202,374,0,,,374,,,,,,,,,
2024-05-05,BED,208,44,83,127,2,,,127,,,,,,,,,
2024-05-06,BED,279,115,85,200,1,,,200,,,,,,,,,
2024-05-07,BED,397,120,90,210,0,,,210,,,,,,,,,
2024-05-08,BED,175,30,25,55,0,,,55,,,,,,,,,
2024-05-09,BED,486,139,105,244,0,,,244,,,,,,,,,
2024-05-10,BED,448,92,78,170,0,,,170,,,,,,,,,
2024-05-11,BED,408,68,62,130,1,,,130,,,,,,,,,
2024-05-12,BED,423,146,83,229,2,,,229,,,,,,,,,
2024-05-13,BED,425,121,80,201,2,,,201,,,,,,,,,
2024-05-14,BED,345,143,52,195,1,,,195,,,,,,,,,
2024-05-15,BED,466,151,71,222,0,,,222,,,,,,,,,
2024-05-16,BED,246,15,21,36,0,,,36,,,,,,,,,
2024-05-17,BED,406,57,70,127,2,,,127,,,,,,,,,
2024-05-18,BED,115,8,15,23,0,,,23,,,,,,,,,
2024-05-19,BED,239,5,14,19,1,,,19,,,,,,,,,
2024-05-20,BED,449,48,72,120,1,,,120,,,,,,,,,
2024-05-21,BED,373,136,35,171,2,,,171,,,,,,,,,
2024-05-22,BED,463,210,95,305,5,,,305,,,,,,,,,
2024-05-23,BED,333,129,68,197,6,,,197,,,,,,,,,
2024-05-24,BED,455,152,101,253,2,,,253,,,,,,,,,
2024-05-25,BED,400,144,105,249,0,,,249,,,,,,,,,
2024-05-26,BED,364,64,83,147,0,,,147,,,,,,,,,
2024-05-27,BED,205,8,6,14,0,,,14,,,,,,,,,
2024-05-28,BED,401,151,79,230,0,,,230,,,,,,,,,
2024-05-29,BED,424,132,65,197,2,,,197,,,,,,,,,
2024-05-30,BED,232,15,42,57,3,,,57,,,,,,,,,
2024-05-31,BED,501,186,148,334,2,,,334,,,,,,,,,
2024-06-01,BED,362,118,106,224,1,,,224,,,,,,,,,
2024-06-02,BED,450,214,109,323,1,,,323,,,,,,,,,
2024-06-03,BED,424,125,157,282,0,,,282,,,,,,,,,
2024-06-04,BED,376,106,131,237,2,,,237,,,,,,,,,
2024-06-05,BED,451,182,182,364,3,,,364,,,,,,,,,
2024-06-06,BED,172,13,31,44,1,,,44,,,,,,,,,
2024-06-07,BED,384,114,118,232,1,,,232,,,,,,,,,
2024-06-08,BED,351,120,102,222,0,,,222,,,,,,,,,
2024-06-09,BED,330,125,71,196,1,,,196,,,,,,,,,
2024-06-10,BED,438,184,155,339,0,,,339,,,,,,,,,
2024-06-11,BED,443,197,130,327,5,,,327,,,,,,,,,
2024-06-12,BED,508,191,155,346,2,,,346,,,,,,,,,
2024-06-13,BED,452,182,110,292,0,,,292,,,,,,,,,
2024-06-14,BED,268,96,89,185,4,,,185,,,,,,,,,
2024-06-15,BED,372,128,74,202,3,,,202,,,,,,,,,
2024-06-16,BED,470,132,160,292,1,,,292,,,,,,,,,
2024-06-17,BED,422,178,152,330,1,,,330,,,,,,,,,
2024-06-18,BED,499,192,194,386,1,,,386,,,,,,,,,
2024-06-19,BED,489,195,208,403,3,,,403,,,,,,,,,
2024-06-20,BED,374,138,87,225,1,,,225,,,,,,,,,
2024-06-21,BED,255,57,83,140,3,,,140,,,,,,,,,
2024-06-22,BED,113,3,37,40,0,,,40,,,,,,,,,
2024-06-23,BED,164,57,51,108,0,,,108,,,,,,,,,
2024-06-24,BED,426,156,132,288,5,,,288,,,,,,,,,
2024-06-25,BED,440,181,128,309,5,,,309,,,,,,,,,
2024-06-26,BED,401,150,124,274,0,,,274,,,,,,,,,
2024-06-27,BED,424,158,98,256,1,,,256,,,,,,,,,
2024-06-28,BED,433,184,114,298,2,,,298,,,,,,,,,
2024-06-29,BED,394,156,139,295,1,,,295,,,,,,,,,
2024-06-30,BED,272,100,68,168,0,,,168,,,,,,,,,
2024-07-01,BED,265,54,59,113,0,,,113,,,,,,,,,
2024-07-02,BED,468,129,118,247,1,,,247,,,,,,,,,
2024-07-03,BED,416,156,141,297,0,,,297,,,,,,,,,
2024-07-04,BED,181,65,50,115,2,,,115,,,,,,,,,
2024-07-05,BED,85,30,17,47,2,,,47,,,,,,,,,
2024-07-06,BED,108,46,19,65,0,,,65,,,,,,,,,
2024-07-07,BED,376,154,71,225,4,,,225,,,,,,,,,
2024-07-08,BED,471,157,109,266,3,,,266,,,,,,,,,
2024-07-09,BED,382,143,101,244,3,,,244,,,,,,,,,
2024-07-10,BED,320,107,70,177,0,,,177,,,,,,,,,
2024-07-11,BED,213,78,53,131,0,,,131,,,,,,,,,
2024-07-12,BED,434,155,131,286,1,,,286,,,,,,,,,
2024-07-13,BED,186,78,49,127,1,,,127,,,,,,,,,
2024-07-14,BED,458,205,127,332,1,,,332,,,,,,,,,
2024-07-15,BED,338,153,89,242,0,,,242,,,,,,,,,
2024-07-16,BED,389,128,71,199,1,,,199,,,,,,,,,
2024-07-17,BED,405,172,119,291,2,,,291,,,,,,,,,
2024-07-18,BED,393,113,64,177,3,,,177,,,,,,,,,
2024-07-19,BED,508,159,106,265,3,,,265,,,,,,,,,
2024-07-20,BED,446,168,118,286,4,,,286,,,,,,,,,
2024-07-21,BED,455,172,112,284,1,,,284,,,,,,,,,
2024-07-22,BED,428,150,121,271,2,,,271,,,,,,,,,
2024-07-23,BED,321,62,58,120,1,,,120,,,,,,,,,
2024-07-24,BED,234,28,42,70,0,,,70,,,,,,,,,
2024-07-25,BED,352,134,89,223,4,,,223,,,,,,,,,
2024-07-26,BED,421,169,117,286,3,,,286,,,,,,,,,
2024-07-27,BED,420,187,146,333,1,,,333,,,,,,,,,
2024-07-28,BED,362,97,86,183,2,,,183,,,,,,,,,
2024-07-29,BED,186,60,27,87,0,,,87,,,,,,,,,
2024-07-30,BED,385,141,128,269,2,,,269,,,,,,,,,
2024-07-31,BED,213,77,42,119,1,,,119,,,,,,,,,
2024-08-01,BED,431,157,125,282,3,,,282,,,,,,,,,
2024-08-02,BED,429,162,109,271,4,,,271,,,,,,,,,
2024-08-03,BED,342,123,98,221,0,,,221,,,,,,,,,
2024-08-04,BED,217,94,48,142,0,,,142,,,,,,,,,
2024-08-05,BED,391,161,106,267,1,,,267,,,,,,,,,
2024-08-06,BED,134,7,4,11,0,,,11,,,,,,,,,
2024-08-07,BED,286,43,53,96,0,,,96,,,,,,,,,
2024-08-08,BED,446,100,88,188,2,,,188,,,,,,,,,
2024-08-09,BED,135,27,22,49,1,,,49,,,,,,,,,
2024-08-10,BED,300,113,68,181,1,,,181,,,,,,,,,
2024-08-11,BED,395,183,129,312,1,,,312,,,,,,,,,
2024-08-12,BED,392,160,128,288,4,,,288,,,,,,,,,
2024-08-13,BED,343,169,119,288,2,,,288,,,,,,,,,
2024-08-14,BED,467,182,155,337,1,,,337,,,,,,,,,
2024-08-15,BED,331,137,101,238,2,,,238,,,,,,,,,
2024-08-16,BED,324,75,61,136,1,,,136,,,,,,,,,
2024-08-17,BED,236,55,62,117,0,,,117,,,,,,,,,
2024-08-18,BED,165,13,16,29,0,,,29,,,,,,,,,
2024-08-19,BED,153,6,12,18,0,,,18,,,,,,,,,
2024-08-20,BED,422,128,86,214,1,,,214,,,,,,,,,
2024-08-21,BED,472,172,108,280,2,,,280,,,,,,,,,
2024-08-22,BED,512,173,85,258,2,,,258,,,,,,,,,
2024-08-23,BED,333,100,60,160,0,,,160,,,,,,,,,
2024-08-24,BED,322,101,62,163,0,,,163,,,,,,,,,
2024-08-25,BED,377,120,63,183,0,,,183,,,,,,,,,
2024-08-26,BED,286,79,55,134,1,,,134,,,,,,,,,
2024-08-27,BED,483,142,92,234,0,,,234,,,,,,,,,
2024-08-28,BED,302,72,37,109,0,,,109,,,,,,,,,
2024-08-29,BED,419,58,66,124,1,,,124,,,,,,,,,
2024-08-30,BED,429,75,90,165,0,,,165,,,,,,,,,
2024-08-31,BED,218,87,69,156,0,,,156,,,,,,,,,
2024-09-01,BED,142,59,24,83,0,,,83,,,,,,,,,
2024-09-02,BED,356,129,81,210,2,,,210,,,,,,,,,
2024-09-03,BED,404,146,87,233,1,,,233,,,,,,,,,
2024-09-04,BED,433,132,83,215,0,,,215,,,,,,,,,
2024-09-05,BED,548,130,97,227,2,,,227,,,,,,,,,
2024-09-06,BED,326,54,56,110,0,,,110,,,,,,,,,
2024-09-07,BED,316,111,82,193,1,,,193,,,,,,,,,
2024-09-08,BED,357,144,81,225,1,,,225,,,,,,,,,
2024-09-09,BED,329,125,82,207,1,,,207,,,,,,,,,
2024-09-10,BED,399,152,121,273,0,,,273,,,,,,,,,
2024-09-11,BED,375,122,100,222,2,,,222,,,,,,,,,
2024-09-12,BED,434,207,207,414,8,,,414,,,,,,,,,
2024-09-13,BED,421,183,168,351,9,,,351,,,,,,,,,
2024-09-14,BED,387,164,182,346,4,,,346,,,,,,,,,
2024-09-15,BED,361,152,158,310,7,,,310,,,,,,,,,
2024-09-16,BED,318,36,35,71,0,,,71,,,,,,,,,
2024-09-17,BED,551,228,236,464,6,,,464,,,,,,,,,
2024-09-18,BED,356,129,155,284,4,,,284,,,,,,,,,
2024-09-19,BED,267,64,115,179,1,,,179,,,,,,,,,
2024-09-20,BED,188,43,81,124,3,,,124,,,,,,,,,
2024-09-21,BED,128,22,48,70,0,,,70,,,,,,,,,
2024-09-22,BED,252,81,124,205,0,,,205,,,,,,,,,
2024-09-23,BED,378,97,164,261,3,,,261,,,,,,,,,
2024-09-24,BED,442,124,201,325,2,,,325,,,,,,,,,
2024-09-25,BED,409,122,175,297,4,,,297,,,,,,,,,
2024-09-26,BED,248,106,111,217,5,,,217,,,,,,,,,
2024-09-27,BED,549,278,255,533,2,,,533,,,,,,,,,
2024-09-28,BED,334,124,173,297,3,,,297,,,,,,,,,
2024-09-29,BED,424,142,207,349,0,,,349,,,,,,,,,
2024-09-30,BED,316,114,150,264,5,,,264,,,,,,,,,
2024-10-01,BED,339,117,161,278,4,,,278,,,,,,,,,
2024-10-02,BED,320,99,145,244,4,,,244,,,,,,,,,
2024-10-03,BED,502,242,250,492,5,,,492,,,,,,,,,
2024-10-04,BED,472,238,237,475,6,,,475,,,,,,,,,
2024-10-05,BED,382,194,190,384,3,,,384,,,,,,,,,
2024-10-06,BED,330,194,175,369,2,,,369,,,,,,,,,
2024-10-07,BED,177,87,85,172,1,,,172,,,,,,,,,
2024-10-08,BED,392,198,194,392,6,,,392,,,,,,,,,
2024-10-09,BED,383,178,173,351,3,,,351,,,,,,,,,
2024-10-10,BED,305,150,161,311,7,,,311,,,,,,,,,
2024-10-11,BED,416,191,197,388,9,,,388,,,,,,,,,
2024-10-12,BED,215,96,99,195,11,,,195,,,,,,,,,
2024-10-13,BED,255,129,120,249,4,,,249,,,,,,,,,
2024-10-14,BED,230,121,107,228,0,,,228,,,,,,,,,
2024-10-15,BED,486,205,219,424,7,,,424,,,,,,,,,
2024-10-16,BED,331,153,152,305,7,,,305,,,,,,,,,
2024-10-17,BED,475,215,234,449,2,,,449,,,,,,,,,
2024-10-18,BED,414,168,182,350,6,,,350,,,,,,,,,
2024-10-19,BED,412,222,213,435,6,,,435,,,,,,,,,
2024-10-20,BED,467,223,211,434,9,,,434,,,,,,,,,
2024-10-21,BED,404,196,207,403,4,,,403,,,,,,,,,
2024-10-22,BED,328,142,159,301,8,,,301,,,,,,,,,
2024-10-23,BED,389,187,190,377,8,,,377,,,,,,,,,
2024-10-24,BED,381,177,168,345,7,,,345,,,,,,,,,
2024-10-25,BED,430,199,202,401,15,,,401,,,,,,,,,
2024-10-26,BED,274,135,136,271,3,,,271,,,,,,,,,
2024-10-27,BED,473,247,225,472,7,,,472,,,,,,,,,
2024-10-28,BED,415,191,175,366,14,,,366,,,,,,,,,
2024-10-29,BED,422,203,218,421,6,,,421,,,,,,,,,
2024-10-30,BED,331,166,161,327,8,,,327,,,,,,,,,
2024-10-31,BED,373,161,170,331,7,,,331,,,,,,,,,
2024-11-01,BED,201,98,100,198,7,,,198,,,,,,,,,
2024-11-02,BED,425,200,213,413,5,,,413,,,,,,,,,
2024-11-03,BED,406,208,184,392,2,,,392,,,,,,,,,
2024-11-04,BED,286,133,132,265,3,,,265,,,,,,,,,
2024-11-05,BED,386,182,181,363,6,,,363,,,,,,,,,
2024-11-06,BED,286,145,121,266,5,,,266,,,,,,,,,
2024-11-07,BED,376,195,208,403,7,,,403,,,,,,,,,
2024-11-08,BED,230,107,101,208,8,,,208,,,,,,,,,
2024-11-09,BED,214,97,114,211,4,,,211,,,,,,,,,
2024-11-10,BED,372,209,195,404,3,,,404,,,,,,,,,
2024-11-11,BED,241,120,107,227,7,,,227,,,,,,,,,
2024-11-12,BED,163,84,67,151,6,,,151,,,,,,,,,
2024-11-13,BED,389,159,170,329,6,,,329,,,,,,,,,
2024-11-14,BED,427,183,210,393,16,,,393,,,,,,,,,
2024-11-15,BED,388,180,188,368,7,,,368,,,,,,,,,
2024-11-16,BED,293,143,150,293,6,,,293,,,,,,,,,
2024-11-17,BED,447,223,203,426,4,,,426,,,,,,,,,
2024-11-18,BED,365,184,189,373,6,,,373,,,,,,,,,
2024-11-19,BED,372,171,174,345,3,,,345,,,,,,,,,
2024-11-20,BED,418,212,223,435,7,,,435,,,,,,,,,
2024-11-21,BED,142,68,67,135,0,,,135,,,,,,,,,
2024-11-22,BED,306,143,148,291,6,,,291,,,,,,,,,
2024-11-23,BED,116,44,67,111,2,,,111,,,,,,,,,
2024-11-24,BED,186,100,79,179,4,,,179,,,,,,,,,
2024-11-25,BED,380,190,182,372,5,,,372,,,,,,,,,
2024-11-26,BED,221,106,116,222,1,,,222,,,,,,,,,
2024-11-27,BED,459,221,223,444,9,,,444,,,,,,,,,
2024-11-28,BED,70,32,35,67,0,,,67,,,,,,,,,
2024-11-29,BED,334,150,159,309,5,,,309,,,,,,,,,
2024-11-30,BED,374,181,175,356,9,,,356,,,,,,,,,
2024-12-01,BED,524,259,231,490,11,,,490,,,,,,,,,
2024-12-02,BED,425,212,213,425,9,,,425,,,,,,,,,
2024-12-03,BED,410,215,221,436,5,,,436,,,,,,,,,
2024-12-04,BED,422,209,208,417,8,,,417,,,,,,,,,
2024-12-05,BED,185,95,85,180,4,,,180,,,,,,,,,
2024-12-06,BED,170,76,84,160,8,,,160,,,,,,,,,
2024-12-07,BED,371,179,187,366,5,,,366,,,,,,,,,
2024-12-08,BED,339,165,151,316,10,,,316,,,,,,,,,
2024-12-09,BED,311,164,168,332,0,,,332,,,,,,,,,
2024-12-10,BED,108,50,56,106,0,,,106,,,,,,,,,
2024-12-11,BED,99,45,49,94,1,,,94,,,,,,,,,
2024-12-12,BED,240,109,103,212,14,,,212,,,,,,,,,
2024-12-13,BED,340,167,168,335,5,,,335,,,,,,,,,
2024-12-14,BED,388,214,210,424,6,,,424,,,,,,,,,
2024-12-15,BED,348,182,178,360,7,,,360,,,,,,,,,
2024-12-16,BED,122,59,62,121,0,,,121,,,,,,,,,
2024-12-17,BED,321,150,153,303,9,,,303,,,,,,,,,
2024-12-18,BED,367,173,188,361,7,,,361,,,,,,,,,
2024-12-19,BED,394,204,200,404,5,,,404,,,,,,,,,
2024-12-20,BED,246,119,118,237,0,,,237,,,,,,,,,
2024-12-21,BED,288,126,143,269,12,,,269,,,,,,,,,
2024-12-22,BED,233,105,101,206,8,,,206,,,,,,,,,
2024-12-23,BED,281,133,140,273,13,,,273,,,,,,,,,
2024-12-24,BED,119,52,53,105,9,,,105,,,,,,,,,
2024-12-25,BED,89,45,36,81,5,,,81,,,,,,,,,
2024-12-26,BED,302,139,152,291,11,,,291,,,,,,,,,
2024-12-27,BED,373,166,177,343,15,,,343,,,,,,,,,
2024-12-28,BED,102,47,53,100,0,,,100,,,,,,,,,
2024-12-29,BED,70,37,31,68,0,,,68,,,,,,,,,
2024-12-30,BED,100,47,49,96,7,,,96,,,,,,,,,
2024-12-31,BED,387,166,172,338,5,,,338,,,,,,,,,
2025-01-01,BED,103,53,45,98,2,,,98,,,,,,,,,
2025-01-02,BED,91,41,39,80,9,,,80,,,,,,,,,
2025-01-03,BED,135,67,62,129,11,,,129,,,,,,,,,
2025-01-04,BED,250,129,128,257,15,,,257,,,,,,,,,
2025-01-05,BED,250,133,104,237,8,,,237,,,,,,,,,
2025-01-06,BED,251,135,141,276,8,,,276,,,,,,,,,
2025-01-07,BED,107,39,54,93,17,,,93,,,,,,,,,
2025-01-08,BED,93,39,43,82,6,,,82,,,,,,,,,
2025-01-09,BED,100,46,53,99,6,,,99,,,,,,,,,
2025-01-10,BED,309,142,140,282,8,,,282,,,,,,,,,
2025-01-11,BED,77,35,40,75,1,,,75,,,,,,,,,
2025-01-12,BED,408,198,186,384,4,,,384,,,,,,,,,
2025-01-13,BED,334,169,166,335,7,,,335,,,,,,,,,
2025-01-14,BED,181,83,83,166,7,,,166,,,,,,,,,
2025-01-15,BED,234,107,106,213,6,,,213,,,,,,,,,
2025-01-16,BED,403,183,189,372,6,,,372,,,,,,,,,
2025-01-17,BED,391,218,218,436,5,,,436,,,,,,,,,
2025-01-18,BED,305,158,163,321,5,,,321,,,,,,,,,
2025-01-19,BED,292,151,140,291,4,,,291,,,,,,,,,
2025-01-20,BED,172,93,66,159,9,,,159,,,,,,,,,
2025-01-21,BED,135,58,71,129,6,,,129,,,,,,,,,
2025-01-22,BED,245,111,118,229,7,,,229,,,,,,,,,
2025-01-23,BED,293,133,129,262,9,,,262,,,,,,,,,
2025-01-24,BED,283,130,137,267,3,,,267,,,,,,,,,
2025-01-25,BED,304,157,151,308,6,,,308,,,,,,,,,
2025-01-26,BED,224,115,96,211,5,,,211,,,,,,,,,
2025-01-27,BED,221,104,110,214,7,,,214,,,,,,,,,
2025-01-28,BED,138,70,56,126,6,,,126,,,,,,,,,
2025-01-29,BED,150,62,78,140,2,,,140,,,,,,,,,
2025-01-30,BED,283,129,128,257,4,,,257,,,,,,,,,
2025-01-31,BED,134,66,67,133,0,,,133,,,,,,,,,
2025-02-01,BED,98,43,57,100,6,,,100,,,,,,,,,
2025-02-02,BED,363,191,160,351,4,,,351,,,,,,,,,
2025-02-03,BED,271,122,119,241,7,,,241,,,,,,,,,
2025-02-04,BED,200,83,91,174,7,,,174,,,,,,,,,
2025-02-05,BED,352,168,156,324,7,,,324,,,,,,,,,
2025-02-06,BED,79,41,34,75,0,,,75,,,,,,,,,
2025-02-07,BED,156,72,76,148,9,,,148,,,,,,,,,
2025-02-08,BED,382,178,177,355,2,,,355,,,,,,,,,
2025-02-09,BED,87,45,33,78,0,,,78,,,,,,,,,
2025-02-10,BED,373,181,172,353,1,,,353,,,,,,,,,
2025-02-11,BED,408,196,191,387,9,,,387,,,,,,,,,
2025-02-12,BED,214,90,97,187,2,,,187,,,,,,,,,
2025-02-13,BED,117,50,55,105,1,,,105,,,,,,,,,
2025-02-14,BED,202,104,89,193,2,,,193,,,,,,,,,
2025-02-15,BED,340,178,189,367,1,,,367,,,,,,,,,
2025-02-16,BED,60,25,28,53,0,,,53,,,,,,,,,
2025-02-17,BED,105,61,44,105,2,,,105,,,,,,,,,
2025-02-18,BED,146,76,68,144,0,,,144,,,,,,,,,
2025-02-19,BED,335,157,162,319,4,,,319,,,,,,,,,
2025-02-20,BED,407,202,193,395,7,,,395,,,,,,,,,
2025-02-21,BED,235,101,117,218,3,,,218,,,,,,,,,
2025-02-22,BED,395,203,198,401,4,,,401,,,,,,,,,
2025-02-23,BED,469,225,207,432,4,,,432,,,,,,,,,
2025-02-24,BED,327,146,151,297,6,,,297,,,,,,,,,
2025-02-25,BED,354,180,179,359,9,,,359,,,,,,,,,
2025-02-26,BED,317,162,157,319,7,,,319,,,,,,,,,
2025-02-27,BED,139,69,62,131,0,,,131,,,,,,,,,
2025-02-28,BED,195,81,90,171,8,,,171,,,,,,,,,
2025-03-01,BED,227,111,115,226,3,,,226,,,,,,,,,
2025-03-02,BED,207,101,88,189,6,,,189,,,,,,,,,
2025-03-03,BED,365,181,173,354,6,,,354,,,,,,,,,
2025-03-04,BED,310,159,156,315,8,,,315,,,,,,,,,
2025-03-05,BED,126,54,58,112,0,,,112,,,,,,,,,
2025-03-06,BED,182,89,92,181,3,,,181,,,,,,,,,
2025-03-07,BED,148,71,77,148,0,,,148,,,,,,,,,
2025-03-08,BED,111,50,55,105,1,,,105,,,,,,,,,
2025-03-09,BED,385,190,163,353,4,,,353,,,,,,,,,
2025-03-10,BED,241,115,120,235,5,,,235,,,,,,,,,
2025-03-11,BED,303,138,136,274,6,,,274,,,,,,,,,
2025-03-12,BED,353,155,157,312,7,,,312,,,,,,,,,
2025-03-13,BED,373,170,186,356,4,,,356,,,,,,,,,
2025-03-14,BED,441,218,210,428,6,,,428,,,,,,,,,
2025-03-15,BED,216,110,115,225,1,,,225,,,,,,,,,
2025-03-16,BED,115,51,62,113,0,,,113,,,,,,,,,
2025-03-17,BED,132,53,55,108,1,,,108,,,,,,,,,
2025-03-18,BED,431,194,198,392,4,,,392,,,,,,,,,
2025-03-19,BED,368,171,177,348,1,,,348,,,,,,,,,
2025-03-20,BED,149,56,72,128,0,,,128,,,,,,,,,
2025-03-21,BED,138,60,60,120,1,,,120,,,,,,,,,
2025-03-22,BED,305,146,141,287,1,,,287,,,,,,,,,
2025-03-23,BED,271,136,105,241,0,,,241,,,,,,,,,
2025-03-24,BED,113,52,50,102,0,,,102,,,,,,,,,
2025-03-25,BED,414,176,186,362,7,,,362,,,,,,,,,
2025-03-26,BED,408,208,193,401,1,,,401,,,,,,,,,
2025-03-27,BED,244,112,106,218,5,,,218,,,,,,,,,
2025-03-28,BED,255,116,105,221,7,,,221,,,,,,,,,
2025-03-29,BED,80,39,31,70,0,,,70,,,,,,,,,
2025-03-30,BED,127,53,58,111,0,,,111,,,,,,,,,
2025-03-31,BED,117,57,59,116,0,,,116,,,,,,,,,
2025-04-01,BED,249,108,108,216,9,,,216,,,,,,,,,
2025-04-02,BED,489,237,244,481,4,,,481,,,,,,,,,
2025-04-03,BED,140,59,74,133,2,,,133,,,,,,,,,
2025-04-04,BED,408,200,194,394,4,,,394,,,,,,,,,
2025-04-05,BED,266,106,119,225,0,,,225,,,,,,,,,
2025-04-06,BED,187,95,83,178,0,,,178,,,,,,,,,
2025-04-07,BED,120,56,41,97,0,,,97,,,,,,,,,
2025-04-08,BED,123,56,56,112,0,,,112,,,,,,,,,
2025-04-09,BED,392,181,171,352,3,,,352,,,,,,,,,
2025-04-10,BED,440,218,235,453,3,,,453,,,,,,,,,
2025-04-11,BED,235,102,108,210,1,,,210,,,,,,,,,
2025-04-12,BED,91,33,45,78,0,,,78,,,,,,,,,
2025-04-13,BED,144,70,56,126,1,,,126,,,,,,,,,
2025-04-14,BED,500,233,229,462,1,,,462,,,,,,,,,
2025-04-15,BED,234,111,115,226,7,,,226,,,,,,,,,
2025-04-16,BED,200,89,78,167,5,,,167,,,,,,,,,
2025-04-17,BED,380,165,178,343,6,,,343,,,,,,,,,
2025-04-18,BED,433,211,202,413,5,,,413,,,,,,,,,
2025-04-19,BED,183,75,86,161,3,,,161,,,,,,,,,
2025-04-20,BED,131,68,56,124,2,,,124,,,,,,,,,
2025-04-21,BED,530,242,249,491,6,,,491,,,,,,,,,
2025-04-22,BED,269,118,124,242,9,,,242,,,,,,,,,
2025-04-23,BED,519,227,225,452,13,,,452,,,,,,,,,
2025-04-24,BED,435,192,208,400,15,,,400,,,,,,,,,
2025-04-25,BED,472,235,230,465,9,,,465,,,,,,,,,
2025-04-26,BED,80,41,39,80,0,,,80,,,,,,,,,
2025-04-27,BED,321,158,143,301,7,,,301,,,,,,,,,
2025-04-28,BED,463,209,198,407,8,,,407,,,,,,,,,
2025-04-29,BED,276,129,122,251,4,,,251,,,,,,,,,
2025-04-30,BED,237,104,112,216,6,,,216,,,,,,,,,
2025-05-01,BED,502,227,239,466,6,,,466,,,,,,,,,
2025-05-02,BED,227,114,115,229,13,,,229,,,,,,,,,
2025-05-03,BED,314,154,143,297,1,,,297,,,,,,,,,
2025-05-04,BED,286,149,127,276,0,,,276,,,,,,,,,
2025-05-05,BED,181,88,81,169,0,,,169,,,,,,,,,
2025-05-06,BED,167,60,80,140,1,,,140,,,,,,,,,
2025-05-07,BED,445,234,216,450,8,,,450,,,,,,,,,
2025-05-08,BED,422,192,206,398,6,,,398,,,,,,,,,
2025-05-09,BED,154,65,81,146,0,,,146,,,,,,,,,
2025-05-10,BED,142,67,72,139,2,,,139,,,,,,,,,
2025-05-11,BED,406,187,171,358,5,,,358,,,,,,,,,
2025-05-12,BED,426,209,203,412,2,,,412,,,,,,,,,
2025-05-13,BED,543,240,256,496,14,,,496,,,,,,,,,
2025-05-14,BED,513,236,271,507,9,,,507,,,,,,,,,
2025-05-15,BED,156,70,67,137,0,,,137,,,,,,,,,
2025-05-16,BED,366,175,169,344,2,,,344,,,,,,,,,
2025-05-17,BED,146,68,75,143,0,,,143,,,,,,,,,
2025-05-18,BED,505,214,213,427,10,,,427,,,,,,,,,
2025-05-19,BED,217,89,98,187,7,,,187,,,,,,,,,
2025-05-20,BED,473,217,202,419,7,,,419,,,,,,,,,
2025-05-21,BED,333,130,135,265,8,,,265,,,,,,,,,
2025-05-22,BED,137,64,63,127,0,,,127,,,,,,,,,
2025-05-23,BED,314,142,152,294,6,,,294,,,,,,,,,
2025-05-24,BED,237,111,118,229,2,,,229,,,,,,,,,
2025-05-25,BED,323,149,133,282,2,,,282,,,,,,,,,
2025-05-26,BED,473,202,181,383,10,,,383,,,,,,,,,
2025-05-27,BED,587,283,250,533,11,,,533,,,,,,,,,
2025-05-28,BED,593,275,215,490,8,,,490,,,,,,,,,
2025-05-29,BED,303,130,146,276,8,,,276,,,,,,,,,
2025-05-30,BED,397,197,201,398,8,,,398,,,,,,,,,
2025-05-31,BED,90,41,47,88,0,,,88,,,,,,,,,
2025-06-01,BED,318,162,162,324,11,,,324,,,,,,,,,
2025-06-02,BED,371,174,167,341,9,,,341,,,,,,,,,
2025-06-03,BED,439,219,209,428,9,,,428,,,,,,,,,
2025-06-04,BED,474,225,208,433,12,,,433,,,,,,,,,
2025-06-05,BED,499,235,224,459,14,,,459,,,,,,,,,
2025-06-06,BED,321,139,149,288,2,,,288,,,,,,,,,
2025-06-07,BED,80,33,42,75,1,,,75,,,,,,,,,
2025-06-08,BED,460,187,200,387,5,,,387,,,,,,,,,
2025-06-09,BED,178,74,80,154,4,,,154,,,,,,,,,
2025-06-10,BED,153,64,73,137,0,,,137,,,,,,,,,
2025-06-11,BED,435,204,172,376,5,,,376,,,,,,,,,
2025-06-12,BED,322,154,134,288,8,,,288,,,,,,,,,
2025-06-13,BED,504,242,255,497,8,,,497,,,,,,,,,
2025-06-14,BED,136,66,64,130,4,,,130,,,,,,,,,
2025-06-15,BED,469,201,215,416,3,,,416,,,,,,,,,
2025-06-16,BED,405,171,190,361,10,,,361,,,,,,,,,
2025-06-17,BED,181,82,87,169,1,,,169,,,,,,,,,
2025-06-18,BED,226,103,115,218,2,,,218,,,,,,,,,
2025-06-19,BED,391,177,194,371,4,,,371,,,,,,,,,
2025-06-20,BED,171,78,82,160,9,,,160,,,,,,,,,
2025-06-21,BED,424,203,192,395,4,,,395,,,,,,,,,
2025-06-22,BED,281,139,120,259,1,,,259,,,,,,,,,
2025-06-23,BED,394,184,173,357,6,,,357,,,,,,,,,
2025-06-24,BED,365,173,154,327,8,,,327,,,,,,,,,
2025-06-25,BED,474,211,212,423,7,,,423,,,,,,,,,
2025-06-26,BED,386,157,186,343,3,,,343,,,,,,,,,
2025-06-27,BED,369,147,161,308,7,,,308,,,,,,,,,
2025-06-28,BED,102,55,45,100,0,,,100,,,,,,,,,
2025-06-29,BED,460,199,179,378,2,,,378,,,,,,,,,
2025-06-30,BED,428,192,196,388,9,,,388,,,,,,,,,
2025-07-01,BED,208,92,99,191,5,,,191,,,,,,,,,
2025-07-02,BED,441,202,200,402,7,,,402,,,,,,,,,
2025-07-03,BED,337,148,148,296,7,,,296,,,,,,,,,
2025-07-04,BED,135,61,57,118,12,,,118,,,,,,,,,
2025-07-05,BED,347,157,158,315,5,,,315,,,,,,,,,
2025-07-06,BED,362,181,181,362,14,,,362,,,,,,,,,
2025-07-07,BED,295,134,130,264,4,,,264,,,,,,,,,
2025-07-08,BED,389,167,180,347,6,,,347,,,,,,,,,
2025-07-09,BED,152,69,77,146,8,,,146,,,,,,,,,
2025-07-10,BED,143,71,77,148,0,,,148,,,,,,,,,
2025-07-11,BED,379,171,174,345,11,,,345,,,,,,,,,
2025-07-12,BED,409,175,190,365,8,,,365,,,,,,,,,
2025-07-13,BED,400,208,199,407,12,,,407,,,,,,,,,
2025-07-14,BED,327,154,159,313,11,,,313,,,,,,,,,
2025-07-15,BED,455,199,207,406,18,,,406,,,,,,,,,
2025-07-16,BED,455,233,221,454,14,,,454,,,,,,,,,
2025-07-17,BED,394,173,179,352,10,,,352,,,,,,,,,
2025-07-18,BED,306,129,159,288,10,,,288,,,,,,,,,
2025-07-19,BED,374,163,169,332,14,,,332,,,,,,,,,
2025-07-20,BED,306,152,153,305,10,,,305,,,,,,,,,
2025-07-21,BED,364,175,177,352,14,,,352,,,,,,,,,
2025-07-22,BED,490,242,232,474,13,,,474,,,,,,,,,
2025-07-23,BED,528,255,267,522,10,,,522,,,,,,,,,
2025-07-24,BED,379,176,174,350,14,,,350,,,,,,,,,
2025-07-25,BED,279,123,131,254,9,,,254,,,,,,,,,
2025-07-26,BED,413,204,209,413,9,,,413,,,,,,,,,
2025-07-27,BED,179,95,95,190,6,,,190,,,,,,,,,
2025-07-28,BED,395,193,181,374,9,,,374,,,,,,,,,
2025-07-29,BED,532,238,241,479,28,,,479,,,,,,,,,
2025-07-30,BED,443,205,218,423,13,,,423,,,,,,,,,
2025-07-31,BED,263,120,133,253,8,,,253,,,,,,,,,
2025-08-01,BED,294,138,142,280,16,,,280,,,,,,,,,
2025-08-02,BED,438,206,215,421,6,,,421,,,,,,,,,
2025-08-03,BED,480,269,262,531,8,,,531,,,,,,,,,
2025-08-04,BED,479,231,230,461,19,,,461,,,,,,,,,
2025-08-05,BED,432,194,190,384,16,,,384,,,,,,,,,
2025-08-06,BED,624,276,300,576,12,,,576,,,,,,,,,
2025-08-07,BED,505,239,243,482,16,,,482,,,,,,,,,
2025-08-08,BED,444,190,198,388,14,,,388,,,,,,,,,
2025-08-09,BED,497,227,232,459,14,,,459,,,,,,,,,
2025-08-10,BED,481,232,221,453,10,,,453,,,,,,,,,
2025-08-11,BED,337,178,181,359,6,,,359,,,,,,,,,
2025-08-12,BED,440,206,218,424,10,,,424,,,,,,,,,
2025-08-13,BED,466,222,215,437,22,,,437,,,,,,,,,
2025-08-14,BED,469,225,233,458,9,,,458,,,,,,,,,
2025-08-15,BED,447,210,230,440,3,,,440,,,,,,,,,
2025-08-16,BED,343,153,152,305,7,,,305,,,,,,,,,
2025-08-17,BED,420,202,197,399,10,,,399,,,,,,,,,
2025-08-18,BED,415,202,190,392,8,,,392,,,,,,,,,
2025-08-19,BED,570,275,281,556,10,,,556,,,,,,,,,
2025-08-20,BED,299,147,140,287,12,,,287,,,,,,,,,
2025-08-21,BED,277,134,126,260,4,,,260,,,,,,,,,
2025-08-22,BED,416,183,199,382,16,,,382,,,,,,,,,
2025-08-23,BED,379,164,171,335,12,,,335,,,,,,,,,
2025-08-24,BED,392,173,182,355,8,,,355,,,,,,,,,
2025-08-25,BED,401,192,205,397,10,,,397,,,,,,,,,
2025-08-26,BED,466,220,231,451,13,,,451,,,,,,,,,
2025-08-27,BED,474,229,238,467,11,,,467,,,,,,,,,
2025-08-28,BED,437,213,233,446,10,,,446,,,,,,,,,
2025-08-29,BED,266,119,124,243,4,,,243,,,,,,,,,
2025-08-30,BED,364,165,174,339,11,,,339,,,,,,,,,
2025-08-31,BED,382,175,189,364,8,,,364,,,,,,,,,
2025-09-01,BED,528,255,248,503,9,,,503,,,,,,,,,
2025-09-02,BED,468,230,217,447,12,,,447,,,,,,,,,
2025-09-03,BED,409,197,198,395,7,,,395,,,,,,,,,
2025-09-04,BED,388,186,217,403,10,,,403,,,,,,,,,
2025-09-05,BED,299,138,146,284,10,,,284,,,,,,,,,
2025-09-06,BED,216,107,118,225,5,,,225,,,,,,,,,
2025-09-07,BED,182,94,95,189,1,,,189,,,,,,,,,
2025-09-08,BED,446,213,232,445,12,,,445,,,,,,,,,
2025-09-09,BED,525,252,246,498,16,,,498,,,,,,,,,
2025-09-10,BED,351,160,158,318,10,,,318,,,,,,,,,
2025-09-11,BED,503,230,261,491,16,,,491,,,,,,,,,
2025-09-12,BED,392,206,212,418,8,,,418,,,,,,,,,
2025-09-13,BED,397,184,183,367,7,,,367,,,,,,,,,
2025-09-14,BED,508,247,247,494,10,,,494,,,,,,,,,
2025-09-15,BED,392,199,197,396,11,,,396,,,,,,,,,
2025-09-16,BED,349,182,183,365,10,,,365,,,,,,,,,
2025-09-17,BED,419,195,202,397,9,,,397,,,,,,,,,
2025-09-18,BED,395,205,223,428,24,,,428,,,,,,,,,
2025-09-19,BED,403,172,200,372,28,,,372,,,,,,,,,
2025-09-20,BED,421,202,197,399,5,,,399,,,,,,,,,
2025-09-21,BED,488,222,211,433,14,,,433,,,,,,,,,
2025-09-22,BED,478,234,242,476,12,,,476,,,,,,,,,
2025-09-23,BED,373,190,207,397,19,,,397,,,,,,,,,
2025-09-24,BED,197,99,99,198,0,,,198,,,,,,,,,
2025-09-25,BED,226,110,120,230,0,,,230,,,,,,,,,
2025-09-26,BED,548,241,274,515,7,,,515,,,,,,,,,
2025-09-27,BED,515,230,244,474,9,,,474,,,,,,,,,
2025-09-28,BED,571,219,262,481,13,,,481,,,,,,,,,
2025-09-29,BED,416,212,240,452,14,,,452,,,,,,,,,
2025-09-30,BED,509,238,245,483,12,,,483,,,,,,,,,
2025-10-01,BED,344,158,172,330,5,,,330,,,,,,,,,
2025-10-02,BED,484,224,231,455,21,,,455,,,,,,,,,
2025-10-03,BED,477,202,231,433,10,,,433,,,,,,,,,
2025-10-04,BED,486,222,238,460,13,,,460,,,,,,,,,
2025-10-05,BED,473,228,238,466,11,,,466,,,,,,,,,
2025-10-06,BED,427,195,196,391,10,,,391,,,,,,,,,
2025-10-07,BED,284,135,148,283,11,,,283,,,,,,,,,
2025-10-08,BED,203,102,126,228,4,,,228,,,,,,,,,
2025-10-09,BED,418,194,219,413,5,,,413,,,,,,,,,
2025-10-10,BED,537,237,278,515,17,,,515,,,,,,,,,
2025-10-11,BED,469,205,214,419,6,,,419,,,,,,,,,
2025-10-12,BED,160,76,80,156,2,,,156,,,,,,,,,
2025-10-13,BED,158,81,70,151,0,,,151,,,,,,,,,
2025-10-14,BED,239,94,97,191,1,,,191,,,,,,,,,
2025-10-15,BED,310,142,174,316,20,,,316,,,,,,,,,
2025-10-16,BED,240,99,131,230,6,,,230,,,,,,,,,
2025-10-17,BED,443,213,239,452,15,,,452,,,,,,,,,
2025-10-18,BED,563,239,255,494,15,,,494,,,,,,,,,
2025-10-19,BED,464,228,223,451,13,,,451,,,,,,,,,
2025-10-20,BED,177,81,92,173,9,,,173,,,,,,,,,
2025-10-21,BED,456,204,231,435,19,,,435,,,,,,,,,
2025-10-22,BED,254,130,140,270,19,,,270,,,,,,,,,
2025-10-23,BED,461,211,228,439,21,,,439,,,,,,,,,
2025-10-24,BED,502,246,273,519,5,,,519,,,,,,,,,
2025-10-25,BED,451,202,224,426,2,,,426,,,,,,,,,
2025-10-26,BED,392,194,214,408,9,,,408,,,,,,,,,
2025-10-27,BED,404,198,213,411,6,,,411,,,,,,,,,
2025-10-28,BED,276,123,128,251,8,,,251,,,,,,,,,
2025-10-29,BED,282,137,135,272,2,,,272,,,,,,,,,
2025-10-30,BED,149,68,81,149,0,,,149,,,,,,,,,
2025-10-31,BED,141,67,76,143,9,,,143,,,,,,,,,
2025-11-01,BED,232,95,114,209,14,,,209,,,,,,,,,
2025-11-02,BED,457,224,242,466,5,,,466,,,,,,,,,
2025-11-03,BED,341,157,162,319,8,,,319,,,,,,,,,
2025-11-04,BED,164,77,73,150,10,,,150,,,,,,,,,
2025-11-05,BED,377,178,170,348,9,,,348,,,,,,,,,
2025-11-06,BED,304,138,153,291,12,,,291,,,,,,,,,
2025-11-07,BED,383,175,183,358,14,,,358,,,,,,,,,
2025-11-08,BED,362,181,189,370,6,,,370,,,,,,,,,
2025-11-09,BED,222,115,103,218,5,,,218,,,,,,,,,
2025-11-10,BED,203,104,94,198,1,,,198,,,,,,,,,
2025-11-11,BED,338,160,158,318,14,,,318,,,,,,,,,
2025-11-12,BED,372,160,172,332,13,,,332,,,,,,,,,
2025-11-13,BED,412,197,191,388,11,,,388,,,,,,,,,
2025-11-14,BED,456,216,224,440,12,,,440,,,,,,,,,
2025-11-15,BED,420,202,217,419,4,,,419,,,,,,,,,
2025-11-16,BED,316,156,154,310,0,,,310,,,,,,,,,
2025-11-17,BED,216,96,105,201,14,,,201,,,,,,,,,
2025-11-18,BED,339,144,153,297,10,,,297,,,,,,,,,
2025-11-19,BED,443,207,208,415,9,,,415,,,,,,,,,
2025-11-20,BED,496,232,255,487,4,,,487,,,,,,,,,
2025-11-21,BED,376,162,173,335,10,,,335,,,,,,,,,
2025-11-22,BED,181,75,91,166,6,,,166,,,,,,,,,
2025-11-23,BED,416,209,189,398,6,,,398,,,,,,,,,
2025-11-24,BED,407,207,199,406,10,,,406,,,,,,,,,
2025-11-25,BED,444,196,217,413,12,,,413,,,,,,,,,
2025-11-26,BED,214,93,139,232,3,,,232,,,,,,,,,
2025-11-27,BED,97,48,56,104,6,,,104,,,,,,,,,
2025-11-28,BED,119,50,92,142,5,,,142,,,,,,,,,
2025-11-29,BED,348,177,186,363,9,,,363,,,,,,,,,
2025-11-30,BED,404,217,201,418,2,,,418,,,,,,,,,
2025-12-01,BED,341,159,203,362,5,,,362,,,,,,,,,
2025-12-02,BED,108,47,77,124,0,,,124,,,,,,,,,
2025-12-03,BED,368,166,206,372,14,,,372,,,,,,,,,
2025-12-04,BED,288,134,162,296,7,,,296,,,,,,,,,
2025-12-05,BED,351,154,174,328,15,,,328,,,,,,,,,
2025-12-06,BED,256,116,114,230,11,,,230,,,,,,,,,
2025-12-07,BED,398,190,195,385,9,,,385,,,,,,,,,
2025-12-08,BED,224,94,111,205,7,,,205,,,,,,,,,
2025-12-09,BED,356,174,170,344,10,,,344,,,,,,,,,
2025-12-10,BED,293,132,135,267,5,,,267,,,,,,,,,
2025-12-11,BED,192,89,91,180,8,,,180,,,,,,,,,
2025-12-12,BED,189,78,81,159,10,,,159,,,,,,,,,
2025-12-13,BED,378,179,169,348,10,,,348,,,,,,,,,
2025-12-14,BED,110,59,49,108,0,,,108,,,,,,,,,
2025-12-15,BED,188,92,83,175,14,,,175,,,,,,,,,
2025-12-16,BED,452,202,209,411,11,,,411,,,,,,,,,
2025-12-17,BED,215,92,100,192,12,,,192,,,,,,,,,
2025-12-18,BED,513,231,234,465,12,,,465,,,,,,,,,
2025-12-19,BED,115,57,59,116,0,,,116,,,,,,,,,
2025-12-20,BED,438,207,229,436,9,,,436,,,,,,,,,
2025-12-21,BED,215,95,85,180,5,,,180,,,,,,,,,
2025-12-22,BED,349,164,165,329,13,,,329,,,,,,,,,
2025-12-23,BED,208,99,101,200,2,,,200,,,,,,,,,
2025-12-24,BED,54,32,23,55,3,,,55,,,,,,,,,
2025-12-25,BED,87,42,46,88,8,,,88,,,,,,,,,
2025-12-26,BED,284,133,146,279,8,,,279,,,,,,,,,
2025-12-27,BED,214,87,120,207,13,,,207,,,,,,,,,
2025-12-28,BED,339,163,165,328,7,,,328,,,,,,,,,
2025-12-29,BED,91,45,50,95,0,,,95,,,,,,,,,
2025-12-30,BED,67,26,41,67,5,,,67,,,,,,,,,
2025-12-31,BED,223,102,95,197,8,,,197,,,,,,,,,
2026-01-01,BED,71,32,39,71,8,,,71,,,,,,,,,
2026-01-02,BED,306,147,147,294,7,,,294,,,,,,,,,
2026-01-03,BED,391,182,176,358,11,,,358,,,,,,,,,
2026-01-04,BED,228,114,111,225,8,,,225,,,,,,,,,
2026-01-05,BED,337,164,171,335,8,,,335,,,,,,,,,
2026-01-06,BED,135,65,75,140,2,,,140,,,,,,,,,
2026-01-07,BED,91,47,56,103,1,,,103,,,,,,,,,
2026-01-08,BED,411,172,189,361,7,,,361,,,,,,,,,
2026-01-09,BED,295,140,148,288,4,,,288,,,,,,,,,
2026-01-10,BED,414,178,180,358,6,,,358,,,,,,,,,
2026-01-11,BED,132,68,73,141,2,,,141,,,,,,,,,
2026-01-12,BED,178,84,88,172,6,,,172,,,,,,,,,
2026-01-13,BED,472,201,207,408,8,,,408,,,,,,,,,
2026-01-14,BED,366,175,174,349,19,,,349,,,,,,,,,
2026-01-15,BED,277,115,133,248,9,,,248,,,,,,,,,
2026-01-16,BED,227,107,114,221,6,,,221,,,,,,,,,
2026-01-17,BED,115,59,64,123,0,,,123,,,,,,,,,
2026-01-18,BED,96,53,50,103,0,,,103,,,,,,,,,
2026-01-19,BED,166,83,95,178,8,,,178,,,,,,,,,
2026-01-20,BED,246,115,125,240,5,,,240,,,,,,,,,
2026-01-21,BED,310,136,160,296,7,,,296,,,,,,,,,
2026-01-22,BED,378,165,187,352,3,,,352,,,,,,,,,
2026-01-23,BED,265,110,113,223,4,,,223,,,,,,,,,
2026-01-24,BED,137,57,59,116,8,,,116,,,,,,,,,
2026-01-25,BED,22,10,12,22,0,,,22,,,,,,,,,
2026-01-26,BED,48,32,19,51,0,,,51,,,,,,,,,
2026-01-27,BED,174,87,86,173,9,,,173,,,,,,,,,
2026-01-28,BED,298,134,142,276,10,,,276,,,,,,,,,
2026-01-29,BED,262,72,69,141,6,,,141,,,,,,,,,
2026-01-30,BED,207,95,92,187,3,,,187,,,,,,,,,
2026-01-31,BED,327,158,163,321,6,,,321,,,,,,,,,
2026-02-01,BED,169,76,76,152,5,,,152,,,,,,,,,
2026-02-02,BED,361,169,183,352,4,,,352,,,,,,,,,
2026-02-03,BED,408,207,211,418,6,,,418,,,,,,,,,
2026-02-04,BED,269,125,139,264,14,,,264,,,,,,,,,
2026-02-05,BED,427,196,225,421,3,,,421,,,,,,,,,
2026-02-06,BED,348,170,173,343,5,,,343,,,,,,,,,
2026-02-07,BED,78,32,50,82,2,,,82,,,,,,,,,
2026-02-08,BED,89,39,42,81,6,,,81,,,,,,,,,
2026-02-09,BED,221,112,96,208,10,,,208,,,,,,,,,
2026-02-10,BED,340,156,169,325,2,,,325,,,,,,,,,
2026-02-11,BED,195,93,112,205,10,,,205,,,,,,,,,
2026-02-12,BED,267,112,129,241,11,,,241,,,,,,,,,
2026-02-13,BED,374,181,192,373,7,,,373,,,,,,,,,
2026-02-14,BED,404,184,194,378,14,,,378,,,,,,,,,
2026-02-15,BED,262,132,136,268,4,,,268,,,,,,,,,
2026-02-16,BED,374,189,173,362,8,,,362,,,,,,,,,
2026-02-17,BED,162,82,83,165,0,,,165,,,,,,,,,
2026-02-18,BED,123,56,65,121,2,,,121,,,,,,,,,
2026-02-19,BED,351,160,171,331,12,,,331,,,,,,,,,
2026-02-20,BED,156,72,72,144,2,,,144,,,,,,,,,
2026-02-21,BED,94,47,54,101,0,,,101,,,,,,,,,
2026-02-22,BED,213,102,105,207,0,,,207,,,,,,,,,
2026-02-23,BED,0,0,0,0,0,,,0,,,,,,,,,
2026-02-24,BED,281,134,153,287,14,,,287,,,,,,,,,
2026-02-25,BED,121,48,73,121,7,,,121,,,,,,,,,
2026-02-26,BED,312,147,145,292,8,,,292,,,,,,,,,
2026-02-27,BED,308,152,169,321,9,,,321,,,,,,,,,
2026-02-28,BED,334,148,155,303,12,,,303,,,,,,,,,
2026-03-01,BED,195,96,116,212,2,,,212,,,,,,,,,
2026-03-02,BED,337,146,153,299,10,,,299,,,,,,,,,
2026-03-03,BED,231,101,111,212,4,,,212,,,,,,,,,
2026-03-04,BED,427,192,192,384,6,,,384,,,,,,,,,
2026-03-05,BED,138,55,66,121,0,,,121,,,,,,,,,
2026-03-06,BED,131,67,62,129,0,,,129,,,,,,,,,
2026-03-07,BED,114,51,65,116,0,,,116,,,,,,,,,
2026-03-08,BED,270,135,147,282,1,,,282,,,,,,,,,
2026-03-09,BED,316,149,162,311,11,,,311,,,,,,,,,
2026-03-10,BED,442,199,212,411,8,,,411,,,,,,,,,
2026-03-11,BED,263,113,124,237,7,,,237,,,,,,,,,
2026-03-12,BED,158,76,87,163,5,,,163,,,,,,,,,
2026-03-13,BED,384,164,188,352,9,,,352,,,,,,,,,
2026-03-14,BED,135,64,64,128,3,,,128,,,,,,,,,
2026-03-15,BED,447,201,208,409,3,,,409,,,,,,,,,
2026-03-16,BED,93,48,45,93,2,,,93,,,,,,,,,
2026-03-17,BED,150,67,76,143,5,,,143,,,,,,,,,
2026-03-18,BED,515,213,227,440,6,,,440,,,,,,,,,
2026-03-19,BED,415,205,214,419,11,,,419,,,,,,,,,
2026-03-20,BED,330,147,160,307,4,,,307,,,,,,,,,
2026-03-21,BED,378,173,161,334,8,,,334,,,,,,,,,
2026-03-22,BED,246,123,124,247,0,,,247,,,,,,,,,
2026-03-23,BED,158,77,77,154,0,,,154,,,,,,,,,
2026-03-24,BED,448,208,207,415,8,,,415,,,,,,,,,
2026-03-25,BED,485,216,207,423,6,,,423,,,,,,,,,
2026-03-26,BED,288,135,158,293,7,,,293,,,,,,,,,
2026-03-27,BED,318,143,163,306,10,,,306,,,,,,,,,
2026-03-28,BED,452,214,225,439,10,,,439,,,,,,,,,
2026-03-29,BED,380,197,195,392,4,,,392,,,,,,,,,
2026-03-30,BED,211,93,108,201,12,,,201,,,,,,,,,
2026-03-31,BED,138,69,71,140,2,,,140,,,,,,,,,
2026-04-01,BED,321,104,114,218,1,,,218,,,,,,,,,
2026-04-02,BED,164,72,83,155,0,,,155,,,,,,,,,
2026-04-03,BED,117,57,64,121,2,,,121,,,,,,,,,
2026-04-04,BED,333,151,158,309,6,,,309,,,,,,,,,
2026-04-05,BED,124,67,69,136,0,,,136,,,,,,,,,
2026-04-06,BED,296,144,143,287,11,,,287,,,,,,,,,
2026-04-07,BED,169,78,89,167,5,,,167,,,,,,,,,
2026-04-08,BED,611,245,247,492,4,,,492,,,,,,,,,
2026-04-09,BED,409,169,184,353,16,,,353,,,,,,,,,
2026-04-10,BED,425,193,206,399,15,,,399,,,,,,,,,
2026-04-11,BED,181,73,93,166,8,,,166,,,,,,,,,
2026-04-12,BED,481,234,221,455,14,,,455,,,,,,,,,
2026-04-13,BED,231,98,110,208,12,,,208,,,,,,,,,
2026-04-14,BED,339,171,191,362,2,,,362,,,,,,,,,
2026-04-15,BED,438,195,193,388,5,,,388,,,,,,,,,
2026-04-16,BED,275,140,141,281,8,,,281,,,,,,,,,
2026-04-17,BED,246,116,126,242,2,,,242,,,,,,,,,
2026-04-18,BED,239,116,115,231,2,,,231,,,,,,,,,
2026-04-19,BED,157,79,93,172,0,,,172,,,,,,,,,
2026-04-20,BED,433,204,209,413,1,,,413,,,,,,,,,
2026-04-21,BED,407,199,208,407,6,,,407,,,,,,,,,
2026-04-22,BED,234,97,115,212,1,,,212,,,,,,,,,
2026-04-23,BED,291,117,123,240,10,,,240,,,,,,,,,
2026-04-24,BED,496,226,232,458,15,,,458,,,,,,,,,
2026-04-25,BED,495,227,210,437,8,,,437,,,,,,,,,
2026-04-26,BED,469,244,246,490,2,,,490,,,,,,,,,
2026-04-27,BED,460,209,223,432,10,,,432,,,,,,,,,
2026-04-28,BED,409,209,206,415,7,,,415,,,,,,,,,
2026-04-29,BED,362,168,181,349,4,,,349,,,,,,,,,
2026-04-30,BED,210,101,118,219,0,,,219,,,,,,,,,
2026-05-01,BED,379,143,155,298,13,,,298,,,,,,,,,
2026-05-02,BED,146,72,76,148,2,,,148,,,,,,,,,
2026-05-03,BED,166,80,95,175,3,,,175,,,,,,,,,
2026-05-04,BED,167,58,58,116,10,,,116,,,,,,,,,
2026-05-07,BED,563,105,111,216,4,,,216,,,,,,,,,
2026-05-08,BED,492,210,226,436,6,,,436,,,,,,,,,
2026-05-09,BED,299,100,90,190,2,,,190,,,,,,,,,
2026-05-10,BED,338,157,162,319,0,,,319,,,,,,,,,
2026-05-11,BED,421,184,194,378,12,,,378,,,,,,,,,
2026-05-12,BED,450,202,228,430,14,,,430,,,,,,,,,
2026-05-13,BED,421,175,200,375,6,,,375,,,,,,,,,
2026-05-14,BED,189,96,97,193,0,,,193,,,,,,,,,
2026-05-15,BED,184,98,101,199,2,,,199,,,,,,,,,
2026-05-16,BED,447,208,209,417,10,,,417,,,,,,,,,
2026-05-17,BED,493,226,254,480,5,,,480,,,,,,,,,
2026-05-18,BED,469,192,194,386,14,,,386,,,,,,,,,
2026-05-19,BED,378,150,175,325,7,,,325,,,,,,,,,
2026-05-20,BED,370,169,190,359,9,,,359,,,,,,,,,
2026-05-21,BED,507,228,231,459,8,,,459,,,,,,,,,
2026-05-22,BED,498,212,234,446,10,,,446,,,,,,,,,
2026-05-23,BED,337,162,160,322,9,,,322,,,,,,,,,
2026-05-24,BED,132,64,67,131,1,,,131,,,,,,,,,
2026-05-25,BED,249,126,122,248,5,,,248,,,,,,,,,
2026-05-26,BED,487,236,234,470,13,,,470,,,,,,,,,
2026-05-27,BED,535,252,246,498,11,,,498,,,,,,,,,
2026-05-28,BED,383,164,190,354,9,,,354,,,,,,,,,
2026-05-29,BED,374,154,178,332,12,,,332,,,,,,,,,
2026-05-30,BED,82,39,44,83,2,,,83,,,,,,,,,
2026-05-31,BED,383,180,179,359,3,,,359,,,,,,,,,
2026-06-01,BED,325,160,157,317,8,,,317,,,,,,,,,
2026-06-02,BED,520,219,234,453,18,,,453,,,,,,,,,
2026-06-03,BED,529,239,236,475,11,,,475,,,,,,,,,
2026-06-04,BED,508,217,206,423,18,,,423,,,,,,,,,
2026-06-05,BED,431,167,190,357,15,,,357,,,,,,,,,
2026-06-06,BED,372,164,165,329,7,,,329,,,,,,,,,
2026-06-07,BED,295,95,94,189,0,,,189,,,,,,,,,
2026-06-08,BED,448,178,188,366,7,,,366,,,,,,,,,
2026-06-09,BED,417,187,191,378,5,,,378,,,,,,,,,
2026-06-10,BED,423,143,162,305,6,,,305,,,,,,,,,
2026-06-11,BED,442,29,29,58,0,,,58,,,,,,,,,
2026-06-12,BED,519,212,224,436,8,,,436,,,,,,,,,
2026-06-13,BED,423,182,181,363,9,,,363,,,,,,,,,
2026-06-14,BED,393,174,171,345,12,,,345,,,,,,,,,
2026-06-15,BED,321,158,158,316,6,,,316,,,,,,,,,
2026-06-16,BED,421,185,205,390,12,,,390,,,,,,,,,
2026-06-17,BED,591,278,282,560,9,,,560,,,,,,,,,
2026-06-18,BED,172,85,94,179,0,,,179,,,,,,,,,
2026-06-19,BED,225,95,95,190,18,,,190,,,,,,,,,
2026-06-20,BED,188,85,87,172,4,,,172,,,,,,,,,
2026-06-21,BED,414,201,195,396,5,,,396,,,,,,,,,
2026-06-22,BED,369,146,156,302,9,,,302,,,,,,,,,
2026-06-23,BED,184,64,72,136,3,,,136,,,,,,,,,
2026-06-24,BED,597,219,244,463,14,,,463,,,,,,,,,
2026-06-25,BED,607,84,84,168,3,,,168,,,,,,,,,
2026-06-26,BED,269,119,132,251,11,,,251,,,,,,,,,
2026-06-27,BED,451,193,201,394,12,,,394,,,,,,,,,
2026-06-28,BED,381,198,183,381,2,,,381,,,,,,,,,
2026-06-29,BED,420,198,200,398,8,,,398,,,,,,,,,
2026-06-30,BED,482,211,205,416,12,,,416,,,,,,,,,
2026-07-01,BED,530,223,247,470,11,,,470,,,,,,,,,
2026-07-02,BED,506,199,207,406,11,,,406,,,,,,,,,
2026-07-03,BED,366,151,160,311,2,,,311,,,,,,,,,
2026-07-04,BED,176,73,82,155,7,,,155,,,,,,,,,
2026-07-05,BED,355,172,173,345,8,,,345,,,,,,,,,
2026-07-06,BED,392,185,186,371,6,,,371,,,,,,,,,
2026-07-07,BED,179,95,83,178,0,,,178,,,,,,,,,
2026-07-08,BED,649,264,273,537,14,,,537,,,,,,,,,
2026-07-09,BED,509,236,237,473,18,,,473,,,,,,,,,
2026-07-10,BED,419,190,225,415,12,,,415,,,,,,,,,
2026-07-11,BED,499,217,215,432,17,,,432,,,,,,,,,
2026-07-12,BED,630,253,248,501,5,,,501,,,,,,,,,
2026-07-13,BED,387,185,175,360,4,,,360,,,,,,,,,
2026-07-14,BED,362,165,180,345,15,,,345,,,,,,,,,
2026-07-15,BED,446,192,203,395,11,,,395,,,,,,,,,
2026-07-16,BED,358,159,164,323,11,,,323,,,,,,,,,
2026-07-17,BED,472,191,201,392,10,,,392,,,,,,,,,
2026-07-18,BED,198,89,99,188,0,,,188,,,,,,,,,
2026-07-19,BED,385,179,170,349,7,,,349,,,,,,,,,
2026-07-20,BED,478,217,221,438,3,,,438,,,,,,,,,
2026-07-21,BED,257,121,118,239,5,,,239,,,,,,,,,
2026-07-22,BED,275,116,123,239,7,,,239,,,,,,,,,
2026-07-23,BED,644,288,287,575,9,,,575,,,,,,,,,
2026-07-24,BED,522,221,232,453,12,,,453,,,,,,,,,
2026-07-25,BED,437,177,185,362,11,,,362,,,,,,,,,
2026-07-26,BED,386,178,181,359,5,,,359,,,,,,,,,
2026-07-27,BED,494,232,237,469,5,,,469,,,,,,,,,
2026-07-28,BED,340,154,152,306,10,,,306,,,,,,,,,
2026-07-29,BED,178,89,81,170,2,,,170,,,,,,,,,
2026-07-30,BED,223,110,118,228,3,,,228,,,,,,,,,
2026-07-31,BED,606,256,265,521,21,,,521,,,,,,,,,
2026-08-01,BED,443,52,62,114,3,,,114,,,,,,,,,
2026-08-02,BED,401,204,193,397,6,,,397,,,,,,,,,
2026-08-03,BED,147,70,77,147,0,,,147,,,,,,,,,
2026-08-04,BED,557,250,256,506,12,,,506,,,,,,,,,
2026-08-05,BED,635,295,299,594,7,,,594,,,,,,,,,
2026-08-06,BED,466,217,219,436,5,,,436,,,,,,,,,
2026-08-07,BED,468,198,207,405,19,,,405,,,,,,,,,
2026-08-08,BED,403,179,196,375,8,,,375,,,,,,,,,
2026-08-09,BED,385,98,71,169,3,,,169,,,,,,,,,
2026-08-10,BED,429,210,196,406,14,,,406,,,,,,,,,
2026-08-11,BED,477,213,216,429,17,,,429,,,,,,,,,
2026-08-12,BED,547,142,155,297,12,,,297,,,,,,,,,
2026-08-13,BED,509,229,248,477,7,,,477,,,,,,,,,
2026-08-14,BED,382,194,198,392,8,,,392,,,,,,,,,
2026-08-15,BED,485,223,223,446,8,,,446,,,,,,,,,
2026-08-16,BED,436,192,193,385,7,,,385,,,,,,,,,
2026-08-17,BED,221,105,104,209,9,,,209,,,,,,,,,
2026-08-18,BED,454,205,217,422,11,,,422,,,,,,,,,
2026-08-19,BED,448,202,197,399,8,,,399,,,,,,,,,
2026-08-20,BED,452,217,230,447,6,,,447,,,,,,,,,
2026-08-21,BED,348,158,166,324,7,,,324,,,,,,,,,
2026-08-22,BED,188,90,88,178,5,,,178,,,,,,,,,
2026-08-23,BED,186,93,102,195,2,,,195,,,,,,,,,
2026-08-24,BED,354,188,182,370,6,,,370,,,,,,,,,
2026-08-25,BED,524,271,272,543,6,,,543,,,,,,,,,
2026-08-26,BED,556,266,281,547,11,,,547,,,,,,,,,
2026-08-27,BED,407,179,199,378,8,,,378,,,,,,,,,
2026-08-28,BED,415,194,197,391,12,,,391,,,,,,,,,
2026-08-29,BED,513,265,259,524,9,,,524,,,,,,,,,
2026-08-30,BED,313,147,171,318,11,,,318,,,,,,,,,
2026-08-31,BED,316,127,137,264,11,,,264,,,,,,,,,
2023-02-16,BVY,337,6,5,11,0,,,,11,,,,,,,,
2023-02-17,BVY,18,1,3,4,0,,,,4,,,,,,,,
2023-02-18,BVY,343,38,49,87,0,,,,87,,,,,,,,
2023-02-19,BVY,371,15,22,37,0,,,,37,,,,,,,,
2023-02-20,BVY,363,19,27,46,1,,,,46,,,,,,,,
2023-02-21,BVY,11,3,1,4,0,,,,4,,,,,,,,
2023-02-22,BVY,212,33,44,77,0,,,,77,,,,,,,,
2023-02-23,BVY,1,0,0,0,0,,,,0,,,,,,,,
2023-02-24,BVY,27,1,4,5,2,,,,5,,,,,,,,
2023-02-25,BVY,206,61,76,137,0,,,,137,,,,,,,,
2023-02-26,BVY,10,5,3,8,0,,,,8,,,,,,,,
2023-02-27,BVY,280,88,70,158,2,,,,158,,,,,,,,
2023-02-28,BVY,1,1,0,1,0,,,,1,,,,,,,,
2023-03-02,BVY,12,3,3,6,2,,,,6,,,,,,,,
2023-03-03,BVY,393,137,114,251,6,,,,251,,,,,,,,
2023-03-04,BVY,3,0,0,0,0,,,,0,,,,,,,,
2023-03-05,BVY,275,92,80,172,0,,,,172,,,,,,,,
2023-03-06,BVY,103,22,22,44,4,,,,44,,,,,,,,
2023-03-07,BVY,210,65,60,125,1,,,,125,,,,,,,,
2023-03-08,BVY,197,46,46,92,1,,,,92,,,,,,,,
2023-03-09,BVY,330,62,43,105,4,,,,105,,,,,,,,
2023-03-10,BVY,364,108,108,216,3,,,,216,,,,,,,,
2023-03-11,BVY,11,6,4,10,0,,,,10,,,,,,,,
2023-03-12,BVY,396,126,100,226,1,,,,226,,,,,,,,
2023-03-13,BVY,241,87,78,165,3,,,,165,,,,,,,,
2023-03-14,BVY,0,0,0,0,0,,,,0,,,,,,,,
2023-03-15,BVY,63,14,27,41,0,,,,41,,,,,,,,
2023-03-16,BVY,343,107,133,240,5,,,,240,,,,,,,,
2023-03-17,BVY,338,132,111,243,3,,,,243,,,,,,,,
2023-03-18,BVY,367,141,160,301,0,,,,301,,,,,,,,
2023-03-19,BVY,34,6,12,18,0,,,,18,,,,,,,,
2023-03-20,BVY,289,82,82,164,3,,,,164,,,,,,,,
2023-03-21,BVY,361,77,125,202,7,,,,202,,,,,,,,
2023-03-22,BVY,369,133,82,215,8,,,,215,,,,,,,,
2023-03-23,BVY,74,20,25,45,2,,,,45,,,,,,,,
2023-03-24,BVY,295,53,101,154,0,,,,154,,,,,,,,
2023-03-25,BVY,159,73,47,120,0,,,,120,,,,,,,,
2023-03-26,BVY,46,7,12,19,0,,,,19,,,,,,,,
2023-03-27,BVY,292,95,110,205,3,,,,205,,,,,,,,
2023-03-28,BVY,95,14,32,46,5,,,,46,,,,,,,,
2023-03-29,BVY,481,181,167,348,4,,,,348,,,,,,,,
2023-03-30,BVY,130,23,30,53,1,,,,53,,,,,,,,
2023-03-31,BVY,347,0,0,0,0,,,,0,,,,,,,,
2023-04-01,BVY,23,6,8,14,0,,,,14,,,,,,,,
2023-04-02,BVY,119,5,16,21,0,,,,21,,,,,,,,
2023-04-03,BVY,261,19,11,30,3,,,,30,,,,,,,,
2023-04-04,BVY,293,120,105,225,2,,,,225,,,,,,,,
2023-04-05,BVY,175,63,50,113,1,,,,113,,,,,,,,
2023-04-06,BVY,86,31,25,56,2,,,,56,,,,,,,,
2023-04-07,BVY,198,21,48,69,2,,,,69,,,,,,,,
2023-04-08,BVY,452,129,174,303,0,,,,303,,,,,,,,
2023-04-09,BVY,327,141,120,261,0,,,,261,,,,,,,,
2023-04-10,BVY,339,68,99,167,2,,,,167,,,,,,,,
2023-04-11,BVY,221,12,48,60,0,,,,60,,,,,,,,
2023-04-12,BVY,165,16,31,47,2,,,,47,,,,,,,,
2023-04-13,BVY,365,111,124,235,6,,,,235,,,,,,,,
2023-04-14,BVY,377,126,107,233,9,,,,233,,,,,,,,
2023-04-15,BVY,286,115,88,203,0,,,,203,,,,,,,,
2023-04-16,BVY,13,7,4,11,0,,,,11,,,,,,,,
2023-04-17,BVY,9,3,3,6,0,,,,6,,,,,,,,
2023-04-18,BVY,235,44,62,106,1,,,,106,,,,,,,,
2023-04-19,BVY,249,41,76,117,3,,,,117,,,,,,,,
2023-04-20,BVY,459,149,171,320,15,,,,320,,,,,,,,
2023-04-21,BVY,391,150,91,241,4,,,,241,,,,,,,,
2023-04-22,BVY,302,120,75,195,1,,,,195,,,,,,,,
2023-04-23,BVY,14,4,6,10,0,,,,10,,,,,,,,
2023-04-24,BVY,146,47,34,81,1,,,,81,,,,,,,,
2023-04-25,BVY,353,143,109,252,8,,,,252,,,,,,,,
2023-04-26,BVY,269,122,83,205,5,,,,205,,,,,,,,
2023-04-28,BVY,444,176,145,321,10,,,,321,,,,,,,,
2023-04-29,BVY,325,147,102,249,0,,,,249,,,,,,,,
2023-04-30,BVY,8,3,3,6,0,,,,6,,,,,,,,
2023-05-01,BVY,63,13,12,25,5,,,,25,,,,,,,,
2023-05-02,BVY,136,53,42,95,3,,,,95,,,,,,,,
2023-05-03,BVY,313,129,94,223,5,,,,223,,,,,,,,
2023-05-04,BVY,75,19,24,43,4,,,,43,,,,,,,,
2023-05-05,BVY,292,102,87,189,2,,,,189,,,,,,,,
2023-05-06,BVY,431,120,172,292,0,,,,292,,,,,,,,
2023-05-07,BVY,303,93,107,200,0,,,,200,,,,,,,,
2023-05-09,BVY,391,143,109,252,11,,,,252,,,,,,,,
2023-05-10,BVY,408,97,133,230,8,,,,230,,,,,,,,
2023-05-11,BVY,321,62,116,178,4,,,,178,,,,,,,,
2023-05-12,BVY,302,56,92,148,3,,,,148,,,,,,,,
2023-05-13,BVY,328,89,122,211,0,,,,211,,,,,,,,
2023-05-14,BVY,271,63,93,156,0,,,,156,,,,,,,,
2023-05-15,BVY,280,41,68,109,3,,,,109,,,,,,,,
2023-05-16,BVY,175,21,51,72,1,,,,72,,,,,,,,
2023-05-17,BVY,139,24,41,65,2,,,,65,,,,,,,,
2023-05-18,BVY,432,155,156,311,4,,,,311,,,,,,,,
2023-05-19,BVY,246,67,52,119,4,,,,119,,,,,,,,
2023-05-20,BVY,63,21,13,34,0,,,,34,,,,,,,,
2023-05-21,BVY,306,81,124,205,0,,,,205,,,,,,,,
2023-05-22,BVY,206,77,45,122,3,,,,122,,,,,,,,
2023-05-24,BVY,371,128,72,200,0,,,,200,,,,,,,,
2023-05-25,BVY,310,73,106,179,2,,,,179,,,,,,,,
2023-05-26,BVY,433,146,129,275,3,,,,275,,,,,,,,
2023-05-27,BVY,334,95,111,206,0,,,,206,,,,,,,,
2023-05-28,BVY,261,45,58,103,0,,,,103,,,,,,,,
2023-05-29,BVY,177,66,35,101,0,,,,101,,,,,,,,
2023-05-30,BVY,386,145,117,262,2,,,,262,,,,,,,,
2023-05-31,BVY,336,108,75,183,3,,,,183,,,,,,,,
2023-06-01,BVY,390,120,117,237,6,,,,237,,,,,,,,
2023-06-02,BVY,319,115,65,180,0,,,,180,,,,,,,,
2023-06-03,BVY,23,8,4,12,0,,,,12,,,,,,,,
2023-06-04,BVY,65,8,31,39,0,,,,39,,,,,,,,
2023-06-05,BVY,83,14,27,41,1,,,,41,,,,,,,,
2023-06-06,BVY,359,78,124,202,5,,,,202,,,,,,,,
2023-06-07,BVY,405,94,155,249,0,,,,249,,,,,,,,
2023-06-08,BVY,333,82,110,192,0,,,,192,,,,,,,,
2023-06-09,BVY,112,68,50,118,1,,,,118,,,,,,,,
2023-06-10,BVY,159,29,21,50,0,,,,50,,,,,,,,
2023-06-11,BVY,341,130,121,251,0,,,,251,,,,,,,,
2023-06-12,BVY,251,111,70,181,1,,,,181,,,,,,,,
2023-06-13,BVY,18,5,1,6,0,,,,6,,,,,,,,
2023-06-14,BVY,310,103,90,193,2,,,,193,,,,,,,,
2023-06-15,BVY,403,86,138,224,0,,,,224,,,,,,,,
2023-06-16,BVY,353,121,97,218,2,,,,218,,,,,,,,
2023-06-17,BVY,28,9,5,14,1,,,,14,,,,,,,,
2023-06-18,BVY,157,48,42,90,0,,,,90,,,,,,,,
2023-06-19,BVY,314,119,78,197,0,,,,197,,,,,,,,
2023-06-20,BVY,417,149,119,268,1,,,,268,,,,,,,,
2023-06-21,BVY,351,160,148,308,2,,,,308,,,,,,,,
2023-06-22,BVY,407,138,129,267,1,,,,267,,,,,,,,
2023-06-23,BVY,214,117,102,219,2,,,,219,,,,,,,,
2023-06-24,BVY,28,13,8,21,0,,,,21,,,,,,,,
2023-06-25,BVY,309,144,122,266,0,,,,266,,,,,,,,
2023-06-26,BVY,66,22,20,42,0,,,,42,,,,,,,,
2023-06-27,BVY,38,13,12,25,0,,,,25,,,,,,,,
2023-06-28,BVY,99,34,30,64,2,,,,64,,,,,,,,
2023-06-29,BVY,432,178,144,322,3,,,,322,,,,,,,,
2023-06-30,BVY,414,177,156,333,3,,,,333,,,,,,,,
2023-07-01,BVY,283,115,102,217,0,,,,217,,,,,,,,
2023-07-02,BVY,6,2,3,5,0,,,,5,,,,,,,,
2023-07-03,BVY,60,23,21,44,0,,,,44,,,,,,,,
2023-07-04,BVY,9,3,5,8,0,,,,8,,,,,,,,
2023-07-05,BVY,404,144,128,272,1,,,,272,,,,,,,,
2023-07-06,BVY,382,146,119,265,3,,,,265,,,,,,,,
2023-07-07,BVY,348,144,104,248,3,,,,248,,,,,,,,
2023-07-08,BVY,208,89,74,163,0,,,,163,,,,,,,,
2023-07-09,BVY,86,25,16,41,0,,,,41,,,,,,,,
2023-07-10,BVY,11,3,4,7,0,,,,7,,,,,,,,
2023-07-11,BVY,323,116,125,241,1,,,,241,,,,,,,,
2023-07-12,BVY,428,182,159,341,1,,,,341,,,,,,,,
2023-07-13,BVY,295,112,97,209,1,,,,209,,,,,,,,
2023-07-14,BVY,275,107,97,204,0,,,,204,,,,,,,,
2023-07-15,BVY,268,94,69,163,0,,,,163,,,,,,,,
2023-07-16,BVY,16,7,7,14,0,,,,14,,,,,,,,
2023-07-17,BVY,285,92,67,159,1,,,,159,,,,,,,,
2023-07-18,BVY,260,94,84,178,3,,,,178,,,,,,,,
2023-07-19,BVY,324,115,81,196,6,,,,196,,,,,,,,
2023-07-20,BVY,508,197,177,374,6,,,,374,,,,,,,,
2023-07-21,BVY,199,85,73,158,1,,,,158,,,,,,,,
2023-07-22,BVY,263,89,90,179,0,,,,179,,,,,,,,
2023-07-23,BVY,490,148,154,302,0,,,,302,,,,,,,,
2023-07-24,BVY,333,125,111,236,6,,,,236,,,,,,,,
2023-07-25,BVY,245,106,98,204,1,,,,204,,,,,,,,
2023-07-26,BVY,428,150,132,282,2,,,,282,,,,,,,,
2023-07-27,BVY,114,41,32,73,0,,,,73,,,,,,,,
2023-07-28,BVY,412,141,137,278,2,,,,278,,,,,,,,
2023-07-29,BVY,92,78,76,154,0,,,,154,,,,,,,,
2023-07-30,BVY,451,136,161,297,2,,,,297,,,,,,,,
2023-07-31,BVY,393,140,104,244,4,,,,244,,,,,,,,
2023-08-01,BVY,296,81,112,193,4,,,,193,,,,,,,,
2023-08-02,BVY,470,158,169,327,3,,,,327,,,,,,,,
2023-08-03,BVY,382,148,138,286,2,,,,286,,,,,,,,
2023-08-04,BVY,133,42,40,82,2,,,,82,,,,,,,,
2023-08-05,BVY,453,186,180,366,0,,,,366,,,,,,,,
2023-08-06,BVY,416,179,149,328,0,,,,328,,,,,,,,
2023-08-07,BVY,231,84,76,160,4,,,,160,,,,,,,,
2023-08-08,BVY,30,9,6,15,0,,,,15,,,,,,,,
2023-08-09,BVY,214,47,77,124,1,,,,124,,,,,,,,
2023-08-10,BVY,306,127,95,222,3,,,,222,,,,,,,,
2023-08-11,BVY,255,83,66,149,1,,,,149,,,,,,,,
2023-08-12,BVY,311,130,127,257,0,,,,257,,,,,,,,
2023-08-13,BVY,170,56,46,102,3,,,,102,,,,,,,,
2023-08-14,BVY,337,133,91,224,2,,,,224,,,,,,,,
2023-08-15,BVY,22,9,7,16,0,,,,16,,,,,,,,
2023-08-16,BVY,63,21,19,40,0,,,,40,,,,,,,,
2023-08-17,BVY,64,15,22,37,0,,,,37,,,,,,,,
2023-08-18,BVY,44,9,9,18,1,,,,18,,,,,,,,
2023-08-19,BVY,318,139,88,227,1,,,,227,,,,,,,,
2023-08-20,BVY,404,143,95,238,0,,,,238,,,,,,,,
2023-08-21,BVY,425,130,133,263,2,,,,263,,,,,,,,
2023-08-22,BVY,389,93,122,215,2,,,,215,,,,,,,,
2023-08-23,BVY,427,167,161,328,4,,,,328,,,,,,,,
2023-08-24,BVY,375,141,133,274,3,,,,274,,,,,,,,
2023-08-25,BVY,23,9,7,16,0,,,,16,,,,,,,,
2023-08-26,BVY,463,98,123,221,6,,,,221,,,,,,,,
2023-08-27,BVY,341,80,77,157,1,,,,157,,,,,,,,
2023-08-28,BVY,336,90,85,175,1,,,,175,,,,,,,,
2023-08-29,BVY,87,26,24,50,1,,,,50,,,,,,,,
2023-08-30,BVY,114,80,67,147,3,,,,147,,,,,,,,
2023-08-31,BVY,414,119,151,270,3,,,,270,,,,,,,,
2023-09-01,BVY,382,134,141,275,8,,,,275,,,,,,,,
2023-09-02,BVY,343,129,102,231,0,,,,231,,,,,,,,
2023-09-03,BVY,207,85,63,148,0,,,,148,,,,,,,,
2023-09-04,BVY,215,82,80,162,0,,,,162,,,,,,,,
2023-09-05,BVY,429,120,130,250,1,,,,250,,,,,,,,
2023-09-06,BVY,340,104,100,204,3,,,,204,,,,,,,,
2023-09-07,BVY,230,84,68,152,6,,,,152,,,,,,,,
2023-09-08,BVY,216,74,64,138,0,,,,138,,,,,,,,
2023-09-09,BVY,189,66,58,124,0,,,,124,,,,,,,,
2023-09-10,BVY,17,5,6,11,0,,,,11,,,,,,,,
2023-09-11,BVY,29,11,4,15,0,,,,15,,,,,,,,
2023-09-12,BVY,45,12,11,23,0,,,,23,,,,,,,,
2023-09-13,BVY,154,52,34,86,0,,,,86,,,,,,,,
2023-09-14,BVY,347,59,110,169,6,,,,169,,,,,,,,
2023-09-15,BVY,295,37,69,106,5,,,,106,,,,,,,,
2023-09-16,BVY,2,1,1,2,0,,,,2,,,,,,,,
2023-09-17,BVY,370,115,126,241,1,,,,241,,,,,,,,
2023-09-18,BVY,12,6,1,7,0,,,,7,,,,,,,,
2023-09-19,BVY,356,62,83,145,4,,,,145,,,,,,,,
2023-09-20,BVY,381,96,148,244,2,,,,244,,,,,,,,
2023-09-21,BVY,364,130,108,238,2,,,,238,,,,,,,,
2023-09-22,BVY,437,167,124,291,3,,,,291,,,,,,,,
2023-09-23,BVY,227,69,52,121,1,,,,121,,,,,,,,
2023-09-24,BVY,26,12,6,18,0,,,,18,,,,,,,,
2023-09-25,BVY,26,10,8,18,0,,,,18,,,,,,,,
2023-09-26,BVY,299,100,82,182,2,,,,182,,,,,,,,
2023-09-27,BVY,431,135,133,268,1,,,,268,,,,,,,,
2023-09-28,BVY,343,130,94,224,7,,,,224,,,,,,,,
2023-09-29,BVY,170,52,66,118,0,,,,118,,,,,,,,
2023-09-30,BVY,240,63,100,163,0,,,,163,,,,,,,,
2023-10-01,BVY,350,125,121,246,0,,,,246,,,,,,,,
2023-10-02,BVY,395,131,122,253,4,,,,253,,,,,,,,
2023-10-03,BVY,334,95,83,178,9,,,,178,,,,,,,,
2023-10-04,BVY,354,142,102,244,3,,,,244,,,,,,,,
2023-10-05,BVY,304,117,92,209,3,,,,209,,,,,,,,
2023-10-06,BVY,29,14,14,28,0,,,,28,,,,,,,,
2023-10-07,BVY,23,13,10,23,0,,,,23,,,,,,,,
2023-10-08,BVY,262,93,102,195,0,,,,195,,,,,,,,
2023-10-09,BVY,291,112,117,229,7,,,,229,,,,,,,,
2023-10-10,BVY,303,99,90,189,7,,,,189,,,,,,,,
2023-10-11,BVY,406,137,126,263,11,,,,263,,,,,,,,
2023-10-12,BVY,372,130,124,254,13,,,,254,,,,,,,,
2023-10-13,BVY,196,71,76,147,10,,,,147,,,,,,,,
2023-10-14,BVY,281,108,120,228,0,,,,228,,,,,,,,
2023-10-15,BVY,312,115,125,240,0,,,,240,,,,,,,,
2023-10-16,BVY,290,90,108,198,4,,,,198,,,,,,,,
2023-10-17,BVY,263,64,69,133,1,,,,133,,,,,,,,
2023-10-18,BVY,299,104,86,190,6,,,,190,,,,,,,,
2023-10-19,BVY,338,132,117,249,8,,,,249,,,,,,,,
2023-10-20,BVY,64,26,16,42,1,,,,42,,,,,,,,
2023-10-21,BVY,14,6,4,10,0,,,,10,,,,,,,,
2023-10-22,BVY,148,39,41,80,0,,,,80,,,,,,,,
2023-10-23,BVY,309,113,124,237,6,,,,237,,,,,,,,
2023-10-24,BVY,411,138,139,277,5,,,,277,,,,,,,,
2023-10-25,BVY,401,138,141,279,9,,,,279,,,,,,,,
2023-10-26,BVY,423,131,144,275,3,,,,275,,,,,,,,
2023-10-27,BVY,365,126,140,266,8,,,,266,,,,,,,,
2023-10-28,BVY,344,107,117,224,2,,,,224,,,,,,,,
2023-10-29,BVY,209,78,81,159,0,,,,159,,,,,,,,
2023-10-30,BVY,10,2,4,6,0,,,,6,,,,,,,,
2023-10-31,BVY,438,113,138,251,8,,,,251,,,,,,,,
2023-11-01,BVY,220,84,94,178,2,,,,178,,,,,,,,
2023-11-02,BVY,356,124,140,264,9,,,,264,,,,,,,,
2023-11-03,BVY,284,94,102,196,9,,,,196,,,,,,,,
2023-11-04,BVY,293,108,120,228,2,,,,228,,,,,,,,
2023-11-05,BVY,335,124,151,275,1,,,,275,,,,,,,,
2023-11-06,BVY,315,139,113,252,8,,,,252,,,,,,,,
2023-11-07,BVY,228,46,72,118,0,,,,118,,,,,,,,
2023-11-08,BVY,180,30,60,90,3,,,,90,,,,,,,,
2023-11-09,BVY,53,20,22,42,0,,,,42,,,,,,,,
2023-11-10,BVY,303,62,79,141,3,,,,141,,,,,,,,
2023-11-11,BVY,346,111,130,241,0,,,,241,,,,,,,,
2023-11-12,BVY,265,102,116,218,0,,,,218,,,,,,,,
2023-11-13,BVY,350,143,146,289,9,,,,289,,,,,,,,
2023-11-14,BVY,359,129,150,279,3,,,,279,,,,,,,,
2023-11-15,BVY,423,142,136,278,12,,,,278,,,,,,,,
2023-11-16,BVY,333,130,142,272,10,,,,272,,,,,,,,
2023-11-17,BVY,123,28,25,53,8,,,,53,,,,,,,,
2023-11-18,BVY,84,28,34,62,0,,,,62,,,,,,,,
2023-11-19,BVY,317,106,109,215,0,,,,215,,,,,,,,
2023-11-20,BVY,287,96,110,206,5,,,,206,,,,,,,,
2023-11-21,BVY,512,202,185,387,7,,,,387,,,,,,,,
2023-11-22,BVY,14,5,6,11,0,,,,11,,,,,,,,
2023-11-23,BVY,20,3,4,7,0,,,,7,,,,,,,,
2023-11-24,BVY,284,55,83,138,3,,,,138,,,,,,,,
2023-11-25,BVY,356,126,131,257,0,,,,257,,,,,,,,
2023-11-26,BVY,400,168,165,333,1,,,,333,,,,,,,,
2023-11-27,BVY,180,55,61,116,5,,,,116,,,,,,,,
2023-11-28,BVY,106,38,35,73,7,,,,73,,,,,,,,
2023-11-29,BVY,251,98,99,197,13,,,,197,,,,,,,,
2023-11-30,BVY,325,124,123,247,9,,,,247,,,,,,,,
2023-12-01,BVY,329,125,124,249,11,,,,249,,,,,,,,
2023-12-02,BVY,52,22,25,47,0,,,,47,,,,,,,,
2023-12-03,BVY,11,5,5,10,0,,,,10,,,,,,,,
2023-12-04,BVY,115,33,35,68,5,,,,68,,,,,,,,
2023-12-05,BVY,96,44,44,88,1,,,,88,,,,,,,,
2023-12-06,BVY,220,76,81,157,11,,,,157,,,,,,,,
2023-12-07,BVY,340,148,153,301,7,,,,301,,,,,,,,
2023-12-08,BVY,323,155,153,308,8,,,,308,,,,,,,,
2023-12-09,BVY,299,120,105,225,0,,,,225,,,,,,,,
2023-12-10,BVY,25,6,9,15,0,,,,15,,,,,,,,
2023-12-11,BVY,41,6,14,20,8,,,,20,,,,,,,,
2023-12-12,BVY,370,142,138,280,13,,,,280,,,,,,,,
2023-12-13,BVY,275,89,93,182,6,,,,182,,,,,,,,
2023-12-14,BVY,340,145,154,299,6,,,,299,,,,,,,,
2023-12-15,BVY,397,164,169,333,13,,,,333,,,,,,,,
2023-12-16,BVY,471,212,203,415,2,,,,415,,,,,,,,
2023-12-17,BVY,46,22,22,44,0,,,,44,,,,,,,,
2023-12-18,BVY,1,1,0,1,0,,,,1,,,,,,,,
2023-12-19,BVY,320,106,123,229,5,,,,229,,,,,,,,
2023-12-20,BVY,354,140,152,292,9,,,,292,,,,,,,,
2023-12-21,BVY,169,56,70,126,4,,,,126,,,,,,,,
2023-12-22,BVY,263,92,97,189,13,,,,189,,,,,,,,
2023-12-23,BVY,242,104,105,209,0,,,,209,,,,,,,,
2023-12-24,BVY,62,25,25,50,0,,,,50,,,,,,,,
2023-12-25,BVY,28,12,12,24,0,,,,24,,,,,,,,
2023-12-26,BVY,43,15,22,37,2,,,,37,,,,,,,,
2023-12-27,BVY,99,33,33,66,5,,,,66,,,,,,,,
2023-12-28,BVY,14,6,5,11,0,,,,11,,,,,,,,
2023-12-29,BVY,12,7,4,11,0,,,,11,,,,,,,,
2023-12-30,BVY,58,20,24,44,0,,,,44,,,,,,,,
2023-12-31,BVY,261,104,110,214,1,,,,214,,,,,,,,
2024-01-01,BVY,208,60,77,137,0,,,,137,,,,,,,,
2024-01-02,BVY,353,117,130,247,6,,,,247,,,,,,,,
2024-01-03,BVY,275,101,112,213,11,,,,213,,,,,,,,
2024-01-04,BVY,270,112,116,228,9,,,,228,,,,,,,,
2024-01-05,BVY,189,67,67,134,15,,,,134,,,,,,,,
2024-01-06,BVY,295,144,130,274,1,,,,274,,,,,,,,
2024-01-07,BVY,0,0,0,0,0,,,,0,,,,,,,,
2024-01-08,BVY,71,21,23,44,8,,,,44,,,,,,,,
2024-01-09,BVY,356,136,138,274,7,,,,274,,,,,,,,
2024-01-10,BVY,37,14,12,26,9,,,,26,,,,,,,,
2024-01-11,BVY,318,144,147,291,6,,,,291,,,,,,,,
2024-01-12,BVY,372,153,158,311,17,,,,311,,,,,,,,
2024-01-13,BVY,8,1,3,4,0,,,,4,,,,,,,,
2024-01-14,BVY,53,17,18,35,2,,,,35,,,,,,,,
2024-01-15,BVY,315,115,116,231,11,,,,231,,,,,,,,
2024-01-16,BVY,3,0,2,2,0,,,,2,,,,,,,,
2024-01-17,BVY,66,20,18,38,5,,,,38,,,,,,,,
2024-01-18,BVY,308,134,137,271,7,,,,271,,,,,,,,
2024-01-19,BVY,320,122,119,241,10,,,,241,,,,,,,,
2024-01-20,BVY,263,93,95,188,0,,,,188,,,,,,,,
2024-01-21,BVY,259,90,88,178,1,,,,178,,,,,,,,
2024-01-22,BVY,318,111,107,218,8,,,,218,,,,,,,,
2024-01-23,BVY,290,120,115,235,3,,,,235,,,,,,,,
2024-01-24,BVY,7,3,3,6,0,,,,6,,,,,,,,
2024-01-25,BVY,158,54,52,106,11,,,,106,,,,,,,,
2024-01-26,BVY,10,4,6,10,0,,,,10,,,,,,,,
2024-01-27,BVY,41,17,19,36,0,,,,36,,,,,,,,
2024-01-28,BVY,0,0,0,0,0,,,,0,,,,,,,,
2024-01-29,BVY,16,3,4,7,3,,,,7,,,,,,,,
2024-01-30,BVY,161,59,57,116,9,,,,116,,,,,,,,
2024-01-31,BVY,429,187,190,377,6,,,,377,,,,,,,,
2024-02-01,BVY,307,119,121,240,11,,,,240,,,,,,,,
2024-02-02,BVY,261,102,109,211,5,,,,211,,,,,,,,
2024-02-03,BVY,305,132,134,266,0,,,,266,,,,,,,,
2024-02-04,BVY,337,120,129,249,0,,,,249,,,,,,,,
2024-02-05,BVY,215,59,64,123,10,,,,123,,,,,,,,
2024-02-06,BVY,324,115,103,218,11,,,,218,,,,,,,,
2024-02-07,BVY,320,113,116,229,7,,,,229,,,,,,,,
2024-02-08,BVY,402,146,138,284,12,,,,284,,,,,,,,
2024-02-09,BVY,308,131,119,250,6,,,,250,,,,,,,,
2024-02-10,BVY,378,136,143,279,0,,,,279,,,,,,,,
2024-02-11,BVY,248,45,67,112,0,,,,112,,,,,,,,
2024-02-12,BVY,217,58,66,124,6,,,,124,,,,,,,,
2024-02-13,BVY,3,0,1,1,2,,,,1,,,,,,,,
2024-02-14,BVY,23,5,4,9,8,,,,9,,,,,,,,
2024-02-15,BVY,278,90,99,189,8,,,,189,,,,,,,,
2024-02-16,BVY,12,4,3,7,3,,,,7,,,,,,,,
2024-02-17,BVY,293,119,143,262,0,,,,262,,,,,,,,
2024-02-18,BVY,154,65,66,131,3,,,,131,,,,,,,,
2024-02-19,BVY,358,125,128,253,11,,,,253,,,,,,,,
2024-02-20,BVY,332,141,139,280,8,,,,280,,,,,,,,
2024-02-21,BVY,278,121,123,244,10,,,,244,,,,,,,,
2024-02-22,BVY,312,120,117,237,8,,,,237,,,,,,,,
2024-02-23,BVY,3,2,0,2,0,,,,2,,,,,,,,
2024-02-24,BVY,208,76,73,149,0,,,,149,,,,,,,,
2024-02-25,BVY,396,172,182,354,0,,,,354,,,,,,,,
2024-02-26,BVY,214,68,73,141,12,,,,141,,,,,,,,
2024-02-27,BVY,250,102,101,203,3,,,,203,,,,,,,,
2024-02-28,BVY,7,2,3,5,1,,,,5,,,,,,,,
2024-02-29,BVY,26,5,5,10,5,,,,10,,,,,,,,
2024-03-01,BVY,301,108,123,231,5,,,,231,,,,,,,,
2024-03-02,BVY,239,106,97,203,0,,,,203,,,,,,,,
2024-03-03,BVY,62,27,25,52,0,,,,52,,,,,,,,
2024-03-04,BVY,82,30,28,58,2,,,,58,,,,,,,,
2024-03-05,BVY,3,1,1,2,0,,,,2,,,,,,,,
2024-03-06,BVY,103,45,41,86,2,,,,86,,,,,,,,
2024-03-07,BVY,10,4,4,8,2,,,,8,,,,,,,,
2024-03-08,BVY,359,145,140,285,13,,,,285,,,,,,,,
2024-03-09,BVY,225,102,100,202,0,,,,202,,,,,,,,
2024-03-10,BVY,73,24,26,50,0,,,,50,,,,,,,,
2024-03-11,BVY,20,7,6,13,1,,,,13,,,,,,,,
2024-03-12,BVY,131,47,54,101,0,,,,101,,,,,,,,
2024-03-13,BVY,395,177,173,350,11,,,,350,,,,,,,,
2024-03-14,BVY,441,188,182,370,16,,,,370,,,,,,,,
2024-03-15,BVY,5,2,3,5,0,,,,5,,,,,,,,
2024-03-16,BVY,420,145,145,290,0,,,,290,,,,,,,,
2024-03-17,BVY,73,41,43,84,0,,,,84,,,,,,,,
2024-03-18,BVY,165,27,48,75,1,,,,75,,,,,,,,
2024-03-19,BVY,215,72,85,157,9,,,,157,,,,,,,,
2024-03-20,BVY,303,94,109,203,7,,,,203,,,,,,,,
2024-03-21,BVY,37,7,13,20,3,,,,20,,,,,,,,
2024-03-22,BVY,443,33,33,66,1,,,,66,,,,,,,,
2024-03-23,BVY,5,1,3,4,0,,,,4,,,,,,,,
2024-03-24,BVY,349,99,126,225,1,,,,225,,,,,,,,
2024-03-25,BVY,95,31,26,57,6,,,,57,,,,,,,,
2024-03-26,BVY,6,1,3,4,0,,,,4,,,,,,,,
2024-03-27,BVY,93,42,38,80,4,,,,80,,,,,,,,
2024-03-28,BVY,6,2,3,5,0,,,,5,,,,,,,,
2024-03-29,BVY,46,15,17,32,3,,,,32,,,,,,,,
2024-03-30,BVY,87,30,29,59,0,,,,59,,,,,,,,
2024-03-31,BVY,302,110,111,221,0,,,,221,,,,,,,,
2024-04-01,BVY,382,174,160,334,7,,,,334,,,,,,,,
2024-04-02,BVY,399,155,143,298,11,,,,298,,,,,,,,
2024-04-03,BVY,109,28,29,57,1,,,,57,,,,,,,,
2024-04-04,BVY,2,2,0,2,0,,,,2,,,,,,,,
2024-04-05,BVY,183,77,84,161,6,,,,161,,,,,,,,
2024-04-06,BVY,77,29,29,58,0,,,,58,,,,,,,,
2024-04-07,BVY,365,151,160,311,0,,,,311,,,,,,,,
2024-04-08,BVY,299,97,104,201,12,,,,201,,,,,,,,
2024-04-09,BVY,497,194,178,372,12,,,,372,,,,,,,,
2024-04-10,BVY,320,157,142,299,6,,,,299,,,,,,,,
2024-04-11,BVY,7,5,6,11,0,,,,11,,,,,,,,
2024-04-12,BVY,4,1,1,2,2,,,,2,,,,,,,,
2024-04-13,BVY,285,89,103,192,0,,,,192,,,,,,,,
2024-04-14,BVY,257,111,115,226,0,,,,226,,,,,,,,
2024-04-15,BVY,207,81,89,170,6,,,,170,,,,,,,,
2024-04-16,BVY,350,134,136,270,15,,,,270,,,,,,,,
2024-04-17,BVY,462,145,145,290,16,,,,290,,,,,,,,
2024-04-18,BVY,254,108,101,209,3,,,,209,,,,,,,,
2024-04-19,BVY,441,131,104,235,9,,,,235,,,,,,,,
2024-04-20,BVY,116,39,37,76,0,,,,76,,,,,,,,
2024-04-21,BVY,369,135,134,269,1,,,,269,,,,,,,,
2024-04-22,BVY,271,77,94,171,14,,,,171,,,,,,,,
2024-04-23,BVY,264,112,106,218,10,,,,218,,,,,,,,
2024-04-24,BVY,332,132,133,265,8,,,,265,,,,,,,,
2024-04-25,BVY,452,166,177,343,14,,,,343,,,,,,,,
2024-04-26,BVY,475,187,181,368,15,,,,368,,,,,,,,
2024-04-27,BVY,490,229,211,440,6,,,,440,,,,,,,,
2024-04-28,BVY,504,196,190,386,2,,,,386,,,,,,,,
2024-04-29,BVY,315,138,130,268,11,,,,268,,,,,,,,
2024-04-30,BVY,310,131,127,258,11,,,,258,,,,,,,,
2024-05-01,BVY,30,7,10,17,5,,,,17,,,,,,,,
2024-05-02,BVY,253,109,112,221,11,,,,221,,,,,,,,
2024-05-03,BVY,283,123,113,236,16,,,,236,,,,,,,,
2024-05-04,BVY,359,172,163,335,0,,,,335,,,,,,,,
2024-05-05,BVY,47,18,15,33,0,,,,33,,,,,,,,
2024-05-06,BVY,254,88,78,166,7,,,,166,,,,,,,,
2024-05-07,BVY,464,144,119,263,5,,,,263,,,,,,,,
2024-05-08,BVY,28,9,7,16,1,,,,16,,,,,,,,
2024-05-09,BVY,357,119,118,237,5,,,,237,,,,,,,,
2024-05-10,BVY,343,105,82,187,4,,,,187,,,,,,,,
2024-05-11,BVY,353,157,121,278,0,,,,278,,,,,,,,
2024-05-12,BVY,298,109,85,194,0,,,,194,,,,,,,,
2024-05-13,BVY,303,110,88,198,5,,,,198,,,,,,,,
2024-05-14,BVY,417,128,96,224,3,,,,224,,,,,,,,
2024-05-15,BVY,429,133,142,275,7,,,,275,,,,,,,,
2024-05-16,BVY,190,41,39,80,2,,,,80,,,,,,,,
2024-05-17,BVY,422,139,86,225,6,,,,225,,,,,,,,
2024-05-18,BVY,41,15,14,29,0,,,,29,,,,,,,,
2024-05-19,BVY,34,7,14,21,0,,,,21,,,,,,,,
2024-05-20,BVY,242,83,55,138,1,,,,138,,,,,,,,
2024-05-21,BVY,102,26,25,51,0,,,,51,,,,,,,,
2024-05-22,BVY,469,114,119,233,4,,,,233,,,,,,,,
2024-05-23,BVY,282,84,86,170,1,,,,170,,,,,,,,
2024-05-24,BVY,320,59,80,139,6,,,,139,,,,,,,,
2024-05-25,BVY,425,152,142,294,0,,,,294,,,,,,,,
2024-05-26,BVY,339,131,94,225,0,,,,225,,,,,,,,
2024-05-27,BVY,7,3,1,4,0,,,,4,,,,,,,,
2024-05-28,BVY,260,48,90,138,2,,,,138,,,,,,,,
2024-05-29,BVY,19,1,0,1,2,,,,1,,,,,,,,
2024-05-30,BVY,172,46,50,96,0,,,,96,,,,,,,,
2024-05-31,BVY,463,96,181,277,1,,,,277,,,,,,,,
2024-06-01,BVY,409,95,154,249,1,,,,249,,,,,,,,
2024-06-02,BVY,294,93,88,181,0,,,,181,,,,,,,,
2024-06-03,BVY,349,80,92,172,5,,,,172,,,,,,,,
2024-06-04,BVY,415,146,108,254,3,,,,254,,,,,,,,
2024-06-05,BVY,355,58,86,144,7,,,,144,,,,,,,,
2024-06-06,BVY,23,10,3,13,0,,,,13,,,,,,,,
2024-06-07,BVY,278,86,74,160,4,,,,160,,,,,,,,
2024-06-08,BVY,219,33,51,84,0,,,,84,,,,,,,,
2024-06-09,BVY,115,24,39,63,0,,,,63,,,,,,,,
2024-06-10,BVY,355,54,93,147,8,,,,147,,,,,,,,
2024-06-11,BVY,445,169,162,331,9,,,,331,,,,,,,,
2024-06-12,BVY,452,103,75,178,2,,,,178,,,,,,,,
2024-06-13,BVY,436,84,73,157,4,,,,157,,,,,,,,
2024-06-14,BVY,129,22,22,44,1,,,,44,,,,,,,,
2024-06-15,BVY,315,60,42,102,1,,,,102,,,,,,,,
2024-06-16,BVY,432,118,81,199,1,,,,199,,,,,,,,
2024-06-17,BVY,364,78,61,139,1,,,,139,,,,,,,,
2024-06-18,BVY,345,112,104,216,4,,,,216,,,,,,,,
2024-06-19,BVY,342,64,94,158,3,,,,158,,,,,,,,
2024-06-20,BVY,261,34,61,95,1,,,,95,,,,,,,,
2024-06-21,BVY,175,63,44,107,4,,,,107,,,,,,,,
2024-06-22,BVY,28,5,6,11,0,,,,11,,,,,,,,
2024-06-23,BVY,47,12,8,20,0,,,,20,,,,,,,,
2024-06-24,BVY,365,63,86,149,1,,,,149,,,,,,,,
2024-06-25,BVY,465,121,194,315,3,,,,315,,,,,,,,
2024-06-26,BVY,291,72,93,165,2,,,,165,,,,,,,,
2024-06-27,BVY,358,87,110,197,7,,,,197,,,,,,,,
2024-06-28,BVY,345,130,127,257,6,,,,257,,,,,,,,
2024-06-29,BVY,336,124,107,231,1,,,,231,,,,,,,,
2024-06-30,BVY,119,21,35,56,0,,,,56,,,,,,,,
2024-07-01,BVY,236,60,79,139,2,,,,139,,,,,,,,
2024-07-02,BVY,476,156,132,288,6,,,,288,,,,,,,,
2024-07-03,BVY,506,188,146,334,4,,,,334,,,,,,,,
2024-07-04,BVY,163,34,43,77,0,,,,77,,,,,,,,
2024-07-05,BVY,61,22,10,32,1,,,,32,,,,,,,,
2024-07-06,BVY,24,11,3,14,0,,,,14,,,,,,,,
2024-07-07,BVY,404,133,158,291,0,,,,291,,,,,,,,
2024-07-08,BVY,393,120,108,228,5,,,,228,,,,,,,,
2024-07-09,BVY,325,85,109,194,2,,,,194,,,,,,,,
2024-07-10,BVY,226,81,61,142,3,,,,142,,,,,,,,
2024-07-11,BVY,64,17,11,28,2,,,,28,,,,,,,,
2024-07-12,BVY,292,53,68,121,3,,,,121,,,,,,,,
2024-07-13,BVY,130,25,19,44,1,,,,44,,,,,,,,
2024-07-14,BVY,439,154,119,273,0,,,,273,,,,,,,,
2024-07-15,BVY,208,44,49,93,2,,,,93,,,,,,,,
2024-07-16,BVY,234,51,60,111,0,,,,111,,,,,,,,
2024-07-17,BVY,367,138,117,255,4,,,,255,,,,,,,,
2024-07-18,BVY,377,55,52,107,3,,,,107,,,,,,,,
2024-07-19,BVY,492,83,77,160,4,,,,160,,,,,,,,
2024-07-20,BVY,392,84,76,160,0,,,,160,,,,,,,,
2024-07-21,BVY,495,92,72,164,0,,,,164,,,,,,,,
2024-07-22,BVY,395,69,69,138,1,,,,138,,,,,,,,
2024-07-23,BVY,278,86,68,154,0,,,,154,,,,,,,,
2024-07-24,BVY,39,16,5,21,1,,,,21,,,,,,,,
2024-07-25,BVY,165,41,36,77,2,,,,77,,,,,,,,
2024-07-26,BVY,474,101,164,265,4,,,,265,,,,,,,,
2024-07-27,BVY,443,149,130,279,1,,,,279,,,,,,,,
2024-07-28,BVY,423,173,120,293,1,,,,293,,,,,,,,
2024-07-29,BVY,77,30,18,48,0,,,,48,,,,,,,,
2024-07-30,BVY,376,135,93,228,5,,,,228,,,,,,,,
2024-07-31,BVY,203,69,51,120,1,,,,120,,,,,,,,
2024-08-01,BVY,492,90,125,215,2,,,,215,,,,,,,,
2024-08-02,BVY,401,139,99,238,4,,,,238,,,,,,,,
2024-08-03,BVY,310,72,102,174,0,,,,174,,,,,,,,
2024-08-04,BVY,235,43,50,93,0,,,,93,,,,,,,,
2024-08-05,BVY,467,138,157,295,0,,,,295,,,,,,,,
2024-08-06,BVY,70,25,16,41,1,,,,41,,,,,,,,
2024-08-07,BVY,262,109,85,194,2,,,,194,,,,,,,,
2024-08-08,BVY,477,149,117,266,1,,,,266,,,,,,,,
2024-08-09,BVY,27,8,2,10,2,,,,10,,,,,,,,
2024-08-10,BVY,250,47,74,121,0,,,,121,,,,,,,,
2024-08-11,BVY,328,64,96,160,0,,,,160,,,,,,,,
2024-08-12,BVY,307,69,93,162,5,,,,162,,,,,,,,
2024-08-13,BVY,394,95,152,247,2,,,,247,,,,,,,,
2024-08-14,BVY,442,178,182,360,2,,,,360,,,,,,,,
2024-08-15,BVY,243,117,81,198,2,,,,198,,,,,,,,
2024-08-16,BVY,238,99,76,175,0,,,,175,,,,,,,,
2024-08-17,BVY,292,119,99,218,0,,,,218,,,,,,,,
2024-08-18,BVY,96,32,31,63,0,,,,63,,,,,,,,
2024-08-19,BVY,26,9,4,13,0,,,,13,,,,,,,,
2024-08-20,BVY,424,84,151,235,1,,,,235,,,,,,,,
2024-08-21,BVY,327,86,118,204,0,,,,204,,,,,,,,
2024-08-22,BVY,428,78,125,203,3,,,,203,,,,,,,,
2024-08-23,BVY,485,81,147,228,2,,,,228,,,,,,,,
2024-08-24,BVY,394,93,129,222,0,,,,222,,,,,,,,
2024-08-25,BVY,393,100,100,200,0,,,,200,,,,,,,,
2024-08-26,BVY,334,66,84,150,1,,,,150,,,,,,,,
2024-08-27,BVY,299,73,62,135,0,,,,135,,,,,,,,
2024-08-28,BVY,269,61,89,150,2,,,,150,,,,,,,,
2024-08-29,BVY,414,166,105,271,1,,,,271,,,,,,,,
2024-08-30,BVY,327,129,75,204,0,,,,204,,,,,,,,
2024-08-31,BVY,270,114,72,186,0,,,,186,,,,,,,,
2024-09-01,BVY,189,35,45,80,0,,,,80,,,,,,,,
2024-09-02,BVY,288,54,117,171,0,,,,171,,,,,,,,
2024-09-03,BVY,280,43,101,144,2,,,,144,,,,,,,,
2024-09-04,BVY,361,160,125,285,2,,,,285,,,,,,,,
2024-09-05,BVY,374,148,107,255,3,,,,255,,,,,,,,
2024-09-06,BVY,61,12,14,26,2,,,,26,,,,,,,,
2024-09-07,BVY,361,103,121,224,2,,,,224,,,,,,,,
2024-09-08,BVY,287,46,75,121,1,,,,121,,,,,,,,
2024-09-09,BVY,336,52,89,141,0,,,,141,,,,,,,,
2024-09-10,BVY,390,85,137,222,3,,,,222,,,,,,,,
2024-09-11,BVY,484,203,157,360,5,,,,360,,,,,,,,
2024-09-12,BVY,388,174,149,323,3,,,,323,,,,,,,,
2024-09-13,BVY,329,104,87,191,2,,,,191,,,,,,,,
2024-09-14,BVY,198,56,67,123,2,,,,123,,,,,,,,
2024-09-15,BVY,299,88,78,166,1,,,,166,,,,,,,,
2024-09-16,BVY,367,19,13,32,2,,,,32,,,,,,,,
2024-09-17,BVY,387,163,142,305,1,,,,305,,,,,,,,
2024-09-18,BVY,391,136,109,245,0,,,,245,,,,,,,,
2024-09-19,BVY,43,8,19,27,1,,,,27,,,,,,,,
2024-09-21,BVY,21,2,6,8,0,,,,8,,,,,,,,
2024-09-22,BVY,209,61,41,102,0,,,,102,,,,,,,,
2024-09-23,BVY,321,92,74,166,2,,,,166,,,,,,,,
2024-09-24,BVY,382,131,90,221,1,,,,221,,,,,,,,
2024-09-25,BVY,317,140,105,245,3,,,,245,,,,,,,,
2024-09-26,BVY,25,9,3,12,0,,,,12,,,,,,,,
2024-09-27,BVY,389,119,164,283,4,,,,283,,,,,,,,
2024-09-28,BVY,390,150,98,248,1,,,,248,,,,,,,,
2024-09-29,BVY,252,100,72,172,0,,,,172,,,,,,,,
2024-09-30,BVY,302,98,68,166,1,,,,166,,,,,,,,
2024-10-01,BVY,300,135,85,220,1,,,,220,,,,,,,,
2024-10-02,BVY,370,108,103,211,4,,,,211,,,,,,,,
2024-10-03,BVY,389,173,139,312,5,,,,312,,,,,,,,
2024-10-04,BVY,345,125,119,244,2,,,,244,,,,,,,,
2024-10-05,BVY,422,107,156,263,1,,,,263,,,,,,,,
2024-10-06,BVY,372,121,142,263,0,,,,263,,,,,,,,
2024-10-07,BVY,31,14,13,27,1,,,,27,,,,,,,,
2024-10-08,BVY,254,79,115,194,5,,,,194,,,,,,,,
2024-10-09,BVY,417,118,153,271,2,,,,271,,,,,,,,
2024-10-10,BVY,205,54,75,129,7,,,,129,,,,,,,,
2024-10-11,BVY,372,94,158,252,4,,,,252,,,,,,,,
2024-10-12,BVY,41,2,15,17,0,,,,17,,,,,,,,
2024-10-13,BVY,220,78,92,170,0,,,,170,,,,,,,,
2024-10-14,BVY,17,4,6,10,0,,,,10,,,,,,,,
2024-10-15,BVY,246,65,99,164,5,,,,164,,,,,,,,
2024-10-16,BVY,196,54,87,141,2,,,,141,,,,,,,,
2024-10-17,BVY,415,141,126,267,7,,,,267,,,,,,,,
2024-10-18,BVY,324,120,97,217,1,,,,217,,,,,,,,
2024-10-19,BVY,342,139,104,243,0,,,,243,,,,,,,,
2024-10-20,BVY,370,102,120,222,1,,,,222,,,,,,,,
2024-10-21,BVY,324,68,106,174,3,,,,174,,,,,,,,
2024-10-22,BVY,172,57,62,119,1,,,,119,,,,,,,,
2024-10-23,BVY,277,74,83,157,2,,,,157,,,,,,,,
2024-10-24,BVY,301,83,126,209,1,,,,209,,,,,,,,
2024-10-25,BVY,430,140,145,285,3,,,,285,,,,,,,,
2024-10-26,BVY,230,59,76,135,1,,,,135,,,,,,,,
2024-10-27,BVY,307,57,99,156,0,,,,156,,,,,,,,
2024-10-28,BVY,272,80,89,169,5,,,,169,,,,,,,,
2024-10-29,BVY,276,121,89,210,4,,,,210,,,,,,,,
2024-10-30,BVY,150,50,51,101,2,,,,101,,,,,,,,
2024-10-31,BVY,377,96,130,226,5,,,,226,,,,,,,,
2024-11-01,BVY,128,34,54,88,0,,,,88,,,,,,,,
2024-11-02,BVY,308,85,130,215,0,,,,215,,,,,,,,
2024-11-03,BVY,352,135,154,289,0,,,,289,,,,,,,,
2024-11-04,BVY,265,99,94,193,2,,,,193,,,,,,,,
2024-11-05,BVY,217,50,72,122,0,,,,122,,,,,,,,
2024-11-06,BVY,230,52,66,118,2,,,,118,,,,,,,,
2024-11-07,BVY,301,38,75,113,1,,,,113,,,,,,,,
2024-11-08,BVY,183,22,55,77,1,,,,77,,,,,,,,
2024-11-09,BVY,156,38,55,93,3,,,,93,,,,,,,,
2024-11-10,BVY,309,74,100,174,0,,,,174,,,,,,,,
2024-11-11,BVY,211,46,82,128,0,,,,128,,,,,,,,
2024-11-12,BVY,24,5,6,11,0,,,,11,,,,,,,,
2024-11-13,BVY,217,49,98,147,3,,,,147,,,,,,,,
2024-11-14,BVY,328,97,122,219,3,,,,219,,,,,,,,
2024-11-15,BVY,410,99,153,252,0,,,,252,,,,,,,,
2024-11-16,BVY,299,62,96,158,0,,,,158,,,,,,,,
2024-11-17,BVY,408,121,163,284,1,,,,284,,,,,,,,
2024-11-18,BVY,234,63,90,153,3,,,,153,,,,,,,,
2024-11-19,BVY,248,81,99,180,1,,,,180,,,,,,,,
2024-11-20,BVY,306,121,110,231,4,,,,231,,,,,,,,
2024-11-21,BVY,4,2,1,3,0,,,,3,,,,,,,,
2024-11-22,BVY,328,144,102,246,0,,,,246,,,,,,,,
2024-11-23,BVY,5,0,0,0,0,,,,0,,,,,,,,
2024-11-24,BVY,46,7,5,12,0,,,,12,,,,,,,,
2024-11-25,BVY,188,49,74,123,7,,,,123,,,,,,,,
2024-11-26,BVY,121,45,39,84,0,,,,84,,,,,,,,
2024-11-27,BVY,301,88,83,171,1,,,,171,,,,,,,,
2024-11-28,BVY,1,0,1,1,0,,,,1,,,,,,,,
2024-11-29,BVY,219,54,81,135,2,,,,135,,,,,,,,
2024-11-30,BVY,253,95,110,205,0,,,,205,,,,,,,,
2024-12-01,BVY,271,86,120,206,0,,,,206,,,,,,,,
2024-12-02,BVY,232,60,86,146,2,,,,146,,,,,,,,
2024-12-03,BVY,289,82,106,188,4,,,,188,,,,,,,,
2024-12-04,BVY,235,74,76,150,4,,,,150,,,,,,,,
2024-12-05,BVY,77,13,34,47,0,,,,47,,,,,,,,
2024-12-06,BVY,117,33,42,75,1,,,,75,,,,,,,,
2024-12-07,BVY,327,71,110,181,0,,,,181,,,,,,,,
2024-12-08,BVY,233,40,64,104,0,,,,104,,,,,,,,
2024-12-09,BVY,243,90,91,181,7,,,,181,,,,,,,,
2024-12-10,BVY,4,0,3,3,0,,,,3,,,,,,,,
2024-12-11,BVY,1,1,0,1,0,,,,1,,,,,,,,
2024-12-12,BVY,162,47,57,104,8,,,,104,,,,,,,,
2024-12-13,BVY,261,91,97,188,4,,,,188,,,,,,,,
2024-12-14,BVY,296,112,130,242,1,,,,242,,,,,,,,
2024-12-15,BVY,266,63,98,161,0,,,,161,,,,,,,,
2024-12-16,BVY,130,40,36,76,2,,,,76,,,,,,,,
2024-12-17,BVY,130,30,32,62,4,,,,62,,,,,,,,
2024-12-18,BVY,321,125,130,255,1,,,,255,,,,,,,,
2024-12-19,BVY,340,91,109,200,4,,,,200,,,,,,,,
2024-12-20,BVY,43,19,16,35,0,,,,35,,,,,,,,
2024-12-21,BVY,45,15,19,34,1,,,,34,,,,,,,,
2024-12-22,BVY,83,25,33,58,1,,,,58,,,,,,,,
2024-12-23,BVY,250,74,96,170,4,,,,170,,,,,,,,
2024-12-24,BVY,24,4,9,13,1,,,,13,,,,,,,,
2024-12-25,BVY,7,1,5,6,1,,,,6,,,,,,,,
2024-12-26,BVY,238,120,146,266,2,,,,266,,,,,,,,
2024-12-27,BVY,407,135,130,265,3,,,,265,,,,,,,,
2024-12-28,BVY,12,5,5,10,0,,,,10,,,,,,,,
2024-12-29,BVY,2,0,2,2,0,,,,2,,,,,,,,
2024-12-30,BVY,27,11,11,22,0,,,,22,,,,,,,,
2024-12-31,BVY,374,122,137,259,3,,,,259,,,,,,,,
2025-01-01,BVY,3,0,2,2,0,,,,2,,,,,,,,
2025-01-02,BVY,29,5,11,16,1,,,,16,,,,,,,,
2025-01-03,BVY,60,7,11,18,1,,,,18,,,,,,,,
2025-01-04,BVY,134,43,56,99,0,,,,99,,,,,,,,
2025-01-05,BVY,174,59,73,132,0,,,,132,,,,,,,,
2025-01-06,BVY,266,96,115,211,2,,,,211,,,,,,,,
2025-01-07,BVY,22,7,10,17,0,,,,17,,,,,,,,
2025-01-08,BVY,15,3,4,7,0,,,,7,,,,,,,,
2025-01-09,BVY,17,8,7,15,0,,,,15,,,,,,,,
2025-01-10,BVY,197,52,74,126,1,,,,126,,,,,,,,
2025-01-11,BVY,0,0,0,0,0,,,,0,,,,,,,,
2025-01-12,BVY,208,66,77,143,0,,,,143,,,,,,,,
2025-01-13,BVY,315,75,90,165,1,,,,165,,,,,,,,
2025-01-14,BVY,184,42,52,94,0,,,,94,,,,,,,,
2025-01-15,BVY,83,51,56,107,7,,,,107,,,,,,,,
2025-01-16,BVY,337,131,139,270,0,,,,270,,,,,,,,
2025-01-17,BVY,362,119,126,245,7,,,,245,,,,,,,,
2025-01-18,BVY,151,62,57,119,0,,,,119,,,,,,,,
2025-01-19,BVY,208,87,84,171,0,,,,171,,,,,,,,
2025-01-20,BVY,63,12,20,32,3,,,,32,,,,,,,,
2025-01-21,BVY,73,17,27,44,2,,,,44,,,,,,,,
2025-01-22,BVY,178,45,60,105,0,,,,105,,,,,,,,
2025-01-23,BVY,276,88,97,185,3,,,,185,,,,,,,,
2025-01-24,BVY,237,67,85,152,1,,,,152,,,,,,,,
2025-01-25,BVY,264,89,92,181,0,,,,181,,,,,,,,
2025-01-26,BVY,110,26,28,54,0,,,,54,,,,,,,,
2025-01-27,BVY,181,43,55,98,1,,,,98,,,,,,,,
2025-01-28,BVY,48,9,17,26,1,,,,26,,,,,,,,
2025-01-29,BVY,22,7,6,13,0,,,,13,,,,,,,,
2025-01-30,BVY,178,38,49,87,0,,,,87,,,,,,,,
2025-01-31,BVY,117,53,53,106,1,,,,106,,,,,,,,
2025-02-01,BVY,8,2,3,5,0,,,,5,,,,,,,,
2025-02-02,BVY,163,38,58,96,0,,,,96,,,,,,,,
2025-02-03,BVY,225,87,76,163,2,,,,163,,,,,,,,
2025-02-04,BVY,162,46,61,107,2,,,,107,,,,,,,,
2025-02-05,BVY,222,59,77,136,2,,,,136,,,,,,,,
2025-02-06,BVY,4,1,2,3,1,,,,3,,,,,,,,
2025-02-07,BVY,29,6,4,10,0,,,,10,,,,,,,,
2025-02-08,BVY,343,111,116,227,0,,,,227,,,,,,,,
2025-02-09,BVY,1,0,0,0,0,,,,0,,,,,,,,
2025-02-10,BVY,286,92,104,196,2,,,,196,,,,,,,,
2025-02-11,BVY,262,87,99,186,0,,,,186,,,,,,,,
2025-02-12,BVY,265,105,104,209,0,,,,209,,,,,,,,
2025-02-13,BVY,7,2,2,4,0,,,,4,,,,,,,,
2025-02-14,BVY,21,2,5,7,0,,,,7,,,,,,,,
2025-02-15,BVY,268,79,81,160,0,,,,160,,,,,,,,
2025-02-16,BVY,2,1,0,1,0,,,,1,,,,,,,,
2025-02-17,BVY,1,0,1,1,0,,,,1,,,,,,,,
2025-02-18,BVY,17,6,3,9,0,,,,9,,,,,,,,
2025-02-19,BVY,252,70,83,153,3,,,,153,,,,,,,,
2025-02-20,BVY,258,107,104,211,2,,,,211,,,,,,,,
2025-02-21,BVY,162,40,53,93,2,,,,93,,,,,,,,
2025-02-22,BVY,267,91,108,199,0,,,,199,,,,,,,,
2025-02-23,BVY,311,81,83,164,0,,,,164,,,,,,,,
2025-02-24,BVY,339,130,134,264,4,,,,264,,,,,,,,
2025-02-25,BVY,292,97,104,201,1,,,,201,,,,,,,,
2025-02-26,BVY,262,54,71,125,3,,,,125,,,,,,,,
2025-02-27,BVY,56,11,12,23,0,,,,23,,,,,,,,
2025-02-28,BVY,173,35,40,75,0,,,,75,,,,,,,,
2025-03-01,BVY,151,57,48,105,0,,,,105,,,,,,,,
2025-03-02,BVY,87,19,22,41,0,,,,41,,,,,,,,
2025-03-03,BVY,230,64,88,152,5,,,,152,,,,,,,,
2025-03-04,BVY,168,45,43,88,3,,,,88,,,,,,,,
2025-03-05,BVY,171,56,59,115,1,,,,115,,,,,,,,
2025-03-06,BVY,62,23,22,45,0,,,,45,,,,,,,,
2025-03-07,BVY,15,5,4,9,0,,,,9,,,,,,,,
2025-03-08,BVY,16,3,1,4,0,,,,4,,,,,,,,
2025-03-09,BVY,240,50,36,86,0,,,,86,,,,,,,,
2025-03-10,BVY,241,48,62,110,1,,,,110,,,,,,,,
2025-03-11,BVY,304,117,100,217,1,,,,217,,,,,,,,
2025-03-12,BVY,357,101,100,201,0,,,,201,,,,,,,,
2025-03-13,BVY,277,87,67,154,1,,,,154,,,,,,,,
2025-03-14,BVY,240,86,67,153,1,,,,153,,,,,,,,
2025-03-15,BVY,156,71,55,126,0,,,,126,,,,,,,,
2025-03-16,BVY,11,6,2,8,0,,,,8,,,,,,,,
2025-03-17,BVY,11,5,2,7,0,,,,7,,,,,,,,
2025-03-18,BVY,278,85,89,174,2,,,,174,,,,,,,,
2025-03-19,BVY,361,130,118,248,2,,,,248,,,,,,,,
2025-03-20,BVY,13,6,5,11,0,,,,11,,,,,,,,
2025-03-21,BVY,18,2,1,3,0,,,,3,,,,,,,,
2025-03-22,BVY,178,60,54,114,0,,,,114,,,,,,,,
2025-03-23,BVY,124,18,27,45,0,,,,45,,,,,,,,
2025-03-24,BVY,82,32,28,60,0,,,,60,,,,,,,,
2025-03-25,BVY,291,60,68,128,3,,,,128,,,,,,,,
2025-03-26,BVY,307,113,115,228,5,,,,228,,,,,,,,
2025-03-27,BVY,258,73,67,140,2,,,,140,,,,,,,,
2025-03-28,BVY,193,38,35,73,0,,,,73,,,,,,,,
2025-03-29,BVY,7,4,1,5,0,,,,5,,,,,,,,
2025-03-30,BVY,7,3,2,5,0,,,,5,,,,,,,,
2025-03-31,BVY,8,2,1,3,0,,,,3,,,,,,,,
2025-04-01,BVY,100,18,22,40,0,,,,40,,,,,,,,
2025-04-02,BVY,338,142,112,254,0,,,,254,,,,,,,,
2025-04-03,BVY,8,1,0,1,0,,,,1,,,,,,,,
2025-04-04,BVY,313,82,106,188,1,,,,188,,,,,,,,
2025-04-05,BVY,150,70,72,142,0,,,,142,,,,,,,,
2025-04-06,BVY,210,101,89,190,0,,,,190,,,,,,,,
2025-04-07,BVY,6,6,0,6,0,,,,6,,,,,,,,
2025-04-08,BVY,21,9,11,20,1,,,,20,,,,,,,,
2025-04-09,BVY,349,147,131,278,8,,,,278,,,,,,,,
2025-04-10,BVY,419,176,181,357,4,,,,357,,,,,,,,
2025-04-11,BVY,250,125,130,255,6,,,,255,,,,,,,,
2025-04-12,BVY,5,3,2,5,0,,,,5,,,,,,,,
2025-04-13,BVY,12,7,5,12,0,,,,12,,,,,,,,
2025-04-14,BVY,391,157,142,299,5,,,,299,,,,,,,,
2025-04-15,BVY,228,91,103,194,5,,,,194,,,,,,,,
2025-04-16,BVY,125,48,44,92,2,,,,92,,,,,,,,
2025-04-17,BVY,272,105,90,195,8,,,,195,,,,,,,,
2025-04-18,BVY,355,136,142,278,3,,,,278,,,,,,,,
2025-04-19,BVY,190,77,76,153,1,,,,153,,,,,,,,
2025-04-20,BVY,9,5,4,9,0,,,,9,,,,,,,,
2025-04-21,BVY,482,213,211,424,10,,,,424,,,,,,,,
2025-04-22,BVY,157,60,64,124,6,,,,124,,,,,,,,
2025-04-23,BVY,343,149,142,291,13,,,,291,,,,,,,,
2025-04-24,BVY,287,138,140,278,7,,,,278,,,,,,,,
2025-04-25,BVY,406,177,186,363,6,,,,363,,,,,,,,
2025-04-26,BVY,4,2,2,4,0,,,,4,,,,,,,,
2025-04-27,BVY,48,19,19,38,0,,,,38,,,,,,,,
2025-04-28,BVY,361,137,112,249,8,,,,249,,,,,,,,
2025-04-29,BVY,133,54,57,111,4,,,,111,,,,,,,,
2025-04-30,BVY,105,48,42,90,5,,,,90,,,,,,,,
2025-05-01,BVY,446,166,183,349,9,,,,349,,,,,,,,
2025-05-02,BVY,144,56,67,123,5,,,,123,,,,,,,,
2025-05-03,BVY,224,86,93,179,0,,,,179,,,,,,,,
2025-05-04,BVY,101,45,46,91,0,,,,91,,,,,,,,
2025-05-05,BVY,1,0,0,0,0,,,,0,,,,,,,,
2025-05-06,BVY,1,2,1,3,0,,,,3,,,,,,,,
2025-05-07,BVY,285,126,130,256,5,,,,256,,,,,,,,
2025-05-08,BVY,405,185,181,366,5,,,,366,,,,,,,,
2025-05-09,BVY,7,2,5,7,0,,,,7,,,,,,,,
2025-05-10,BVY,41,20,14,34,1,,,,34,,,,,,,,
2025-05-11,BVY,231,99,94,193,1,,,,193,,,,,,,,
2025-05-12,BVY,292,91,97,188,6,,,,188,,,,,,,,
2025-05-13,BVY,372,145,145,290,4,,,,290,,,,,,,,
2025-05-14,BVY,403,148,154,302,7,,,,302,,,,,,,,
2025-05-15,BVY,29,9,9,18,2,,,,18,,,,,,,,
2025-05-16,BVY,277,110,119,229,1,,,,229,,,,,,,,
2025-05-17,BVY,83,39,40,79,0,,,,79,,,,,,,,
2025-05-18,BVY,211,92,99,191,0,,,,191,,,,,,,,
2025-05-19,BVY,36,14,11,25,3,,,,25,,,,,,,,
2025-05-20,BVY,329,155,144,299,6,,,,299,,,,,,,,
2025-05-21,BVY,186,78,79,157,5,,,,157,,,,,,,,
2025-05-22,BVY,5,2,2,4,1,,,,4,,,,,,,,
2025-05-23,BVY,155,68,60,128,5,,,,128,,,,,,,,
2025-05-24,BVY,185,77,74,151,0,,,,151,,,,,,,,
2025-05-25,BVY,218,101,95,196,0,,,,196,,,,,,,,
2025-05-26,BVY,197,66,64,130,2,,,,130,,,,,,,,
2025-05-27,BVY,415,165,167,332,9,,,,332,,,,,,,,
2025-05-28,BVY,375,147,155,302,7,,,,302,,,,,,,,
2025-05-29,BVY,171,68,76,144,5,,,,144,,,,,,,,
2025-05-30,BVY,331,138,149,287,7,,,,287,,,,,,,,
2025-05-31,BVY,8,6,1,7,0,,,,7,,,,,,,,
2025-06-01,BVY,119,51,54,105,0,,,,105,,,,,,,,
2025-06-02,BVY,315,113,122,235,7,,,,235,,,,,,,,
2025-06-03,BVY,466,195,206,401,9,,,,401,,,,,,,,
2025-06-04,BVY,375,154,162,316,4,,,,316,,,,,,,,
2025-06-05,BVY,352,164,173,337,8,,,,337,,,,,,,,
2025-06-06,BVY,209,98,90,188,6,,,,188,,,,,,,,
2025-06-07,BVY,21,11,10,21,0,,,,21,,,,,,,,
2025-06-08,BVY,291,138,134,272,0,,,,272,,,,,,,,
2025-06-09,BVY,42,14,16,30,3,,,,30,,,,,,,,
2025-06-10,BVY,4,3,2,5,0,,,,5,,,,,,,,
2025-06-11,BVY,336,158,159,317,9,,,,317,,,,,,,,
2025-06-12,BVY,157,64,61,125,11,,,,125,,,,,,,,
2025-06-13,BVY,406,179,179,358,7,,,,358,,,,,,,,
2025-06-14,BVY,86,35,34,69,2,,,,69,,,,,,,,
2025-06-15,BVY,230,117,110,227,0,,,,227,,,,,,,,
2025-06-16,BVY,283,133,128,261,9,,,,261,,,,,,,,
2025-06-17,BVY,66,28,29,57,11,,,,57,,,,,,,,
2025-06-18,BVY,61,29,30,59,5,,,,59,,,,,,,,
2025-06-19,BVY,169,63,65,128,11,,,,128,,,,,,,,
2025-06-20,BVY,44,19,19,38,1,,,,38,,,,,,,,
2025-06-21,BVY,255,106,113,219,0,,,,219,,,,,,,,
2025-06-22,BVY,92,41,46,87,1,,,,87,,,,,,,,
2025-06-23,BVY,238,86,92,178,13,,,,178,,,,,,,,
2025-06-24,BVY,137,52,49,101,14,,,,101,,,,,,,,
2025-06-25,BVY,214,78,78,156,11,,,,156,,,,,,,,
2025-06-26,BVY,210,85,83,168,8,,,,168,,,,,,,,
2025-06-27,BVY,352,141,143,284,9,,,,284,,,,,,,,
2025-06-28,BVY,14,7,6,13,0,,,,13,,,,,,,,
2025-06-29,BVY,185,92,82,174,0,,,,174,,,,,,,,
2025-06-30,BVY,200,70,74,144,13,,,,144,,,,,,,,
2025-07-01,BVY,166,69,64,133,7,,,,133,,,,,,,,
2025-07-02,BVY,271,131,123,254,10,,,,254,,,,,,,,
2025-07-03,BVY,200,82,82,164,7,,,,164,,,,,,,,
2025-07-04,BVY,76,37,41,78,1,,,,78,,,,,,,,
2025-07-05,BVY,222,94,93,187,1,,,,187,,,,,,,,
2025-07-06,BVY,200,91,90,181,0,,,,181,,,,,,,,
2025-07-07,BVY,267,86,90,176,9,,,,176,,,,,,,,
2025-07-08,BVY,197,74,72,146,4,,,,146,,,,,,,,
2025-07-09,BVY,21,11,8,19,1,,,,19,,,,,,,,
2025-07-10,BVY,17,6,11,17,0,,,,17,,,,,,,,
2025-07-11,BVY,168,75,79,154,7,,,,154,,,,,,,,
2025-07-12,BVY,147,69,62,131,0,,,,131,,,,,,,,
2025-07-13,BVY,247,110,114,224,0,,,,224,,,,,,,,
2025-07-14,BVY,273,113,114,227,9,,,,227,,,,,,,,
2025-07-15,BVY,201,82,80,162,9,,,,162,,,,,,,,
2025-07-16,BVY,166,63,62,125,9,,,,125,,,,,,,,
2025-07-17,BVY,95,27,28,55,6,,,,55,,,,,,,,
2025-07-18,BVY,92,71,64,135,7,,,,135,,,,,,,,
2025-07-19,BVY,287,123,120,243,0,,,,243,,,,,,,,
2025-07-20,BVY,103,47,48,95,0,,,,95,,,,,,,,
2025-07-21,BVY,187,73,76,149,11,,,,149,,,,,,,,
2025-07-22,BVY,257,116,115,231,15,,,,231,,,,,,,,
2025-07-23,BVY,240,96,101,197,10,,,,197,,,,,,,,
2025-07-24,BVY,258,103,101,204,9,,,,204,,,,,,,,
2025-07-25,BVY,143,52,58,110,7,,,,110,,,,,,,,
2025-07-26,BVY,256,105,106,211,0,,,,211,,,,,,,,
2025-07-27,BVY,76,33,30,63,1,,,,63,,,,,,,,
2025-07-28,BVY,231,90,89,179,6,,,,179,,,,,,,,
2025-07-29,BVY,164,68,69,137,6,,,,137,,,,,,,,
2025-07-30,BVY,277,109,106,215,11,,,,215,,,,,,,,
2025-07-31,BVY,94,47,54,101,0,,,,101,,,,,,,,
2025-08-01,BVY,224,91,89,180,8,,,,180,,,,,,,,
2025-08-02,BVY,305,122,120,242,10,,,,242,,,,,,,,
2025-08-03,BVY,335,145,145,290,0,,,,290,,,,,,,,
2025-08-04,BVY,229,93,100,193,6,,,,193,,,,,,,,
2025-08-05,BVY,180,77,79,156,7,,,,156,,,,,,,,
2025-08-06,BVY,283,126,129,255,10,,,,255,,,,,,,,
2025-08-07,BVY,284,113,110,223,7,,,,223,,,,,,,,
2025-08-08,BVY,329,138,141,279,10,,,,279,,,,,,,,
2025-08-09,BVY,377,168,171,339,2,,,,339,,,,,,,,
2025-08-10,BVY,334,123,131,254,0,,,,254,,,,,,,,
2025-08-11,BVY,335,118,123,241,12,,,,241,,,,,,,,
2025-08-12,BVY,214,79,92,171,9,,,,171,,,,,,,,
2025-08-13,BVY,236,86,84,170,8,,,,170,,,,,,,,
2025-08-14,BVY,261,111,114,225,6,,,,225,,,,,,,,
2025-08-15,BVY,212,112,110,222,10,,,,222,,,,,,,,
2025-08-16,BVY,258,112,121,233,0,,,,233,,,,,,,,
2025-08-17,BVY,267,129,126,255,0,,,,255,,,,,,,,
2025-08-18,BVY,396,133,143,276,10,,,,276,,,,,,,,
2025-08-19,BVY,271,117,112,229,9,,,,229,,,,,,,,
2025-08-20,BVY,156,77,73,150,6,,,,150,,,,,,,,
2025-08-21,BVY,180,61,68,129,7,,,,129,,,,,,,,
2025-08-22,BVY,309,134,130,264,21,,,,264,,,,,,,,
2025-08-23,BVY,239,108,113,221,0,,,,221,,,,,,,,
2025-08-24,BVY,195,72,67,139,3,,,,139,,,,,,,,
2025-08-25,BVY,242,108,106,214,13,,,,214,,,,,,,,
2025-08-26,BVY,227,101,110,211,8,,,,211,,,,,,,,
2025-08-27,BVY,243,109,109,218,8,,,,218,,,,,,,,
2025-08-28,BVY,255,116,113,229,12,,,,229,,,,,,,,
2025-08-29,BVY,111,44,45,89,4,,,,89,,,,,,,,
2025-08-30,BVY,330,154,156,310,0,,,,310,,,,,,,,
2025-08-31,BVY,274,125,121,246,0,,,,246,,,,,,,,
2025-09-01,BVY,216,87,88,175,0,,,,175,,,,,,,,
2025-09-02,BVY,281,131,130,261,9,,,,261,,,,,,,,
2025-09-03,BVY,261,114,120,234,12,,,,234,,,,,,,,
2025-09-04,BVY,246,104,105,209,12,,,,209,,,,,,,,
2025-09-05,BVY,92,30,31,61,7,,,,61,,,,,,,,
2025-09-06,BVY,125,51,53,104,1,,,,104,,,,,,,,
2025-09-07,BVY,22,11,11,22,0,,,,22,,,,,,,,
2025-09-08,BVY,277,108,108,216,11,,,,216,,,,,,,,
2025-09-09,BVY,276,127,124,251,12,,,,251,,,,,,,,
2025-09-10,BVY,152,51,53,104,8,,,,104,,,,,,,,
2025-09-11,BVY,321,155,156,311,9,,,,311,,,,,,,,
2025-09-12,BVY,253,120,125,245,6,,,,245,,,,,,,,
2025-09-13,BVY,294,145,134,279,1,,,,279,,,,,,,,
2025-09-14,BVY,373,156,154,310,1,,,,310,,,,,,,,
2025-09-15,BVY,239,101,108,209,5,,,,209,,,,,,,,
2025-09-16,BVY,305,121,122,243,7,,,,243,,,,,,,,
2025-09-17,BVY,293,141,141,282,10,,,,282,,,,,,,,
2025-09-18,BVY,115,49,49,98,7,,,,98,,,,,,,,
2025-09-19,BVY,373,165,163,328,10,,,,328,,,,,,,,
2025-09-20,BVY,331,140,140,280,0,,,,280,,,,,,,,
2025-09-21,BVY,291,121,120,241,1,,,,241,,,,,,,,
2025-09-22,BVY,258,111,116,227,6,,,,227,,,,,,,,
2025-09-23,BVY,355,143,143,286,11,,,,286,,,,,,,,
2025-09-24,BVY,17,8,7,15,0,,,,15,,,,,,,,
2025-09-25,BVY,10,4,5,9,0,,,,9,,,,,,,,
2025-09-26,BVY,362,154,138,292,7,,,,292,,,,,,,,
2025-09-27,BVY,294,126,133,259,0,,,,259,,,,,,,,
2025-09-29,BVY,248,96,95,191,8,,,,191,,,,,,,,
2025-09-30,BVY,223,105,105,210,8,,,,210,,,,,,,,
2025-10-01,BVY,125,53,46,99,13,,,,99,,,,,,,,
2025-10-02,BVY,254,103,105,208,8,,,,208,,,,,,,,
2025-10-03,BVY,250,107,98,205,9,,,,205,,,,,,,,
2025-10-04,BVY,298,125,121,246,0,,,,246,,,,,,,,
2025-10-05,BVY,273,107,111,218,0,,,,218,,,,,,,,
2025-10-06,BVY,292,120,120,240,7,,,,240,,,,,,,,
2025-10-07,BVY,130,56,56,112,11,,,,112,,,,,,,,
2025-10-08,BVY,130,63,63,126,5,,,,126,,,,,,,,
2025-10-09,BVY,258,105,110,215,11,,,,215,,,,,,,,
2025-10-10,BVY,251,106,107,213,11,,,,213,,,,,,,,
2025-10-11,BVY,294,128,131,259,0,,,,259,,,,,,,,
2025-10-12,BVY,23,12,9,21,0,,,,21,,,,,,,,
2025-10-13,BVY,4,1,3,4,0,,,,4,,,,,,,,
2025-10-14,BVY,18,7,7,14,0,,,,14,,,,,,,,
2025-10-15,BVY,245,98,95,193,13,,,,193,,,,,,,,
2025-10-16,BVY,123,47,48,95,18,,,,95,,,,,,,,
2025-10-17,BVY,193,89,83,172,9,,,,172,,,,,,,,
2025-10-18,BVY,290,133,134,267,0,,,,267,,,,,,,,
2025-10-19,BVY,318,138,149,287,0,,,,287,,,,,,,,
2025-10-20,BVY,44,18,15,33,4,,,,33,,,,,,,,
2025-10-21,BVY,205,85,90,175,8,,,,175,,,,,,,,
2025-10-22,BVY,73,35,33,68,6,,,,68,,,,,,,,
2025-10-23,BVY,311,111,106,217,7,,,,217,,,,,,,,
2025-10-24,BVY,346,156,148,304,11,,,,304,,,,,,,,
2025-10-25,BVY,301,136,133,269,0,,,,269,,,,,,,,
2025-10-26,BVY,207,91,83,174,1,,,,174,,,,,,,,
2025-10-27,BVY,285,115,118,233,11,,,,233,,,,,,,,
2025-10-28,BVY,130,55,55,110,7,,,,110,,,,,,,,
2025-10-29,BVY,57,21,29,50,3,,,,50,,,,,,,,
2025-10-30,BVY,10,5,6,11,0,,,,11,,,,,,,,
2025-10-31,BVY,10,2,1,3,3,,,,3,,,,,,,,
2025-11-01,BVY,86,42,40,82,1,,,,82,,,,,,,,
2025-11-03,BVY,103,73,70,143,5,,,,143,,,,,,,,
2025-11-04,BVY,34,15,13,28,2,,,,28,,,,,,,,
2025-11-05,BVY,335,130,129,259,4,,,,259,,,,,,,,
2025-11-07,BVY,305,122,127,249,6,,,,249,,,,,,,,
2025-11-08,BVY,328,140,138,278,0,,,,278,,,,,,,,
2025-11-09,BVY,54,21,26,47,1,,,,47,,,,,,,,
2025-11-10,BVY,5,1,3,4,0,,,,4,,,,,,,,
2025-11-11,BVY,63,20,21,41,9,,,,41,,,,,,,,
2025-11-12,BVY,153,62,62,124,12,,,,124,,,,,,,,
2025-11-13,BVY,297,140,137,277,7,,,,277,,,,,,,,
2025-11-14,BVY,275,132,126,258,7,,,,258,,,,,,,,
2025-11-15,BVY,384,171,165,336,0,,,,336,,,,,,,,
2025-11-16,BVY,34,15,16,31,0,,,,31,,,,,,,,
2025-11-17,BVY,24,6,10,16,4,,,,16,,,,,,,,
2025-11-18,BVY,128,52,50,102,10,,,,102,,,,,,,,
2025-11-19,BVY,329,142,137,279,9,,,,279,,,,,,,,
2025-11-20,BVY,233,106,105,211,4,,,,211,,,,,,,,
2025-11-21,BVY,202,86,84,170,5,,,,170,,,,,,,,
2025-11-22,BVY,151,68,65,133,0,,,,133,,,,,,,,
2025-11-23,BVY,258,104,107,211,0,,,,211,,,,,,,,
2025-11-24,BVY,235,86,87,173,8,,,,173,,,,,,,,
2025-11-25,BVY,268,104,109,213,3,,,,213,,,,,,,,
2025-11-26,BVY,45,15,18,33,8,,,,33,,,,,,,,
2025-11-27,BVY,9,3,6,9,0,,,,9,,,,,,,,
2025-11-28,BVY,16,12,12,24,2,,,,24,,,,,,,,
2025-11-29,BVY,109,38,36,74,5,,,,74,,,,,,,,
2025-11-30,BVY,174,74,83,157,0,,,,157,,,,,,,,
2025-12-01,BVY,127,36,39,75,11,,,,75,,,,,,,,
2025-12-02,BVY,8,3,4,7,3,,,,7,,,,,,,,
2025-12-03,BVY,235,95,92,187,14,,,,187,,,,,,,,
2025-12-04,BVY,138,62,64,126,7,,,,126,,,,,,,,
2025-12-05,BVY,181,76,74,150,10,,,,150,,,,,,,,
2025-12-06,BVY,142,78,86,164,0,,,,164,,,,,,,,
2025-12-07,BVY,249,112,110,222,1,,,,222,,,,,,,,
2025-12-08,BVY,109,41,43,84,11,,,,84,,,,,,,,
2025-12-09,BVY,217,82,78,160,13,,,,160,,,,,,,,
2025-12-10,BVY,155,56,55,111,3,,,,111,,,,,,,,
2025-12-11,BVY,21,7,9,16,3,,,,16,,,,,,,,
2025-12-12,BVY,41,12,9,21,12,,,,21,,,,,,,,
2025-12-13,BVY,297,120,120,240,1,,,,240,,,,,,,,
2025-12-14,BVY,3,0,3,3,0,,,,3,,,,,,,,
2025-12-15,BVY,23,1,4,5,0,,,,5,,,,,,,,
2025-12-16,BVY,238,54,52,106,3,,,,106,,,,,,,,
2025-12-17,BVY,74,6,11,17,2,,,,17,,,,,,,,
2025-12-18,BVY,357,115,71,186,5,,,,186,,,,,,,,
2025-12-19,BVY,6,2,1,3,0,,,,3,,,,,,,,
2025-12-20,BVY,217,69,73,142,0,,,,142,,,,,,,,
2025-12-21,BVY,26,9,9,18,0,,,,18,,,,,,,,
2025-12-22,BVY,181,33,64,97,1,,,,97,,,,,,,,
2025-12-23,BVY,175,62,61,123,0,,,,123,,,,,,,,
2025-12-24,BVY,14,3,3,6,0,,,,6,,,,,,,,
2025-12-25,BVY,30,9,14,23,0,,,,23,,,,,,,,
2025-12-26,BVY,88,19,33,52,3,,,,52,,,,,,,,
2025-12-27,BVY,61,15,33,48,0,,,,48,,,,,,,,
2025-12-28,BVY,191,55,86,141,0,,,,141,,,,,,,,
2025-12-29,BVY,1,0,1,1,0,,,,1,,,,,,,,
2025-12-30,BVY,13,2,2,4,1,,,,4,,,,,,,,
2025-12-31,BVY,63,8,20,28,1,,,,28,,,,,,,,
2026-01-01,BVY,6,0,2,2,0,,,,2,,,,,,,,
2026-01-02,BVY,87,18,26,44,1,,,,44,,,,,,,,
2026-01-03,BVY,221,42,85,127,0,,,,127,,,,,,,,
2026-01-04,BVY,43,8,16,24,0,,,,24,,,,,,,,
2026-01-05,BVY,165,43,59,102,1,,,,102,,,,,,,,
2026-01-06,BVY,17,8,8,16,0,,,,16,,,,,,,,
2026-01-07,BVY,0,0,0,0,0,,,,0,,,,,,,,
2026-01-08,BVY,264,28,49,77,4,,,,77,,,,,,,,
2026-01-09,BVY,127,53,41,94,3,,,,94,,,,,,,,
2026-01-10,BVY,216,61,74,135,3,,,,135,,,,,,,,
2026-01-11,BVY,63,13,18,31,0,,,,31,,,,,,,,
2026-01-12,BVY,154,24,37,61,3,,,,61,,,,,,,,
2026-01-13,BVY,318,79,99,178,3,,,,178,,,,,,,,
2026-01-14,BVY,337,96,79,175,5,,,,175,,,,,,,,
2026-01-15,BVY,123,35,36,71,2,,,,71,,,,,,,,
2026-01-16,BVY,19,5,9,14,1,,,,14,,,,,,,,
2026-01-18,BVY,2,1,0,1,0,,,,1,,,,,,,,
2026-01-19,BVY,52,12,17,29,0,,,,29,,,,,,,,
2026-01-20,BVY,149,35,64,99,2,,,,99,,,,,,,,
2026-01-21,BVY,298,81,104,185,1,,,,185,,,,,,,,
2026-01-22,BVY,170,53,71,124,3,,,,124,,,,,,,,
2026-01-23,BVY,149,27,35,62,2,,,,62,,,,,,,,
2026-01-24,BVY,36,10,15,25,1,,,,25,,,,,,,,
2026-01-25,BVY,0,0,0,0,0,,,,0,,,,,,,,
2026-01-26,BVY,0,0,0,0,0,,,,0,,,,,,,,
2026-01-27,BVY,23,0,1,1,1,,,,1,,,,,,,,
2026-01-28,BVY,103,25,40,65,3,,,,65,,,,,,,,
2026-01-29,BVY,141,17,26,43,0,,,,43,,,,,,,,
2026-01-30,BVY,47,6,5,11,0,,,,11,,,,,,,,
2026-01-31,BVY,117,20,44,64,0,,,,64,,,,,,,,
2026-02-01,BVY,5,2,1,3,0,,,,3,,,,,,,,
2026-02-03,BVY,301,57,98,155,3,,,,155,,,,,,,,
2026-02-04,BVY,231,33,67,100,2,,,,100,,,,,,,,
2026-02-05,BVY,218,31,56,87,0,,,,87,,,,,,,,
2026-02-06,BVY,94,12,14,26,0,,,,26,,,,,,,,
2026-02-07,BVY,0,0,0,0,0,,,,0,,,,,,,,
2026-02-08,BVY,17,4,7,11,0,,,,11,,,,,,,,
2026-02-09,BVY,97,12,16,28,3,,,,28,,,,,,,,
2026-02-10,BVY,189,43,50,93,2,,,,93,,,,,,,,
2026-02-11,BVY,84,14,16,30,0,,,,30,,,,,,,,
2026-02-12,BVY,136,24,31,55,0,,,,55,,,,,,,,
2026-02-13,BVY,334,60,71,131,1,,,,131,,,,,,,,
2026-02-14,BVY,272,57,100,157,0,,,,157,,,,,,,,
2026-02-15,BVY,223,71,61,132,0,,,,132,,,,,,,,
2026-02-16,BVY,302,76,70,146,1,,,,146,,,,,,,,
2026-02-17,BVY,65,25,22,47,0,,,,47,,,,,,,,
2026-02-18,BVY,128,34,48,82,0,,,,82,,,,,,,,
2026-02-19,BVY,326,111,115,226,2,,,,226,,,,,,,,
2026-02-20,BVY,209,71,79,150,0,,,,150,,,,,,,,
2026-02-21,BVY,12,4,4,8,0,,,,8,,,,,,,,
2026-02-22,BVY,33,5,5,10,0,,,,10,,,,,,,,
2026-02-23,BVY,0,0,0,0,0,,,,0,,,,,,,,
2026-02-24,BVY,28,4,2,6,3,,,,6,,,,,,,,
2026-02-25,BVY,10,2,0,2,2,,,,2,,,,,,,,
2026-02-26,BVY,240,70,51,121,5,,,,121,,,,,,,,
2026-02-27,BVY,303,77,88,165,5,,,,165,,,,,,,,
2026-02-28,BVY,199,89,90,179,0,,,,179,,,,,,,,
2026-03-01,BVY,68,13,14,27,0,,,,27,,,,,,,,
2026-03-02,BVY,181,41,50,91,4,,,,91,,,,,,,,
2026-03-03,BVY,87,28,30,58,2,,,,58,,,,,,,,
2026-03-04,BVY,245,67,76,143,2,,,,143,,,,,,,,
2026-03-05,BVY,32,11,11,22,0,,,,22,,,,,,,,
2026-03-06,BVY,1,1,0,1,0,,,,1,,,,,,,,
2026-03-07,BVY,16,5,4,9,0,,,,9,,,,,,,,
2026-03-08,BVY,91,23,33,56,0,,,,56,,,,,,,,
2026-03-09,BVY,245,64,73,137,2,,,,137,,,,,,,,
2026-03-10,BVY,286,65,98,163,3,,,,163,,,,,,,,
2026-03-11,BVY,142,48,41,89,1,,,,89,,,,,,,,
2026-03-12,BVY,70,20,22,42,1,,,,42,,,,,,,,
2026-03-13,BVY,278,83,92,175,3,,,,175,,,,,,,,
2026-03-14,BVY,50,11,11,22,4,,,,22,,,,,,,,
2026-03-15,BVY,316,94,104,198,0,,,,198,,,,,,,,
2026-03-16,BVY,1,0,1,1,0,,,,1,,,,,,,,
2026-03-17,BVY,21,2,4,6,1,,,,6,,,,,,,,
2026-03-18,BVY,296,95,98,193,2,,,,193,,,,,,,,
2026-03-19,BVY,295,97,127,224,0,,,,224,,,,,,,,
2026-03-20,BVY,238,70,88,158,3,,,,158,,,,,,,,
2026-03-21,BVY,190,76,81,157,1,,,,157,,,,,,,,
2026-03-22,BVY,28,11,9,20,0,,,,20,,,,,,,,
2026-03-23,BVY,6,3,3,6,0,,,,6,,,,,,,,
2026-03-24,BVY,321,119,118,237,3,,,,237,,,,,,,,
2026-03-25,BVY,207,66,76,142,6,,,,142,,,,,,,,
2026-03-26,BVY,157,46,59,105,1,,,,105,,,,,,,,
2026-03-27,BVY,79,22,29,51,7,,,,51,,,,,,,,
2026-03-28,BVY,229,93,102,195,2,,,,195,,,,,,,,
2026-03-29,BVY,143,45,61,106,0,,,,106,,,,,,,,
2026-03-30,BVY,114,31,40,71,5,,,,71,,,,,,,,
2026-03-31,BVY,13,6,7,13,0,,,,13,,,,,,,,
2026-04-01,BVY,155,49,53,102,1,,,,102,,,,,,,,
2026-04-02,BVY,14,6,5,11,0,,,,11,,,,,,,,
2026-04-03,BVY,41,17,17,34,0,,,,34,,,,,,,,
2026-04-04,BVY,197,83,58,141,0,,,,141,,,,,,,,
2026-04-05,BVY,2,1,0,1,0,,,,1,,,,,,,,
2026-04-06,BVY,64,14,20,34,6,,,,34,,,,,,,,
2026-04-07,BVY,14,6,2,8,1,,,,8,,,,,,,,
2026-04-08,BVY,323,133,109,242,2,,,,242,,,,,,,,
2026-04-09,BVY,231,78,78,156,6,,,,156,,,,,,,,
2026-04-10,BVY,307,106,120,226,2,,,,226,,,,,,,,
2026-04-11,BVY,109,28,41,69,0,,,,69,,,,,,,,
2026-04-13,BVY,31,8,10,18,2,,,,18,,,,,,,,
2026-04-14,BVY,298,98,114,212,5,,,,212,,,,,,,,
2026-04-15,BVY,100,42,27,69,1,,,,69,,,,,,,,
2026-04-16,BVY,109,36,37,73,2,,,,73,,,,,,,,
2026-04-17,BVY,29,6,7,13,2,,,,13,,,,,,,,
2026-04-18,BVY,173,71,66,137,0,,,,137,,,,,,,,
2026-04-19,BVY,5,2,2,4,0,,,,4,,,,,,,,
2026-04-20,BVY,286,64,111,175,5,,,,175,,,,,,,,
2026-04-21,BVY,331,102,107,209,4,,,,209,,,,,,,,
2026-04-22,BVY,146,48,48,96,5,,,,96,,,,,,,,
2026-04-23,BVY,148,40,57,97,1,,,,97,,,,,,,,
2026-04-24,BVY,322,109,109,218,3,,,,218,,,,,,,,
2026-04-25,BVY,281,122,99,221,0,,,,221,,,,,,,,
2026-04-26,BVY,323,132,104,236,0,,,,236,,,,,,,,
2026-04-27,BVY,281,116,77,193,2,,,,193,,,,,,,,
2026-04-28,BVY,304,130,79,209,7,,,,209,,,,,,,,
2026-04-29,BVY,40,17,12,29,1,,,,29,,,,,,,,
2026-04-30,BVY,23,5,12,17,0,,,,17,,,,,,,,
2026-05-01,BVY,209,37,69,106,2,,,,106,,,,,,,,
2026-05-02,BVY,253,88,108,196,0,,,,196,,,,,,,,
2026-05-03,BVY,64,11,28,39,0,,,,39,,,,,,,,
2026-05-04,BVY,30,0,8,8,0,,,,8,,,,,,,,
2026-05-07,BVY,208,4,17,21,2,,,,21,,,,,,,,
2026-05-08,BVY,244,38,82,120,1,,,,120,,,,,,,,
2026-05-09,BVY,129,40,30,70,0,,,,70,,,,,,,,
2026-05-10,BVY,160,50,38,88,0,,,,88,,,,,,,,
2026-05-11,BVY,268,67,94,161,7,,,,161,,,,,,,,
2026-05-12,BVY,223,68,96,164,1,,,,164,,,,,,,,
2026-05-13,BVY,214,84,77,161,1,,,,161,,,,,,,,
2026-05-14,BVY,23,10,6,16,0,,,,16,,,,,,,,
2026-05-15,BVY,15,5,6,11,0,,,,11,,,,,,,,
2026-05-16,BVY,214,42,92,134,0,,,,134,,,,,,,,
2026-05-17,BVY,247,40,99,139,0,,,,139,,,,,,,,
2026-05-18,BVY,198,73,63,136,1,,,,136,,,,,,,,
2026-05-19,BVY,137,24,36,60,3,,,,60,,,,,,,,
2026-05-20,BVY,127,19,45,64,5,,,,64,,,,,,,,
2026-05-21,BVY,297,77,94,171,6,,,,171,,,,,,,,
2026-05-22,BVY,300,123,102,225,5,,,,225,,,,,,,,
2026-05-23,BVY,239,101,82,183,1,,,,183,,,,,,,,
2026-05-24,BVY,77,39,36,75,0,,,,75,,,,,,,,
2026-05-25,BVY,71,12,26,38,0,,,,38,,,,,,,,
2026-05-26,BVY,244,50,73,123,1,,,,123,,,,,,,,
2026-05-27,BVY,185,39,74,113,2,,,,113,,,,,,,,
2026-05-28,BVY,152,31,25,56,3,,,,56,,,,,,,,
2026-05-29,BVY,207,55,60,115,0,,,,115,,,,,,,,
2026-05-30,BVY,4,4,2,6,0,,,,6,,,,,,,,
2026-05-31,BVY,186,33,51,84,0,,,,84,,,,,,,,
2026-06-01,BVY,163,53,44,97,0,,,,97,,,,,,,,
2026-06-02,BVY,168,41,44,85,4,,,,85,,,,,,,,
2026-06-03,BVY,291,77,86,163,1,,,,163,,,,,,,,
2026-06-04,BVY,214,46,56,102,0,,,,102,,,,,,,,
2026-06-05,BVY,272,54,70,124,1,,,,124,,,,,,,,
2026-06-06,BVY,227,66,60,126,0,,,,126,,,,,,,,
2026-06-07,BVY,77,6,18,24,0,,,,24,,,,,,,,
2026-06-08,BVY,301,104,101,205,3,,,,205,,,,,,,,
2026-06-09,BVY,273,76,114,190,3,,,,190,,,,,,,,
2026-06-10,BVY,197,48,64,112,1,,,,112,,,,,,,,
2026-06-11,BVY,255,0,0,0,0,,,,0,,,,,,,,
2026-06-12,BVY,287,86,74,160,2,,,,160,,,,,,,,
2026-06-13,BVY,211,45,54,99,1,,,,99,,,,,,,,
2026-06-14,BVY,188,39,28,67,1,,,,67,,,,,,,,
2026-06-15,BVY,195,41,51,92,0,,,,92,,,,,,,,
2026-06-16,BVY,253,36,76,112,1,,,,112,,,,,,,,
2026-06-17,BVY,292,102,74,176,0,,,,176,,,,,,,,
2026-06-18,BVY,18,7,2,9,0,,,,9,,,,,,,,
2026-06-19,BVY,93,1,23,24,0,,,,24,,,,,,,,
2026-06-20,BVY,72,10,18,28,0,,,,28,,,,,,,,
2026-06-21,BVY,257,46,95,141,0,,,,141,,,,,,,,
2026-06-22,BVY,179,61,48,109,1,,,,109,,,,,,,,
2026-06-23,BVY,57,9,7,16,0,,,,16,,,,,,,,
2026-06-24,BVY,400,93,110,203,1,,,,203,,,,,,,,
2026-06-25,BVY,271,24,29,53,3,,,,53,,,,,,,,
2026-06-26,BVY,110,22,13,35,0,,,,35,,,,,,,,
2026-06-27,BVY,284,112,94,206,0,,,,206,,,,,,,,
2026-06-28,BVY,219,76,62,138,0,,,,138,,,,,,,,
2026-06-29,BVY,329,100,78,178,1,,,,178,,,,,,,,
2026-06-30,BVY,216,53,46,99,0,,,,99,,,,,,,,
2026-07-01,BVY,216,27,27,54,0,,,,54,,,,,,,,
2026-07-02,BVY,107,16,14,30,1,,,,30,,,,,,,,
2026-07-03,BVY,100,13,31,44,0,,,,44,,,,,,,,
2026-07-04,BVY,78,17,32,49,1,,,,49,,,,,,,,
2026-07-05,BVY,212,105,63,168,0,,,,168,,,,,,,,
2026-07-06,BVY,176,69,35,104,0,,,,104,,,,,,,,
2026-07-07,BVY,14,7,7,14,0,,,,14,,,,,,,,
2026-07-08,BVY,282,100,84,184,3,,,,184,,,,,,,,
2026-07-09,BVY,252,70,75,145,2,,,,145,,,,,,,,
2026-07-10,BVY,278,107,109,216,4,,,,216,,,,,,,,
2026-07-11,BVY,264,104,108,212,7,,,,212,,,,,,,,
2026-07-12,BVY,247,110,95,205,0,,,,205,,,,,,,,
2026-07-13,BVY,213,66,80,146,1,,,,146,,,,,,,,
2026-07-14,BVY,240,71,106,177,1,,,,177,,,,,,,,
2026-07-15,BVY,263,94,104,198,1,,,,198,,,,,,,,
2026-07-16,BVY,119,42,48,90,4,,,,90,,,,,,,,
2026-07-17,BVY,267,79,102,181,3,,,,181,,,,,,,,
2026-07-18,BVY,81,26,30,56,0,,,,56,,,,,,,,
2026-07-19,BVY,106,51,48,99,0,,,,99,,,,,,,,
2026-07-20,BVY,244,100,106,206,4,,,,206,,,,,,,,
2026-07-21,BVY,118,43,37,80,0,,,,80,,,,,,,,
2026-07-22,BVY,76,29,31,60,0,,,,60,,,,,,,,
2026-07-23,BVY,209,91,92,183,1,,,,183,,,,,,,,
2026-07-24,BVY,265,104,102,206,1,,,,206,,,,,,,,
2026-07-25,BVY,185,77,66,143,0,,,,143,,,,,,,,
2026-07-26,BVY,289,120,105,225,0,,,,225,,,,,,,,
2026-07-27,BVY,190,79,73,152,1,,,,152,,,,,,,,
2026-07-28,BVY,180,88,81,169,1,,,,169,,,,,,,,
2026-07-29,BVY,28,7,11,18,1,,,,18,,,,,,,,
2026-07-30,BVY,14,8,7,15,1,,,,15,,,,,,,,
2026-07-31,BVY,309,132,121,253,5,,,,253,,,,,,,,
2026-08-01,BVY,280,22,30,52,0,,,,52,,,,,,,,
2026-08-02,BVY,169,66,69,135,3,,,,135,,,,,,,,
2026-08-03,BVY,17,8,7,15,1,,,,15,,,,,,,,
2026-08-04,BVY,230,67,91,158,3,,,,158,,,,,,,,
2026-08-05,BVY,198,59,79,138,6,,,,138,,,,,,,,
2026-08-06,BVY,235,92,86,178,5,,,,178,,,,,,,,
2026-08-07,BVY,248,57,82,139,4,,,,139,,,,,,,,
2026-08-08,BVY,227,89,94,183,0,,,,183,,,,,,,,
2026-08-09,BVY,282,31,32,63,1,,,,63,,,,,,,,
2026-08-10,BVY,259,111,108,219,2,,,,219,,,,,,,,
2026-08-11,BVY,176,64,79,143,1,,,,143,,,,,,,,
2026-08-12,BVY,249,54,70,124,2,,,,124,,,,,,,,
2026-08-13,BVY,250,115,117,232,1,,,,232,,,,,,,,
2026-08-14,BVY,203,82,86,168,1,,,,168,,,,,,,,
2026-08-15,BVY,324,134,131,265,2,,,,265,,,,,,,,
2026-08-16,BVY,237,91,90,181,2,,,,181,,,,,,,,
2026-08-17,BVY,86,39,37,76,1,,,,76,,,,,,,,
2026-08-18,BVY,69,50,45,95,2,,,,95,,,,,,,,
2026-08-19,BVY,359,84,94,178,2,,,,178,,,,,,,,
2026-08-20,BVY,285,81,83,164,0,,,,164,,,,,,,,
2026-08-21,BVY,325,125,115,240,3,,,,240,,,,,,,,
2026-08-22,BVY,37,15,16,31,0,,,,31,,,,,,,,
2026-08-23,BVY,16,7,8,15,0,,,,15,,,,,,,,
2026-08-24,BVY,193,56,74,130,2,,,,130,,,,,,,,
2026-08-25,BVY,260,103,116,219,2,,,,219,,,,,,,,
2026-08-26,BVY,279,131,128,259,0,,,,259,,,,,,,,
2026-08-27,BVY,246,84,96,180,5,,,,180,,,,,,,,
2026-08-28,BVY,248,106,114,220,3,,,,220,,,,,,,,
2026-08-29,BVY,282,114,121,235,0,,,,235,,,,,,,,
2026-08-30,BVY,242,89,105,194,0,,,,194,,,,,,,,
2026-08-31,BVY,320,120,115,235,5,,,,235,,,,,,,,
2023-02-16,DXR,82,0,0,0,0,,,,,0,,,,,,,
2023-02-17,DXR,5,0,0,0,0,,,,,0,,,,,,,
2023-02-18,DXR,148,0,0,0,0,,,,,0,,,,,,,
2023-02-19,DXR,185,0,1,1,0,,,,,1,,,,,,,
2023-02-20,DXR,105,0,0,0,0,,,,,0,,,,,,,
2023-02-21,DXR,4,0,0,0,0,,,,,0,,,,,,,
2023-02-22,DXR,134,0,0,0,0,,,,,0,,,,,,,
2023-02-23,DXR,1,0,0,0,0,,,,,0,,,,,,,
2023-02-24,DXR,13,0,0,0,0,,,,,0,,,,,,,
2023-02-25,DXR,53,0,0,0,0,,,,,0,,,,,,,
2023-02-26,DXR,79,0,0,0,0,,,,,0,,,,,,,
2023-02-27,DXR,139,0,0,0,0,,,,,0,,,,,,,
2023-02-28,DXR,4,0,0,0,0,,,,,0,,,,,,,
2023-03-01,DXR,129,0,0,0,0,,,,,0,,,,,,,
2023-03-02,DXR,23,0,0,0,0,,,,,0,,,,,,,
2023-03-03,DXR,190,0,0,0,0,,,,,0,,,,,,,
2023-03-04,DXR,3,0,0,0,0,,,,,0,,,,,,,
2023-03-05,DXR,248,1,1,2,0,,,,,2,,,,,,,
2023-03-06,DXR,81,0,0,0,0,,,,,0,,,,,,,
2023-03-07,DXR,18,0,0,0,0,,,,,0,,,,,,,
2023-03-08,DXR,17,0,0,0,0,,,,,0,,,,,,,
2023-03-09,DXR,69,0,0,0,0,,,,,0,,,,,,,
2023-03-10,DXR,180,0,0,0,0,,,,,0,,,,,,,
2023-03-11,DXR,18,0,0,0,0,,,,,0,,,,,,,
2023-03-12,DXR,283,0,0,0,0,,,,,0,,,,,,,
2023-03-13,DXR,4,0,0,0,0,,,,,0,,,,,,,
2023-03-14,DXR,1,0,0,0,0,,,,,0,,,,,,,
2023-03-15,DXR,7,0,0,0,0,,,,,0,,,,,,,
2023-03-16,DXR,160,0,0,0,0,,,,,0,,,,,,,
2023-03-17,DXR,207,0,0,0,0,,,,,0,,,,,,,
2023-03-18,DXR,219,0,0,0,0,,,,,0,,,,,,,
2023-03-19,DXR,43,0,0,0,0,,,,,0,,,,,,,
2023-03-20,DXR,161,1,0,1,0,,,,,1,,,,,,,
2023-03-21,DXR,179,0,0,0,0,,,,,0,,,,,,,
2023-03-22,DXR,148,0,0,0,0,,,,,0,,,,,,,
2023-03-23,DXR,17,0,0,0,0,,,,,0,,,,,,,
2023-03-24,DXR,169,0,0,0,0,,,,,0,,,,,,,
2023-03-25,DXR,7,0,0,0,0,,,,,0,,,,,,,
2023-03-26,DXR,56,0,0,0,0,,,,,0,,,,,,,
2023-03-27,DXR,123,0,0,0,0,,,,,0,,,,,,,
2023-03-28,DXR,25,0,0,0,0,,,,,0,,,,,,,
2023-03-29,DXR,194,0,0,0,0,,,,,0,,,,,,,
2023-03-30,DXR,36,0,0,0,0,,,,,0,,,,,,,
2023-03-31,DXR,76,0,0,0,0,,,,,0,,,,,,,
2023-04-01,DXR,2,0,0,0,0,,,,,0,,,,,,,
2023-04-02,DXR,22,0,0,0,0,,,,,0,,,,,,,
2023-04-03,DXR,140,0,0,0,0,,,,,0,,,,,,,
2023-04-04,DXR,198,0,1,1,0,,,,,1,,,,,,,
2023-04-05,DXR,9,0,0,0,0,,,,,0,,,,,,,
2023-04-06,DXR,46,0,0,0,0,,,,,0,,,,,,,
2023-04-07,DXR,98,0,0,0,0,,,,,0,,,,,,,
2023-04-08,DXR,230,2,2,4,0,,,,,4,,,,,,,
2023-04-09,DXR,158,3,1,4,0,,,,,4,,,,,,,
2023-04-10,DXR,189,1,3,4,0,,,,,4,,,,,,,
2023-04-11,DXR,130,0,0,0,0,,,,,0,,,,,,,
2023-04-12,DXR,46,0,0,0,0,,,,,0,,,,,,,
2023-04-13,DXR,186,0,0,0,0,,,,,0,,,,,,,
2023-04-14,DXR,180,1,2,3,0,,,,,3,,,,,,,
2023-04-15,DXR,109,0,0,0,0,,,,,0,,,,,,,
2023-04-16,DXR,17,0,0,0,0,,,,,0,,,,,,,
2023-04-17,DXR,14,0,0,0,0,,,,,0,,,,,,,
2023-04-18,DXR,65,0,0,0,0,,,,,0,,,,,,,
2023-04-19,DXR,155,0,0,0,0,,,,,0,,,,,,,
2023-04-20,DXR,291,0,0,0,0,,,,,0,,,,,,,
2023-04-21,DXR,261,1,1,2,0,,,,,2,,,,,,,
2023-04-22,DXR,10,0,0,0,0,,,,,0,,,,,,,
2023-04-23,DXR,24,0,0,0,0,,,,,0,,,,,,,
2023-04-24,DXR,204,0,0,0,0,,,,,0,,,,,,,
2023-04-25,DXR,158,0,0,0,0,,,,,0,,,,,,,
2023-04-26,DXR,188,0,0,0,0,,,,,0,,,,,,,
2023-04-27,DXR,32,0,0,0,0,,,,,0,,,,,,,
2023-04-28,DXR,112,1,0,1,0,,,,,1,,,,,,,
2023-04-29,DXR,8,0,0,0,0,,,,,0,,,,,,,
2023-04-30,DXR,4,0,0,0,0,,,,,0,,,,,,,
2023-05-01,DXR,43,0,0,0,0,,,,,0,,,,,,,
2023-05-02,DXR,30,0,0,0,0,,,,,0,,,,,,,
2023-05-03,DXR,207,0,0,0,0,,,,,0,,,,,,,
2023-05-04,DXR,81,0,0,0,0,,,,,0,,,,,,,
2023-05-06,DXR,269,0,0,0,0,,,,,0,,,,,,,
2023-05-07,DXR,296,0,0,0,0,,,,,0,,,,,,,
2023-05-08,DXR,89,0,0,0,0,,,,,0,,,,,,,
2023-05-09,DXR,194,0,0,0,0,,,,,0,,,,,,,
2023-05-10,DXR,164,0,0,0,0,,,,,0,,,,,,,
2023-05-11,DXR,235,0,1,1,0,,,,,1,,,,,,,
2023-05-12,DXR,205,1,0,1,0,,,,,1,,,,,,,
2023-05-13,DXR,306,1,0,1,0,,,,,1,,,,,,,
2023-05-14,DXR,160,0,0,0,0,,,,,0,,,,,,,
2023-05-15,DXR,157,0,0,0,0,,,,,0,,,,,,,
2023-05-16,DXR,106,0,0,0,0,,,,,0,,,,,,,
2023-05-17,DXR,37,0,0,0,0,,,,,0,,,,,,,
2023-05-18,DXR,260,0,0,0,0,,,,,0,,,,,,,
2023-05-19,DXR,209,0,0,0,0,,,,,0,,,,,,,
2023-05-20,DXR,5,0,0,0,0,,,,,0,,,,,,,
2023-05-21,DXR,306,0,0,0,0,,,,,0,,,,,,,
2023-05-22,DXR,279,0,0,0,0,,,,,0,,,,,,,
2023-05-23,DXR,261,0,0,0,0,,,,,0,,,,,,,
2023-05-24,DXR,291,3,3,6,0,,,,,6,,,,,,,
2023-05-25,DXR,136,0,0,0,0,,,,,0,,,,,,,
2023-05-26,DXR,202,0,0,0,0,,,,,0,,,,,,,
2023-05-27,DXR,171,0,0,0,0,,,,,0,,,,,,,
2023-05-28,DXR,214,3,0,3,0,,,,,3,,,,,,,
2023-05-29,DXR,113,1,0,1,0,,,,,1,,,,,,,
2023-05-30,DXR,114,0,0,0,0,,,,,0,,,,,,,
2023-05-31,DXR,222,1,0,1,0,,,,,1,,,,,,,
2023-06-01,DXR,269,0,0,0,0,,,,,0,,,,,,,
2023-06-02,DXR,145,0,0,0,0,,,,,0,,,,,,,
2023-06-03,DXR,27,0,0,0,0,,,,,0,,,,,,,
2023-06-04,DXR,215,0,0,0,0,,,,,0,,,,,,,
2023-06-05,DXR,115,0,0,0,0,,,,,0,,,,,,,
2023-06-06,DXR,119,0,0,0,0,,,,,0,,,,,,,
2023-06-07,DXR,63,1,0,1,0,,,,,1,,,,,,,
2023-06-08,DXR,81,0,0,0,0,,,,,0,,,,,,,
2023-06-09,DXR,235,0,0,0,0,,,,,0,,,,,,,
2023-06-10,DXR,238,0,0,0,0,,,,,0,,,,,,,
2023-06-11,DXR,232,1,1,2,0,,,,,2,,,,,,,
2023-06-12,DXR,102,0,0,0,0,,,,,0,,,,,,,
2023-06-13,DXR,253,0,0,0,0,,,,,0,,,,,,,
2023-06-14,DXR,147,0,0,0,0,,,,,0,,,,,,,
2023-06-15,DXR,346,0,0,0,0,,,,,0,,,,,,,
2023-06-16,DXR,177,0,0,0,0,,,,,0,,,,,,,
2023-06-17,DXR,104,0,0,0,0,,,,,0,,,,,,,
2023-06-18,DXR,239,0,0,0,0,,,,,0,,,,,,,
2023-06-19,DXR,204,0,0,0,0,,,,,0,,,,,,,
2023-06-20,DXR,215,0,0,0,0,,,,,0,,,,,,,
2023-06-21,DXR,345,0,0,0,0,,,,,0,,,,,,,
2023-06-22,DXR,72,0,0,0,0,,,,,0,,,,,,,
2023-06-23,DXR,92,0,0,0,0,,,,,0,,,,,,,
2023-06-24,DXR,15,0,0,0,0,,,,,0,,,,,,,
2023-06-25,DXR,70,0,0,0,0,,,,,0,,,,,,,
2023-06-26,DXR,12,0,0,0,0,,,,,0,,,,,,,
2023-06-27,DXR,23,0,0,0,0,,,,,0,,,,,,,
2023-06-28,DXR,201,0,0,0,0,,,,,0,,,,,,,
2023-06-29,DXR,308,0,0,0,0,,,,,0,,,,,,,
2023-06-30,DXR,194,0,0,0,0,,,,,0,,,,,,,
2023-07-01,DXR,294,0,0,0,0,,,,,0,,,,,,,
2023-07-02,DXR,47,0,0,0,0,,,,,0,,,,,,,
2023-07-03,DXR,243,0,0,0,0,,,,,0,,,,,,,
2023-07-04,DXR,29,0,0,0,0,,,,,0,,,,,,,
2023-07-05,DXR,212,0,0,0,0,,,,,0,,,,,,,
2023-07-06,DXR,196,0,0,0,0,,,,,0,,,,,,,
2023-07-07,DXR,135,0,0,0,0,,,,,0,,,,,,,
2023-07-08,DXR,226,0,0,0,0,,,,,0,,,,,,,
2023-07-09,DXR,27,0,0,0,0,,,,,0,,,,,,,
2023-07-10,DXR,81,0,0,0,0,,,,,0,,,,,,,
2023-07-11,DXR,229,0,0,0,0,,,,,0,,,,,,,
2023-07-12,DXR,245,0,0,0,0,,,,,0,,,,,,,
2023-07-13,DXR,144,0,1,1,0,,,,,1,,,,,,,
2023-07-14,DXR,39,0,0,0,0,,,,,0,,,,,,,
2023-07-15,DXR,222,0,0,0,0,,,,,0,,,,,,,
2023-07-16,DXR,14,0,0,0,0,,,,,0,,,,,,,
2023-07-17,DXR,221,0,0,0,0,,,,,0,,,,,,,
2023-07-18,DXR,143,0,0,0,0,,,,,0,,,,,,,
2023-07-19,DXR,157,0,0,0,0,,,,,0,,,,,,,
2023-07-20,DXR,318,0,0,0,0,,,,,0,,,,,,,
2023-07-21,DXR,99,0,0,0,0,,,,,0,,,,,,,
2023-07-22,DXR,311,0,0,0,0,,,,,0,,,,,,,
2023-07-23,DXR,211,0,0,0,0,,,,,0,,,,,,,
2023-07-24,DXR,215,0,0,0,0,,,,,0,,,,,,,
2023-07-25,DXR,153,0,0,0,0,,,,,0,,,,,,,
2023-07-26,DXR,171,0,0,0,0,,,,,0,,,,,,,
2023-07-27,DXR,68,0,0,0,0,,,,,0,,,,,,,
2023-07-28,DXR,301,0,0,0,0,,,,,0,,,,,,,
2023-07-29,DXR,118,0,0,0,0,,,,,0,,,,,,,
2023-07-30,DXR,252,0,0,0,0,,,,,0,,,,,,,
2023-07-31,DXR,268,0,0,0,0,,,,,0,,,,,,,
2023-08-01,DXR,189,0,0,0,0,,,,,0,,,,,,,
2023-08-02,DXR,269,0,0,0,0,,,,,0,,,,,,,
2023-08-03,DXR,242,0,0,0,0,,,,,0,,,,,,,
2023-08-04,DXR,47,0,0,0,0,,,,,0,,,,,,,
2023-08-05,DXR,302,0,0,0,0,,,,,0,,,,,,,
2023-08-06,DXR,324,0,0,0,0,,,,,0,,,,,,,
2023-08-07,DXR,17,0,0,0,0,,,,,0,,,,,,,
2023-08-08,DXR,54,0,0,0,0,,,,,0,,,,,,,
2023-08-09,DXR,127,1,0,1,0,,,,,1,,,,,,,
2023-08-10,DXR,112,0,0,0,0,,,,,0,,,,,,,
2023-08-11,DXR,226,0,0,0,0,,,,,0,,,,,,,
2023-08-12,DXR,178,0,0,0,0,,,,,0,,,,,,,
2023-08-13,DXR,142,0,0,0,0,,,,,0,,,,,,,
2023-08-14,DXR,154,4,4,8,0,,,,,8,,,,,,,
2023-08-15,DXR,17,0,0,0,0,,,,,0,,,,,,,
2023-08-16,DXR,135,0,0,0,0,,,,,0,,,,,,,
2023-08-17,DXR,31,0,0,0,0,,,,,0,,,,,,,
2023-08-18,DXR,188,0,0,0,0,,,,,0,,,,,,,
2023-08-19,DXR,208,0,0,0,0,,,,,0,,,,,,,
2023-08-20,DXR,235,0,0,0,0,,,,,0,,,,,,,
2023-08-21,DXR,216,0,1,1,0,,,,,1,,,,,,,
2023-08-22,DXR,145,0,0,0,0,,,,,0,,,,,,,
2023-08-23,DXR,384,1,2,3,0,,,,,3,,,,,,,
2023-08-24,DXR,123,0,0,0,0,,,,,0,,,,,,,
2023-08-25,DXR,21,0,0,0,0,,,,,0,,,,,,,
2023-08-26,DXR,252,2,0,2,0,,,,,2,,,,,,,
2023-08-27,DXR,285,4,2,6,0,,,,,6,,,,,,,
2023-08-28,DXR,216,0,0,0,0,,,,,0,,,,,,,
2023-08-29,DXR,132,0,0,0,0,,,,,0,,,,,,,
2023-08-30,DXR,124,0,0,0,0,,,,,0,,,,,,,
2023-08-31,DXR,249,0,0,0,0,,,,,0,,,,,,,
2023-09-03,DXR,190,0,0,0,0,,,,,0,,,,,,,
2023-09-04,DXR,157,0,0,0,0,,,,,0,,,,,,,
2023-09-05,DXR,180,0,0,0,0,,,,,0,,,,,,,
2023-09-06,DXR,190,0,0,0,0,,,,,0,,,,,,,
2023-09-07,DXR,21,1,0,1,0,,,,,1,,,,,,,
2023-09-10,DXR,18,0,0,0,0,,,,,0,,,,,,,
2023-09-11,DXR,48,0,0,0,0,,,,,0,,,,,,,
2023-09-12,DXR,125,0,0,0,0,,,,,0,,,,,,,
2023-09-13,DXR,63,0,0,0,0,,,,,0,,,,,,,
2023-09-14,DXR,64,2,0,2,0,,,,,2,,,,,,,
2023-09-17,DXR,325,2,1,3,0,,,,,3,,,,,,,
2023-09-18,DXR,12,0,0,0,0,,,,,0,,,,,,,
2023-09-19,DXR,181,0,0,0,0,,,,,0,,,,,,,
2023-09-20,DXR,311,2,0,2,0,,,,,2,,,,,,,
2023-09-21,DXR,6,0,0,0,0,,,,,0,,,,,,,
2023-09-24,DXR,10,0,0,0,0,,,,,0,,,,,,,
2023-09-25,DXR,8,0,0,0,0,,,,,0,,,,,,,
2023-09-26,DXR,13,0,0,0,0,,,,,0,,,,,,,
2023-09-27,DXR,27,0,2,2,0,,,,,2,,,,,,,
2023-10-01,DXR,284,0,0,0,0,,,,,0,,,,,,,
2023-10-02,DXR,297,0,0,0,0,,,,,0,,,,,,,
2023-10-03,DXR,270,1,1,2,0,,,,,2,,,,,,,
2023-10-04,DXR,281,0,2,2,0,,,,,2,,,,,,,
2023-10-05,DXR,8,0,1,1,0,,,,,1,,,,,,,
2023-10-08,DXR,121,1,2,3,0,,,,,3,,,,,,,
2023-10-09,DXR,221,0,0,0,0,,,,,0,,,,,,,
2023-10-10,DXR,248,0,0,0,0,,,,,0,,,,,,,
2023-10-11,DXR,188,14,11,25,0,,,,,25,,,,,,,
2023-10-12,DXR,23,7,6,13,0,,,,,13,,,,,,,
2023-10-15,DXR,82,1,0,1,0,,,,,1,,,,,,,
2023-10-16,DXR,249,6,6,12,0,,,,,12,,,,,,,
2023-10-17,DXR,163,12,11,23,2,,,,,23,,,,,,,
2023-10-18,DXR,252,9,5,14,0,,,,,14,,,,,,,
2023-10-19,DXR,17,5,4,9,1,,,,,9,,,,,,,
2023-10-21,DXR,8,0,0,0,0,,,,,0,,,,,,,
2023-10-22,DXR,36,0,0,0,0,,,,,0,,,,,,,
2023-10-23,DXR,153,3,1,4,0,,,,,4,,,,,,,
2023-10-24,DXR,249,16,11,27,0,,,,,27,,,,,,,
2023-10-25,DXR,304,22,18,40,0,,,,,40,,,,,,,
2023-10-29,DXR,10,0,0,0,0,,,,,0,,,,,,,
2023-10-30,DXR,2,0,0,0,0,,,,,0,,,,,,,
2023-10-31,DXR,204,4,5,9,0,,,,,9,,,,,,,
2023-11-01,DXR,37,0,0,0,0,,,,,0,,,,,,,
2023-11-02,DXR,334,1,4,5,0,,,,,5,,,,,,,
2023-11-05,DXR,235,29,19,48,2,,,,,48,,,,,,,
2023-11-06,DXR,224,13,8,21,0,,,,,21,,,,,,,
2023-11-07,DXR,108,4,9,13,0,,,,,13,,,,,,,
2023-11-08,DXR,124,3,8,11,0,,,,,11,,,,,,,
2023-11-09,DXR,217,1,1,2,0,,,,,2,,,,,,,
2023-11-12,DXR,282,10,10,20,0,,,,,20,,,,,,,
2023-11-13,DXR,152,5,3,8,0,,,,,8,,,,,,,
2023-11-14,DXR,73,0,3,3,0,,,,,3,,,,,,,
2023-11-15,DXR,135,2,2,4,0,,,,,4,,,,,,,
2023-11-16,DXR,19,4,3,7,0,,,,,7,,,,,,,
2023-11-19,DXR,328,18,14,32,1,,,,,32,,,,,,,
2023-11-20,DXR,150,4,0,4,2,,,,,4,,,,,,,
2023-11-21,DXR,154,5,2,7,1,,,,,7,,,,,,,
2023-11-22,DXR,9,0,0,0,0,,,,,0,,,,,,,
2023-11-23,DXR,264,0,0,0,0,,,,,0,,,,,,,
2023-11-26,DXR,229,4,5,9,1,,,,,9,,,,,,,
2023-11-27,DXR,93,1,0,1,0,,,,,1,,,,,,,
2023-11-28,DXR,47,1,1,2,0,,,,,2,,,,,,,
2023-11-29,DXR,149,4,9,13,1,,,,,13,,,,,,,
2023-11-30,DXR,53,11,9,20,3,,,,,20,,,,,,,
2023-12-03,DXR,17,0,0,0,0,,,,,0,,,,,,,
2023-12-04,DXR,130,3,1,4,1,,,,,4,,,,,,,
2023-12-05,DXR,132,5,6,11,1,,,,,11,,,,,,,
2023-12-06,DXR,53,0,2,2,0,,,,,2,,,,,,,
2023-12-07,DXR,31,2,0,2,0,,,,,2,,,,,,,
2023-12-10,DXR,14,0,0,0,0,,,,,0,,,,,,,
2023-12-11,DXR,2,0,0,0,0,,,,,0,,,,,,,
2023-12-12,DXR,141,6,7,13,0,,,,,13,,,,,,,
2023-12-13,DXR,74,3,3,6,0,,,,,6,,,,,,,
2023-12-14,DXR,306,5,5,10,0,,,,,10,,,,,,,
2023-12-17,DXR,6,0,0,0,0,,,,,0,,,,,,,
2023-12-18,DXR,6,0,0,0,0,,,,,0,,,,,,,
2023-12-19,DXR,89,3,6,9,0,,,,,9,,,,,,,
2023-12-20,DXR,161,6,5,11,0,,,,,11,,,,,,,
2023-12-21,DXR,241,0,0,0,0,,,,,0,,,,,,,
2023-12-24,DXR,60,0,0,0,0,,,,,0,,,,,,,
2023-12-25,DXR,0,0,0,0,0,,,,,0,,,,,,,
2023-12-26,DXR,16,0,0,0,0,,,,,0,,,,,,,
2023-12-27,DXR,9,0,0,0,0,,,,,0,,,,,,,
2023-12-28,DXR,11,0,0,0,0,,,,,0,,,,,,,
2023-12-29,DXR,279,0,0,0,0,,,,,0,,,,,,,
2023-12-31,DXR,223,29,23,52,1,,,,,52,,,,,,,
2024-01-01,DXR,60,3,3,6,0,,,,,6,,,,,,,
2024-01-02,DXR,170,5,7,12,0,,,,,12,,,,,,,
2024-01-03,DXR,199,13,7,20,0,,,,,20,,,,,,,
2024-01-04,DXR,193,0,0,0,0,,,,,0,,,,,,,
2024-01-05,DXR,284,17,24,41,1,,,,,41,,,,,,,
2024-01-06,DXR,280,37,34,71,3,,,,,71,,,,,,,
2024-01-07,DXR,1,0,0,0,0,,,,,0,,,,,,,
2024-01-08,DXR,77,0,0,0,0,,,,,0,,,,,,,
2024-01-09,DXR,33,0,0,0,0,,,,,0,,,,,,,
2024-01-10,DXR,8,0,0,0,0,,,,,0,,,,,,,
2024-01-11,DXR,182,17,16,33,1,,,,,33,,,,,,,
2024-01-12,DXR,395,20,9,29,0,,,,,29,,,,,,,
2024-01-13,DXR,9,0,0,0,0,,,,,0,,,,,,,
2024-01-14,DXR,46,2,2,4,0,,,,,4,,,,,,,
2024-01-15,DXR,256,8,15,23,0,,,,,23,,,,,,,
2024-01-16,DXR,28,0,0,0,0,,,,,0,,,,,,,
2024-01-18,DXR,11,0,0,0,0,,,,,0,,,,,,,
2024-01-21,DXR,19,0,1,1,1,,,,,1,,,,,,,
2024-01-22,DXR,131,4,1,5,0,,,,,5,,,,,,,
2024-01-23,DXR,11,0,0,0,0,,,,,0,,,,,,,
2024-01-24,DXR,2,0,0,0,0,,,,,0,,,,,,,
2024-01-25,DXR,49,0,0,0,0,,,,,0,,,,,,,
2024-01-26,DXR,0,0,0,0,0,,,,,0,,,,,,,
2024-01-28,DXR,6,0,0,0,0,,,,,0,,,,,,,
2024-01-29,DXR,10,0,0,0,0,,,,,0,,,,,,,
2024-01-30,DXR,237,8,10,18,1,,,,,18,,,,,,,
2024-01-31,DXR,139,3,2,5,0,,,,,5,,,,,,,
2024-02-01,DXR,215,3,3,6,0,,,,,6,,,,,,,
2024-02-04,DXR,265,18,17,35,0,,,,,35,,,,,,,
2024-02-05,DXR,215,6,2,8,0,,,,,8,,,,,,,
2024-02-06,DXR,186,7,7,14,0,,,,,14,,,,,,,
2024-02-07,DXR,240,10,13,23,1,,,,,23,,,,,,,
2024-02-11,DXR,322,10,12,22,1,,,,,22,,,,,,,
2024-02-12,DXR,167,2,4,6,0,,,,,6,,,,,,,
2024-02-13,DXR,4,0,0,0,0,,,,,0,,,,,,,
2024-02-14,DXR,13,0,0,0,0,,,,,0,,,,,,,
2024-02-15,DXR,8,2,4,6,0,,,,,6,,,,,,,
2024-02-18,DXR,63,0,1,1,0,,,,,1,,,,,,,
2024-02-19,DXR,259,9,5,14,0,,,,,14,,,,,,,
2024-02-20,DXR,190,8,13,21,4,,,,,21,,,,,,,
2024-02-21,DXR,175,5,6,11,0,,,,,11,,,,,,,
2024-02-22,DXR,55,3,2,5,1,,,,,5,,,,,,,
2024-02-23,DXR,210,0,0,0,0,,,,,0,,,,,,,
2024-02-25,DXR,231,12,3,15,0,,,,,15,,,,,,,
2024-02-26,DXR,146,6,5,11,0,,,,,11,,,,,,,
2024-02-27,DXR,83,1,0,1,0,,,,,1,,,,,,,
2024-02-28,DXR,7,0,0,0,0,,,,,0,,,,,,,
2024-02-29,DXR,1,0,0,0,0,,,,,0,,,,,,,
2024-03-03,DXR,236,1,0,1,0,,,,,1,,,,,,,
2024-03-04,DXR,178,1,0,1,0,,,,,1,,,,,,,
2024-03-05,DXR,3,0,0,0,0,,,,,0,,,,,,,
2024-03-06,DXR,4,0,0,0,0,,,,,0,,,,,,,
2024-03-07,DXR,11,0,0,0,0,,,,,0,,,,,,,
2024-03-10,DXR,7,0,0,0,0,,,,,0,,,,,,,
2024-03-11,DXR,3,0,0,0,0,,,,,0,,,,,,,
2024-03-12,DXR,64,0,0,0,0,,,,,0,,,,,,,
2024-03-13,DXR,267,4,1,5,0,,,,,5,,,,,,,
2024-03-14,DXR,167,4,6,10,0,,,,,10,,,,,,,
2024-03-17,DXR,88,0,0,0,0,,,,,0,,,,,,,
2024-03-18,DXR,139,0,1,1,0,,,,,1,,,,,,,
2024-03-19,DXR,46,0,0,0,0,,,,,0,,,,,,,
2024-03-20,DXR,138,0,0,0,0,,,,,0,,,,,,,
2024-03-21,DXR,0,0,0,0,0,,,,,0,,,,,,,
2024-03-24,DXR,93,1,0,1,0,,,,,1,,,,,,,
2024-03-25,DXR,212,0,0,0,0,,,,,0,,,,,,,
2024-03-26,DXR,125,0,0,0,0,,,,,0,,,,,,,
2024-03-27,DXR,112,0,0,0,0,,,,,0,,,,,,,
2024-03-28,DXR,194,0,0,0,0,,,,,0,,,,,,,
2024-03-31,DXR,157,8,8,16,0,,,,,16,,,,,,,
2024-04-01,DXR,206,14,9,23,0,,,,,23,,,,,,,
2024-04-02,DXR,39,0,0,0,0,,,,,0,,,,,,,
2024-04-03,DXR,49,0,0,0,0,,,,,0,,,,,,,
2024-04-07,DXR,215,6,14,20,1,,,,,20,,,,,,,
2024-04-08,DXR,175,9,3,12,0,,,,,12,,,,,,,
2024-04-09,DXR,235,8,10,18,0,,,,,18,,,,,,,
2024-04-10,DXR,105,3,3,6,0,,,,,6,,,,,,,
2024-04-11,DXR,39,0,0,0,0,,,,,0,,,,,,,
2024-04-14,DXR,282,10,7,17,0,,,,,17,,,,,,,
2024-04-15,DXR,163,9,7,16,1,,,,,16,,,,,,,
2024-04-16,DXR,216,8,10,18,2,,,,,18,,,,,,,
2024-04-17,DXR,251,5,4,9,2,,,,,9,,,,,,,
2024-04-18,DXR,14,0,0,0,0,,,,,0,,,,,,,
2024-04-19,DXR,234,20,11,31,1,,,,,31,,,,,,,
2024-04-20,DXR,172,5,6,11,0,,,,,11,,,,,,,
2024-04-21,DXR,322,29,14,43,1,,,,,43,,,,,,,
2024-04-22,DXR,220,5,6,11,1,,,,,11,,,,,,,
2024-04-23,DXR,197,10,4,14,0,,,,,14,,,,,,,
2024-04-24,DXR,164,2,2,4,0,,,,,4,,,,,,,
2024-04-25,DXR,250,2,1,3,0,,,,,3,,,,,,,
2024-04-28,DXR,191,1,0,1,0,,,,,1,,,,,,,
2024-04-29,DXR,212,8,5,13,1,,,,,13,,,,,,,
2024-04-30,DXR,26,0,0,0,0,,,,,0,,,,,,,
2024-05-01,DXR,242,6,7,13,0,,,,,13,,,,,,,
2024-05-02,DXR,307,1,6,7,0,,,,,7,,,,,,,
2024-05-05,DXR,8,0,0,0,0,,,,,0,,,,,,,
2024-05-06,DXR,82,0,0,0,0,,,,,0,,,,,,,
2024-05-07,DXR,319,16,18,34,5,,,,,34,,,,,,,
2024-05-08,DXR,126,11,6,17,0,,,,,17,,,,,,,
2024-05-09,DXR,351,15,10,25,1,,,,,25,,,,,,,
2024-05-12,DXR,63,0,0,0,0,,,,,0,,,,,,,
2024-05-13,DXR,244,7,11,18,1,,,,,18,,,,,,,
2024-05-14,DXR,208,6,10,16,1,,,,,16,,,,,,,
2024-05-15,DXR,7,0,0,0,0,,,,,0,,,,,,,
2024-05-16,DXR,269,0,0,0,0,,,,,0,,,,,,,
2024-05-19,DXR,288,15,9,24,0,,,,,24,,,,,,,
2024-05-20,DXR,212,2,0,2,0,,,,,2,,,,,,,
2024-05-21,DXR,154,8,7,15,0,,,,,15,,,,,,,
2024-05-22,DXR,210,5,4,9,1,,,,,9,,,,,,,
2024-05-23,DXR,90,0,0,0,0,,,,,0,,,,,,,
2024-05-26,DXR,256,7,7,14,1,,,,,14,,,,,,,
2024-05-27,DXR,9,0,0,0,0,,,,,0,,,,,,,
2024-05-28,DXR,133,2,1,3,0,,,,,3,,,,,,,
2024-05-29,DXR,347,10,8,18,0,,,,,18,,,,,,,
2024-05-30,DXR,300,0,0,0,0,,,,,0,,,,,,,
2024-06-01,DXR,381,24,25,49,1,,,,,49,,,,,,,
2024-06-02,DXR,235,12,14,26,0,,,,,26,,,,,,,
2024-06-03,DXR,210,11,12,23,0,,,,,23,,,,,,,
2024-06-04,DXR,358,8,8,16,0,,,,,16,,,,,,,
2024-06-05,DXR,270,5,4,9,3,,,,,9,,,,,,,
2024-06-06,DXR,13,0,0,0,0,,,,,0,,,,,,,
2024-06-07,DXR,363,26,28,54,2,,,,,54,,,,,,,
2024-06-08,DXR,151,7,6,13,0,,,,,13,,,,,,,
2024-06-09,DXR,77,2,1,3,0,,,,,3,,,,,,,
2024-06-10,DXR,262,21,18,39,0,,,,,39,,,,,,,
2024-06-11,DXR,231,15,14,29,1,,,,,29,,,,,,,
2024-06-13,DXR,303,9,10,19,0,,,,,19,,,,,,,
2024-06-14,DXR,130,21,18,39,0,,,,,39,,,,,,,
2024-06-15,DXR,179,10,3,13,1,,,,,13,,,,,,,
2024-06-16,DXR,275,29,17,46,1,,,,,46,,,,,,,
2024-06-17,DXR,229,9,7,16,0,,,,,16,,,,,,,
2024-06-18,DXR,225,6,2,8,0,,,,,8,,,,,,,
2024-06-19,DXR,287,9,12,21,0,,,,,21,,,,,,,
2024-06-20,DXR,288,12,14,26,1,,,,,26,,,,,,,
2024-06-21,DXR,145,8,7,15,0,,,,,15,,,,,,,
2024-06-22,DXR,144,6,9,15,0,,,,,15,,,,,,,
2024-06-23,DXR,127,2,3,5,0,,,,,5,,,,,,,
2024-06-24,DXR,60,1,0,1,0,,,,,1,,,,,,,
2024-06-25,DXR,285,5,6,11,1,,,,,11,,,,,,,
2024-06-27,DXR,262,10,10,20,2,,,,,20,,,,,,,
2024-06-28,DXR,420,20,20,40,1,,,,,40,,,,,,,
2024-06-29,DXR,49,1,0,1,0,,,,,1,,,,,,,
2024-06-30,DXR,57,1,2,3,0,,,,,3,,,,,,,
2024-07-01,DXR,128,2,2,4,0,,,,,4,,,,,,,
2024-07-02,DXR,259,19,16,35,2,,,,,35,,,,,,,
2024-07-04,DXR,317,5,5,10,0,,,,,10,,,,,,,
2024-07-05,DXR,86,0,0,0,0,,,,,0,,,,,,,
2024-07-06,DXR,25,0,0,0,0,,,,,0,,,,,,,
2024-07-07,DXR,304,27,15,42,1,,,,,42,,,,,,,
2024-07-08,DXR,312,12,8,20,1,,,,,20,,,,,,,
2024-07-09,DXR,147,9,5,14,0,,,,,14,,,,,,,
2024-07-11,DXR,135,0,2,2,0,,,,,2,,,,,,,
2024-07-12,DXR,145,0,0,0,0,,,,,0,,,,,,,
2024-07-13,DXR,206,7,7,14,0,,,,,14,,,,,,,
2024-07-14,DXR,452,24,24,48,0,,,,,48,,,,,,,
2024-07-15,DXR,301,10,8,18,0,,,,,18,,,,,,,
2024-07-16,DXR,237,7,7,14,0,,,,,14,,,,,,,
2024-07-17,DXR,182,5,2,7,0,,,,,7,,,,,,,
2024-07-18,DXR,303,6,8,14,0,,,,,14,,,,,,,
2024-07-19,DXR,420,21,17,38,0,,,,,38,,,,,,,
2024-07-20,DXR,146,14,13,27,0,,,,,27,,,,,,,
2024-07-21,DXR,301,11,11,22,0,,,,,22,,,,,,,
2024-07-22,DXR,265,9,11,20,0,,,,,20,,,,,,,
2024-07-23,DXR,18,2,1,3,0,,,,,3,,,,,,,
2024-07-25,DXR,314,13,13,26,0,,,,,26,,,,,,,
2024-07-27,DXR,322,19,21,40,2,,,,,40,,,,,,,
2024-07-28,DXR,371,33,18,51,3,,,,,51,,,,,,,
2024-07-29,DXR,124,4,2,6,0,,,,,6,,,,,,,
2024-07-30,DXR,86,3,4,7,0,,,,,7,,,,,,,
2024-08-01,DXR,326,14,7,21,1,,,,,21,,,,,,,
2024-08-02,DXR,254,11,7,18,1,,,,,18,,,,,,,
2024-08-03,DXR,103,0,2,2,0,,,,,2,,,,,,,
2024-08-04,DXR,72,0,0,0,1,,,,,0,,,,,,,
2024-08-05,DXR,341,29,26,55,0,,,,,55,,,,,,,
2024-08-06,DXR,233,7,7,14,0,,,,,14,,,,,,,
2024-08-08,DXR,15,0,0,0,0,,,,,0,,,,,,,
2024-08-09,DXR,7,0,0,0,0,,,,,0,,,,,,,
2024-08-10,DXR,269,38,28,66,0,,,,,66,,,,,,,
2024-08-11,DXR,249,34,30,64,4,,,,,64,,,,,,,
2024-08-12,DXR,206,28,25,53,2,,,,,53,,,,,,,
2024-08-14,DXR,223,19,16,35,1,,,,,35,,,,,,,
2024-08-15,DXR,342,46,40,86,3,,,,,86,,,,,,,
2024-08-16,DXR,311,36,32,68,1,,,,,68,,,,,,,
2024-08-17,DXR,96,5,8,13,0,,,,,13,,,,,,,
2024-08-18,DXR,27,0,0,0,0,,,,,0,,,,,,,
2024-08-19,DXR,33,3,0,3,0,,,,,3,,,,,,,
2024-08-20,DXR,211,20,14,34,4,,,,,34,,,,,,,
2024-08-21,DXR,308,43,32,75,2,,,,,75,,,,,,,
2024-08-22,DXR,286,39,27,66,0,,,,,66,,,,,,,
2024-08-23,DXR,329,44,37,81,3,,,,,81,,,,,,,
2024-08-24,DXR,298,53,45,98,8,,,,,98,,,,,,,
2024-08-25,DXR,250,29,25,54,1,,,,,54,,,,,,,
2024-08-27,DXR,158,28,16,44,1,,,,,44,,,,,,,
2024-08-28,DXR,238,34,30,64,2,,,,,64,,,,,,,
2024-08-29,DXR,270,29,22,51,0,,,,,51,,,,,,,
2024-08-30,DXR,197,28,22,50,0,,,,,50,,,,,,,
2024-08-31,DXR,89,4,2,6,1,,,,,6,,,,,,,
2024-09-01,DXR,41,1,1,2,0,,,,,2,,,,,,,
2024-09-02,DXR,364,35,24,59,2,,,,,59,,,,,,,
2024-09-03,DXR,128,6,6,12,4,,,,,12,,,,,,,
2024-09-05,DXR,241,27,17,44,0,,,,,44,,,,,,,
2024-09-06,DXR,219,36,22,58,1,,,,,58,,,,,,,
2024-09-07,DXR,25,0,0,0,0,,,,,0,,,,,,,
2024-09-08,DXR,212,34,24,58,1,,,,,58,,,,,,,
2024-09-09,DXR,279,34,29,63,0,,,,,63,,,,,,,
2024-09-10,DXR,257,25,15,40,0,,,,,40,,,,,,,
2024-09-12,DXR,314,34,20,54,0,,,,,54,,,,,,,
2024-09-13,DXR,314,27,19,46,2,,,,,46,,,,,,,
2024-09-14,DXR,229,17,21,38,1,,,,,38,,,,,,,
2024-09-15,DXR,299,37,27,64,1,,,,,64,,,,,,,
2024-09-16,DXR,207,1,2,3,0,,,,,3,,,,,,,
2024-09-17,DXR,118,19,14,33,2,,,,,33,,,,,,,
2024-09-18,DXR,111,5,8,13,0,,,,,13,,,,,,,
2024-09-19,DXR,178,18,15,33,0,,,,,33,,,,,,,
2024-09-20,DXR,178,6,6,12,0,,,,,12,,,,,,,
2024-09-21,DXR,141,19,19,38,0,,,,,38,,,,,,,
2024-09-22,DXR,221,45,41,86,3,,,,,86,,,,,,,
2024-09-23,DXR,223,34,28,62,1,,,,,62,,,,,,,
2024-09-24,DXR,10,23,20,43,0,,,,,43,,,,,,,
2024-09-27,DXR,295,24,27,51,2,,,,,51,,,,,,,
2024-09-28,DXR,113,3,2,5,0,,,,,5,,,,,,,
2024-09-29,DXR,34,2,0,2,1,,,,,2,,,,,,,
2024-09-30,DXR,177,12,11,23,3,,,,,23,,,,,,,
2024-10-01,DXR,166,31,24,55,3,,,,,55,,,,,,,
2024-10-02,DXR,216,25,14,39,0,,,,,39,,,,,,,
2024-10-03,DXR,261,30,21,51,4,,,,,51,,,,,,,
2024-10-05,DXR,233,40,43,83,6,,,,,83,,,,,,,
2024-10-06,DXR,330,80,68,148,4,,,,,148,,,,,,,
2024-10-07,DXR,62,8,6,14,1,,,,,14,,,,,,,
2024-10-08,DXR,79,19,14,33,0,,,,,33,,,,,,,
2024-10-11,DXR,491,78,69,147,3,,,,,147,,,,,,,
2024-10-12,DXR,101,5,4,9,0,,,,,9,,,,,,,
2024-10-13,DXR,262,22,17,39,0,,,,,39,,,,,,,
2024-10-14,DXR,89,0,0,0,0,,,,,0,,,,,,,
2024-10-15,DXR,186,4,4,8,2,,,,,8,,,,,,,
2024-10-16,DXR,164,1,1,2,0,,,,,2,,,,,,,
2024-10-17,DXR,185,16,13,29,0,,,,,29,,,,,,,
2024-10-18,DXR,180,14,9,23,0,,,,,23,,,,,,,
2024-10-19,DXR,350,31,27,58,0,,,,,58,,,,,,,
2024-10-20,DXR,279,43,29,72,0,,,,,72,,,,,,,
2024-10-21,DXR,227,19,15,34,0,,,,,34,,,,,,,
2024-10-22,DXR,99,16,9,25,0,,,,,25,,,,,,,
2024-10-23,DXR,99,2,4,6,1,,,,,6,,,,,,,
2024-10-24,DXR,62,0,0,0,0,,,,,0,,,,,,,
2024-10-25,DXR,318,15,19,34,2,,,,,34,,,,,,,
2024-10-26,DXR,87,2,2,4,0,,,,,4,,,,,,,
2024-10-27,DXR,255,29,19,48,2,,,,,48,,,,,,,
2024-10-28,DXR,231,11,10,21,1,,,,,21,,,,,,,
2024-10-29,DXR,93,1,0,1,0,,,,,1,,,,,,,
2024-10-30,DXR,147,13,12,25,0,,,,,25,,,,,,,
2024-10-31,DXR,172,10,9,19,0,,,,,19,,,,,,,
2024-11-01,DXR,60,2,0,2,0,,,,,2,,,,,,,
2024-11-02,DXR,200,7,5,12,0,,,,,12,,,,,,,
2024-11-03,DXR,236,18,13,31,3,,,,,31,,,,,,,
2024-11-04,DXR,145,15,7,22,0,,,,,22,,,,,,,
2024-11-05,DXR,120,5,6,11,0,,,,,11,,,,,,,
2024-11-06,DXR,64,1,1,2,0,,,,,2,,,,,,,
2024-11-07,DXR,77,2,3,5,0,,,,,5,,,,,,,
2024-11-08,DXR,77,9,5,14,1,,,,,14,,,,,,,
2024-11-09,DXR,123,4,4,8,0,,,,,8,,,,,,,
2024-11-10,DXR,123,39,30,69,2,,,,,69,,,,,,,
2024-11-11,DXR,266,3,2,5,0,,,,,5,,,,,,,
2024-11-12,DXR,77,0,0,0,0,,,,,0,,,,,,,
2024-11-13,DXR,10,19,14,33,3,,,,,33,,,,,,,
2024-11-14,DXR,221,21,22,43,0,,,,,43,,,,,,,
2024-11-15,DXR,309,7,4,11,0,,,,,11,,,,,,,
2024-11-16,DXR,121,4,2,6,0,,,,,6,,,,,,,
2024-11-17,DXR,72,14,12,26,1,,,,,26,,,,,,,
2024-11-18,DXR,238,12,6,18,1,,,,,18,,,,,,,
2024-11-19,DXR,160,7,12,19,2,,,,,19,,,,,,,
2024-11-20,DXR,228,5,5,10,0,,,,,10,,,,,,,
2024-11-21,DXR,9,0,0,0,0,,,,,0,,,,,,,
2024-11-22,DXR,9,0,0,0,0,,,,,0,,,,,,,
2024-11-23,DXR,25,0,0,0,0,,,,,0,,,,,,,
2024-11-24,DXR,24,0,0,0,0,,,,,0,,,,,,,
2024-11-25,DXR,252,12,13,25,0,,,,,25,,,,,,,
2024-11-26,DXR,10,0,0,0,0,,,,,0,,,,,,,
2024-11-27,DXR,304,14,14,28,0,,,,,28,,,,,,,
2024-11-28,DXR,0,0,0,0,0,,,,,0,,,,,,,
2024-11-29,DXR,146,8,9,17,0,,,,,17,,,,,,,
2024-11-30,DXR,229,16,13,29,0,,,,,29,,,,,,,
2024-12-01,DXR,202,18,9,27,1,,,,,27,,,,,,,
2024-12-02,DXR,179,4,3,7,0,,,,,7,,,,,,,
2024-12-03,DXR,165,8,6,14,0,,,,,14,,,,,,,
2024-12-04,DXR,77,4,5,9,0,,,,,9,,,,,,,
2024-12-05,DXR,11,0,0,0,0,,,,,0,,,,,,,
2024-12-06,DXR,39,0,0,0,0,,,,,0,,,,,,,
2024-12-07,DXR,195,11,11,22,4,,,,,22,,,,,,,
2024-12-08,DXR,149,1,0,1,0,,,,,1,,,,,,,
2024-12-09,DXR,81,1,2,3,0,,,,,3,,,,,,,
2024-12-10,DXR,4,0,0,0,0,,,,,0,,,,,,,
2024-12-11,DXR,1,0,0,0,0,,,,,0,,,,,,,
2024-12-12,DXR,42,1,1,2,0,,,,,2,,,,,,,
2024-12-13,DXR,200,6,6,12,1,,,,,12,,,,,,,
2024-12-14,DXR,192,15,14,29,0,,,,,29,,,,,,,
2024-12-15,DXR,258,32,23,55,1,,,,,55,,,,,,,
2024-12-16,DXR,1,0,0,0,0,,,,,0,,,,,,,
2024-12-17,DXR,113,5,3,8,0,,,,,8,,,,,,,
2024-12-18,DXR,151,10,13,23,1,,,,,23,,,,,,,
2024-12-19,DXR,188,8,4,12,1,,,,,12,,,,,,,
2024-12-20,DXR,24,0,0,0,0,,,,,0,,,,,,,
2024-12-21,DXR,3,0,0,0,0,,,,,0,,,,,,,
2024-12-22,DXR,103,2,2,4,1,,,,,4,,,,,,,
2024-12-23,DXR,264,97,66,163,2,,,,,163,,,,,,,
2024-12-24,DXR,18,7,5,12,0,,,,,12,,,,,,,
2024-12-25,DXR,6,0,1,1,0,,,,,1,,,,,,,
2024-12-26,DXR,168,56,25,81,1,,,,,81,,,,,,,
2024-12-27,DXR,335,90,48,138,1,,,,,138,,,,,,,
2024-12-28,DXR,1,0,0,0,0,,,,,0,,,,,,,
2024-12-29,DXR,6,1,1,2,0,,,,,2,,,,,,,
2024-12-30,DXR,144,29,21,50,0,,,,,50,,,,,,,
2024-12-31,DXR,217,39,36,75,0,,,,,75,,,,,,,
2025-01-01,DXR,11,6,0,6,0,,,,,6,,,,,,,
2025-01-02,DXR,11,7,0,7,0,,,,,7,,,,,,,
2025-01-03,DXR,94,39,21,60,0,,,,,60,,,,,,,
2025-01-04,DXR,26,13,3,16,0,,,,,16,,,,,,,
2025-01-05,DXR,90,37,21,58,0,,,,,58,,,,,,,
2025-01-06,DXR,24,4,0,4,0,,,,,4,,,,,,,
2025-01-07,DXR,4,2,1,3,0,,,,,3,,,,,,,
2025-01-08,DXR,3,3,0,3,0,,,,,3,,,,,,,
2025-01-09,DXR,6,2,0,2,0,,,,,2,,,,,,,
2025-01-10,DXR,80,22,17,39,0,,,,,39,,,,,,,
2025-01-11,DXR,8,4,1,5,0,,,,,5,,,,,,,
2025-01-12,DXR,289,98,55,153,3,,,,,153,,,,,,,
2025-01-13,DXR,217,82,54,136,1,,,,,136,,,,,,,
2025-01-14,DXR,29,9,1,10,0,,,,,10,,,,,,,
2025-01-15,DXR,36,9,5,14,0,,,,,14,,,,,,,
2025-01-16,DXR,149,56,34,90,1,,,,,90,,,,,,,
2025-01-17,DXR,168,50,14,64,0,,,,,64,,,,,,,
2025-01-18,DXR,75,28,22,50,0,,,,,50,,,,,,,
2025-01-19,DXR,26,1,10,11,0,,,,,11,,,,,,,
2025-01-20,DXR,13,6,4,10,0,,,,,10,,,,,,,
2025-01-21,DXR,77,27,24,51,0,,,,,51,,,,,,,
2025-01-22,DXR,115,39,38,77,0,,,,,77,,,,,,,
2025-01-23,DXR,114,40,37,77,0,,,,,77,,,,,,,
2025-01-24,DXR,138,44,42,86,0,,,,,86,,,,,,,
2025-01-25,DXR,222,69,57,126,1,,,,,126,,,,,,,
2025-01-26,DXR,87,30,16,46,0,,,,,46,,,,,,,
2025-01-27,DXR,138,47,36,83,2,,,,,83,,,,,,,
2025-01-28,DXR,30,11,7,18,2,,,,,18,,,,,,,
2025-01-29,DXR,19,7,3,10,0,,,,,10,,,,,,,
2025-01-30,DXR,94,31,19,50,1,,,,,50,,,,,,,
2025-01-31,DXR,10,3,2,5,0,,,,,5,,,,,,,
2025-02-01,DXR,42,12,16,28,1,,,,,28,,,,,,,
2025-02-02,DXR,298,49,58,107,1,,,,,107,,,,,,,
2025-02-03,DXR,106,32,19,51,0,,,,,51,,,,,,,
2025-02-04,DXR,23,9,5,14,3,,,,,14,,,,,,,
2025-02-05,DXR,228,64,64,128,2,,,,,128,,,,,,,
2025-02-06,DXR,1,0,0,0,0,,,,,0,,,,,,,
2025-02-07,DXR,32,6,2,8,5,,,,,8,,,,,,,
2025-02-08,DXR,317,95,75,170,4,,,,,170,,,,,,,
2025-02-09,DXR,3,1,1,2,0,,,,,2,,,,,,,
2025-02-10,DXR,203,52,36,88,2,,,,,88,,,,,,,
2025-02-11,DXR,156,44,38,82,2,,,,,82,,,,,,,
2025-02-12,DXR,50,6,12,18,3,,,,,18,,,,,,,
2025-02-13,DXR,4,1,4,5,0,,,,,5,,,,,,,
2025-02-14,DXR,83,19,17,36,1,,,,,36,,,,,,,
2025-02-15,DXR,137,19,33,52,6,,,,,52,,,,,,,
2025-02-16,DXR,4,1,2,3,0,,,,,3,,,,,,,
2025-02-17,DXR,10,6,1,7,0,,,,,7,,,,,,,
2025-02-18,DXR,18,9,3,12,2,,,,,12,,,,,,,
2025-02-19,DXR,192,66,62,128,3,,,,,128,,,,,,,
2025-02-20,DXR,171,38,41,79,4,,,,,79,,,,,,,
2025-02-21,DXR,13,5,6,11,1,,,,,11,,,,,,,
2025-02-22,DXR,300,77,61,138,0,,,,,138,,,,,,,
2025-02-23,DXR,294,73,50,123,0,,,,,123,,,,,,,
2025-02-24,DXR,265,73,57,130,0,,,,,130,,,,,,,
2025-02-25,DXR,187,53,36,89,2,,,,,89,,,,,,,
2025-02-26,DXR,221,56,33,89,3,,,,,89,,,,,,,
2025-02-27,DXR,68,29,27,56,0,,,,,56,,,,,,,
2025-02-28,DXR,69,20,10,30,0,,,,,30,,,,,,,
2025-03-01,DXR,95,38,28,66,0,,,,,66,,,,,,,
2025-03-02,DXR,61,29,22,51,2,,,,,51,,,,,,,
2025-03-03,DXR,197,55,44,99,0,,,,,99,,,,,,,
2025-03-04,DXR,97,38,26,64,0,,,,,64,,,,,,,
2025-03-05,DXR,4,1,1,2,0,,,,,2,,,,,,,
2025-03-06,DXR,40,14,11,25,0,,,,,25,,,,,,,
2025-03-07,DXR,7,3,2,5,0,,,,,5,,,,,,,
2025-03-08,DXR,20,9,3,12,0,,,,,12,,,,,,,
2025-03-09,DXR,232,80,67,147,0,,,,,147,,,,,,,
2025-03-10,DXR,233,64,47,111,0,,,,,111,,,,,,,
2025-03-11,DXR,174,47,36,83,1,,,,,83,,,,,,,
2025-03-12,DXR,213,42,50,92,0,,,,,92,,,,,,,
2025-03-13,DXR,77,17,29,46,0,,,,,46,,,,,,,
2025-03-14,DXR,183,36,43,79,0,,,,,79,,,,,,,
2025-03-15,DXR,3,2,0,2,0,,,,,2,,,,,,,
2025-03-16,DXR,3,3,1,4,0,,,,,4,,,,,,,
2025-03-17,DXR,15,5,2,7,0,,,,,7,,,,,,,
2025-03-18,DXR,191,38,53,91,0,,,,,91,,,,,,,
2025-03-19,DXR,238,73,72,145,0,,,,,145,,,,,,,
2025-03-20,DXR,5,1,2,3,0,,,,,3,,,,,,,
2025-03-21,DXR,14,4,5,9,2,,,,,9,,,,,,,
2025-03-22,DXR,221,47,38,85,2,,,,,85,,,,,,,
2025-03-23,DXR,354,112,90,202,0,,,,,202,,,,,,,
2025-03-24,DXR,7,1,3,4,0,,,,,4,,,,,,,
2025-03-25,DXR,103,36,33,69,0,,,,,69,,,,,,,
2025-03-26,DXR,108,48,33,81,2,,,,,81,,,,,,,
2025-03-27,DXR,144,49,41,90,3,,,,,90,,,,,,,
2025-03-28,DXR,201,71,65,136,2,,,,,136,,,,,,,
2025-03-29,DXR,148,48,48,96,1,,,,,96,,,,,,,
2025-03-30,DXR,7,0,0,0,0,,,,,0,,,,,,,
2025-03-31,DXR,20,10,11,21,0,,,,,21,,,,,,,
2025-04-01,DXR,73,18,20,38,5,,,,,38,,,,,,,
2025-04-02,DXR,126,33,45,78,0,,,,,78,,,,,,,
2025-04-03,DXR,2,1,0,1,0,,,,,1,,,,,,,
2025-04-04,DXR,173,56,57,113,1,,,,,113,,,,,,,
2025-04-05,DXR,7,1,3,4,0,,,,,4,,,,,,,
2025-04-06,DXR,172,42,36,78,2,,,,,78,,,,,,,
2025-04-07,DXR,1,0,1,1,0,,,,,1,,,,,,,
2025-04-08,DXR,15,7,6,13,0,,,,,13,,,,,,,
2025-04-09,DXR,290,84,71,155,0,,,,,155,,,,,,,
2025-04-10,DXR,255,66,72,138,0,,,,,138,,,,,,,
2025-04-11,DXR,22,2,9,11,0,,,,,11,,,,,,,
2025-04-12,DXR,3,0,2,2,0,,,,,2,,,,,,,
2025-04-13,DXR,16,5,7,12,0,,,,,12,,,,,,,
2025-04-14,DXR,301,108,85,193,0,,,,,193,,,,,,,
2025-04-15,DXR,65,19,10,29,6,,,,,29,,,,,,,
2025-04-16,DXR,18,7,6,13,0,,,,,13,,,,,,,
2025-04-17,DXR,195,68,52,120,2,,,,,120,,,,,,,
2025-04-18,DXR,213,58,42,100,1,,,,,100,,,,,,,
2025-04-19,DXR,96,36,19,55,0,,,,,55,,,,,,,
2025-04-20,DXR,16,8,7,15,0,,,,,15,,,,,,,
2025-04-21,DXR,292,61,75,136,0,,,,,136,,,,,,,
2025-04-22,DXR,134,45,30,75,1,,,,,75,,,,,,,
2025-04-23,DXR,324,93,88,181,0,,,,,181,,,,,,,
2025-04-24,DXR,201,72,53,125,0,,,,,125,,,,,,,
2025-04-25,DXR,175,64,46,110,0,,,,,110,,,,,,,
2025-04-26,DXR,5,2,2,4,0,,,,,4,,,,,,,
2025-04-27,DXR,19,8,6,14,0,,,,,14,,,,,,,
2025-04-28,DXR,206,73,63,136,2,,,,,136,,,,,,,
2025-04-29,DXR,72,24,14,38,2,,,,,38,,,,,,,
2025-04-30,DXR,202,56,54,110,0,,,,,110,,,,,,,
2025-05-01,DXR,252,80,90,170,6,,,,,170,,,,,,,
2025-05-02,DXR,149,51,39,90,2,,,,,90,,,,,,,
2025-05-03,DXR,98,36,32,68,0,,,,,68,,,,,,,
2025-05-04,DXR,9,0,3,3,0,,,,,3,,,,,,,
2025-05-05,DXR,8,0,1,1,0,,,,,1,,,,,,,
2025-05-06,DXR,5,1,2,3,0,,,,,3,,,,,,,
2025-05-07,DXR,366,99,77,176,5,,,,,176,,,,,,,
2025-05-08,DXR,219,59,55,114,1,,,,,114,,,,,,,
2025-05-09,DXR,3,1,1,2,0,,,,,2,,,,,,,
2025-05-10,DXR,36,15,11,26,4,,,,,26,,,,,,,
2025-05-11,DXR,292,82,72,154,1,,,,,154,,,,,,,
2025-05-12,DXR,298,85,82,167,0,,,,,167,,,,,,,
2025-05-13,DXR,232,45,54,99,3,,,,,99,,,,,,,
2025-05-14,DXR,7,1,4,5,0,,,,,5,,,,,,,
2025-05-15,DXR,14,2,4,6,0,,,,,6,,,,,,,
2025-05-16,DXR,29,25,16,41,0,,,,,41,,,,,,,
2025-05-17,DXR,67,17,20,37,0,,,,,37,,,,,,,
2025-05-18,DXR,76,31,15,46,1,,,,,46,,,,,,,
2025-05-19,DXR,36,9,9,18,0,,,,,18,,,,,,,
2025-05-20,DXR,154,37,42,79,1,,,,,79,,,,,,,
2025-05-21,DXR,45,11,19,30,0,,,,,30,,,,,,,
2025-05-22,DXR,2,0,1,1,0,,,,,1,,,,,,,
2025-05-23,DXR,21,9,3,12,1,,,,,12,,,,,,,
2025-05-24,DXR,105,39,30,69,6,,,,,69,,,,,,,
2025-05-25,DXR,511,119,119,238,6,,,,,238,,,,,,,
2025-05-26,DXR,419,118,100,218,2,,,,,218,,,,,,,
2025-05-27,DXR,354,74,68,142,2,,,,,142,,,,,,,
2025-05-28,DXR,331,84,94,178,2,,,,,178,,,,,,,
2025-05-29,DXR,34,22,16,38,0,,,,,38,,,,,,,
2025-05-30,DXR,317,89,72,161,3,,,,,161,,,,,,,
2025-05-31,DXR,7,3,2,5,0,,,,,5,,,,,,,
2025-06-01,DXR,149,53,39,92,0,,,,,92,,,,,,,
2025-06-02,DXR,373,142,122,264,0,,,,,264,,,,,,,
2025-06-03,DXR,283,104,69,173,2,,,,,173,,,,,,,
2025-06-04,DXR,370,92,70,162,6,,,,,162,,,,,,,
2025-06-05,DXR,359,82,57,139,6,,,,,139,,,,,,,
2025-06-06,DXR,286,82,56,138,1,,,,,138,,,,,,,
2025-06-07,DXR,12,0,4,4,0,,,,,4,,,,,,,
2025-06-08,DXR,407,80,110,190,0,,,,,190,,,,,,,
2025-06-09,DXR,9,0,4,4,0,,,,,4,,,,,,,
2025-06-10,DXR,32,11,8,19,0,,,,,19,,,,,,,
2025-06-12,DXR,383,121,91,212,2,,,,,212,,,,,,,
2025-06-13,DXR,350,63,102,165,2,,,,,165,,,,,,,
2025-06-14,DXR,13,3,7,10,0,,,,,10,,,,,,,
2025-06-15,DXR,65,18,30,48,0,,,,,48,,,,,,,
2025-06-16,DXR,308,52,87,139,3,,,,,139,,,,,,,
2025-06-17,DXR,10,1,4,5,0,,,,,5,,,,,,,
2025-06-18,DXR,26,11,1,12,0,,,,,12,,,,,,,
2025-06-19,DXR,173,59,35,94,1,,,,,94,,,,,,,
2025-06-20,DXR,105,39,20,59,0,,,,,59,,,,,,,
2025-06-21,DXR,333,110,75,185,2,,,,,185,,,,,,,
2025-06-22,DXR,119,33,15,48,2,,,,,48,,,,,,,
2025-06-23,DXR,210,70,31,101,0,,,,,101,,,,,,,
2025-06-24,DXR,215,57,32,89,3,,,,,89,,,,,,,
2025-06-25,DXR,271,60,34,94,1,,,,,94,,,,,,,
2025-06-26,DXR,195,32,60,92,7,,,,,92,,,,,,,
2025-06-27,DXR,208,56,70,126,3,,,,,126,,,,,,,
2025-06-28,DXR,105,34,23,57,0,,,,,57,,,,,,,
2025-06-29,DXR,406,126,95,221,0,,,,,221,,,,,,,
2025-06-30,DXR,248,74,73,147,5,,,,,147,,,,,,,
2025-07-01,DXR,114,38,28,66,2,,,,,66,,,,,,,
2025-07-02,DXR,286,74,40,114,5,,,,,114,,,,,,,
2025-07-03,DXR,313,116,79,195,1,,,,,195,,,,,,,
2025-07-04,DXR,203,53,38,91,0,,,,,91,,,,,,,
2025-07-05,DXR,279,100,55,155,0,,,,,155,,,,,,,
2025-07-06,DXR,313,102,59,161,4,,,,,161,,,,,,,
2025-07-07,DXR,137,38,27,65,2,,,,,65,,,,,,,
2025-07-08,DXR,202,81,54,135,0,,,,,135,,,,,,,
2025-07-09,DXR,346,107,74,181,1,,,,,181,,,,,,,
2025-07-10,DXR,71,21,9,30,3,,,,,30,,,,,,,
2025-07-11,DXR,151,50,31,81,0,,,,,81,,,,,,,
2025-07-12,DXR,219,53,52,105,1,,,,,105,,,,,,,
2025-07-13,DXR,207,35,47,82,1,,,,,82,,,,,,,
2025-07-14,DXR,50,15,7,22,3,,,,,22,,,,,,,
2025-07-15,DXR,200,64,37,101,4,,,,,101,,,,,,,
2025-07-16,DXR,248,80,52,132,2,,,,,132,,,,,,,
2025-07-17,DXR,306,107,79,186,8,,,,,186,,,,,,,
2025-07-18,DXR,297,76,70,146,6,,,,,146,,,,,,,
2025-07-19,DXR,431,137,105,242,3,,,,,242,,,,,,,
2025-07-20,DXR,219,46,37,83,1,,,,,83,,,,,,,
2025-07-21,DXR,324,84,82,166,2,,,,,166,,,,,,,
2025-07-22,DXR,442,98,117,215,1,,,,,215,,,,,,,
2025-07-23,DXR,283,91,55,146,4,,,,,146,,,,,,,
2025-07-24,DXR,283,83,54,137,1,,,,,137,,,,,,,
2025-07-25,DXR,232,62,46,108,6,,,,,108,,,,,,,
2025-07-26,DXR,266,54,66,120,2,,,,,120,,,,,,,
2025-07-27,DXR,81,15,20,35,2,,,,,35,,,,,,,
2025-07-28,DXR,208,75,62,137,8,,,,,137,,,,,,,
2025-07-29,DXR,249,80,49,129,0,,,,,129,,,,,,,
2025-07-30,DXR,199,68,42,110,1,,,,,110,,,,,,,
2025-07-31,DXR,86,7,27,34,0,,,,,34,,,,,,,
2025-08-01,DXR,148,16,41,57,0,,,,,57,,,,,,,
2025-08-02,DXR,409,62,130,192,3,,,,,192,,,,,,,
2025-08-03,DXR,227,47,59,106,0,,,,,106,,,,,,,
2025-08-04,DXR,300,66,71,137,1,,,,,137,,,,,,,
2025-08-05,DXR,316,70,87,157,4,,,,,157,,,,,,,
2025-08-06,DXR,398,107,117,224,2,,,,,224,,,,,,,
2025-08-07,DXR,318,78,114,192,1,,,,,192,,,,,,,
2025-08-08,DXR,378,106,103,209,3,,,,,209,,,,,,,
2025-08-09,DXR,318,113,72,185,0,,,,,185,,,,,,,
2025-08-10,DXR,278,82,46,128,2,,,,,128,,,,,,,
2025-08-11,DXR,260,58,44,102,0,,,,,102,,,,,,,
2025-08-12,DXR,200,74,41,115,0,,,,,115,,,,,,,
2025-08-13,DXR,163,55,31,86,1,,,,,86,,,,,,,
2025-08-14,DXR,210,50,57,107,1,,,,,107,,,,,,,
2025-08-15,DXR,375,92,134,226,1,,,,,226,,,,,,,
2025-08-16,DXR,269,78,56,134,2,,,,,134,,,,,,,
2025-08-17,DXR,297,103,75,178,2,,,,,178,,,,,,,
2025-08-18,DXR,291,58,91,149,3,,,,,149,,,,,,,
2025-08-19,DXR,227,55,72,127,0,,,,,127,,,,,,,
2025-08-20,DXR,66,10,23,33,0,,,,,33,,,,,,,
2025-08-21,DXR,53,8,21,29,0,,,,,29,,,,,,,
2025-08-22,DXR,336,89,89,178,0,,,,,178,,,,,,,
2025-08-23,DXR,312,96,80,176,3,,,,,176,,,,,,,
2025-08-24,DXR,226,68,60,128,2,,,,,128,,,,,,,
2025-08-25,DXR,240,95,76,171,2,,,,,171,,,,,,,
2025-08-26,DXR,351,121,95,216,1,,,,,216,,,,,,,
2025-08-27,DXR,318,120,98,218,3,,,,,218,,,,,,,
2025-08-28,DXR,264,88,67,155,2,,,,,155,,,,,,,
2025-08-29,DXR,312,111,77,188,0,,,,,188,,,,,,,
2025-08-30,DXR,270,79,57,136,2,,,,,136,,,,,,,
2025-08-31,DXR,302,71,88,159,2,,,,,159,,,,,,,
2025-09-01,DXR,261,37,71,108,2,,,,,108,,,,,,,
2025-09-02,DXR,280,71,89,160,4,,,,,160,,,,,,,
2025-09-03,DXR,277,68,90,158,3,,,,,158,,,,,,,
2025-09-04,DXR,206,65,59,124,0,,,,,124,,,,,,,
2025-09-05,DXR,109,36,28,64,0,,,,,64,,,,,,,
2025-09-06,DXR,160,48,40,88,1,,,,,88,,,,,,,
2025-09-07,DXR,39,7,13,20,0,,,,,20,,,,,,,
2025-09-08,DXR,267,80,83,163,2,,,,,163,,,,,,,
2025-09-09,DXR,216,42,73,115,4,,,,,115,,,,,,,
2025-09-10,DXR,167,29,62,91,0,,,,,91,,,,,,,
2025-09-11,DXR,298,110,105,215,1,,,,,215,,,,,,,
2025-09-12,DXR,312,84,114,198,1,,,,,198,,,,,,,
2025-09-13,DXR,232,80,53,133,2,,,,,133,,,,,,,
2025-09-15,DXR,311,68,94,162,4,,,,,162,,,,,,,
2025-09-16,DXR,260,81,89,170,0,,,,,170,,,,,,,
2025-09-17,DXR,280,58,78,136,0,,,,,136,,,,,,,
2025-09-18,DXR,283,74,49,123,1,,,,,123,,,,,,,
2025-09-19,DXR,203,71,65,136,4,,,,,136,,,,,,,
2025-09-20,DXR,239,62,89,151,0,,,,,151,,,,,,,
2025-09-21,DXR,300,70,92,162,6,,,,,162,,,,,,,
2025-09-22,DXR,208,78,60,138,0,,,,,138,,,,,,,
2025-09-23,DXR,256,103,78,181,1,,,,,181,,,,,,,
2025-09-24,DXR,26,2,8,10,1,,,,,10,,,,,,,
2025-09-25,DXR,5,0,1,1,0,,,,,1,,,,,,,
2025-09-26,DXR,318,123,99,222,2,,,,,222,,,,,,,
2025-09-27,DXR,251,75,81,156,1,,,,,156,,,,,,,
2025-09-28,DXR,443,156,111,267,3,,,,,267,,,,,,,
2025-09-29,DXR,242,73,64,137,1,,,,,137,,,,,,,
2025-09-30,DXR,153,41,56,97,0,,,,,97,,,,,,,
2025-10-01,DXR,186,62,66,128,0,,,,,128,,,,,,,
2025-10-02,DXR,271,62,83,145,4,,,,,145,,,,,,,
2025-10-03,DXR,248,90,77,167,3,,,,,167,,,,,,,
2025-10-04,DXR,218,85,59,144,1,,,,,144,,,,,,,
2025-10-05,DXR,337,121,104,225,0,,,,,225,,,,,,,
2025-10-06,DXR,208,74,64,138,3,,,,,138,,,,,,,
2025-10-07,DXR,131,50,48,98,1,,,,,98,,,,,,,
2025-10-08,DXR,40,13,12,25,0,,,,,25,,,,,,,
2025-10-09,DXR,142,56,59,115,0,,,,,115,,,,,,,
2025-10-10,DXR,351,85,100,185,3,,,,,185,,,,,,,
2025-10-11,DXR,247,75,95,170,2,,,,,170,,,,,,,
2025-10-12,DXR,8,0,4,4,0,,,,,4,,,,,,,
2025-10-13,DXR,2,0,1,1,0,,,,,1,,,,,,,
2025-10-14,DXR,13,2,9,11,0,,,,,11,,,,,,,
2025-10-15,DXR,381,119,120,239,2,,,,,239,,,,,,,
2025-10-16,DXR,42,15,15,30,2,,,,,30,,,,,,,
2025-10-17,DXR,278,66,54,120,2,,,,,120,,,,,,,
2025-10-18,DXR,437,153,130,283,0,,,,,283,,,,,,,
2025-10-19,DXR,165,67,47,114,0,,,,,114,,,,,,,
2025-10-20,DXR,47,19,11,30,0,,,,,30,,,,,,,
2025-10-21,DXR,250,91,74,165,0,,,,,165,,,,,,,
2025-10-22,DXR,145,60,54,114,0,,,,,114,,,,,,,
2025-10-23,DXR,336,131,114,245,3,,,,,245,,,,,,,
2025-10-24,DXR,352,133,103,236,0,,,,,236,,,,,,,
2025-10-25,DXR,197,77,57,134,0,,,,,134,,,,,,,
2025-10-26,DXR,403,121,115,236,0,,,,,236,,,,,,,
2025-10-27,DXR,263,73,89,162,4,,,,,162,,,,,,,
2025-10-28,DXR,210,40,61,101,4,,,,,101,,,,,,,
2025-10-29,DXR,291,89,98,187,0,,,,,187,,,,,,,
2025-10-30,DXR,2,0,2,2,0,,,,,2,,,,,,,
2025-10-31,DXR,44,18,15,33,1,,,,,33,,,,,,,
2025-11-01,DXR,32,9,9,18,2,,,,,18,,,,,,,
2025-11-02,DXR,325,117,93,210,0,,,,,210,,,,,,,
2025-11-03,DXR,220,76,68,144,5,,,,,144,,,,,,,
2025-11-04,DXR,25,9,6,15,0,,,,,15,,,,,,,
2025-11-05,DXR,207,69,60,129,4,,,,,129,,,,,,,
2025-11-06,DXR,61,30,21,51,1,,,,,51,,,,,,,
2025-11-07,DXR,196,70,68,138,0,,,,,138,,,,,,,
2025-11-08,DXR,183,69,46,115,1,,,,,115,,,,,,,
2025-11-09,DXR,43,5,12,17,0,,,,,17,,,,,,,
2025-11-10,DXR,40,12,13,25,2,,,,,25,,,,,,,
2025-11-11,DXR,15,7,2,9,5,,,,,9,,,,,,,
2025-11-12,DXR,139,65,53,118,0,,,,,118,,,,,,,
2025-11-13,DXR,57,24,22,46,1,,,,,46,,,,,,,
2025-11-14,DXR,292,112,92,204,3,,,,,204,,,,,,,
2025-11-15,DXR,372,145,123,268,0,,,,,268,,,,,,,
2025-11-16,DXR,23,11,4,15,0,,,,,15,,,,,,,
2025-11-17,DXR,10,6,2,8,0,,,,,8,,,,,,,
2025-11-18,DXR,245,105,85,190,4,,,,,190,,,,,,,
2025-11-19,DXR,224,66,88,154,6,,,,,154,,,,,,,
2025-11-20,DXR,359,102,103,205,2,,,,,205,,,,,,,
2025-11-21,DXR,48,10,6,16,2,,,,,16,,,,,,,
2025-11-22,DXR,67,16,26,42,4,,,,,42,,,,,,,
2025-11-23,DXR,333,133,99,232,2,,,,,232,,,,,,,
2025-11-24,DXR,212,77,67,144,2,,,,,144,,,,,,,
2025-11-25,DXR,164,70,68,138,2,,,,,138,,,,,,,
2025-11-26,DXR,11,4,2,6,0,,,,,6,,,,,,,
2025-11-27,DXR,11,4,0,4,0,,,,,4,,,,,,,
2025-11-28,DXR,11,7,2,9,0,,,,,9,,,,,,,
2025-11-29,DXR,331,100,82,182,0,,,,,182,,,,,,,
2025-11-30,DXR,54,21,13,34,0,,,,,34,,,,,,,
2025-12-01,DXR,231,80,82,162,6,,,,,162,,,,,,,
2025-12-02,DXR,1,0,1,1,0,,,,,1,,,,,,,
2025-12-03,DXR,182,58,49,107,4,,,,,107,,,,,,,
2025-12-04,DXR,54,26,17,43,5,,,,,43,,,,,,,
2025-12-05,DXR,208,52,81,133,1,,,,,133,,,,,,,
2025-12-06,DXR,210,77,69,146,2,,,,,146,,,,,,,
2025-12-07,DXR,380,130,96,226,0,,,,,226,,,,,,,
2025-12-08,DXR,38,12,17,29,0,,,,,29,,,,,,,
2025-12-09,DXR,167,64,53,117,4,,,,,117,,,,,,,
2025-12-10,DXR,18,8,6,14,0,,,,,14,,,,,,,
2025-12-11,DXR,16,11,7,18,0,,,,,18,,,,,,,
2025-12-12,DXR,108,50,45,95,3,,,,,95,,,,,,,
2025-12-13,DXR,296,113,93,206,0,,,,,206,,,,,,,
2025-12-14,DXR,1,0,0,0,0,,,,,0,,,,,,,
2025-12-15,DXR,20,7,3,10,3,,,,,10,,,,,,,
2025-12-16,DXR,127,45,36,81,1,,,,,81,,,,,,,
2025-12-17,DXR,201,78,57,135,4,,,,,135,,,,,,,
2025-12-18,DXR,139,55,61,116,1,,,,,116,,,,,,,
2025-12-19,DXR,6,4,0,4,0,,,,,4,,,,,,,
2025-12-20,DXR,302,139,107,246,0,,,,,246,,,,,,,
2025-12-21,DXR,90,42,32,74,1,,,,,74,,,,,,,
2025-12-22,DXR,285,107,88,195,3,,,,,195,,,,,,,
2025-12-23,DXR,2,0,0,0,0,,,,,0,,,,,,,
2025-12-24,DXR,18,8,8,16,0,,,,,16,,,,,,,
2025-12-25,DXR,7,1,1,2,1,,,,,2,,,,,,,
2025-12-26,DXR,112,20,49,69,2,,,,,69,,,,,,,
2025-12-27,DXR,5,0,1,1,0,,,,,1,,,,,,,
2025-12-28,DXR,3,3,1,4,0,,,,,4,,,,,,,
2025-12-29,DXR,2,2,1,3,0,,,,,3,,,,,,,
2025-12-30,DXR,13,7,3,10,0,,,,,10,,,,,,,
2025-12-31,DXR,198,87,79,166,2,,,,,166,,,,,,,
2026-01-01,DXR,5,2,1,3,0,,,,,3,,,,,,,
2026-01-02,DXR,89,55,47,102,2,,,,,102,,,,,,,
2026-01-03,DXR,201,69,58,127,4,,,,,127,,,,,,,
2026-01-04,DXR,112,44,31,75,1,,,,,75,,,,,,,
2026-01-05,DXR,140,47,44,91,1,,,,,91,,,,,,,
2026-01-06,DXR,142,25,62,87,0,,,,,87,,,,,,,
2026-01-07,DXR,22,7,5,12,0,,,,,12,,,,,,,
2026-01-08,DXR,377,94,69,163,3,,,,,163,,,,,,,
2026-01-09,DXR,12,4,2,6,0,,,,,6,,,,,,,
2026-01-10,DXR,120,21,46,67,0,,,,,67,,,,,,,
2026-01-11,DXR,181,17,11,28,0,,,,,28,,,,,,,
2026-01-12,DXR,175,66,59,125,0,,,,,125,,,,,,,
2026-01-13,DXR,254,85,70,155,5,,,,,155,,,,,,,
2026-01-14,DXR,166,72,60,132,3,,,,,132,,,,,,,
2026-01-15,DXR,60,22,19,41,1,,,,,41,,,,,,,
2026-01-16,DXR,73,21,24,45,4,,,,,45,,,,,,,
2026-01-17,DXR,1,0,1,1,0,,,,,1,,,,,,,
2026-01-18,DXR,0,0,0,0,0,,,,,0,,,,,,,
2026-01-19,DXR,27,14,10,24,0,,,,,24,,,,,,,
2026-01-20,DXR,60,27,26,53,0,,,,,53,,,,,,,
2026-01-21,DXR,170,57,58,115,0,,,,,115,,,,,,,
2026-01-22,DXR,148,59,51,110,0,,,,,110,,,,,,,
2026-01-23,DXR,82,28,27,55,1,,,,,55,,,,,,,
2026-01-24,DXR,74,32,32,64,0,,,,,64,,,,,,,
2026-01-25,DXR,0,0,0,0,0,,,,,0,,,,,,,
2026-01-26,DXR,0,0,0,0,0,,,,,0,,,,,,,
2026-01-27,DXR,8,2,4,6,1,,,,,6,,,,,,,
2026-01-28,DXR,62,24,20,44,3,,,,,44,,,,,,,
2026-01-29,DXR,57,10,10,20,0,,,,,20,,,,,,,
2026-01-30,DXR,39,16,16,32,0,,,,,32,,,,,,,
2026-01-31,DXR,165,55,50,105,0,,,,,105,,,,,,,
2026-02-01,DXR,16,7,6,13,0,,,,,13,,,,,,,
2026-02-02,DXR,42,13,16,29,1,,,,,29,,,,,,,
2026-02-03,DXR,173,59,58,117,1,,,,,117,,,,,,,
2026-02-04,DXR,97,35,30,65,2,,,,,65,,,,,,,
2026-02-05,DXR,188,68,72,140,2,,,,,140,,,,,,,
2026-02-06,DXR,204,74,73,147,2,,,,,147,,,,,,,
2026-02-07,DXR,2,0,1,1,0,,,,,1,,,,,,,
2026-02-08,DXR,12,4,6,10,1,,,,,10,,,,,,,
2026-02-09,DXR,123,32,32,64,5,,,,,64,,,,,,,
2026-02-10,DXR,263,98,89,187,2,,,,,187,,,,,,,
2026-02-11,DXR,65,24,22,46,4,,,,,46,,,,,,,
2026-02-12,DXR,88,38,36,74,2,,,,,74,,,,,,,
2026-02-13,DXR,226,83,86,169,0,,,,,169,,,,,,,
2026-02-14,DXR,224,93,88,181,0,,,,,181,,,,,,,
2026-02-15,DXR,214,49,72,121,2,,,,,121,,,,,,,
2026-02-16,DXR,291,68,81,149,0,,,,,149,,,,,,,
2026-02-17,DXR,84,37,33,70,0,,,,,70,,,,,,,
2026-02-18,DXR,2,0,2,2,0,,,,,2,,,,,,,
2026-02-19,DXR,235,71,94,165,0,,,,,165,,,,,,,
2026-02-20,DXR,2,0,1,1,0,,,,,1,,,,,,,
2026-02-21,DXR,324,110,106,216,0,,,,,216,,,,,,,
2026-02-22,DXR,5,1,3,4,0,,,,,4,,,,,,,
2026-02-23,DXR,1,0,1,1,0,,,,,1,,,,,,,
2026-02-24,DXR,8,3,5,8,2,,,,,8,,,,,,,
2026-02-25,DXR,12,4,4,8,3,,,,,8,,,,,,,
2026-02-26,DXR,136,43,42,85,0,,,,,85,,,,,,,
2026-02-27,DXR,264,89,89,178,0,,,,,178,,,,,,,
2026-02-28,DXR,314,110,103,213,1,,,,,213,,,,,,,
2026-03-01,DXR,17,3,10,13,0,,,,,13,,,,,,,
2026-03-02,DXR,308,80,96,176,1,,,,,176,,,,,,,
2026-03-03,DXR,2,1,1,2,0,,,,,2,,,,,,,
2026-03-04,DXR,226,84,79,163,0,,,,,163,,,,,,,
2026-03-05,DXR,3,0,0,0,0,,,,,0,,,,,,,
2026-03-06,DXR,8,2,4,6,0,,,,,6,,,,,,,
2026-03-07,DXR,2,0,1,1,0,,,,,1,,,,,,,
2026-03-08,DXR,273,76,69,145,0,,,,,145,,,,,,,
2026-03-09,DXR,359,123,116,239,0,,,,,239,,,,,,,
2026-03-10,DXR,283,103,98,201,3,,,,,201,,,,,,,
2026-03-11,DXR,146,44,50,94,3,,,,,94,,,,,,,
2026-03-12,DXR,9,4,5,9,0,,,,,9,,,,,,,
2026-03-13,DXR,294,102,101,203,0,,,,,203,,,,,,,
2026-03-14,DXR,38,14,11,25,1,,,,,25,,,,,,,
2026-03-15,DXR,372,80,100,180,0,,,,,180,,,,,,,
2026-03-16,DXR,1,0,1,1,0,,,,,1,,,,,,,
2026-03-17,DXR,37,17,12,29,2,,,,,29,,,,,,,
2026-03-18,DXR,249,58,71,129,2,,,,,129,,,,,,,
2026-03-19,DXR,212,54,71,125,4,,,,,125,,,,,,,
2026-03-20,DXR,239,86,81,167,5,,,,,167,,,,,,,
2026-03-21,DXR,164,36,55,91,5,,,,,91,,,,,,,
2026-03-22,DXR,38,14,9,23,0,,,,,23,,,,,,,
2026-03-23,DXR,7,2,4,6,0,,,,,6,,,,,,,
2026-03-24,DXR,274,81,70,151,2,,,,,151,,,,,,,
2026-03-25,DXR,235,85,87,172,2,,,,,172,,,,,,,
2026-03-26,DXR,295,77,76,153,2,,,,,153,,,,,,,
2026-03-27,DXR,77,14,27,41,1,,,,,41,,,,,,,
2026-03-28,DXR,93,38,37,75,0,,,,,75,,,,,,,
2026-03-29,DXR,308,103,92,195,4,,,,,195,,,,,,,
2026-03-30,DXR,87,33,30,63,0,,,,,63,,,,,,,
2026-03-31,DXR,136,47,48,95,0,,,,,95,,,,,,,
2026-04-01,DXR,119,39,31,70,2,,,,,70,,,,,,,
2026-04-02,DXR,10,1,5,6,0,,,,,6,,,,,,,
2026-04-03,DXR,99,46,43,89,0,,,,,89,,,,,,,
2026-04-04,DXR,307,60,87,147,0,,,,,147,,,,,,,
2026-04-05,DXR,9,4,6,10,0,,,,,10,,,,,,,
2026-04-06,DXR,89,39,34,73,3,,,,,73,,,,,,,
2026-04-07,DXR,73,27,29,56,2,,,,,56,,,,,,,
2026-04-08,DXR,347,100,103,203,0,,,,,203,,,,,,,
2026-04-09,DXR,329,94,95,189,0,,,,,189,,,,,,,
2026-04-10,DXR,281,108,113,221,0,,,,,221,,,,,,,
2026-04-11,DXR,65,27,33,60,1,,,,,60,,,,,,,
2026-04-12,DXR,438,134,151,285,3,,,,,285,,,,,,,
2026-04-13,DXR,61,23,22,45,4,,,,,45,,,,,,,
2026-04-14,DXR,198,73,74,147,2,,,,,147,,,,,,,
2026-04-15,DXR,284,74,76,150,1,,,,,150,,,,,,,
2026-04-16,DXR,249,84,74,158,3,,,,,158,,,,,,,
2026-04-17,DXR,211,61,57,118,0,,,,,118,,,,,,,
2026-04-18,DXR,423,93,119,212,8,,,,,212,,,,,,,
2026-04-19,DXR,10,4,4,8,0,,,,,8,,,,,,,
2026-04-20,DXR,225,70,64,134,0,,,,,134,,,,,,,
2026-04-21,DXR,370,93,108,201,1,,,,,201,,,,,,,
2026-04-22,DXR,3,3,1,4,0,,,,,4,,,,,,,
2026-04-23,DXR,180,72,61,133,0,,,,,133,,,,,,,
2026-04-24,DXR,257,58,80,138,1,,,,,138,,,,,,,
2026-04-25,DXR,70,12,28,40,0,,,,,40,,,,,,,
2026-04-26,DXR,372,51,104,155,0,,,,,155,,,,,,,
2026-04-27,DXR,242,31,88,119,0,,,,,119,,,,,,,
2026-04-28,DXR,219,55,78,133,0,,,,,133,,,,,,,
2026-04-29,DXR,312,41,83,124,0,,,,,124,,,,,,,
2026-04-30,DXR,11,2,6,8,1,,,,,8,,,,,,,
2026-05-01,DXR,221,65,50,115,0,,,,,115,,,,,,,
2026-05-02,DXR,137,50,51,101,0,,,,,101,,,,,,,
2026-05-03,DXR,97,37,26,63,0,,,,,63,,,,,,,
2026-05-04,DXR,59,15,11,26,0,,,,,26,,,,,,,
2026-05-07,DXR,201,48,41,89,1,,,,,89,,,,,,,
2026-05-08,DXR,213,57,52,109,0,,,,,109,,,,,,,
2026-05-09,DXR,16,2,4,6,0,,,,,6,,,,,,,
2026-05-10,DXR,98,21,18,39,0,,,,,39,,,,,,,
2026-05-11,DXR,278,85,69,154,1,,,,,154,,,,,,,
2026-05-12,DXR,336,95,87,182,0,,,,,182,,,,,,,
2026-05-13,DXR,122,21,26,47,0,,,,,47,,,,,,,
2026-05-14,DXR,133,44,51,95,0,,,,,95,,,,,,,
2026-05-15,DXR,245,55,46,101,0,,,,,101,,,,,,,
2026-05-16,DXR,380,94,100,194,0,,,,,194,,,,,,,
2026-05-17,DXR,413,117,117,234,1,,,,,234,,,,,,,
2026-05-18,DXR,210,39,64,103,1,,,,,103,,,,,,,
2026-05-19,DXR,130,47,40,87,1,,,,,87,,,,,,,
2026-05-20,DXR,172,41,41,82,0,,,,,82,,,,,,,
2026-05-21,DXR,182,26,47,73,0,,,,,73,,,,,,,
2026-05-22,DXR,261,17,59,76,0,,,,,76,,,,,,,
2026-05-23,DXR,174,27,52,79,0,,,,,79,,,,,,,
2026-05-24,DXR,7,2,3,5,0,,,,,5,,,,,,,
2026-05-25,DXR,120,30,27,57,0,,,,,57,,,,,,,
2026-05-26,DXR,286,79,72,151,0,,,,,151,,,,,,,
2026-05-27,DXR,407,92,80,172,0,,,,,172,,,,,,,
2026-05-28,DXR,233,52,38,90,0,,,,,90,,,,,,,
2026-05-29,DXR,404,85,87,172,0,,,,,172,,,,,,,
2026-05-30,DXR,13,5,4,9,0,,,,,9,,,,,,,
2026-05-31,DXR,414,118,105,223,0,,,,,223,,,,,,,
2026-06-01,DXR,337,50,71,121,0,,,,,121,,,,,,,
2026-06-02,DXR,270,77,49,126,0,,,,,126,,,,,,,
2026-06-03,DXR,234,76,70,146,2,,,,,146,,,,,,,
2026-06-04,DXR,324,99,95,194,0,,,,,194,,,,,,,
2026-06-05,DXR,389,122,116,238,0,,,,,238,,,,,,,
2026-06-06,DXR,217,93,90,183,1,,,,,183,,,,,,,
2026-06-07,DXR,148,25,12,37,0,,,,,37,,,,,,,
2026-06-08,DXR,306,48,81,129,0,,,,,129,,,,,,,
2026-06-09,DXR,339,111,104,215,1,,,,,215,,,,,,,
2026-06-10,DXR,363,55,88,143,0,,,,,143,,,,,,,
2026-06-11,DXR,263,0,0,0,0,,,,,0,,,,,,,
2026-06-12,DXR,268,69,66,135,0,,,,,135,,,,,,,
2026-06-13,DXR,328,85,72,157,0,,,,,157,,,,,,,
2026-06-14,DXR,229,52,51,103,1,,,,,103,,,,,,,
2026-06-15,DXR,284,54,41,95,0,,,,,95,,,,,,,
2026-06-16,DXR,441,108,99,207,0,,,,,207,,,,,,,
2026-06-17,DXR,314,82,97,179,2,,,,,179,,,,,,,
2026-06-18,DXR,28,12,8,20,1,,,,,20,,,,,,,
2026-06-19,DXR,276,82,82,164,0,,,,,164,,,,,,,
2026-06-20,DXR,80,34,25,59,0,,,,,59,,,,,,,
2026-06-21,DXR,375,118,91,209,1,,,,,209,,,,,,,
2026-06-22,DXR,195,28,59,87,0,,,,,87,,,,,,,
2026-06-23,DXR,45,7,8,15,0,,,,,15,,,,,,,
2026-06-24,DXR,270,97,79,176,1,,,,,176,,,,,,,
2026-06-25,DXR,373,42,38,80,0,,,,,80,,,,,,,
2026-06-26,DXR,222,49,32,81,0,,,,,81,,,,,,,
2026-06-27,DXR,264,55,80,135,0,,,,,135,,,,,,,
2026-06-28,DXR,324,54,96,150,1,,,,,150,,,,,,,
2026-06-29,DXR,239,66,89,155,3,,,,,155,,,,,,,
2026-06-30,DXR,349,103,94,197,0,,,,,197,,,,,,,
2026-07-01,DXR,252,85,82,167,0,,,,,167,,,,,,,
2026-07-02,DXR,245,93,88,181,0,,,,,181,,,,,,,
2026-07-03,DXR,344,97,90,187,2,,,,,187,,,,,,,
2026-07-04,DXR,56,25,20,45,0,,,,,45,,,,,,,
2026-07-05,DXR,70,14,24,38,1,,,,,38,,,,,,,
2026-07-06,DXR,19,5,10,15,0,,,,,15,,,,,,,
2026-07-07,DXR,20,4,8,12,0,,,,,12,,,,,,,
2026-07-08,DXR,320,121,112,233,3,,,,,233,,,,,,,
2026-07-09,DXR,325,116,118,234,6,,,,,234,,,,,,,
2026-07-10,DXR,210,76,72,148,1,,,,,148,,,,,,,
2026-07-11,DXR,321,86,95,181,6,,,,,181,,,,,,,
2026-07-12,DXR,322,114,119,233,3,,,,,233,,,,,,,
2026-07-13,DXR,219,86,79,165,2,,,,,165,,,,,,,
2026-07-14,DXR,193,75,72,147,7,,,,,147,,,,,,,
2026-07-15,DXR,147,65,69,134,0,,,,,134,,,,,,,
2026-07-16,DXR,70,31,28,59,1,,,,,59,,,,,,,
2026-07-17,DXR,449,131,129,260,5,,,,,260,,,,,,,
2026-07-18,DXR,23,9,9,18,0,,,,,18,,,,,,,
2026-07-19,DXR,185,80,78,158,2,,,,,158,,,,,,,
2026-07-20,DXR,499,166,171,337,4,,,,,337,,,,,,,
2026-07-21,DXR,112,30,28,58,1,,,,,58,,,,,,,
2026-07-22,DXR,300,96,102,198,6,,,,,198,,,,,,,
2026-07-23,DXR,281,117,120,237,4,,,,,237,,,,,,,
2026-07-24,DXR,404,122,123,245,1,,,,,245,,,,,,,
2026-07-25,DXR,236,68,73,141,2,,,,,141,,,,,,,
2026-07-26,DXR,234,73,84,157,0,,,,,157,,,,,,,
2026-07-27,DXR,428,137,128,265,4,,,,,265,,,,,,,
2026-07-28,DXR,45,19,19,38,0,,,,,38,,,,,,,
2026-07-29,DXR,37,3,10,13,1,,,,,13,,,,,,,
2026-07-30,DXR,46,8,12,20,1,,,,,20,,,,,,,
2026-07-31,DXR,516,152,158,310,2,,,,,310,,,,,,,
2026-08-01,DXR,83,15,25,40,3,,,,,40,,,,,,,
2026-08-02,DXR,149,69,66,135,2,,,,,135,,,,,,,
2026-08-03,DXR,22,12,8,20,0,,,,,20,,,,,,,
2026-08-04,DXR,430,128,126,254,4,,,,,254,,,,,,,
2026-08-05,DXR,357,137,138,275,0,,,,,275,,,,,,,
2026-08-06,DXR,243,85,81,166,1,,,,,166,,,,,,,
2026-08-07,DXR,290,126,119,245,0,,,,,245,,,,,,,
2026-08-08,DXR,235,71,62,133,0,,,,,133,,,,,,,
2026-08-09,DXR,339,48,42,90,0,,,,,90,,,,,,,
2026-08-10,DXR,233,85,80,165,1,,,,,165,,,,,,,
2026-08-11,DXR,285,93,88,181,0,,,,,181,,,,,,,
2026-08-12,DXR,214,48,58,106,1,,,,,106,,,,,,,
2026-08-13,DXR,337,102,105,207,6,,,,,207,,,,,,,
2026-08-14,DXR,273,88,87,175,2,,,,,175,,,,,,,
2026-08-15,DXR,287,89,100,189,2,,,,,189,,,,,,,
2026-08-16,DXR,206,89,82,171,0,,,,,171,,,,,,,
2026-08-17,DXR,9,3,5,8,0,,,,,8,,,,,,,
2026-08-18,DXR,279,99,100,199,1,,,,,199,,,,,,,
2026-08-19,DXR,257,67,60,127,0,,,,,127,,,,,,,
2026-08-20,DXR,224,77,79,156,0,,,,,156,,,,,,,
2026-08-21,DXR,338,104,117,221,2,,,,,221,,,,,,,
2026-08-22,DXR,131,54,59,113,0,,,,,113,,,,,,,
2026-08-23,DXR,105,40,37,77,0,,,,,77,,,,,,,
2026-08-24,DXR,293,110,111,221,4,,,,,221,,,,,,,
2026-08-25,DXR,341,104,111,215,4,,,,,215,,,,,,,
2026-08-26,DXR,412,139,135,274,0,,,,,274,,,,,,,
2026-08-27,DXR,41,15,12,27,5,,,,,27,,,,,,,
2026-08-28,DXR,361,121,123,244,4,,,,,244,,,,,,,
2026-08-29,DXR,265,92,92,184,1,,,,,184,,,,,,,
2026-08-30,DXR,260,119,108,227,5,,,,,227,,,,,,,
2026-08-31,DXR,359,100,105,205,11,,,,,205,,,,,,,
2023-02-16,EWB,261,0,0,0,0,,,,,,0,,,,,,
2023-02-17,EWB,10,0,0,0,0,,,,,,0,,,,,,
2023-02-18,EWB,189,0,1,1,0,,,,,,1,,,,,,
2023-02-19,EWB,216,0,0,0,0,,,,,,0,,,,,,
2023-02-20,EWB,51,0,0,0,0,,,,,,0,,,,,,
2023-02-21,EWB,7,0,0,0,0,,,,,,0,,,,,,
2023-02-22,EWB,242,0,0,0,0,,,,,,0,,,,,,
2023-02-23,EWB,3,0,0,0,0,,,,,,0,,,,,,
2023-02-24,EWB,17,0,0,0,0,,,,,,0,,,,,,
2023-02-25,EWB,191,9,13,22,0,,,,,,22,,,,,,
2023-02-26,EWB,199,0,0,0,0,,,,,,0,,,,,,
2023-02-27,EWB,266,0,0,0,0,,,,,,0,,,,,,
2023-02-28,EWB,1,0,0,0,0,,,,,,0,,,,,,
2023-03-01,EWB,303,0,1,1,0,,,,,,1,,,,,,
2023-03-02,EWB,7,0,0,0,0,,,,,,0,,,,,,
2023-03-03,EWB,314,0,0,0,0,,,,,,0,,,,,,
2023-03-04,EWB,4,0,0,0,0,,,,,,0,,,,,,
2023-03-05,EWB,292,0,0,0,0,,,,,,0,,,,,,
2023-03-06,EWB,130,0,0,0,0,,,,,,0,,,,,,
2023-03-07,EWB,219,0,1,1,0,,,,,,1,,,,,,
2023-03-08,EWB,72,0,0,0,0,,,,,,0,,,,,,
2023-03-09,EWB,297,0,0,0,0,,,,,,0,,,,,,
2023-03-10,EWB,290,0,0,0,0,,,,,,0,,,,,,
2023-03-11,EWB,7,0,0,0,0,,,,,,0,,,,,,
2023-03-12,EWB,209,0,0,0,0,,,,,,0,,,,,,
2023-03-13,EWB,85,0,0,0,0,,,,,,0,,,,,,
2023-03-15,EWB,26,0,0,0,0,,,,,,0,,,,,,
2023-03-16,EWB,271,1,0,1,0,,,,,,1,,,,,,
2023-03-17,EWB,307,0,0,0,0,,,,,,0,,,,,,
2023-03-18,EWB,238,1,0,1,0,,,,,,1,,,,,,
2023-03-19,EWB,47,1,1,2,0,,,,,,2,,,,,,
2023-03-20,EWB,240,2,2,4,0,,,,,,4,,,,,,
2023-03-21,EWB,272,0,0,0,0,,,,,,0,,,,,,
2023-03-22,EWB,256,0,0,0,0,,,,,,0,,,,,,
2023-03-23,EWB,25,0,0,0,0,,,,,,0,,,,,,
2023-03-24,EWB,294,0,0,0,0,,,,,,0,,,,,,
2023-03-25,EWB,102,0,0,0,0,,,,,,0,,,,,,
2023-03-26,EWB,99,1,0,1,0,,,,,,1,,,,,,
2023-03-27,EWB,237,0,0,0,0,,,,,,0,,,,,,
2023-03-28,EWB,49,0,0,0,0,,,,,,0,,,,,,
2023-03-29,EWB,306,3,0,3,0,,,,,,3,,,,,,
2023-03-30,EWB,167,0,0,0,0,,,,,,0,,,,,,
2023-03-31,EWB,264,0,0,0,0,,,,,,0,,,,,,
2023-04-01,EWB,7,0,0,0,0,,,,,,0,,,,,,
2023-04-02,EWB,116,0,0,0,0,,,,,,0,,,,,,
2023-04-03,EWB,139,0,0,0,0,,,,,,0,,,,,,
2023-04-04,EWB,201,3,2,5,0,,,,,,5,,,,,,
2023-04-05,EWB,20,0,0,0,0,,,,,,0,,,,,,
2023-04-06,EWB,56,0,0,0,0,,,,,,0,,,,,,
2023-04-07,EWB,160,1,0,1,0,,,,,,1,,,,,,
2023-04-08,EWB,328,0,2,2,0,,,,,,2,,,,,,
2023-04-09,EWB,188,0,0,0,0,,,,,,0,,,,,,
2023-04-10,EWB,245,0,0,0,0,,,,,,0,,,,,,
2023-04-11,EWB,175,0,0,0,0,,,,,,0,,,,,,
2023-04-12,EWB,91,5,6,11,0,,,,,,11,,,,,,
2023-04-13,EWB,342,2,1,3,0,,,,,,3,,,,,,
2023-04-14,EWB,342,1,1,2,0,,,,,,2,,,,,,
2023-04-15,EWB,21,0,0,0,0,,,,,,0,,,,,,
2023-04-16,EWB,12,0,0,0,0,,,,,,0,,,,,,
2023-04-17,EWB,11,0,0,0,0,,,,,,0,,,,,,
2023-04-18,EWB,78,5,4,9,0,,,,,,9,,,,,,
2023-04-19,EWB,157,1,0,1,0,,,,,,1,,,,,,
2023-04-20,EWB,259,0,0,0,0,,,,,,0,,,,,,
2023-04-21,EWB,354,0,1,1,0,,,,,,1,,,,,,
2023-04-22,EWB,64,0,0,0,0,,,,,,0,,,,,,
2023-04-23,EWB,15,0,0,0,0,,,,,,0,,,,,,
2023-04-24,EWB,165,1,0,1,0,,,,,,1,,,,,,
2023-04-25,EWB,294,0,1,1,0,,,,,,1,,,,,,
2023-04-26,EWB,235,0,1,1,0,,,,,,1,,,,,,
2023-04-27,EWB,180,0,0,0,0,,,,,,0,,,,,,
2023-04-28,EWB,269,2,1,3,0,,,,,,3,,,,,,
2023-04-29,EWB,212,0,0,0,0,,,,,,0,,,,,,
2023-05-01,EWB,83,1,0,1,0,,,,,,1,,,,,,
2023-05-02,EWB,154,0,0,0,0,,,,,,0,,,,,,
2023-05-03,EWB,273,4,4,8,0,,,,,,8,,,,,,
2023-05-04,EWB,19,0,0,0,0,,,,,,0,,,,,,
2023-05-05,EWB,200,0,0,0,0,,,,,,0,,,,,,
2023-05-06,EWB,238,0,1,1,0,,,,,,1,,,,,,
2023-05-07,EWB,255,2,0,2,0,,,,,,2,,,,,,
2023-05-08,EWB,153,5,4,9,0,,,,,,9,,,,,,
2023-05-09,EWB,191,2,1,3,0,,,,,,3,,,,,,
2023-05-10,EWB,282,4,5,9,0,,,,,,9,,,,,,
2023-05-11,EWB,217,0,0,0,0,,,,,,0,,,,,,
2023-05-12,EWB,226,0,0,0,0,,,,,,0,,,,,,
2023-05-13,EWB,144,0,0,0,0,,,,,,0,,,,,,
2023-05-14,EWB,211,1,2,3,0,,,,,,3,,,,,,
2023-05-15,EWB,264,2,2,4,0,,,,,,4,,,,,,
2023-05-16,EWB,136,0,0,0,0,,,,,,0,,,,,,
2023-05-17,EWB,161,0,0,0,0,,,,,,0,,,,,,
2023-05-18,EWB,245,3,4,7,0,,,,,,7,,,,,,
2023-05-19,EWB,266,2,1,3,0,,,,,,3,,,,,,
2023-05-20,EWB,15,0,0,0,0,,,,,,0,,,,,,
2023-05-21,EWB,258,0,0,0,0,,,,,,0,,,,,,
2023-05-22,EWB,264,3,5,8,0,,,,,,8,,,,,,
2023-05-23,EWB,264,0,1,1,0,,,,,,1,,,,,,
2023-05-25,EWB,390,1,2,3,0,,,,,,3,,,,,,
2023-05-26,EWB,281,3,2,5,0,,,,,,5,,,,,,
2023-05-27,EWB,226,7,9,16,0,,,,,,16,,,,,,
2023-05-28,EWB,168,2,1,3,0,,,,,,3,,,,,,
2023-05-29,EWB,50,0,0,0,0,,,,,,0,,,,,,
2023-05-30,EWB,301,7,10,17,0,,,,,,17,,,,,,
2023-06-01,EWB,374,0,2,2,0,,,,,,2,,,,,,
2023-06-02,EWB,269,2,3,5,0,,,,,,5,,,,,,
2023-06-03,EWB,17,0,0,0,0,,,,,,0,,,,,,
2023-06-04,EWB,19,0,0,0,0,,,,,,0,,,,,,
2023-06-05,EWB,50,0,0,0,0,,,,,,0,,,,,,
2023-06-06,EWB,155,1,2,3,0,,,,,,3,,,,,,
2023-06-07,EWB,222,0,0,0,0,,,,,,0,,,,,,
2023-06-08,EWB,196,2,2,4,0,,,,,,4,,,,,,
2023-06-09,EWB,131,2,3,5,0,,,,,,5,,,,,,
2023-06-10,EWB,115,1,2,3,0,,,,,,3,,,,,,
2023-06-11,EWB,248,13,12,25,0,,,,,,25,,,,,,
2023-06-12,EWB,114,0,0,0,0,,,,,,0,,,,,,
2023-06-13,EWB,127,0,0,0,0,,,,,,0,,,,,,
2023-06-14,EWB,181,1,0,1,0,,,,,,1,,,,,,
2023-06-15,EWB,336,0,0,0,0,,,,,,0,,,,,,
2023-06-16,EWB,153,0,1,1,0,,,,,,1,,,,,,
2023-06-17,EWB,12,0,0,0,0,,,,,,0,,,,,,
2023-06-18,EWB,129,1,0,1,0,,,,,,1,,,,,,
2023-06-19,EWB,78,2,1,3,0,,,,,,3,,,,,,
2023-06-20,EWB,172,2,1,3,0,,,,,,3,,,,,,
2023-06-21,EWB,338,4,7,11,0,,,,,,11,,,,,,
2023-06-22,EWB,207,0,2,2,0,,,,,,2,,,,,,
2023-06-23,EWB,122,0,1,1,0,,,,,,1,,,,,,
2023-06-24,EWB,55,0,0,0,0,,,,,,0,,,,,,
2023-06-25,EWB,142,9,10,19,0,,,,,,19,,,,,,
2023-06-26,EWB,76,1,0,1,0,,,,,,1,,,,,,
2023-06-27,EWB,48,0,0,0,0,,,,,,0,,,,,,
2023-06-28,EWB,28,0,0,0,0,,,,,,0,,,,,,
2023-06-29,EWB,189,2,0,2,0,,,,,,2,,,,,,
2023-06-30,EWB,296,6,6,12,0,,,,,,12,,,,,,
2023-07-01,EWB,137,2,2,4,0,,,,,,4,,,,,,
2023-07-02,EWB,27,0,0,0,0,,,,,,0,,,,,,
2023-07-03,EWB,42,0,0,0,0,,,,,,0,,,,,,
2023-07-04,EWB,13,0,0,0,0,,,,,,0,,,,,,
2023-07-05,EWB,200,7,7,14,0,,,,,,14,,,,,,
2023-07-06,EWB,257,4,4,8,0,,,,,,8,,,,,,
2023-07-07,EWB,152,0,1,1,0,,,,,,1,,,,,,
2023-07-08,EWB,162,2,0,2,0,,,,,,2,,,,,,
2023-07-09,EWB,93,3,3,6,0,,,,,,6,,,,,,
2023-07-10,EWB,24,0,0,0,0,,,,,,0,,,,,,
2023-07-11,EWB,208,2,2,4,0,,,,,,4,,,,,,
2023-07-12,EWB,219,6,4,10,0,,,,,,10,,,,,,
2023-07-13,EWB,196,14,13,27,0,,,,,,27,,,,,,
2023-07-14,EWB,32,0,0,0,0,,,,,,0,,,,,,
2023-07-15,EWB,60,0,0,0,0,,,,,,0,,,,,,
2023-07-17,EWB,185,4,4,8,0,,,,,,8,,,,,,
2023-07-18,EWB,68,1,1,2,0,,,,,,2,,,,,,
2023-07-19,EWB,295,2,3,5,0,,,,,,5,,,,,,
2023-07-20,EWB,330,3,3,6,0,,,,,,6,,,,,,
2023-07-21,EWB,129,0,0,0,0,,,,,,0,,,,,,
2023-07-22,EWB,127,3,2,5,0,,,,,,5,,,,,,
2023-07-23,EWB,210,2,2,4,0,,,,,,4,,,,,,
2023-07-24,EWB,226,0,0,0,0,,,,,,0,,,,,,
2023-07-25,EWB,162,0,0,0,0,,,,,,0,,,,,,
2023-07-26,EWB,224,7,6,13,0,,,,,,13,,,,,,
2023-07-27,EWB,51,2,0,2,0,,,,,,2,,,,,,
2023-07-28,EWB,224,1,2,3,0,,,,,,3,,,,,,
2023-07-29,EWB,111,0,0,0,0,,,,,,0,,,,,,
2023-07-30,EWB,219,2,1,3,0,,,,,,3,,,,,,
2023-07-31,EWB,322,2,0,2,0,,,,,,2,,,,,,
2023-08-01,EWB,209,1,3,4,0,,,,,,4,,,,,,
2023-08-02,EWB,409,5,4,9,2,,,,,,9,,,,,,
2023-08-03,EWB,219,1,1,2,0,,,,,,2,,,,,,
2023-08-04,EWB,87,0,0,0,0,,,,,,0,,,,,,
2023-08-05,EWB,91,1,0,1,0,,,,,,1,,,,,,
2023-08-06,EWB,160,3,4,7,0,,,,,,7,,,,,,
2023-08-07,EWB,53,0,0,0,0,,,,,,0,,,,,,
2023-08-08,EWB,67,0,0,0,0,,,,,,0,,,,,,
2023-08-09,EWB,187,1,0,1,1,,,,,,1,,,,,,
2023-08-10,EWB,211,3,1,4,0,,,,,,4,,,,,,
2023-08-11,EWB,148,0,0,0,0,,,,,,0,,,,,,
2023-08-12,EWB,125,0,0,0,0,,,,,,0,,,,,,
2023-08-13,EWB,63,1,0,1,0,,,,,,1,,,,,,
2023-08-14,EWB,280,4,3,7,0,,,,,,7,,,,,,
2023-08-15,EWB,25,0,0,0,0,,,,,,0,,,,,,
2023-08-16,EWB,39,0,0,0,0,,,,,,0,,,,,,
2023-08-18,EWB,45,1,0,1,0,,,,,,1,,,,,,
2023-08-19,EWB,172,10,6,16,0,,,,,,16,,,,,,
2023-08-20,EWB,211,6,3,9,0,,,,,,9,,,,,,
2023-08-21,EWB,332,7,8,15,1,,,,,,15,,,,,,
2023-08-22,EWB,232,0,0,0,0,,,,,,0,,,,,,
2023-08-23,EWB,347,7,6,13,0,,,,,,13,,,,,,
2023-08-24,EWB,412,15,11,26,1,,,,,,26,,,,,,
2023-08-25,EWB,25,0,0,0,0,,,,,,0,,,,,,
2023-08-26,EWB,38,2,0,2,0,,,,,,2,,,,,,
2023-08-27,EWB,47,0,0,0,0,,,,,,0,,,,,,
2023-08-28,EWB,115,1,1,2,0,,,,,,2,,,,,,
2023-08-29,EWB,12,0,0,0,0,,,,,,0,,,,,,
2023-08-30,EWB,137,0,1,1,0,,,,,,1,,,,,,
2023-08-31,EWB,265,0,0,0,0,,,,,,0,,,,,,
2023-09-01,EWB,362,6,5,11,0,,,,,,11,,,,,,
2023-09-02,EWB,105,6,9,15,0,,,,,,15,,,,,,
2023-09-03,EWB,133,8,6,14,0,,,,,,14,,,,,,
2023-09-04,EWB,167,3,3,6,2,,,,,,6,,,,,,
2023-09-05,EWB,243,4,3,7,0,,,,,,7,,,,,,
2023-09-06,EWB,291,2,3,5,0,,,,,,5,,,,,,
2023-09-07,EWB,257,4,7,11,0,,,,,,11,,,,,,
2023-09-08,EWB,48,0,0,0,0,,,,,,0,,,,,,
2023-09-09,EWB,45,0,0,0,0,,,,,,0,,,,,,
2023-09-10,EWB,12,0,0,0,0,,,,,,0,,,,,,
2023-09-11,EWB,30,0,0,0,0,,,,,,0,,,,,,
2023-09-12,EWB,155,0,0,0,0,,,,,,0,,,,,,
2023-09-13,EWB,49,1,0,1,0,,,,,,1,,,,,,
2023-09-14,EWB,272,2,3,5,0,,,,,,5,,,,,,
2023-09-15,EWB,54,1,0,1,0,,,,,,1,,,,,,
2023-09-16,EWB,5,0,0,0,0,,,,,,0,,,,,,
2023-09-17,EWB,260,6,4,10,0,,,,,,10,,,,,,
2023-09-18,EWB,17,0,0,0,0,,,,,,0,,,,,,
2023-09-19,EWB,195,4,6,10,0,,,,,,10,,,,,,
2023-09-20,EWB,374,3,3,6,0,,,,,,6,,,,,,
2023-09-21,EWB,262,3,3,6,0,,,,,,6,,,,,,
2023-09-22,EWB,289,3,3,6,0,,,,,,6,,,,,,
2023-09-23,EWB,28,0,0,0,0,,,,,,0,,,,,,
2023-09-24,EWB,12,0,0,0,0,,,,,,0,,,,,,
2023-09-25,EWB,20,0,0,0,0,,,,,,0,,,,,,
2023-09-26,EWB,45,0,0,0,0,,,,,,0,,,,,,
2023-09-27,EWB,327,0,0,0,0,,,,,,0,,,,,,
2023-09-28,EWB,354,1,0,1,0,,,,,,1,,,,,,
2023-09-29,EWB,21,0,0,0,0,,,,,,0,,,,,,
2023-09-30,EWB,16,0,0,0,0,,,,,,0,,,,,,
2023-10-01,EWB,162,0,0,0,0,,,,,,0,,,,,,
2023-10-02,EWB,202,0,0,0,0,,,,,,0,,,,,,
2023-10-03,EWB,235,5,3,8,0,,,,,,8,,,,,,
2023-10-04,EWB,222,3,2,5,0,,,,,,5,,,,,,
2023-10-05,EWB,201,1,3,4,0,,,,,,4,,,,,,
2023-10-06,EWB,41,2,1,3,0,,,,,,3,,,,,,
2023-10-07,EWB,8,0,0,0,0,,,,,,0,,,,,,
2023-10-08,EWB,159,0,0,0,0,,,,,,0,,,,,,
2023-10-09,EWB,120,0,0,0,0,,,,,,0,,,,,,
2023-10-10,EWB,117,1,0,1,0,,,,,,1,,,,,,
2023-10-11,EWB,321,1,0,1,0,,,,,,1,,,,,,
2023-10-12,EWB,439,4,3,7,0,,,,,,7,,,,,,
2023-10-13,EWB,236,0,0,0,0,,,,,,0,,,,,,
2023-10-14,EWB,268,1,0,1,0,,,,,,1,,,,,,
2023-10-15,EWB,61,0,0,0,0,,,,,,0,,,,,,
2023-10-16,EWB,217,0,1,1,0,,,,,,1,,,,,,
2023-10-17,EWB,79,0,0,0,0,,,,,,0,,,,,,
2023-10-18,EWB,295,11,5,16,0,,,,,,16,,,,,,
2023-10-19,EWB,230,0,0,0,0,,,,,,0,,,,,,
2023-10-20,EWB,24,1,0,1,0,,,,,,1,,,,,,
2023-10-21,EWB,12,0,0,0,0,,,,,,0,,,,,,
2023-10-22,EWB,125,0,0,0,0,,,,,,0,,,,,,
2023-10-23,EWB,105,0,1,1,0,,,,,,1,,,,,,
2023-10-24,EWB,193,2,0,2,0,,,,,,2,,,,,,
2023-10-25,EWB,192,2,2,4,0,,,,,,4,,,,,,
2023-10-26,EWB,277,4,2,6,0,,,,,,6,,,,,,
2023-10-27,EWB,293,9,2,11,0,,,,,,11,,,,,,
2023-10-28,EWB,205,5,3,8,0,,,,,,8,,,,,,
2023-10-29,EWB,35,0,0,0,0,,,,,,0,,,,,,
2023-10-30,EWB,19,0,0,0,0,,,,,,0,,,,,,
2023-10-31,EWB,193,0,1,1,0,,,,,,1,,,,,,
2023-11-01,EWB,45,0,0,0,0,,,,,,0,,,,,,
2023-11-02,EWB,322,0,2,2,0,,,,,,2,,,,,,
2023-11-03,EWB,242,0,0,0,0,,,,,,0,,,,,,
2023-11-04,EWB,244,1,1,2,0,,,,,,2,,,,,,
2023-11-05,EWB,206,0,0,0,0,,,,,,0,,,,,,
2023-11-06,EWB,154,0,0,0,0,,,,,,0,,,,,,
2023-11-07,EWB,96,0,0,0,0,,,,,,0,,,,,,
2023-11-08,EWB,156,0,0,0,0,,,,,,0,,,,,,
2023-11-09,EWB,17,0,0,0,0,,,,,,0,,,,,,
2023-11-10,EWB,225,0,0,0,0,,,,,,0,,,,,,
2023-11-11,EWB,151,0,1,1,0,,,,,,1,,,,,,
2023-11-12,EWB,141,0,0,0,0,,,,,,0,,,,,,
2023-11-13,EWB,180,2,2,4,0,,,,,,4,,,,,,
2023-11-14,EWB,156,1,1,2,0,,,,,,2,,,,,,
2023-11-15,EWB,284,8,4,12,0,,,,,,12,,,,,,
2023-11-16,EWB,229,4,4,8,0,,,,,,8,,,,,,
2023-11-17,EWB,166,0,0,0,0,,,,,,0,,,,,,
2023-11-18,EWB,9,0,0,0,0,,,,,,0,,,,,,
2023-11-19,EWB,97,5,3,8,0,,,,,,8,,,,,,
2023-11-20,EWB,209,0,0,0,0,,,,,,0,,,,,,
2023-11-21,EWB,274,1,1,2,0,,,,,,2,,,,,,
2023-11-22,EWB,9,0,0,0,0,,,,,,0,,,,,,
2023-11-23,EWB,12,0,1,1,0,,,,,,1,,,,,,
2023-11-24,EWB,91,0,0,0,0,,,,,,0,,,,,,
2023-11-25,EWB,232,0,0,0,0,,,,,,0,,,,,,
2023-11-26,EWB,151,0,0,0,0,,,,,,0,,,,,,
2023-11-27,EWB,140,1,1,2,0,,,,,,2,,,,,,
2023-11-28,EWB,152,1,1,2,0,,,,,,2,,,,,,
2023-11-29,EWB,215,1,0,1,0,,,,,,1,,,,,,
2023-11-30,EWB,309,3,1,4,0,,,,,,4,,,,,,
2023-12-01,EWB,347,1,2,3,0,,,,,,3,,,,,,
2023-12-02,EWB,37,2,0,2,0,,,,,,2,,,,,,
2023-12-03,EWB,8,0,0,0,0,,,,,,0,,,,,,
2023-12-04,EWB,192,0,1,1,0,,,,,,1,,,,,,
2023-12-05,EWB,240,0,1,1,0,,,,,,1,,,,,,
2023-12-06,EWB,36,0,0,0,0,,,,,,0,,,,,,
2023-12-07,EWB,210,0,0,0,0,,,,,,0,,,,,,
2023-12-08,EWB,439,3,3,6,0,,,,,,6,,,,,,
2023-12-09,EWB,332,0,1,1,0,,,,,,1,,,,,,
2023-12-10,EWB,8,0,0,0,0,,,,,,0,,,,,,
2023-12-11,EWB,14,0,0,0,0,,,,,,0,,,,,,
2023-12-12,EWB,301,2,1,3,0,,,,,,3,,,,,,
2023-12-13,EWB,163,0,0,0,0,,,,,,0,,,,,,
2023-12-14,EWB,326,0,0,0,0,,,,,,0,,,,,,
2023-12-16,EWB,279,4,5,9,0,,,,,,9,,,,,,
2023-12-17,EWB,162,0,0,0,0,,,,,,0,,,,,,
2023-12-18,EWB,2,0,0,0,0,,,,,,0,,,,,,
2023-12-19,EWB,260,2,2,4,0,,,,,,4,,,,,,
2023-12-20,EWB,221,0,1,1,0,,,,,,1,,,,,,
2023-12-21,EWB,174,0,1,1,0,,,,,,1,,,,,,
2023-12-22,EWB,179,0,0,0,0,,,,,,0,,,,,,
2023-12-23,EWB,175,7,6,13,0,,,,,,13,,,,,,
2023-12-24,EWB,5,0,0,0,0,,,,,,0,,,,,,
2023-12-25,EWB,19,0,0,0,0,,,,,,0,,,,,,
2023-12-26,EWB,13,0,0,0,0,,,,,,0,,,,,,
2023-12-27,EWB,23,0,0,0,0,,,,,,0,,,,,,
2023-12-28,EWB,14,0,0,0,0,,,,,,0,,,,,,
2023-12-29,EWB,15,0,0,0,0,,,,,,0,,,,,,
2023-12-30,EWB,79,0,0,0,0,,,,,,0,,,,,,
2023-12-31,EWB,180,0,0,0,0,,,,,,0,,,,,,
2024-01-01,EWB,38,0,0,0,0,,,,,,0,,,,,,
2024-01-02,EWB,142,0,0,0,0,,,,,,0,,,,,,
2024-01-03,EWB,202,0,0,0,0,,,,,,0,,,,,,
2024-01-04,EWB,276,0,0,0,0,,,,,,0,,,,,,
2024-01-05,EWB,156,0,0,0,0,,,,,,0,,,,,,
2024-01-06,EWB,278,1,0,1,0,,,,,,1,,,,,,
2024-01-07,EWB,0,0,0,0,0,,,,,,0,,,,,,
2024-01-08,EWB,94,0,0,0,0,,,,,,0,,,,,,
2024-01-09,EWB,123,0,0,0,0,,,,,,0,,,,,,
2024-01-10,EWB,17,0,0,0,0,,,,,,0,,,,,,
2024-01-11,EWB,203,0,0,0,0,,,,,,0,,,,,,
2024-01-12,EWB,159,1,1,2,0,,,,,,2,,,,,,
2024-01-13,EWB,5,0,0,0,0,,,,,,0,,,,,,
2024-01-14,EWB,30,0,0,0,0,,,,,,0,,,,,,
2024-01-15,EWB,131,1,0,1,0,,,,,,1,,,,,,
2024-01-16,EWB,8,0,0,0,0,,,,,,0,,,,,,
2024-01-17,EWB,75,0,0,0,0,,,,,,0,,,,,,
2024-01-18,EWB,207,0,0,0,0,,,,,,0,,,,,,
2024-01-19,EWB,44,0,0,0,0,,,,,,0,,,,,,
2024-01-20,EWB,126,0,2,2,0,,,,,,2,,,,,,
2024-01-21,EWB,86,1,1,2,0,,,,,,2,,,,,,
2024-01-22,EWB,210,2,0,2,0,,,,,,2,,,,,,
2024-01-23,EWB,173,0,0,0,0,,,,,,0,,,,,,
2024-01-24,EWB,11,0,0,0,0,,,,,,0,,,,,,
2024-01-25,EWB,48,0,0,0,0,,,,,,0,,,,,,
2024-01-26,EWB,11,0,0,0,0,,,,,,0,,,,,,
2024-01-27,EWB,4,0,0,0,0,,,,,,0,,,,,,
2024-01-28,EWB,8,0,0,0,0,,,,,,0,,,,,,
2024-01-29,EWB,4,0,0,0,0,,,,,,0,,,,,,
2024-01-30,EWB,34,0,0,0,0,,,,,,0,,,,,,
2024-01-31,EWB,383,4,3,7,0,,,,,,7,,,,,,
2024-02-01,EWB,111,0,0,0,0,,,,,,0,,,,,,
2024-02-02,EWB,151,0,0,0,0,,,,,,0,,,,,,
2024-02-03,EWB,163,0,0,0,0,,,,,,0,,,,,,
2024-02-04,EWB,224,0,3,3,0,,,,,,3,,,,,,
2024-02-05,EWB,159,1,1,2,0,,,,,,2,,,,,,
2024-02-06,EWB,12,0,0,0,0,,,,,,0,,,,,,
2024-02-07,EWB,171,3,3,6,0,,,,,,6,,,,,,
2024-02-08,EWB,281,1,1,2,0,,,,,,2,,,,,,
2024-02-09,EWB,238,1,2,3,0,,,,,,3,,,,,,
2024-02-10,EWB,179,1,3,4,0,,,,,,4,,,,,,
2024-02-11,EWB,217,2,3,5,0,,,,,,5,,,,,,
2024-02-12,EWB,199,0,1,1,0,,,,,,1,,,,,,
2024-02-13,EWB,0,0,0,0,0,,,,,,0,,,,,,
2024-02-14,EWB,88,0,0,0,0,,,,,,0,,,,,,
2024-02-15,EWB,278,0,0,0,0,,,,,,0,,,,,,
2024-02-16,EWB,28,0,0,0,0,,,,,,0,,,,,,
2024-02-17,EWB,19,0,0,0,0,,,,,,0,,,,,,
2024-02-18,EWB,17,0,0,0,0,,,,,,0,,,,,,
2024-02-19,EWB,135,1,0,1,0,,,,,,1,,,,,,
2024-02-20,EWB,325,0,0,0,0,,,,,,0,,,,,,
2024-02-21,EWB,234,0,0,0,0,,,,,,0,,,,,,
2024-02-22,EWB,188,0,0,0,0,,,,,,0,,,,,,
2024-02-23,EWB,11,0,0,0,0,,,,,,0,,,,,,
2024-02-24,EWB,164,0,0,0,0,,,,,,0,,,,,,
2024-02-25,EWB,315,0,0,0,0,,,,,,0,,,,,,
2024-02-26,EWB,172,2,0,2,0,,,,,,2,,,,,,
2024-02-27,EWB,183,0,0,0,0,,,,,,0,,,,,,
2024-02-28,EWB,7,0,0,0,0,,,,,,0,,,,,,
2024-02-29,EWB,34,0,0,0,0,,,,,,0,,,,,,
2024-03-01,EWB,261,0,0,0,0,,,,,,0,,,,,,
2024-03-02,EWB,88,0,0,0,0,,,,,,0,,,,,,
2024-03-03,EWB,25,0,0,0,0,,,,,,0,,,,,,
2024-03-04,EWB,49,0,0,0,0,,,,,,0,,,,,,
2024-03-05,EWB,7,0,0,0,0,,,,,,0,,,,,,
2024-03-06,EWB,29,0,0,0,0,,,,,,0,,,,,,
2024-03-07,EWB,19,0,0,0,0,,,,,,0,,,,,,
2024-03-08,EWB,182,0,0,0,0,,,,,,0,,,,,,
2024-03-09,EWB,39,0,0,0,0,,,,,,0,,,,,,
2024-03-10,EWB,61,0,0,0,0,,,,,,0,,,,,,
2024-03-11,EWB,8,0,0,0,0,,,,,,0,,,,,,
2024-03-12,EWB,120,0,0,0,0,,,,,,0,,,,,,
2024-03-13,EWB,412,0,1,1,0,,,,,,1,,,,,,
2024-03-14,EWB,379,0,0,0,0,,,,,,0,,,,,,
2024-03-15,EWB,122,0,0,0,0,,,,,,0,,,,,,
2024-03-16,EWB,289,0,0,0,0,,,,,,0,,,,,,
2024-03-17,EWB,35,0,0,0,0,,,,,,0,,,,,,
2024-03-18,EWB,260,0,0,0,0,,,,,,0,,,,,,
2024-03-19,EWB,227,0,0,0,0,,,,,,0,,,,,,
2024-03-20,EWB,162,0,0,0,0,,,,,,0,,,,,,
2024-03-21,EWB,23,0,0,0,0,,,,,,0,,,,,,
2024-03-22,EWB,258,0,0,0,0,,,,,,0,,,,,,
2024-03-23,EWB,7,0,0,0,0,,,,,,0,,,,,,
2024-03-24,EWB,93,0,0,0,0,,,,,,0,,,,,,
2024-03-25,EWB,51,0,0,0,0,,,,,,0,,,,,,
2024-03-27,EWB,103,0,0,0,0,,,,,,0,,,,,,
2024-03-28,EWB,19,0,0,0,0,,,,,,0,,,,,,
2024-03-29,EWB,35,0,0,0,0,,,,,,0,,,,,,
2024-03-30,EWB,90,0,0,0,0,,,,,,0,,,,,,
2024-03-31,EWB,199,0,0,0,0,,,,,,0,,,,,,
2024-04-01,EWB,369,3,8,11,0,,,,,,11,,,,,,
2024-04-02,EWB,54,0,0,0,0,,,,,,0,,,,,,
2024-04-03,EWB,67,0,0,0,0,,,,,,0,,,,,,
2024-04-04,EWB,3,0,0,0,0,,,,,,0,,,,,,
2024-04-05,EWB,265,0,0,0,0,,,,,,0,,,,,,
2024-04-06,EWB,46,0,0,0,0,,,,,,0,,,,,,
2024-04-07,EWB,169,0,0,0,0,,,,,,0,,,,,,
2024-04-08,EWB,345,3,1,4,0,,,,,,4,,,,,,
2024-04-09,EWB,401,0,0,0,0,,,,,,0,,,,,,
2024-04-10,EWB,319,1,0,1,0,,,,,,1,,,,,,
2024-04-11,EWB,23,0,0,0,0,,,,,,0,,,,,,
2024-04-12,EWB,9,0,0,0,0,,,,,,0,,,,,,
2024-04-13,EWB,155,0,0,0,0,,,,,,0,,,,,,
2024-04-14,EWB,284,0,0,0,0,,,,,,0,,,,,,
2024-04-15,EWB,151,0,0,0,0,,,,,,0,,,,,,
2024-04-16,EWB,242,0,0,0,0,,,,,,0,,,,,,
2024-04-17,EWB,350,0,0,0,0,,,,,,0,,,,,,
2024-04-18,EWB,262,0,0,0,0,,,,,,0,,,,,,
2024-04-19,EWB,147,0,0,0,0,,,,,,0,,,,,,
2024-04-20,EWB,20,0,0,0,0,,,,,,0,,,,,,
2024-04-21,EWB,399,0,0,0,1,,,,,,0,,,,,,
2024-04-22,EWB,283,1,1,2,0,,,,,,2,,,,,,
2024-04-23,EWB,351,0,0,0,0,,,,,,0,,,,,,
2024-04-24,EWB,335,0,0,0,0,,,,,,0,,,,,,
2024-04-25,EWB,302,4,0,4,0,,,,,,4,,,,,,
2024-04-26,EWB,297,0,1,1,0,,,,,,1,,,,,,
2024-04-27,EWB,356,0,0,0,0,,,,,,0,,,,,,
2024-04-28,EWB,136,0,0,0,0,,,,,,0,,,,,,
2024-04-29,EWB,353,0,0,0,0,,,,,,0,,,,,,
2024-04-30,EWB,273,0,0,0,0,,,,,,0,,,,,,
2024-05-01,EWB,100,0,0,0,0,,,,,,0,,,,,,
2024-05-02,EWB,104,0,0,0,0,,,,,,0,,,,,,
2024-05-03,EWB,109,0,0,0,0,,,,,,0,,,,,,
2024-05-04,EWB,292,0,0,0,0,,,,,,0,,,,,,
2024-05-05,EWB,27,0,0,0,0,,,,,,0,,,,,,
2024-05-06,EWB,85,0,0,0,0,,,,,,0,,,,,,
2024-05-07,EWB,449,2,0,2,0,,,,,,2,,,,,,
2024-05-08,EWB,11,0,0,0,0,,,,,,0,,,,,,
2024-05-09,EWB,309,0,0,0,0,,,,,,0,,,,,,
2024-05-10,EWB,117,0,0,0,0,,,,,,0,,,,,,
2024-05-11,EWB,197,0,0,0,0,,,,,,0,,,,,,
2024-05-12,EWB,108,0,0,0,0,,,,,,0,,,,,,
2024-05-13,EWB,255,0,0,0,0,,,,,,0,,,,,,
2024-05-14,EWB,274,0,0,0,1,,,,,,0,,,,,,
2024-05-15,EWB,187,0,0,0,0,,,,,,0,,,,,,
2024-05-16,EWB,33,0,0,0,0,,,,,,0,,,,,,
2024-05-17,EWB,147,0,0,0,0,,,,,,0,,,,,,
2024-05-18,EWB,15,0,0,0,0,,,,,,0,,,,,,
2024-05-19,EWB,15,0,0,0,0,,,,,,0,,,,,,
2024-05-20,EWB,168,0,0,0,0,,,,,,0,,,,,,
2024-05-21,EWB,255,0,0,0,0,,,,,,0,,,,,,
2024-05-22,EWB,360,2,1,3,0,,,,,,3,,,,,,
2024-05-23,EWB,27,0,0,0,0,,,,,,0,,,,,,
2024-05-24,EWB,372,6,3,9,0,,,,,,9,,,,,,
2024-05-25,EWB,168,1,0,1,0,,,,,,1,,,,,,
2024-05-26,EWB,18,0,0,0,0,,,,,,0,,,,,,
2024-05-27,EWB,15,0,0,0,0,,,,,,0,,,,,,
2024-05-28,EWB,267,0,0,0,0,,,,,,0,,,,,,
2024-05-29,EWB,423,1,0,1,0,,,,,,1,,,,,,
2024-05-30,EWB,76,0,0,0,0,,,,,,0,,,,,,
2024-05-31,EWB,202,0,0,0,0,,,,,,0,,,,,,
2024-06-02,EWB,205,2,1,3,0,,,,,,3,,,,,,
2024-06-03,EWB,288,1,0,1,0,,,,,,1,,,,,,
2024-06-04,EWB,305,0,0,0,0,,,,,,0,,,,,,
2024-06-05,EWB,345,0,0,0,0,,,,,,0,,,,,,
2024-06-06,EWB,12,0,0,0,0,,,,,,0,,,,,,
2024-06-07,EWB,150,0,0,0,0,,,,,,0,,,,,,
2024-06-08,EWB,1,0,0,0,0,,,,,,0,,,,,,
2024-06-09,EWB,39,0,0,0,0,,,,,,0,,,,,,
2024-06-10,EWB,288,0,0,0,0,,,,,,0,,,,,,
2024-06-11,EWB,334,1,0,1,0,,,,,,1,,,,,,
2024-06-12,EWB,360,1,0,1,0,,,,,,1,,,,,,
2024-06-13,EWB,266,3,0,3,0,,,,,,3,,,,,,
2024-06-14,EWB,47,0,0,0,0,,,,,,0,,,,,,
2024-06-15,EWB,2,0,0,0,0,,,,,,0,,,,,,
2024-06-16,EWB,223,0,0,0,0,,,,,,0,,,,,,
2024-06-17,EWB,266,1,0,1,0,,,,,,1,,,,,,
2024-06-18,EWB,282,1,1,2,0,,,,,,2,,,,,,
2024-06-19,EWB,109,2,1,3,0,,,,,,3,,,,,,
2024-06-20,EWB,316,1,0,1,0,,,,,,1,,,,,,
2024-06-21,EWB,84,1,2,3,0,,,,,,3,,,,,,
2024-06-22,EWB,14,0,0,0,0,,,,,,0,,,,,,
2024-06-23,EWB,26,0,0,0,0,,,,,,0,,,,,,
2024-06-24,EWB,403,1,0,1,0,,,,,,1,,,,,,
2024-06-25,EWB,494,9,9,18,0,,,,,,18,,,,,,
2024-06-26,EWB,330,0,0,0,0,,,,,,0,,,,,,
2024-06-27,EWB,212,0,0,0,0,,,,,,0,,,,,,
2024-06-28,EWB,262,1,0,1,0,,,,,,1,,,,,,
2024-06-29,EWB,73,1,1,2,0,,,,,,2,,,,,,
2024-06-30,EWB,33,0,0,0,0,,,,,,0,,,,,,
2024-07-01,EWB,120,0,0,0,0,,,,,,0,,,,,,
2024-07-02,EWB,314,1,0,1,0,,,,,,1,,,,,,
2024-07-03,EWB,231,0,0,0,0,,,,,,0,,,,,,
2024-07-04,EWB,31,0,0,0,0,,,,,,0,,,,,,
2024-07-05,EWB,23,0,0,0,0,,,,,,0,,,,,,
2024-07-06,EWB,11,0,0,0,0,,,,,,0,,,,,,
2024-07-07,EWB,156,1,1,2,0,,,,,,2,,,,,,
2024-07-08,EWB,174,0,1,1,0,,,,,,1,,,,,,
2024-07-09,EWB,151,1,1,2,0,,,,,,2,,,,,,
2024-07-10,EWB,17,0,0,0,0,,,,,,0,,,,,,
2024-07-11,EWB,68,0,0,0,0,,,,,,0,,,,,,
2024-07-12,EWB,52,0,0,0,0,,,,,,0,,,,,,
2024-07-13,EWB,11,0,0,0,0,,,,,,0,,,,,,
2024-07-14,EWB,365,0,1,1,0,,,,,,1,,,,,,
2024-07-15,EWB,84,1,0,1,0,,,,,,1,,,,,,
2024-07-17,EWB,243,0,0,0,0,,,,,,0,,,,,,
2024-07-18,EWB,173,0,0,0,0,,,,,,0,,,,,,
2024-07-19,EWB,204,1,0,1,0,,,,,,1,,,,,,
2024-07-20,EWB,207,1,0,1,0,,,,,,1,,,,,,
2024-07-21,EWB,191,0,1,1,0,,,,,,1,,,,,,
2024-07-22,EWB,251,0,0,0,0,,,,,,0,,,,,,
2024-07-23,EWB,17,0,0,0,0,,,,,,0,,,,,,
2024-07-24,EWB,28,0,0,0,0,,,,,,0,,,,,,
2024-07-25,EWB,57,0,0,0,0,,,,,,0,,,,,,
2024-07-27,EWB,307,0,1,1,0,,,,,,1,,,,,,
2024-07-28,EWB,244,1,0,1,0,,,,,,1,,,,,,
2024-07-29,EWB,55,0,0,0,0,,,,,,0,,,,,,
2024-07-30,EWB,132,0,0,0,0,,,,,,0,,,,,,
2024-07-31,EWB,14,0,0,0,0,,,,,,0,,,,,,
2024-08-01,EWB,454,4,2,6,0,,,,,,6,,,,,,
2024-08-02,EWB,163,4,0,4,0,,,,,,4,,,,,,
2024-08-03,EWB,32,0,0,0,0,,,,,,0,,,,,,
2024-08-04,EWB,118,0,0,0,0,,,,,,0,,,,,,
2024-08-05,EWB,138,1,0,1,0,,,,,,1,,,,,,
2024-08-06,EWB,33,0,0,0,0,,,,,,0,,,,,,
2024-08-07,EWB,17,0,0,0,0,,,,,,0,,,,,,
2024-08-08,EWB,117,0,0,0,0,,,,,,0,,,,,,
2024-08-09,EWB,20,0,0,0,0,,,,,,0,,,,,,
2024-08-10,EWB,124,1,0,1,0,,,,,,1,,,,,,
2024-08-11,EWB,210,4,2,6,0,,,,,,6,,,,,,
2024-08-12,EWB,224,0,0,0,0,,,,,,0,,,,,,
2024-08-13,EWB,287,1,1,2,0,,,,,,2,,,,,,
2024-08-14,EWB,255,2,0,2,0,,,,,,2,,,,,,
2024-08-15,EWB,187,0,0,0,0,,,,,,0,,,,,,
2024-08-16,EWB,126,0,0,0,0,,,,,,0,,,,,,
2024-08-17,EWB,83,0,1,1,0,,,,,,1,,,,,,
2024-08-18,EWB,47,0,0,0,0,,,,,,0,,,,,,
2024-08-19,EWB,65,0,0,0,0,,,,,,0,,,,,,
2024-08-20,EWB,221,0,0,0,0,,,,,,0,,,,,,
2024-08-21,EWB,412,0,0,0,0,,,,,,0,,,,,,
2024-08-22,EWB,312,1,0,1,0,,,,,,1,,,,,,
2024-08-23,EWB,338,3,3,6,0,,,,,,6,,,,,,
2024-08-24,EWB,230,4,5,9,0,,,,,,9,,,,,,
2024-08-25,EWB,152,4,0,4,0,,,,,,4,,,,,,
2024-08-26,EWB,165,0,0,0,0,,,,,,0,,,,,,
2024-08-27,EWB,311,0,3,3,0,,,,,,3,,,,,,
2024-08-28,EWB,187,0,0,0,0,,,,,,0,,,,,,
2024-08-29,EWB,295,0,0,0,0,,,,,,0,,,,,,
2024-08-30,EWB,274,0,0,0,0,,,,,,0,,,,,,
2024-08-31,EWB,90,0,0,0,0,,,,,,0,,,,,,
2024-09-01,EWB,17,0,0,0,0,,,,,,0,,,,,,
2024-09-02,EWB,131,0,0,0,0,,,,,,0,,,,,,
2024-09-03,EWB,140,0,0,0,0,,,,,,0,,,,,,
2024-09-04,EWB,181,0,0,0,0,,,,,,0,,,,,,
2024-09-05,EWB,240,2,1,3,0,,,,,,3,,,,,,
2024-09-06,EWB,140,0,0,0,0,,,,,,0,,,,,,
2024-09-07,EWB,137,0,0,0,0,,,,,,0,,,,,,
2024-09-08,EWB,234,1,2,3,0,,,,,,3,,,,,,
2024-09-09,EWB,107,0,0,0,0,,,,,,0,,,,,,
2024-09-10,EWB,193,2,0,2,0,,,,,,2,,,,,,
2024-09-11,EWB,272,1,0,1,0,,,,,,1,,,,,,
2024-09-12,EWB,182,4,2,6,0,,,,,,6,,,,,,
2024-09-13,EWB,147,12,9,21,1,,,,,,21,,,,,,
2024-09-14,EWB,117,3,3,6,0,,,,,,6,,,,,,
2024-09-15,EWB,247,9,9,18,0,,,,,,18,,,,,,
2024-09-16,EWB,173,0,1,1,0,,,,,,1,,,,,,
2024-09-17,EWB,172,8,6,14,0,,,,,,14,,,,,,
2024-09-18,EWB,164,1,0,1,0,,,,,,1,,,,,,
2024-09-19,EWB,29,0,0,0,0,,,,,,0,,,,,,
2024-09-20,EWB,20,0,0,0,0,,,,,,0,,,,,,
2024-09-21,EWB,14,0,2,2,0,,,,,,2,,,,,,
2024-09-22,EWB,26,3,5,8,0,,,,,,8,,,,,,
2024-09-23,EWB,193,20,37,57,0,,,,,,57,,,,,,
2024-09-24,EWB,328,31,49,80,0,,,,,,80,,,,,,
2024-09-25,EWB,166,24,30,54,0,,,,,,54,,,,,,
2024-09-26,EWB,16,3,2,5,0,,,,,,5,,,,,,
2024-09-27,EWB,234,60,56,116,0,,,,,,116,,,,,,
2024-09-28,EWB,112,20,25,45,0,,,,,,45,,,,,,
2024-09-29,EWB,66,7,7,14,0,,,,,,14,,,,,,
2024-09-30,EWB,146,24,25,49,0,,,,,,49,,,,,,
2024-10-01,EWB,63,7,15,22,0,,,,,,22,,,,,,
2024-10-02,EWB,152,12,21,33,0,,,,,,33,,,,,,
2024-10-03,EWB,300,55,42,97,0,,,,,,97,,,,,,
2024-10-04,EWB,284,71,59,130,0,,,,,,130,,,,,,
2024-10-05,EWB,178,9,23,32,0,,,,,,32,,,,,,
2024-10-06,EWB,221,18,20,38,0,,,,,,38,,,,,,
2024-10-07,EWB,21,2,1,3,0,,,,,,3,,,,,,
2024-10-08,EWB,396,50,56,106,0,,,,,,106,,,,,,
2024-10-09,EWB,245,25,16,41,1,,,,,,41,,,,,,
2024-10-10,EWB,203,8,9,17,0,,,,,,17,,,,,,
2024-10-11,EWB,209,26,23,49,0,,,,,,49,,,,,,
2024-10-12,EWB,62,5,7,12,0,,,,,,12,,,,,,
2024-10-13,EWB,157,13,14,27,0,,,,,,27,,,,,,
2024-10-14,EWB,23,1,2,3,0,,,,,,3,,,,,,
2024-10-15,EWB,195,31,30,61,0,,,,,,61,,,,,,
2024-10-16,EWB,139,15,18,33,0,,,,,,33,,,,,,
2024-10-17,EWB,365,24,42,66,0,,,,,,66,,,,,,
2024-10-18,EWB,274,23,33,56,1,,,,,,56,,,,,,
2024-10-19,EWB,359,72,58,130,1,,,,,,130,,,,,,
2024-10-20,EWB,223,15,14,29,2,,,,,,29,,,,,,
2024-10-21,EWB,404,47,40,87,0,,,,,,87,,,,,,
2024-10-22,EWB,309,38,41,79,0,,,,,,79,,,,,,
2024-10-23,EWB,238,58,39,97,0,,,,,,97,,,,,,
2024-10-24,EWB,192,17,27,44,0,,,,,,44,,,,,,
2024-10-25,EWB,250,51,51,102,1,,,,,,102,,,,,,
2024-10-26,EWB,154,24,22,46,0,,,,,,46,,,,,,
2024-10-27,EWB,317,29,34,63,0,,,,,,63,,,,,,
2024-10-28,EWB,444,67,85,152,0,,,,,,152,,,,,,
2024-10-29,EWB,309,58,53,111,0,,,,,,111,,,,,,
2024-10-30,EWB,195,37,30,67,0,,,,,,67,,,,,,
2024-10-31,EWB,320,87,64,151,0,,,,,,151,,,,,,
2024-11-01,EWB,133,23,18,41,0,,,,,,41,,,,,,
2024-11-02,EWB,187,27,45,72,0,,,,,,72,,,,,,
2024-11-03,EWB,270,16,37,53,1,,,,,,53,,,,,,
2024-11-04,EWB,300,97,96,193,0,,,,,,193,,,,,,
2024-11-05,EWB,158,29,22,51,2,,,,,,51,,,,,,
2024-11-06,EWB,123,22,16,38,0,,,,,,38,,,,,,
2024-11-07,EWB,242,26,38,64,0,,,,,,64,,,,,,
2024-11-08,EWB,175,40,31,71,0,,,,,,71,,,,,,
2024-11-09,EWB,106,14,18,32,0,,,,,,32,,,,,,
2024-11-10,EWB,160,31,23,54,0,,,,,,54,,,,,,
2024-11-11,EWB,69,11,10,21,0,,,,,,21,,,,,,
2024-11-12,EWB,67,3,8,11,0,,,,,,11,,,,,,
2024-11-13,EWB,194,9,19,28,0,,,,,,28,,,,,,
2024-11-14,EWB,434,34,55,89,2,,,,,,89,,,,,,
2024-11-15,EWB,405,45,47,92,0,,,,,,92,,,,,,
2024-11-16,EWB,193,17,25,42,0,,,,,,42,,,,,,
2024-11-17,EWB,269,11,18,29,0,,,,,,29,,,,,,
2024-11-18,EWB,258,23,34,57,0,,,,,,57,,,,,,
2024-11-19,EWB,116,10,22,32,0,,,,,,32,,,,,,
2024-11-20,EWB,257,13,21,34,0,,,,,,34,,,,,,
2024-11-21,EWB,16,0,3,3,0,,,,,,3,,,,,,
2024-11-22,EWB,120,35,30,65,0,,,,,,65,,,,,,
2024-11-23,EWB,15,0,0,0,0,,,,,,0,,,,,,
2024-11-24,EWB,31,1,2,3,0,,,,,,3,,,,,,
2024-11-25,EWB,461,29,43,72,3,,,,,,72,,,,,,
2024-11-26,EWB,144,31,38,69,0,,,,,,69,,,,,,
2024-11-27,EWB,346,55,65,120,2,,,,,,120,,,,,,
2024-11-28,EWB,8,0,0,0,0,,,,,,0,,,,,,
2024-11-29,EWB,70,17,16,33,0,,,,,,33,,,,,,
2024-11-30,EWB,166,22,24,46,0,,,,,,46,,,,,,
2024-12-01,EWB,209,20,16,36,0,,,,,,36,,,,,,
2024-12-02,EWB,220,26,33,59,0,,,,,,59,,,,,,
2024-12-03,EWB,273,19,29,48,0,,,,,,48,,,,,,
2024-12-04,EWB,268,35,31,66,1,,,,,,66,,,,,,
2024-12-05,EWB,90,5,8,13,0,,,,,,13,,,,,,
2024-12-06,EWB,163,10,11,21,0,,,,,,21,,,,,,
2024-12-07,EWB,287,54,56,110,1,,,,,,110,,,,,,
2024-12-08,EWB,108,6,10,16,0,,,,,,16,,,,,,
2024-12-09,EWB,249,75,79,154,0,,,,,,154,,,,,,
2024-12-10,EWB,31,1,6,7,0,,,,,,7,,,,,,
2024-12-11,EWB,9,4,1,5,0,,,,,,5,,,,,,
2024-12-12,EWB,94,8,5,13,1,,,,,,13,,,,,,
2024-12-13,EWB,252,42,59,101,0,,,,,,101,,,,,,
2024-12-14,EWB,235,33,48,81,0,,,,,,81,,,,,,
2024-12-15,EWB,222,57,54,111,1,,,,,,111,,,,,,
2024-12-16,EWB,17,0,1,1,0,,,,,,1,,,,,,
2024-12-17,EWB,79,14,8,22,0,,,,,,22,,,,,,
2024-12-18,EWB,276,47,35,82,0,,,,,,82,,,,,,
2024-12-19,EWB,278,24,33,57,0,,,,,,57,,,,,,
2024-12-20,EWB,49,2,9,11,0,,,,,,11,,,,,,
2024-12-21,EWB,11,0,2,2,0,,,,,,2,,,,,,
2024-12-22,EWB,86,3,9,12,0,,,,,,12,,,,,,
2024-12-23,EWB,167,22,33,55,0,,,,,,55,,,,,,
2024-12-24,EWB,22,1,0,1,0,,,,,,1,,,,,,
2024-12-25,EWB,10,1,2,3,0,,,,,,3,,,,,,
2024-12-26,EWB,160,19,30,49,0,,,,,,49,,,,,,
2024-12-27,EWB,153,45,34,79,0,,,,,,79,,,,,,
2024-12-28,EWB,5,0,0,0,0,,,,,,0,,,,,,
2024-12-29,EWB,8,2,0,2,0,,,,,,2,,,,,,
2024-12-31,EWB,243,37,34,71,0,,,,,,71,,,,,,
2025-01-01,EWB,20,0,0,0,0,,,,,,0,,,,,,
2025-01-02,EWB,14,0,0,0,0,,,,,,0,,,,,,
2025-01-03,EWB,75,5,2,7,1,,,,,,7,,,,,,
2025-01-04,EWB,77,12,12,24,0,,,,,,24,,,,,,
2025-01-05,EWB,27,5,7,12,1,,,,,,12,,,,,,
2025-01-06,EWB,182,18,30,48,0,,,,,,48,,,,,,
2025-01-07,EWB,85,2,9,11,0,,,,,,11,,,,,,
2025-01-08,EWB,66,2,2,4,0,,,,,,4,,,,,,
2025-01-09,EWB,23,2,6,8,0,,,,,,8,,,,,,
2025-01-10,EWB,138,19,29,48,0,,,,,,48,,,,,,
2025-01-11,EWB,2,0,0,0,0,,,,,,0,,,,,,
2025-01-12,EWB,201,23,38,61,0,,,,,,61,,,,,,
2025-01-13,EWB,198,22,16,38,0,,,,,,38,,,,,,
2025-01-14,EWB,191,10,20,30,0,,,,,,30,,,,,,
2025-01-15,EWB,264,25,34,59,0,,,,,,59,,,,,,
2025-01-16,EWB,235,54,51,105,0,,,,,,105,,,,,,
2025-01-17,EWB,289,36,53,89,1,,,,,,89,,,,,,
2025-01-18,EWB,88,20,14,34,1,,,,,,34,,,,,,
2025-01-19,EWB,143,18,24,42,0,,,,,,42,,,,,,
2025-01-20,EWB,23,2,2,4,0,,,,,,4,,,,,,
2025-01-21,EWB,87,20,38,58,0,,,,,,58,,,,,,
2025-01-23,EWB,128,42,37,79,0,,,,,,79,,,,,,
2025-01-24,EWB,156,30,43,73,0,,,,,,73,,,,,,
2025-01-25,EWB,206,40,44,84,0,,,,,,84,,,,,,
2025-01-26,EWB,144,16,11,27,0,,,,,,27,,,,,,
2025-01-28,EWB,17,0,1,1,0,,,,,,1,,,,,,
2025-01-29,EWB,21,9,2,11,0,,,,,,11,,,,,,
2025-01-30,EWB,170,9,26,35,1,,,,,,35,,,,,,
2025-01-31,EWB,6,1,0,1,0,,,,,,1,,,,,,
2025-02-01,EWB,9,0,1,1,0,,,,,,1,,,,,,
2025-02-02,EWB,145,34,32,66,1,,,,,,66,,,,,,
2025-02-03,EWB,127,14,12,26,0,,,,,,26,,,,,,
2025-02-04,EWB,147,7,9,16,0,,,,,,16,,,,,,
2025-02-05,EWB,288,32,53,85,1,,,,,,85,,,,,,
2025-02-06,EWB,2,1,0,1,0,,,,,,1,,,,,,
2025-02-07,EWB,48,3,5,8,0,,,,,,8,,,,,,
2025-02-08,EWB,274,38,51,89,0,,,,,,89,,,,,,
2025-02-09,EWB,7,0,3,3,0,,,,,,3,,,,,,
2025-02-10,EWB,217,22,36,58,1,,,,,,58,,,,,,
2025-02-13,EWB,10,0,0,0,0,,,,,,0,,,,,,
2025-02-14,EWB,25,3,7,10,0,,,,,,10,,,,,,
2025-02-15,EWB,272,54,63,117,0,,,,,,117,,,,,,
2025-02-16,EWB,2,0,0,0,0,,,,,,0,,,,,,
2025-02-17,EWB,6,0,3,3,0,,,,,,3,,,,,,
2025-02-20,EWB,259,36,51,87,0,,,,,,87,,,,,,
2025-02-21,EWB,235,24,37,61,0,,,,,,61,,,,,,
2025-02-22,EWB,98,54,54,108,0,,,,,,108,,,,,,
2025-02-23,EWB,219,11,21,32,0,,,,,,32,,,,,,
2025-02-24,EWB,273,63,58,121,0,,,,,,121,,,,,,
2025-02-25,EWB,425,84,69,153,1,,,,,,153,,,,,,
2025-02-26,EWB,274,12,21,33,1,,,,,,33,,,,,,
2025-02-27,EWB,64,1,3,4,0,,,,,,4,,,,,,
2025-02-28,EWB,132,13,20,33,0,,,,,,33,,,,,,
2025-03-01,EWB,91,12,8,20,0,,,,,,20,,,,,,
2025-03-02,EWB,170,13,18,31,0,,,,,,31,,,,,,
2025-03-03,EWB,215,20,35,55,0,,,,,,55,,,,,,
2025-03-04,EWB,236,30,20,50,1,,,,,,50,,,,,,
2025-03-05,EWB,56,8,3,11,0,,,,,,11,,,,,,
2025-03-06,EWB,17,0,1,1,0,,,,,,1,,,,,,
2025-03-07,EWB,15,1,1,2,0,,,,,,2,,,,,,
2025-03-08,EWB,48,4,7,11,0,,,,,,11,,,,,,
2025-03-09,EWB,148,26,16,42,0,,,,,,42,,,,,,
2025-03-10,EWB,322,49,44,93,0,,,,,,93,,,,,,
2025-03-11,EWB,234,52,30,82,1,,,,,,82,,,,,,
2025-03-12,EWB,394,45,71,116,0,,,,,,116,,,,,,
2025-03-13,EWB,298,46,71,117,0,,,,,,117,,,,,,
2025-03-14,EWB,240,32,51,83,0,,,,,,83,,,,,,
2025-03-15,EWB,17,1,0,1,0,,,,,,1,,,,,,
2025-03-16,EWB,6,1,0,1,0,,,,,,1,,,,,,
2025-03-17,EWB,8,0,0,0,0,,,,,,0,,,,,,
2025-03-18,EWB,335,33,67,100,0,,,,,,100,,,,,,
2025-03-20,EWB,17,0,1,1,0,,,,,,1,,,,,,
2025-03-21,EWB,10,0,1,1,0,,,,,,1,,,,,,
2025-03-22,EWB,185,44,35,79,0,,,,,,79,,,,,,
2025-03-23,EWB,324,44,59,103,0,,,,,,103,,,,,,
2025-03-24,EWB,9,1,0,1,0,,,,,,1,,,,,,
2025-03-25,EWB,303,49,37,86,0,,,,,,86,,,,,,
2025-03-26,EWB,340,23,42,65,0,,,,,,65,,,,,,
2025-03-27,EWB,341,8,22,30,0,,,,,,30,,,,,,
2025-03-28,EWB,268,40,33,73,0,,,,,,73,,,,,,
2025-03-29,EWB,9,0,2,2,0,,,,,,2,,,,,,
2025-03-30,EWB,31,3,8,11,0,,,,,,11,,,,,,
2025-03-31,EWB,10,1,1,2,0,,,,,,2,,,,,,
2025-04-01,EWB,131,9,18,27,0,,,,,,27,,,,,,
2025-04-02,EWB,420,75,90,165,0,,,,,,165,,,,,,
2025-04-03,EWB,8,1,0,1,0,,,,,,1,,,,,,
2025-04-04,EWB,367,38,45,83,0,,,,,,83,,,,,,
2025-04-05,EWB,261,82,81,163,0,,,,,,163,,,,,,
2025-04-06,EWB,190,6,9,15,0,,,,,,15,,,,,,
2025-04-07,EWB,7,0,1,1,0,,,,,,1,,,,,,
2025-04-08,EWB,15,0,2,2,0,,,,,,2,,,,,,
2025-04-09,EWB,278,31,31,62,0,,,,,,62,,,,,,
2025-04-10,EWB,329,56,59,115,0,,,,,,115,,,,,,
2025-04-11,EWB,211,25,47,72,0,,,,,,72,,,,,,
2025-04-12,EWB,7,0,1,1,0,,,,,,1,,,,,,
2025-04-13,EWB,11,0,0,0,0,,,,,,0,,,,,,
2025-04-14,EWB,302,43,43,86,0,,,,,,86,,,,,,
2025-04-16,EWB,148,10,20,30,0,,,,,,30,,,,,,
2025-04-17,EWB,426,38,51,89,0,,,,,,89,,,,,,
2025-04-18,EWB,374,84,53,137,0,,,,,,137,,,,,,
2025-04-19,EWB,60,11,6,17,0,,,,,,17,,,,,,
2025-04-20,EWB,37,2,3,5,1,,,,,,5,,,,,,
2025-04-21,EWB,118,31,26,57,0,,,,,,57,,,,,,
2025-04-22,EWB,150,40,26,66,0,,,,,,66,,,,,,
2025-04-23,EWB,478,112,101,213,1,,,,,,213,,,,,,
2025-04-24,EWB,239,74,55,129,0,,,,,,129,,,,,,
2025-04-25,EWB,200,40,45,85,0,,,,,,85,,,,,,
2025-04-26,EWB,4,0,0,0,0,,,,,,0,,,,,,
2025-04-27,EWB,190,10,13,23,0,,,,,,23,,,,,,
2025-04-28,EWB,308,37,46,83,0,,,,,,83,,,,,,
2025-04-29,EWB,105,2,4,6,0,,,,,,6,,,,,,
2025-04-30,EWB,294,0,0,0,0,,,,,,0,,,,,,
2025-05-01,EWB,354,0,0,0,0,,,,,,0,,,,,,
2025-05-02,EWB,146,0,0,0,0,,,,,,0,,,,,,
2025-05-03,EWB,88,0,1,1,0,,,,,,1,,,,,,
2025-05-04,EWB,29,0,0,0,0,,,,,,0,,,,,,
2025-05-05,EWB,11,0,0,0,0,,,,,,0,,,,,,
2025-05-06,EWB,12,2,1,3,0,,,,,,3,,,,,,
2025-05-08,EWB,250,42,31,73,0,,,,,,73,,,,,,
2025-05-09,EWB,19,5,5,10,0,,,,,,10,,,,,,
2025-05-10,EWB,29,0,2,2,0,,,,,,2,,,,,,
2025-05-11,EWB,243,2,9,11,0,,,,,,11,,,,,,
2025-05-12,EWB,170,12,13,25,1,,,,,,25,,,,,,
2025-05-13,EWB,306,54,47,101,0,,,,,,101,,,,,,
2025-05-15,EWB,45,4,0,4,0,,,,,,4,,,,,,
2025-05-16,EWB,110,31,21,52,0,,,,,,52,,,,,,
2025-05-17,EWB,44,3,3,6,0,,,,,,6,,,,,,
2025-05-18,EWB,209,15,14,29,0,,,,,,29,,,,,,
2025-05-19,EWB,161,10,8,18,1,,,,,,18,,,,,,
2025-05-20,EWB,305,16,24,40,0,,,,,,40,,,,,,
2025-05-21,EWB,73,5,9,14,0,,,,,,14,,,,,,
2025-05-22,EWB,8,0,0,0,0,,,,,,0,,,,,,
2025-05-23,EWB,43,11,6,17,0,,,,,,17,,,,,,
2025-05-24,EWB,243,13,18,31,0,,,,,,31,,,,,,
2025-05-25,EWB,249,7,19,26,0,,,,,,26,,,,,,
2025-05-26,EWB,164,27,30,57,0,,,,,,57,,,,,,
2025-05-27,EWB,340,51,34,85,0,,,,,,85,,,,,,
2025-05-28,EWB,418,79,53,132,0,,,,,,132,,,,,,
2025-05-29,EWB,63,1,3,4,0,,,,,,4,,,,,,
2025-05-30,EWB,30,1,1,2,0,,,,,,2,,,,,,
2025-05-31,EWB,7,1,0,1,0,,,,,,1,,,,,,
2025-06-01,EWB,164,18,12,30,0,,,,,,30,,,,,,
2025-06-02,EWB,301,40,36,76,0,,,,,,76,,,,,,
2025-06-03,EWB,263,47,38,85,0,,,,,,85,,,,,,
2025-06-04,EWB,301,33,25,58,1,,,,,,58,,,,,,
2025-06-05,EWB,415,58,38,96,0,,,,,,96,,,,,,
2025-06-06,EWB,180,22,22,44,1,,,,,,44,,,,,,
2025-06-07,EWB,20,2,1,3,0,,,,,,3,,,,,,
2025-06-08,EWB,121,5,9,14,0,,,,,,14,,,,,,
2025-06-09,EWB,39,0,2,2,0,,,,,,2,,,,,,
2025-06-10,EWB,19,1,1,2,0,,,,,,2,,,,,,
2025-06-11,EWB,477,66,49,115,1,,,,,,115,,,,,,
2025-06-12,EWB,376,47,25,72,0,,,,,,72,,,,,,
2025-06-13,EWB,333,27,28,55,0,,,,,,55,,,,,,
2025-06-14,EWB,49,3,5,8,0,,,,,,8,,,,,,
2025-06-15,EWB,256,12,15,27,0,,,,,,27,,,,,,
2025-06-16,EWB,251,27,25,52,0,,,,,,52,,,,,,
2025-06-17,EWB,31,9,2,11,0,,,,,,11,,,,,,
2025-06-19,EWB,150,19,9,28,0,,,,,,28,,,,,,
2025-06-20,EWB,90,4,6,10,0,,,,,,10,,,,,,
2025-06-21,EWB,247,23,23,46,0,,,,,,46,,,,,,
2025-06-23,EWB,279,27,29,56,1,,,,,,56,,,,,,
2025-06-24,EWB,420,35,25,60,0,,,,,,60,,,,,,
2025-06-25,EWB,327,27,35,62,0,,,,,,62,,,,,,
2025-06-26,EWB,184,4,6,10,0,,,,,,10,,,,,,
2025-06-27,EWB,240,21,19,40,0,,,,,,40,,,,,,
2025-06-28,EWB,26,4,2,6,0,,,,,,6,,,,,,
2025-06-29,EWB,254,4,6,10,0,,,,,,10,,,,,,
2025-06-30,EWB,315,39,39,78,0,,,,,,78,,,,,,
2025-07-01,EWB,107,16,10,26,0,,,,,,26,,,,,,
2025-07-02,EWB,370,63,46,109,0,,,,,,109,,,,,,
2025-07-03,EWB,346,55,42,97,0,,,,,,97,,,,,,
2025-07-04,EWB,69,1,0,1,0,,,,,,1,,,,,,
2025-07-05,EWB,187,22,16,38,0,,,,,,38,,,,,,
2025-07-06,EWB,170,29,22,51,1,,,,,,51,,,,,,
2025-07-07,EWB,47,2,0,2,0,,,,,,2,,,,,,
2025-07-08,EWB,194,18,15,33,0,,,,,,33,,,,,,
2025-07-09,EWB,19,2,0,2,0,,,,,,2,,,,,,
2025-07-10,EWB,20,0,2,2,0,,,,,,2,,,,,,
2025-07-11,EWB,90,13,8,21,0,,,,,,21,,,,,,
2025-07-12,EWB,207,28,23,51,0,,,,,,51,,,,,,
2025-07-13,EWB,224,24,28,52,0,,,,,,52,,,,,,
2025-07-14,EWB,174,34,31,65,0,,,,,,65,,,,,,
2025-07-15,EWB,164,20,7,27,0,,,,,,27,,,,,,
2025-07-16,EWB,414,43,21,64,0,,,,,,64,,,,,,
2025-07-17,EWB,163,23,6,29,0,,,,,,29,,,,,,
2025-07-18,EWB,275,8,11,19,0,,,,,,19,,,,,,
2025-07-19,EWB,185,40,23,63,0,,,,,,63,,,,,,
2025-07-20,EWB,44,8,2,10,0,,,,,,10,,,,,,
2025-07-21,EWB,368,11,18,29,0,,,,,,29,,,,,,
2025-07-22,EWB,441,31,29,60,0,,,,,,60,,,,,,
2025-07-23,EWB,384,45,25,70,1,,,,,,70,,,,,,
2025-07-24,EWB,362,44,27,71,0,,,,,,71,,,,,,
2025-07-25,EWB,108,34,20,54,0,,,,,,54,,,,,,
2025-07-26,EWB,237,15,34,49,1,,,,,,49,,,,,,
2025-07-28,EWB,268,20,41,61,0,,,,,,61,,,,,,
2025-07-29,EWB,245,32,19,51,0,,,,,,51,,,,,,
2025-07-30,EWB,250,53,27,80,0,,,,,,80,,,,,,
2025-07-31,EWB,137,10,18,28,0,,,,,,28,,,,,,
2025-08-01,EWB,70,1,5,6,0,,,,,,6,,,,,,
2025-08-02,EWB,300,27,43,70,1,,,,,,70,,,,,,
2025-08-03,EWB,211,32,21,53,0,,,,,,53,,,,,,
2025-08-04,EWB,360,29,26,55,0,,,,,,55,,,,,,
2025-08-05,EWB,187,6,10,16,0,,,,,,16,,,,,,
2025-08-06,EWB,161,8,18,26,0,,,,,,26,,,,,,
2025-08-07,EWB,269,30,31,61,0,,,,,,61,,,,,,
2025-08-08,EWB,247,19,29,48,0,,,,,,48,,,,,,
2025-08-09,EWB,220,13,8,21,0,,,,,,21,,,,,,
2025-08-10,EWB,225,21,12,33,0,,,,,,33,,,,,,
2025-08-11,EWB,261,29,17,46,1,,,,,,46,,,,,,
2025-08-12,EWB,343,41,29,70,0,,,,,,70,,,,,,
2025-08-13,EWB,67,7,1,8,0,,,,,,8,,,,,,
2025-08-14,EWB,164,16,16,32,0,,,,,,32,,,,,,
2025-08-15,EWB,254,6,21,27,1,,,,,,27,,,,,,
2025-08-16,EWB,283,31,33,64,1,,,,,,64,,,,,,
2025-08-17,EWB,108,10,4,14,0,,,,,,14,,,,,,
2025-08-18,EWB,339,13,25,38,0,,,,,,38,,,,,,
2025-08-19,EWB,211,34,43,77,0,,,,,,77,,,,,,
2025-08-20,EWB,248,6,19,25,0,,,,,,25,,,,,,
2025-08-21,EWB,90,4,5,9,0,,,,,,9,,,,,,
2025-08-22,EWB,201,8,14,22,0,,,,,,22,,,,,,
2025-08-23,EWB,285,32,14,46,0,,,,,,46,,,,,,
2025-08-25,EWB,301,43,32,75,1,,,,,,75,,,,,,
2025-08-26,EWB,292,21,16,37,0,,,,,,37,,,,,,
2025-08-27,EWB,524,33,40,73,0,,,,,,73,,,,,,
2025-08-28,EWB,355,49,36,85,0,,,,,,85,,,,,,
2025-08-29,EWB,135,29,18,47,0,,,,,,47,,,,,,
2025-08-30,EWB,166,8,14,22,0,,,,,,22,,,,,,
2025-08-31,EWB,327,13,25,38,0,,,,,,38,,,,,,
2025-09-01,EWB,217,15,23,38,0,,,,,,38,,,,,,
2025-09-02,EWB,164,5,19,24,0,,,,,,24,,,,,,
2025-09-03,EWB,386,63,57,120,0,,,,,,120,,,,,,
2025-09-04,EWB,290,35,24,59,0,,,,,,59,,,,,,
2025-09-05,EWB,99,17,8,25,0,,,,,,25,,,,,,
2025-09-06,EWB,23,2,0,2,0,,,,,,2,,,,,,
2025-09-07,EWB,32,0,2,2,0,,,,,,2,,,,,,
2025-09-08,EWB,411,11,24,35,0,,,,,,35,,,,,,
2025-09-09,EWB,470,17,33,50,0,,,,,,50,,,,,,
2025-09-10,EWB,159,14,16,30,0,,,,,,30,,,,,,
2025-09-11,EWB,541,39,56,95,0,,,,,,95,,,,,,
2025-09-12,EWB,373,61,65,126,0,,,,,,126,,,,,,
2025-09-13,EWB,255,41,31,72,0,,,,,,72,,,,,,
2025-09-14,EWB,333,25,27,52,0,,,,,,52,,,,,,
2025-09-15,EWB,348,22,36,58,0,,,,,,58,,,,,,
2025-09-16,EWB,359,18,28,46,0,,,,,,46,,,,,,
2025-09-17,EWB,342,30,42,72,0,,,,,,72,,,,,,
2025-09-18,EWB,91,3,7,10,0,,,,,,10,,,,,,
2025-09-19,EWB,328,16,19,35,0,,,,,,35,,,,,,
2025-09-20,EWB,223,21,23,44,0,,,,,,44,,,,,,
2025-09-22,EWB,446,61,55,116,1,,,,,,116,,,,,,
2025-09-23,EWB,280,52,38,90,0,,,,,,90,,,,,,
2025-09-24,EWB,23,1,3,4,0,,,,,,4,,,,,,
2025-09-25,EWB,28,5,0,5,0,,,,,,5,,,,,,
2025-09-26,EWB,298,42,29,71,0,,,,,,71,,,,,,
2025-09-27,EWB,335,46,49,95,0,,,,,,95,,,,,,
2025-09-28,EWB,360,48,35,83,0,,,,,,83,,,,,,
2025-09-29,EWB,345,58,55,113,0,,,,,,113,,,,,,
2025-09-30,EWB,355,17,29,46,0,,,,,,46,,,,,,
2025-10-01,EWB,223,12,18,30,0,,,,,,30,,,,,,
2025-10-02,EWB,408,18,34,52,0,,,,,,52,,,,,,
2025-10-03,EWB,369,67,38,105,0,,,,,,105,,,,,,
2025-10-04,EWB,353,29,30,59,1,,,,,,59,,,,,,
2025-10-05,EWB,366,67,47,114,0,,,,,,114,,,,,,
2025-10-06,EWB,138,36,26,62,0,,,,,,62,,,,,,
2025-10-07,EWB,131,25,15,40,0,,,,,,40,,,,,,
2025-10-08,EWB,47,4,7,11,0,,,,,,11,,,,,,
2025-10-09,EWB,290,14,24,38,0,,,,,,38,,,,,,
2025-10-10,EWB,324,58,40,98,0,,,,,,98,,,,,,
2025-10-11,EWB,312,80,72,152,0,,,,,,152,,,,,,
2025-10-12,EWB,16,0,2,2,0,,,,,,2,,,,,,
2025-10-13,EWB,3,0,0,0,0,,,,,,0,,,,,,
2025-10-14,EWB,15,1,1,2,0,,,,,,2,,,,,,
2025-10-15,EWB,232,19,33,52,0,,,,,,52,,,,,,
2025-10-16,EWB,182,4,9,13,1,,,,,,13,,,,,,
2025-10-17,EWB,232,8,19,27,0,,,,,,27,,,,,,
2025-10-18,EWB,432,29,34,63,0,,,,,,63,,,,,,
2025-10-19,EWB,308,44,25,69,1,,,,,,69,,,,,,
2025-10-20,EWB,62,6,4,10,0,,,,,,10,,,,,,
2025-10-21,EWB,316,57,35,92,0,,,,,,92,,,,,,
2025-10-22,EWB,270,55,41,96,0,,,,,,96,,,,,,
2025-10-23,EWB,241,39,23,62,0,,,,,,62,,,,,,
2025-10-24,EWB,352,48,38,86,0,,,,,,86,,,,,,
2025-10-25,EWB,331,13,23,36,0,,,,,,36,,,,,,
2025-10-26,EWB,336,14,23,37,0,,,,,,37,,,,,,
2025-10-27,EWB,442,15,27,42,0,,,,,,42,,,,,,
2025-10-28,EWB,235,14,21,35,0,,,,,,35,,,,,,
2025-10-29,EWB,81,1,2,3,0,,,,,,3,,,,,,
2025-10-30,EWB,28,5,0,5,0,,,,,,5,,,,,,
2025-10-31,EWB,10,2,0,2,0,,,,,,2,,,,,,
2025-11-01,EWB,83,4,7,11,0,,,,,,11,,,,,,
2025-11-02,EWB,452,19,31,50,0,,,,,,50,,,,,,
2025-11-03,EWB,314,89,69,158,1,,,,,,158,,,,,,
2025-11-04,EWB,70,2,3,5,0,,,,,,5,,,,,,
2025-11-05,EWB,338,58,38,96,0,,,,,,96,,,,,,
2025-11-06,EWB,75,2,3,5,1,,,,,,5,,,,,,
2025-11-07,EWB,338,65,48,113,1,,,,,,113,,,,,,
2025-11-08,EWB,261,28,30,58,0,,,,,,58,,,,,,
2025-11-10,EWB,12,2,2,4,0,,,,,,4,,,,,,
2025-11-11,EWB,48,8,7,15,1,,,,,,15,,,,,,
2025-11-12,EWB,322,28,19,47,0,,,,,,47,,,,,,
2025-11-13,EWB,399,27,35,62,0,,,,,,62,,,,,,
2025-11-14,EWB,305,15,21,36,0,,,,,,36,,,,,,
2025-11-15,EWB,271,41,32,73,0,,,,,,73,,,,,,
2025-11-16,EWB,49,1,3,4,0,,,,,,4,,,,,,
2025-11-17,EWB,8,0,0,0,1,,,,,,0,,,,,,
2025-11-18,EWB,327,12,25,37,0,,,,,,37,,,,,,
2025-11-19,EWB,509,20,40,60,0,,,,,,60,,,,,,
2025-11-20,EWB,433,19,36,55,0,,,,,,55,,,,,,
2025-11-21,EWB,286,68,63,131,1,,,,,,131,,,,,,
2025-11-22,EWB,40,1,0,1,0,,,,,,1,,,,,,
2025-11-23,EWB,330,47,49,96,0,,,,,,96,,,,,,
2025-11-24,EWB,483,11,27,38,0,,,,,,38,,,,,,
2025-11-25,EWB,361,77,54,131,0,,,,,,131,,,,,,
2025-11-26,EWB,30,5,0,5,0,,,,,,5,,,,,,
2025-11-27,EWB,19,2,4,6,0,,,,,,6,,,,,,
2025-11-28,EWB,53,7,5,12,0,,,,,,12,,,,,,
2025-11-29,EWB,160,9,13,22,0,,,,,,22,,,,,,
2025-11-30,EWB,84,23,13,36,0,,,,,,36,,,,,,
2025-12-01,EWB,321,14,30,44,0,,,,,,44,,,,,,
2025-12-02,EWB,29,8,6,14,0,,,,,,14,,,,,,
2025-12-03,EWB,406,15,24,39,1,,,,,,39,,,,,,
2025-12-04,EWB,187,21,18,39,1,,,,,,39,,,,,,
2025-12-05,EWB,228,51,62,113,0,,,,,,113,,,,,,
2025-12-06,EWB,118,25,26,51,0,,,,,,51,,,,,,
2025-12-07,EWB,271,45,41,86,0,,,,,,86,,,,,,
2025-12-08,EWB,163,8,21,29,0,,,,,,29,,,,,,
2025-12-09,EWB,266,37,43,80,0,,,,,,80,,,,,,
2025-12-11,EWB,31,0,2,2,0,,,,,,2,,,,,,
2025-12-12,EWB,35,1,1,2,0,,,,,,2,,,,,,
2025-12-13,EWB,280,56,51,107,0,,,,,,107,,,,,,
2025-12-14,EWB,5,0,0,0,0,,,,,,0,,,,,,
2025-12-15,EWB,184,4,14,18,1,,,,,,18,,,,,,
2025-12-17,EWB,149,23,12,35,0,,,,,,35,,,,,,
2025-12-18,EWB,211,48,30,78,1,,,,,,78,,,,,,
2025-12-19,EWB,1,0,1,1,0,,,,,,1,,,,,,
2025-12-20,EWB,179,15,27,42,0,,,,,,42,,,,,,
2025-12-21,EWB,55,7,9,16,0,,,,,,16,,,,,,
2025-12-22,EWB,173,5,23,28,0,,,,,,28,,,,,,
2025-12-23,EWB,20,5,2,7,0,,,,,,7,,,,,,
2025-12-24,EWB,6,0,0,0,0,,,,,,0,,,,,,
2025-12-25,EWB,13,0,0,0,0,,,,,,0,,,,,,
2025-12-26,EWB,91,13,28,41,0,,,,,,41,,,,,,
2025-12-27,EWB,8,0,0,0,0,,,,,,0,,,,,,
2025-12-28,EWB,305,30,38,68,0,,,,,,68,,,,,,
2025-12-29,EWB,5,1,0,1,0,,,,,,1,,,,,,
2025-12-30,EWB,6,0,2,2,0,,,,,,2,,,,,,
2026-01-01,EWB,4,0,1,1,0,,,,,,1,,,,,,
2026-01-02,EWB,243,71,78,149,0,,,,,,149,,,,,,
2026-01-03,EWB,219,49,64,113,0,,,,,,113,,,,,,
2026-01-04,EWB,85,18,20,38,0,,,,,,38,,,,,,
2026-01-05,EWB,213,28,48,76,0,,,,,,76,,,,,,
2026-01-06,EWB,25,1,4,5,0,,,,,,5,,,,,,
2026-01-07,EWB,14,1,4,5,0,,,,,,5,,,,,,
2026-01-08,EWB,362,57,67,124,0,,,,,,124,,,,,,
2026-01-09,EWB,77,26,21,47,0,,,,,,47,,,,,,
2026-01-10,EWB,159,36,40,76,0,,,,,,76,,,,,,
2026-01-11,EWB,56,1,4,5,1,,,,,,5,,,,,,
2026-01-12,EWB,112,14,15,29,0,,,,,,29,,,,,,
2026-01-13,EWB,351,57,51,108,0,,,,,,108,,,,,,
2026-01-14,EWB,338,69,52,121,3,,,,,,121,,,,,,
2026-01-15,EWB,175,26,12,38,4,,,,,,38,,,,,,
2026-01-16,EWB,19,2,2,4,0,,,,,,4,,,,,,
2026-01-17,EWB,127,47,43,90,0,,,,,,90,,,,,,
2026-01-18,EWB,6,0,2,2,0,,,,,,2,,,,,,
2026-01-19,EWB,14,1,0,1,0,,,,,,1,,,,,,
2026-01-20,EWB,251,39,46,85,0,,,,,,85,,,,,,
2026-01-22,EWB,263,43,41,84,2,,,,,,84,,,,,,
2026-01-23,EWB,193,30,34,64,0,,,,,,64,,,,,,
2026-01-24,EWB,96,13,21,34,0,,,,,,34,,,,,,
2026-01-25,EWB,2,0,2,2,0,,,,,,2,,,,,,
2026-01-26,EWB,0,0,0,0,0,,,,,,0,,,,,,
2026-01-27,EWB,27,0,2,2,0,,,,,,2,,,,,,
2026-01-28,EWB,115,8,8,16,0,,,,,,16,,,,,,
2026-01-29,EWB,281,19,14,33,1,,,,,,33,,,,,,
2026-01-30,EWB,166,20,47,67,0,,,,,,67,,,,,,
2026-01-31,EWB,295,67,78,145,1,,,,,,145,,,,,,
2026-02-01,EWB,3,0,1,1,0,,,,,,1,,,,,,
2026-02-02,EWB,274,61,76,137,1,,,,,,137,,,,,,
2026-02-03,EWB,266,40,51,91,1,,,,,,91,,,,,,
2026-02-04,EWB,375,31,38,69,0,,,,,,69,,,,,,
2026-02-05,EWB,299,32,37,69,1,,,,,,69,,,,,,
2026-02-06,EWB,294,36,38,74,0,,,,,,74,,,,,,
2026-02-07,EWB,0,0,0,0,0,,,,,,0,,,,,,
2026-02-08,EWB,5,0,0,0,0,,,,,,0,,,,,,
2026-02-09,EWB,407,60,74,134,0,,,,,,134,,,,,,
2026-02-10,EWB,242,51,49,100,0,,,,,,100,,,,,,
2026-02-11,EWB,150,13,15,28,2,,,,,,28,,,,,,
2026-02-12,EWB,293,34,43,77,0,,,,,,77,,,,,,
2026-02-13,EWB,315,54,69,123,0,,,,,,123,,,,,,
2026-02-14,EWB,252,49,55,104,0,,,,,,104,,,,,,
2026-02-15,EWB,316,76,82,158,1,,,,,,158,,,,,,
2026-02-16,EWB,86,5,11,16,0,,,,,,16,,,,,,
2026-02-17,EWB,49,5,7,12,0,,,,,,12,,,,,,
2026-02-18,EWB,0,0,0,0,0,,,,,,0,,,,,,
2026-02-19,EWB,365,116,112,228,1,,,,,,228,,,,,,
2026-02-20,EWB,53,26,18,44,0,,,,,,44,,,,,,
2026-02-21,EWB,8,0,2,2,0,,,,,,2,,,,,,
2026-02-22,EWB,53,11,16,27,0,,,,,,27,,,,,,
2026-02-23,EWB,0,0,0,0,0,,,,,,0,,,,,,
2026-02-24,EWB,16,0,0,0,0,,,,,,0,,,,,,
2026-02-25,EWB,0,0,0,0,0,,,,,,0,,,,,,
2026-02-26,EWB,8,1,1,2,0,,,,,,2,,,,,,
2026-02-27,EWB,72,15,21,36,0,,,,,,36,,,,,,
2026-02-28,EWB,378,93,77,170,1,,,,,,170,,,,,,
2026-03-01,EWB,59,5,5,10,0,,,,,,10,,,,,,
2026-03-02,EWB,441,81,84,165,1,,,,,,165,,,,,,
2026-03-03,EWB,157,26,27,53,0,,,,,,53,,,,,,
2026-03-04,EWB,388,76,63,139,0,,,,,,139,,,,,,
2026-03-05,EWB,43,17,17,34,0,,,,,,34,,,,,,
2026-03-06,EWB,13,0,0,0,0,,,,,,0,,,,,,
2026-03-07,EWB,2,0,0,0,0,,,,,,0,,,,,,
2026-03-08,EWB,48,2,0,2,0,,,,,,2,,,,,,
2026-03-09,EWB,444,92,79,171,0,,,,,,171,,,,,,
2026-03-10,EWB,263,45,41,86,1,,,,,,86,,,,,,
2026-03-11,EWB,217,46,44,90,0,,,,,,90,,,,,,
2026-03-12,EWB,93,4,13,17,1,,,,,,17,,,,,,
2026-03-13,EWB,269,47,58,105,0,,,,,,105,,,,,,
2026-03-14,EWB,18,0,1,1,0,,,,,,1,,,,,,
2026-03-15,EWB,311,49,44,93,0,,,,,,93,,,,,,
2026-03-16,EWB,6,1,0,1,0,,,,,,1,,,,,,
2026-03-17,EWB,43,5,5,10,0,,,,,,10,,,,,,
2026-03-18,EWB,443,49,67,116,0,,,,,,116,,,,,,
2026-03-19,EWB,370,101,95,196,0,,,,,,196,,,,,,
2026-03-20,EWB,259,46,42,88,0,,,,,,88,,,,,,
2026-03-21,EWB,180,35,42,77,0,,,,,,77,,,,,,
2026-03-22,EWB,55,21,19,40,0,,,,,,40,,,,,,
2026-03-23,EWB,11,0,0,0,0,,,,,,0,,,,,,
2026-03-24,EWB,513,96,89,185,2,,,,,,185,,,,,,
2026-03-25,EWB,510,85,67,152,0,,,,,,152,,,,,,
2026-03-26,EWB,91,15,9,24,2,,,,,,24,,,,,,
2026-03-27,EWB,198,31,36,67,0,,,,,,67,,,,,,
2026-03-28,EWB,321,67,92,159,0,,,,,,159,,,,,,
2026-03-29,EWB,332,57,51,108,0,,,,,,108,,,,,,
2026-03-30,EWB,70,9,5,14,0,,,,,,14,,,,,,
2026-03-31,EWB,153,31,26,57,0,,,,,,57,,,,,,
2026-04-01,EWB,158,25,16,41,0,,,,,,41,,,,,,
2026-04-02,EWB,14,0,0,0,0,,,,,,0,,,,,,
2026-04-03,EWB,51,15,9,24,0,,,,,,24,,,,,,
2026-04-04,EWB,183,47,52,99,0,,,,,,99,,,,,,
2026-04-05,EWB,6,0,0,0,0,,,,,,0,,,,,,
2026-04-06,EWB,429,20,30,50,1,,,,,,50,,,,,,
2026-04-07,EWB,77,3,8,11,0,,,,,,11,,,,,,
2026-04-08,EWB,578,66,77,143,0,,,,,,143,,,,,,
2026-04-09,EWB,383,103,84,187,1,,,,,,187,,,,,,
2026-04-10,EWB,281,74,54,128,0,,,,,,128,,,,,,
2026-04-11,EWB,274,23,46,69,0,,,,,,69,,,,,,
2026-04-12,EWB,466,89,79,168,0,,,,,,168,,,,,,
2026-04-13,EWB,35,4,2,6,0,,,,,,6,,,,,,
2026-04-14,EWB,403,52,51,103,0,,,,,,103,,,,,,
2026-04-15,EWB,269,50,57,107,0,,,,,,107,,,,,,
2026-04-16,EWB,323,65,55,120,1,,,,,,120,,,,,,
2026-04-17,EWB,130,50,42,92,0,,,,,,92,,,,,,
2026-04-18,EWB,15,1,2,3,0,,,,,,3,,,,,,
2026-04-19,EWB,4,0,0,0,0,,,,,,0,,,,,,
2026-04-20,EWB,111,11,12,23,0,,,,,,23,,,,,,
2026-04-21,EWB,325,37,41,78,1,,,,,,78,,,,,,
2026-04-22,EWB,83,21,23,44,0,,,,,,44,,,,,,
2026-04-23,EWB,217,8,12,20,0,,,,,,20,,,,,,
2026-04-24,EWB,301,45,48,93,1,,,,,,93,,,,,,
2026-04-25,EWB,275,26,25,51,0,,,,,,51,,,,,,
2026-04-27,EWB,369,28,37,65,0,,,,,,65,,,,,,
2026-04-28,EWB,364,27,31,58,0,,,,,,58,,,,,,
2026-04-29,EWB,216,9,16,25,0,,,,,,25,,,,,,
2026-04-30,EWB,28,1,1,2,0,,,,,,2,,,,,,
2026-05-01,EWB,295,19,24,43,0,,,,,,43,,,,,,
2026-05-02,EWB,285,74,61,135,0,,,,,,135,,,,,,
2026-05-03,EWB,221,10,18,28,0,,,,,,28,,,,,,
2026-05-04,EWB,155,12,9,21,0,,,,,,21,,,,,,
2026-05-07,EWB,352,4,5,9,1,,,,,,9,,,,,,
2026-05-08,EWB,239,7,6,13,0,,,,,,13,,,,,,
2026-05-09,EWB,103,5,2,7,0,,,,,,7,,,,,,
2026-05-10,EWB,59,7,4,11,0,,,,,,11,,,,,,
2026-05-11,EWB,389,43,40,83,0,,,,,,83,,,,,,
2026-05-12,EWB,411,46,39,85,0,,,,,,85,,,,,,
2026-05-13,EWB,211,24,23,47,0,,,,,,47,,,,,,
2026-05-14,EWB,35,3,2,5,0,,,,,,5,,,,,,
2026-05-15,EWB,38,3,3,6,0,,,,,,6,,,,,,
2026-05-16,EWB,168,21,19,40,0,,,,,,40,,,,,,
2026-05-17,EWB,155,5,8,13,0,,,,,,13,,,,,,
2026-05-18,EWB,323,37,36,73,0,,,,,,73,,,,,,
2026-05-19,EWB,335,46,31,77,0,,,,,,77,,,,,,
2026-05-20,EWB,388,39,37,76,2,,,,,,76,,,,,,
2026-05-21,EWB,213,36,38,74,0,,,,,,74,,,,,,
2026-05-22,EWB,69,6,7,13,0,,,,,,13,,,,,,
2026-05-23,EWB,244,31,31,62,0,,,,,,62,,,,,,
2026-05-24,EWB,11,2,2,4,0,,,,,,4,,,,,,
2026-05-25,EWB,65,2,3,5,0,,,,,,5,,,,,,
2026-05-26,EWB,483,49,47,96,0,,,,,,96,,,,,,
2026-05-27,EWB,428,33,33,66,0,,,,,,66,,,,,,
2026-05-28,EWB,297,19,21,40,0,,,,,,40,,,,,,
2026-05-29,EWB,309,12,19,31,0,,,,,,31,,,,,,
2026-05-30,EWB,34,0,2,2,0,,,,,,2,,,,,,
2026-05-31,EWB,210,15,16,31,0,,,,,,31,,,,,,
2026-06-01,EWB,321,23,24,47,0,,,,,,47,,,,,,
2026-06-02,EWB,234,13,16,29,0,,,,,,29,,,,,,
2026-06-03,EWB,435,39,26,65,1,,,,,,65,,,,,,
2026-06-04,EWB,385,34,25,59,0,,,,,,59,,,,,,
2026-06-05,EWB,324,24,33,57,0,,,,,,57,,,,,,
2026-06-06,EWB,167,14,13,27,0,,,,,,27,,,,,,
2026-06-07,EWB,74,3,4,7,0,,,,,,7,,,,,,
2026-06-08,EWB,270,11,13,24,0,,,,,,24,,,,,,
2026-06-09,EWB,174,11,6,17,0,,,,,,17,,,,,,
2026-06-10,EWB,304,23,18,41,0,,,,,,41,,,,,,
2026-06-11,EWB,413,1,1,2,0,,,,,,2,,,,,,
2026-06-12,EWB,313,51,49,100,0,,,,,,100,,,,,,
2026-06-13,EWB,180,5,6,11,0,,,,,,11,,,,,,
2026-06-14,EWB,136,14,12,26,0,,,,,,26,,,,,,
2026-06-15,EWB,253,7,9,16,1,,,,,,16,,,,,,
2026-06-16,EWB,370,14,11,25,0,,,,,,25,,,,,,
2026-06-17,EWB,370,31,24,55,1,,,,,,55,,,,,,
2026-06-18,EWB,30,2,0,2,0,,,,,,2,,,,,,
2026-06-19,EWB,99,10,7,17,0,,,,,,17,,,,,,
2026-06-20,EWB,52,4,6,10,0,,,,,,10,,,,,,
2026-06-21,EWB,52,35,27,62,0,,,,,,62,,,,,,
2026-06-22,EWB,228,49,51,100,0,,,,,,100,,,,,,
2026-06-23,EWB,17,1,2,3,0,,,,,,3,,,,,,
2026-06-24,EWB,362,56,52,108,0,,,,,,108,,,,,,
2026-06-25,EWB,262,17,15,32,0,,,,,,32,,,,,,
2026-06-26,EWB,87,13,8,21,0,,,,,,21,,,,,,
2026-06-27,EWB,166,33,32,65,0,,,,,,65,,,,,,
2026-06-28,EWB,246,47,45,92,1,,,,,,92,,,,,,
2026-06-29,EWB,404,93,97,190,0,,,,,,190,,,,,,
2026-06-30,EWB,250,32,23,55,0,,,,,,55,,,,,,
2026-07-01,EWB,264,54,39,93,0,,,,,,93,,,,,,
2026-07-02,EWB,239,44,51,95,2,,,,,,95,,,,,,
2026-07-03,EWB,310,43,54,97,0,,,,,,97,,,,,,
2026-07-04,EWB,28,2,6,8,0,,,,,,8,,,,,,
2026-07-05,EWB,188,18,21,39,1,,,,,,39,,,,,,
2026-07-06,EWB,78,9,13,22,0,,,,,,22,,,,,,
2026-07-07,EWB,34,1,2,3,0,,,,,,3,,,,,,
2026-07-08,EWB,381,98,86,184,0,,,,,,184,,,,,,
2026-07-09,EWB,324,62,52,114,1,,,,,,114,,,,,,
2026-07-10,EWB,273,29,38,67,0,,,,,,67,,,,,,
2026-07-11,EWB,296,67,52,119,0,,,,,,119,,,,,,
2026-07-12,EWB,298,37,41,78,1,,,,,,78,,,,,,
2026-07-13,EWB,206,52,56,108,0,,,,,,108,,,,,,
2026-07-14,EWB,205,42,39,81,0,,,,,,81,,,,,,
2026-07-15,EWB,124,10,11,21,2,,,,,,21,,,,,,
2026-07-16,EWB,273,53,55,108,1,,,,,,108,,,,,,
2026-07-17,EWB,261,50,62,112,0,,,,,,112,,,,,,
2026-07-18,EWB,138,26,18,44,0,,,,,,44,,,,,,
2026-07-19,EWB,199,26,26,52,0,,,,,,52,,,,,,
2026-07-20,EWB,358,81,76,157,0,,,,,,157,,,,,,
2026-07-21,EWB,120,36,30,66,0,,,,,,66,,,,,,
2026-07-22,EWB,31,3,5,8,0,,,,,,8,,,,,,
2026-07-23,EWB,237,62,60,122,1,,,,,,122,,,,,,
2026-07-24,EWB,456,112,94,206,0,,,,,,206,,,,,,
2026-07-25,EWB,154,34,40,74,0,,,,,,74,,,,,,
2026-07-26,EWB,274,51,49,100,0,,,,,,100,,,,,,
2026-07-27,EWB,374,91,96,187,0,,,,,,187,,,,,,
2026-07-28,EWB,212,30,32,62,1,,,,,,62,,,,,,
2026-07-29,EWB,20,5,2,7,0,,,,,,7,,,,,,
2026-07-30,EWB,40,2,2,4,0,,,,,,4,,,,,,
2026-07-31,EWB,351,84,84,168,2,,,,,,168,,,,,,
2026-08-01,EWB,254,23,24,47,0,,,,,,47,,,,,,
2026-08-02,EWB,156,34,32,66,0,,,,,,66,,,,,,
2026-08-03,EWB,21,1,1,2,0,,,,,,2,,,,,,
2026-08-04,EWB,329,75,54,129,1,,,,,,129,,,,,,
2026-08-05,EWB,246,27,25,52,3,,,,,,52,,,,,,
2026-08-06,EWB,163,28,33,61,1,,,,,,61,,,,,,
2026-08-07,EWB,325,65,57,122,1,,,,,,122,,,,,,
2026-08-08,EWB,134,34,34,68,0,,,,,,68,,,,,,
2026-08-09,EWB,237,10,12,22,1,,,,,,22,,,,,,
2026-08-10,EWB,155,42,33,75,0,,,,,,75,,,,,,
2026-08-11,EWB,380,26,39,65,1,,,,,,65,,,,,,
2026-08-12,EWB,166,11,21,32,0,,,,,,32,,,,,,
2026-08-13,EWB,117,29,33,62,1,,,,,,62,,,,,,
2026-08-14,EWB,199,34,36,70,0,,,,,,70,,,,,,
2026-08-15,EWB,224,55,60,115,3,,,,,,115,,,,,,
2026-08-16,EWB,227,31,36,67,0,,,,,,67,,,,,,
2026-08-17,EWB,49,8,8,16,1,,,,,,16,,,,,,
2026-08-18,EWB,205,15,14,29,0,,,,,,29,,,,,,
2026-08-19,EWB,286,49,51,100,0,,,,,,100,,,,,,
2026-08-20,EWB,283,59,56,115,0,,,,,,115,,,,,,
2026-08-21,EWB,67,11,13,24,0,,,,,,24,,,,,,
2026-08-22,EWB,39,1,6,7,0,,,,,,7,,,,,,
2026-08-23,EWB,97,7,11,18,0,,,,,,18,,,,,,
2026-08-24,EWB,422,76,63,139,1,,,,,,139,,,,,,
2026-08-25,EWB,251,47,47,94,0,,,,,,94,,,,,,
2026-08-26,EWB,355,98,72,170,1,,,,,,170,,,,,,
2026-08-27,EWB,196,55,45,100,1,,,,,,100,,,,,,
2026-08-28,EWB,252,59,50,109,0,,,,,,109,,,,,,
2026-08-29,EWB,194,39,41,80,0,,,,,,80,,,,,,
2026-08-30,EWB,186,48,44,92,0,,,,,,92,,,,,,
2026-08-31,EWB,165,31,40,71,0,,,,,,71,,,,,,
2023-02-16,GON,134,0,0,0,0,,,,,,,0,,,,,
2023-02-17,GON,19,0,0,0,0,,,,,,,0,,,,,
2023-02-18,GON,206,0,0,0,0,,,,,,,0,,,,,
2023-02-19,GON,134,0,0,0,0,,,,,,,0,,,,,
2023-02-20,GON,80,0,0,0,0,,,,,,,0,,,,,
2023-02-21,GON,69,0,0,0,0,,,,,,,0,,,,,
2023-02-22,GON,111,0,0,0,0,,,,,,,0,,,,,
2023-02-23,GON,9,0,0,0,0,,,,,,,0,,,,,
2023-02-24,GON,45,0,0,0,0,,,,,,,0,,,,,
2023-02-25,GON,89,0,0,0,0,,,,,,,0,,,,,
2023-02-26,GON,120,0,0,0,0,,,,,,,0,,,,,
2023-02-27,GON,137,0,0,0,0,,,,,,,0,,,,,
2023-02-28,GON,4,0,0,0,0,,,,,,,0,,,,,
2023-03-01,GON,175,0,0,0,0,,,,,,,0,,,,,
2023-03-02,GON,43,0,0,0,0,,,,,,,0,,,,,
2023-03-03,GON,197,0,0,0,0,,,,,,,0,,,,,
2023-03-04,GON,4,0,0,0,0,,,,,,,0,,,,,
2023-03-05,GON,180,0,0,0,0,,,,,,,0,,,,,
2023-03-06,GON,113,0,0,0,0,,,,,,,0,,,,,
2023-03-07,GON,82,0,0,0,0,,,,,,,0,,,,,
2023-03-08,GON,133,0,0,0,0,,,,,,,0,,,,,
2023-03-09,GON,176,0,0,0,0,,,,,,,0,,,,,
2023-03-10,GON,147,0,0,0,0,,,,,,,0,,,,,
2023-03-11,GON,15,0,0,0,0,,,,,,,0,,,,,
2023-03-12,GON,192,0,0,0,0,,,,,,,0,,,,,
2023-03-13,GON,58,0,0,0,0,,,,,,,0,,,,,
2023-03-14,GON,2,0,0,0,0,,,,,,,0,,,,,
2023-03-15,GON,24,0,0,0,0,,,,,,,0,,,,,
2023-03-16,GON,174,0,0,0,0,,,,,,,0,,,,,
2023-03-17,GON,167,0,0,0,0,,,,,,,0,,,,,
2023-03-18,GON,317,0,0,0,0,,,,,,,0,,,,,
2023-03-19,GON,105,0,0,0,0,,,,,,,0,,,,,
2023-03-20,GON,184,0,0,0,0,,,,,,,0,,,,,
2023-03-21,GON,235,0,0,0,0,,,,,,,0,,,,,
2023-03-22,GON,163,0,0,0,0,,,,,,,0,,,,,
2023-03-23,GON,50,0,0,0,0,,,,,,,0,,,,,
2023-03-24,GON,226,0,0,0,0,,,,,,,0,,,,,
2023-03-25,GON,32,0,0,0,0,,,,,,,0,,,,,
2023-03-26,GON,100,0,0,0,0,,,,,,,0,,,,,
2023-03-27,GON,185,0,0,0,0,,,,,,,0,,,,,
2023-03-28,GON,71,0,0,0,0,,,,,,,0,,,,,
2023-03-29,GON,214,1,0,1,0,,,,,,,1,,,,,
2023-03-30,GON,133,0,0,0,0,,,,,,,0,,,,,
2023-03-31,GON,131,0,0,0,0,,,,,,,0,,,,,
2023-04-01,GON,5,0,0,0,0,,,,,,,0,,,,,
2023-04-02,GON,109,0,0,0,0,,,,,,,0,,,,,
2023-04-03,GON,151,0,0,0,0,,,,,,,0,,,,,
2023-04-04,GON,131,0,0,0,0,,,,,,,0,,,,,
2023-04-05,GON,76,0,0,0,0,,,,,,,0,,,,,
2023-04-06,GON,86,0,0,0,0,,,,,,,0,,,,,
2023-04-07,GON,168,0,0,0,0,,,,,,,0,,,,,
2023-04-08,GON,326,0,0,0,0,,,,,,,0,,,,,
2023-04-09,GON,120,0,0,0,0,,,,,,,0,,,,,
2023-04-10,GON,263,0,0,0,0,,,,,,,0,,,,,
2023-04-11,GON,270,0,0,0,0,,,,,,,0,,,,,
2023-04-12,GON,98,0,0,0,0,,,,,,,0,,,,,
2023-04-13,GON,228,0,0,0,0,,,,,,,0,,,,,
2023-04-14,GON,213,1,1,2,0,,,,,,,2,,,,,
2023-04-15,GON,29,0,0,0,0,,,,,,,0,,,,,
2023-04-16,GON,17,0,0,0,0,,,,,,,0,,,,,
2023-04-17,GON,10,0,0,0,0,,,,,,,0,,,,,
2023-04-18,GON,122,0,0,0,0,,,,,,,0,,,,,
2023-04-19,GON,223,0,0,0,0,,,,,,,0,,,,,
2023-04-20,GON,315,0,0,0,0,,,,,,,0,,,,,
2023-04-21,GON,166,0,0,0,0,,,,,,,0,,,,,
2023-04-22,GON,45,0,0,0,0,,,,,,,0,,,,,
2023-04-23,GON,16,0,0,0,0,,,,,,,0,,,,,
2023-04-24,GON,156,0,0,0,0,,,,,,,0,,,,,
2023-04-25,GON,193,0,0,0,0,,,,,,,0,,,,,
2023-04-26,GON,149,0,0,0,0,,,,,,,0,,,,,
2023-04-27,GON,184,0,0,0,0,,,,,,,0,,,,,
2023-04-28,GON,162,0,0,0,0,,,,,,,0,,,,,
2023-04-29,GON,10,0,0,0,0,,,,,,,0,,,,,
2023-04-30,GON,11,0,0,0,0,,,,,,,0,,,,,
2023-05-01,GON,49,0,0,0,0,,,,,,,0,,,,,
2023-05-02,GON,154,0,0,0,0,,,,,,,0,,,,,
2023-05-03,GON,177,0,0,0,0,,,,,,,0,,,,,
2023-05-04,GON,107,0,0,0,0,,,,,,,0,,,,,
2023-05-05,GON,176,0,0,0,0,,,,,,,0,,,,,
2023-05-06,GON,223,0,0,0,0,,,,,,,0,,,,,
2023-05-07,GON,296,0,0,0,0,,,,,,,0,,,,,
2023-05-08,GON,154,0,0,0,0,,,,,,,0,,,,,
2023-05-09,GON,221,0,0,0,0,,,,,,,0,,,,,
2023-05-10,GON,159,0,2,2,0,,,,,,,2,,,,,
2023-05-11,GON,182,3,3,6,0,,,,,,,6,,,,,
2023-05-12,GON,211,0,0,0,0,,,,,,,0,,,,,
2023-05-13,GON,174,0,0,0,0,,,,,,,0,,,,,
2023-05-14,GON,169,0,0,0,0,,,,,,,0,,,,,
2023-05-15,GON,163,0,0,0,0,,,,,,,0,,,,,
2023-05-16,GON,141,0,0,0,0,,,,,,,0,,,,,
2023-05-17,GON,102,0,0,0,0,,,,,,,0,,,,,
2023-05-18,GON,245,0,0,0,0,,,,,,,0,,,,,
2023-05-19,GON,153,0,0,0,0,,,,,,,0,,,,,
2023-05-20,GON,24,0,0,0,0,,,,,,,0,,,,,
2023-05-21,GON,229,0,0,0,0,,,,,,,0,,,,,
2023-05-22,GON,160,0,0,0,0,,,,,,,0,,,,,
2023-05-23,GON,175,0,0,0,0,,,,,,,0,,,,,
2023-05-24,GON,194,4,4,8,0,,,,,,,8,,,,,
2023-05-25,GON,219,0,0,0,0,,,,,,,0,,,,,
2023-05-26,GON,259,1,0,1,0,,,,,,,1,,,,,
2023-05-27,GON,221,0,0,0,0,,,,,,,0,,,,,
2023-05-28,GON,189,2,1,3,0,,,,,,,3,,,,,
2023-05-29,GON,116,0,0,0,0,,,,,,,0,,,,,
2023-05-30,GON,180,0,0,0,0,,,,,,,0,,,,,
2023-05-31,GON,163,1,1,2,0,,,,,,,2,,,,,
2023-06-01,GON,168,0,0,0,0,,,,,,,0,,,,,
2023-06-02,GON,180,0,0,0,0,,,,,,,0,,,,,
2023-06-03,GON,44,0,0,0,0,,,,,,,0,,,,,
2023-06-04,GON,163,0,0,0,0,,,,,,,0,,,,,
2023-06-05,GON,120,0,0,0,0,,,,,,,0,,,,,
2023-06-06,GON,168,0,0,0,0,,,,,,,0,,,,,
2023-06-07,GON,122,0,0,0,0,,,,,,,0,,,,,
2023-06-08,GON,160,0,0,0,0,,,,,,,0,,,,,
2023-06-09,GON,188,0,0,0,0,,,,,,,0,,,,,
2023-06-10,GON,229,0,0,0,0,,,,,,,0,,,,,
2023-06-11,GON,287,5,3,8,0,,,,,,,8,,,,,
2023-06-12,GON,108,0,0,0,0,,,,,,,0,,,,,
2023-06-13,GON,133,0,0,0,0,,,,,,,0,,,,,
2023-06-14,GON,109,0,0,0,0,,,,,,,0,,,,,
2023-06-15,GON,287,0,0,0,0,,,,,,,0,,,,,
2023-06-16,GON,165,0,0,0,0,,,,,,,0,,,,,
2023-06-17,GON,78,0,0,0,0,,,,,,,0,,,,,
2023-06-18,GON,206,0,0,0,0,,,,,,,0,,,,,
2023-06-19,GON,230,0,1,1,0,,,,,,,1,,,,,
2023-06-20,GON,187,0,1,1,0,,,,,,,1,,,,,
2023-06-21,GON,188,0,0,0,0,,,,,,,0,,,,,
2023-06-22,GON,116,0,0,0,0,,,,,,,0,,,,,
2023-06-23,GON,84,0,0,0,0,,,,,,,0,,,,,
2023-06-24,GON,26,0,0,0,0,,,,,,,0,,,,,
2023-06-25,GON,72,0,0,0,0,,,,,,,0,,,,,
2023-06-26,GON,29,0,0,0,0,,,,,,,0,,,,,
2023-06-27,GON,83,0,0,0,0,,,,,,,0,,,,,
2023-06-28,GON,79,0,0,0,0,,,,,,,0,,,,,
2023-06-29,GON,359,2,4,6,0,,,,,,,6,,,,,
2023-06-30,GON,265,3,2,5,0,,,,,,,5,,,,,
2023-07-01,GON,188,1,4,5,0,,,,,,,5,,,,,
2023-07-02,GON,74,0,0,0,0,,,,,,,0,,,,,
2023-07-03,GON,109,0,0,0,0,,,,,,,0,,,,,
2023-07-04,GON,60,0,0,0,0,,,,,,,0,,,,,
2023-07-05,GON,152,0,1,1,0,,,,,,,1,,,,,
2023-07-06,GON,227,3,4,7,0,,,,,,,7,,,,,
2023-07-07,GON,78,1,0,1,0,,,,,,,1,,,,,
2023-07-08,GON,166,0,1,1,0,,,,,,,1,,,,,
2023-07-09,GON,56,0,0,0,0,,,,,,,0,,,,,
2023-07-10,GON,43,0,0,0,0,,,,,,,0,,,,,
2023-07-11,GON,245,3,2,5,0,,,,,,,5,,,,,
2023-07-12,GON,306,4,5,9,0,,,,,,,9,,,,,
2023-07-13,GON,235,7,5,12,0,,,,,,,12,,,,,
2023-07-14,GON,91,0,0,0,0,,,,,,,0,,,,,
2023-07-15,GON,119,0,0,0,0,,,,,,,0,,,,,
2023-07-16,GON,25,0,0,0,0,,,,,,,0,,,,,
2023-07-17,GON,120,1,1,2,0,,,,,,,2,,,,,
2023-07-18,GON,67,0,0,0,0,,,,,,,0,,,,,
2023-07-19,GON,204,1,0,1,0,,,,,,,1,,,,,
2023-07-20,GON,299,7,4,11,0,,,,,,,11,,,,,
2023-07-21,GON,217,0,0,0,0,,,,,,,0,,,,,
2023-07-22,GON,253,0,0,0,0,,,,,,,0,,,,,
2023-07-23,GON,243,0,1,1,0,,,,,,,1,,,,,
2023-07-24,GON,234,1,0,1,0,,,,,,,1,,,,,
2023-07-25,GON,168,0,0,0,0,,,,,,,0,,,,,
2023-07-26,GON,247,0,0,0,0,,,,,,,0,,,,,
2023-07-27,GON,157,0,0,0,0,,,,,,,0,,,,,
2023-07-28,GON,226,0,0,0,0,,,,,,,0,,,,,
2023-07-29,GON,101,0,0,0,0,,,,,,,0,,,,,
2023-07-30,GON,251,0,0,0,0,,,,,,,0,,,,,
2023-07-31,GON,245,1,1,2,0,,,,,,,2,,,,,
2023-08-01,GON,174,0,0,0,0,,,,,,,0,,,,,
2023-08-02,GON,258,0,1,1,0,,,,,,,1,,,,,
2023-08-03,GON,281,0,0,0,0,,,,,,,0,,,,,
2023-08-04,GON,157,0,0,0,0,,,,,,,0,,,,,
2023-08-05,GON,234,0,0,0,0,,,,,,,0,,,,,
2023-08-06,GON,234,2,1,3,0,,,,,,,3,,,,,
2023-08-07,GON,108,0,0,0,0,,,,,,,0,,,,,
2023-08-08,GON,179,0,0,0,0,,,,,,,0,,,,,
2023-08-09,GON,206,0,0,0,0,,,,,,,0,,,,,
2023-08-10,GON,273,1,1,2,1,,,,,,,2,,,,,
2023-08-11,GON,230,1,0,1,0,,,,,,,1,,,,,
2023-08-12,GON,184,1,2,3,0,,,,,,,3,,,,,
2023-08-13,GON,184,0,0,0,0,,,,,,,0,,,,,
2023-08-14,GON,242,1,2,3,0,,,,,,,3,,,,,
2023-08-15,GON,69,0,0,0,0,,,,,,,0,,,,,
2023-08-16,GON,55,0,0,0,0,,,,,,,0,,,,,
2023-08-17,GON,83,0,0,0,0,,,,,,,0,,,,,
2023-08-18,GON,144,2,0,2,0,,,,,,,2,,,,,
2023-08-19,GON,307,2,2,4,0,,,,,,,4,,,,,
2023-08-20,GON,235,1,2,3,0,,,,,,,3,,,,,
2023-08-21,GON,157,0,2,2,0,,,,,,,2,,,,,
2023-08-22,GON,108,0,0,0,0,,,,,,,0,,,,,
2023-08-23,GON,194,0,1,1,0,,,,,,,1,,,,,
2023-08-24,GON,148,0,0,0,0,,,,,,,0,,,,,
2023-08-25,GON,48,0,0,0,0,,,,,,,0,,,,,
2023-08-26,GON,166,0,2,2,0,,,,,,,2,,,,,
2023-08-27,GON,227,5,3,8,0,,,,,,,8,,,,,
2023-08-28,GON,112,0,0,0,0,,,,,,,0,,,,,
2023-08-29,GON,43,0,0,0,0,,,,,,,0,,,,,
2023-08-30,GON,150,0,0,0,0,,,,,,,0,,,,,
2023-08-31,GON,185,0,0,0,0,,,,,,,0,,,,,
2023-09-01,GON,320,2,2,4,0,,,,,,,4,,,,,
2023-09-02,GON,236,3,1,4,0,,,,,,,4,,,,,
2023-09-03,GON,240,2,2,4,0,,,,,,,4,,,,,
2023-09-04,GON,250,0,0,0,0,,,,,,,0,,,,,
2023-09-05,GON,173,2,1,3,0,,,,,,,3,,,,,
2023-09-06,GON,237,0,0,0,0,,,,,,,0,,,,,
2023-09-07,GON,230,0,1,1,2,,,,,,,1,,,,,
2023-09-08,GON,103,0,0,0,0,,,,,,,0,,,,,
2023-09-09,GON,137,0,0,0,0,,,,,,,0,,,,,
2023-09-11,GON,64,0,0,0,0,,,,,,,0,,,,,
2023-09-12,GON,176,0,0,0,0,,,,,,,0,,,,,
2023-09-13,GON,115,0,0,0,0,,,,,,,0,,,,,
2023-09-14,GON,249,1,2,3,0,,,,,,,3,,,,,
2023-09-15,GON,175,0,0,0,0,,,,,,,0,,,,,
2023-09-16,GON,66,0,0,0,0,,,,,,,0,,,,,
2023-09-17,GON,303,4,6,10,0,,,,,,,10,,,,,
2023-09-18,GON,37,0,0,0,0,,,,,,,0,,,,,
2023-09-19,GON,306,1,1,2,0,,,,,,,2,,,,,
2023-09-20,GON,343,3,2,5,0,,,,,,,5,,,,,
2023-09-21,GON,257,1,2,3,0,,,,,,,3,,,,,
2023-09-22,GON,212,0,0,0,0,,,,,,,0,,,,,
2023-09-23,GON,18,0,0,0,0,,,,,,,0,,,,,
2023-09-24,GON,23,0,0,0,0,,,,,,,0,,,,,
2023-09-25,GON,24,0,0,0,0,,,,,,,0,,,,,
2023-09-26,GON,128,0,0,0,0,,,,,,,0,,,,,
2023-09-27,GON,248,0,0,0,0,,,,,,,0,,,,,
2023-09-28,GON,170,0,0,0,0,,,,,,,0,,,,,
2023-09-29,GON,20,0,0,0,0,,,,,,,0,,,,,
2023-09-30,GON,28,0,0,0,0,,,,,,,0,,,,,
2023-10-01,GON,261,0,0,0,0,,,,,,,0,,,,,
2023-10-02,GON,227,2,2,4,0,,,,,,,4,,,,,
2023-10-03,GON,249,0,2,2,0,,,,,,,2,,,,,
2023-10-04,GON,228,0,0,0,0,,,,,,,0,,,,,
2023-10-05,GON,112,1,2,3,0,,,,,,,3,,,,,
2023-10-06,GON,61,0,0,0,0,,,,,,,0,,,,,
2023-10-07,GON,18,0,0,0,0,,,,,,,0,,,,,
2023-10-08,GON,132,0,0,0,0,,,,,,,0,,,,,
2023-10-09,GON,192,0,0,0,0,,,,,,,0,,,,,
2023-10-10,GON,223,1,0,1,0,,,,,,,1,,,,,
2023-10-11,GON,308,3,1,4,0,,,,,,,4,,,,,
2023-10-12,GON,221,1,1,2,0,,,,,,,2,,,,,
2023-10-13,GON,216,0,0,0,0,,,,,,,0,,,,,
2023-10-14,GON,167,0,0,0,0,,,,,,,0,,,,,
2023-10-15,GON,135,0,0,0,0,,,,,,,0,,,,,
2023-10-16,GON,160,0,0,0,0,,,,,,,0,,,,,
2023-10-17,GON,166,0,0,0,0,,,,,,,0,,,,,
2023-10-18,GON,196,0,0,0,0,,,,,,,0,,,,,
2023-10-19,GON,167,0,0,0,0,,,,,,,0,,,,,
2023-10-20,GON,84,0,0,0,0,,,,,,,0,,,,,
2023-10-21,GON,18,0,0,0,0,,,,,,,0,,,,,
2023-10-22,GON,104,0,0,0,0,,,,,,,0,,,,,
2023-10-23,GON,176,0,0,0,0,,,,,,,0,,,,,
2023-10-24,GON,176,0,2,2,0,,,,,,,2,,,,,
2023-10-25,GON,211,2,2,4,0,,,,,,,4,,,,,
2023-10-26,GON,198,8,16,24,8,,,,,,,24,,,,,
2023-10-27,GON,188,18,18,36,2,,,,,,,36,,,,,
2023-10-28,GON,152,0,1,1,0,,,,,,,1,,,,,
2023-10-29,GON,71,0,0,0,0,,,,,,,0,,,,,
2023-10-30,GON,24,0,0,0,0,,,,,,,0,,,,,
2023-10-31,GON,177,0,0,0,0,,,,,,,0,,,,,
2023-11-01,GON,175,0,0,0,0,,,,,,,0,,,,,
2023-11-02,GON,222,0,0,0,0,,,,,,,0,,,,,
2023-11-03,GON,189,0,0,0,0,,,,,,,0,,,,,
2023-11-04,GON,165,0,0,0,0,,,,,,,0,,,,,
2023-11-05,GON,196,0,0,0,0,,,,,,,0,,,,,
2023-11-06,GON,148,0,0,0,0,,,,,,,0,,,,,
2023-11-07,GON,72,0,0,0,0,,,,,,,0,,,,,
2023-11-08,GON,201,0,0,0,0,,,,,,,0,,,,,
2023-11-09,GON,121,0,0,0,0,,,,,,,0,,,,,
2023-11-10,GON,204,0,0,0,0,,,,,,,0,,,,,
2023-11-11,GON,153,0,0,0,0,,,,,,,0,,,,,
2023-11-12,GON,178,0,0,0,0,,,,,,,0,,,,,
2023-11-13,GON,161,0,0,0,0,,,,,,,0,,,,,
2023-11-14,GON,127,0,0,0,0,,,,,,,0,,,,,
2023-11-15,GON,126,0,0,0,0,,,,,,,0,,,,,
2023-11-16,GON,177,1,2,3,0,,,,,,,3,,,,,
2023-11-17,GON,157,0,0,0,0,,,,,,,0,,,,,
2023-11-18,GON,29,0,0,0,0,,,,,,,0,,,,,
2023-11-19,GON,187,0,0,0,0,,,,,,,0,,,,,
2023-11-20,GON,113,0,0,0,0,,,,,,,0,,,,,
2023-11-21,GON,129,0,0,0,0,,,,,,,0,,,,,
2023-11-22,GON,16,0,0,0,0,,,,,,,0,,,,,
2023-11-23,GON,16,0,0,0,0,,,,,,,0,,,,,
2023-11-24,GON,189,0,0,0,0,,,,,,,0,,,,,
2023-11-25,GON,212,0,0,0,0,,,,,,,0,,,,,
2023-11-26,GON,126,0,0,0,0,,,,,,,0,,,,,
2023-11-27,GON,61,0,0,0,0,,,,,,,0,,,,,
2023-11-28,GON,112,0,0,0,0,,,,,,,0,,,,,
2023-11-29,GON,142,0,0,0,0,,,,,,,0,,,,,
2023-11-30,GON,153,0,0,0,0,,,,,,,0,,,,,
2023-12-01,GON,147,0,0,0,0,,,,,,,0,,,,,
2023-12-02,GON,35,0,0,0,0,,,,,,,0,,,,,
2023-12-03,GON,11,0,0,0,0,,,,,,,0,,,,,
2023-12-04,GON,166,0,0,0,0,,,,,,,0,,,,,
2023-12-05,GON,116,0,0,0,0,,,,,,,0,,,,,
2023-12-06,GON,179,0,0,0,0,,,,,,,0,,,,,
2023-12-07,GON,167,0,0,0,0,,,,,,,0,,,,,
2023-12-08,GON,200,0,0,0,0,,,,,,,0,,,,,
2023-12-09,GON,129,0,0,0,0,,,,,,,0,,,,,
2023-12-10,GON,17,0,0,0,0,,,,,,,0,,,,,
2023-12-11,GON,20,0,0,0,0,,,,,,,0,,,,,
2023-12-12,GON,208,0,0,0,0,,,,,,,0,,,,,
2023-12-13,GON,150,0,0,0,0,,,,,,,0,,,,,
2023-12-14,GON,155,0,0,0,0,,,,,,,0,,,,,
2023-12-15,GON,142,0,0,0,0,,,,,,,0,,,,,
2023-12-16,GON,241,0,0,0,0,,,,,,,0,,,,,
2023-12-17,GON,11,0,0,0,0,,,,,,,0,,,,,
2023-12-18,GON,9,0,0,0,0,,,,,,,0,,,,,
2023-12-19,GON,147,0,0,0,0,,,,,,,0,,,,,
2023-12-20,GON,188,1,0,1,0,,,,,,,1,,,,,
2023-12-21,GON,98,0,0,0,0,,,,,,,0,,,,,
2023-12-22,GON,141,0,0,0,0,,,,,,,0,,,,,
2023-12-23,GON,143,0,0,0,0,,,,,,,0,,,,,
2023-12-24,GON,20,0,0,0,0,,,,,,,0,,,,,
2023-12-25,GON,9,0,0,0,0,,,,,,,0,,,,,
2023-12-26,GON,5,0,0,0,0,,,,,,,0,,,,,
2023-12-27,GON,9,0,1,1,0,,,,,,,1,,,,,
2023-12-28,GON,17,0,0,0,0,,,,,,,0,,,,,
2023-12-29,GON,12,0,0,0,0,,,,,,,0,,,,,
2023-12-30,GON,141,0,0,0,0,,,,,,,0,,,,,
2023-12-31,GON,106,0,0,0,0,,,,,,,0,,,,,
2024-01-01,GON,50,0,0,0,0,,,,,,,0,,,,,
2024-01-02,GON,112,0,0,0,0,,,,,,,0,,,,,
2024-01-03,GON,174,0,0,0,0,,,,,,,0,,,,,
2024-01-04,GON,118,0,0,0,0,,,,,,,0,,,,,
2024-01-05,GON,144,0,0,0,0,,,,,,,0,,,,,
2024-01-06,GON,127,0,0,0,0,,,,,,,0,,,,,
2024-01-07,GON,0,0,0,0,0,,,,,,,0,,,,,
2024-01-08,GON,133,0,0,0,0,,,,,,,0,,,,,
2024-01-09,GON,54,0,0,0,0,,,,,,,0,,,,,
2024-01-10,GON,17,0,0,0,0,,,,,,,0,,,,,
2024-01-11,GON,159,0,0,0,0,,,,,,,0,,,,,
2024-01-12,GON,241,0,0,0,0,,,,,,,0,,,,,
2024-01-13,GON,2,0,0,0,0,,,,,,,0,,,,,
2024-01-15,GON,176,0,0,0,0,,,,,,,0,,,,,
2024-01-16,GON,7,0,0,0,0,,,,,,,0,,,,,
2024-01-17,GON,83,0,0,0,0,,,,,,,0,,,,,
2024-01-18,GON,66,0,0,0,0,,,,,,,0,,,,,
2024-01-19,GON,9,0,0,0,0,,,,,,,0,,,,,
2024-01-20,GON,167,0,0,0,0,,,,,,,0,,,,,
2024-01-21,GON,134,0,0,0,0,,,,,,,0,,,,,
2024-01-22,GON,177,0,0,0,0,,,,,,,0,,,,,
2024-01-23,GON,75,0,0,0,0,,,,,,,0,,,,,
2024-01-24,GON,10,0,0,0,0,,,,,,,0,,,,,
2024-01-25,GON,17,0,0,0,0,,,,,,,0,,,,,
2024-01-26,GON,16,0,0,0,0,,,,,,,0,,,,,
2024-01-27,GON,26,0,0,0,0,,,,,,,0,,,,,
2024-01-28,GON,9,0,0,0,0,,,,,,,0,,,,,
2024-01-29,GON,34,0,0,0,0,,,,,,,0,,,,,
2024-01-30,GON,111,0,0,0,0,,,,,,,0,,,,,
2024-01-31,GON,139,0,0,0,0,,,,,,,0,,,,,
2024-02-01,GON,213,0,0,0,0,,,,,,,0,,,,,
2024-02-02,GON,184,0,0,0,0,,,,,,,0,,,,,
2024-02-03,GON,178,0,0,0,0,,,,,,,0,,,,,
2024-02-04,GON,276,0,1,1,0,,,,,,,1,,,,,
2024-02-05,GON,148,0,0,0,0,,,,,,,0,,,,,
2024-02-06,GON,144,0,0,0,0,,,,,,,0,,,,,
2024-02-07,GON,154,0,0,0,0,,,,,,,0,,,,,
2024-02-08,GON,187,0,2,2,0,,,,,,,2,,,,,
2024-02-09,GON,248,0,0,0,0,,,,,,,0,,,,,
2024-02-10,GON,204,0,0,0,0,,,,,,,0,,,,,
2024-02-11,GON,126,0,0,0,0,,,,,,,0,,,,,
2024-02-12,GON,186,0,0,0,0,,,,,,,0,,,,,
2024-02-13,GON,0,0,0,0,0,,,,,,,0,,,,,
2024-02-14,GON,29,0,0,0,0,,,,,,,0,,,,,
2024-02-15,GON,146,0,1,1,0,,,,,,,1,,,,,
2024-02-16,GON,33,0,0,0,0,,,,,,,0,,,,,
2024-02-17,GON,5,0,0,0,0,,,,,,,0,,,,,
2024-02-18,GON,35,0,0,0,0,,,,,,,0,,,,,
2024-02-19,GON,186,0,0,0,0,,,,,,,0,,,,,
2024-02-20,GON,126,0,0,0,0,,,,,,,0,,,,,
2024-02-21,GON,138,0,0,0,0,,,,,,,0,,,,,
2024-02-22,GON,126,0,0,0,0,,,,,,,0,,,,,
2024-02-23,GON,33,0,0,0,0,,,,,,,0,,,,,
2024-02-24,GON,183,0,0,0,0,,,,,,,0,,,,,
2024-02-25,GON,248,0,0,0,0,,,,,,,0,,,,,
2024-02-26,GON,164,0,0,0,0,,,,,,,0,,,,,
2024-02-27,GON,32,0,0,0,0,,,,,,,0,,,,,
2024-02-28,GON,9,0,0,0,0,,,,,,,0,,,,,
2024-02-29,GON,28,0,0,0,0,,,,,,,0,,,,,
2024-03-01,GON,220,0,0,0,0,,,,,,,0,,,,,
2024-03-02,GON,35,0,0,0,0,,,,,,,0,,,,,
2024-03-03,GON,173,0,0,0,0,,,,,,,0,,,,,
2024-03-04,GON,188,0,0,0,0,,,,,,,0,,,,,
2024-03-05,GON,7,0,0,0,0,,,,,,,0,,,,,
2024-03-06,GON,18,0,0,0,0,,,,,,,0,,,,,
2024-03-07,GON,15,0,0,0,0,,,,,,,0,,,,,
2024-03-08,GON,267,0,0,0,0,,,,,,,0,,,,,
2024-03-09,GON,89,0,0,0,0,,,,,,,0,,,,,
2024-03-10,GON,21,0,0,0,0,,,,,,,0,,,,,
2024-03-11,GON,7,0,0,0,0,,,,,,,0,,,,,
2024-03-12,GON,140,0,0,0,0,,,,,,,0,,,,,
2024-03-13,GON,239,0,0,0,0,,,,,,,0,,,,,
2024-03-14,GON,232,1,4,5,0,,,,,,,5,,,,,
2024-03-15,GON,105,0,0,0,0,,,,,,,0,,,,,
2024-03-16,GON,220,0,0,0,0,,,,,,,0,,,,,
2024-03-17,GON,96,0,0,0,0,,,,,,,0,,,,,
2024-03-18,GON,130,0,0,0,0,,,,,,,0,,,,,
2024-03-19,GON,69,0,0,0,0,,,,,,,0,,,,,
2024-03-20,GON,105,0,0,0,0,,,,,,,0,,,,,
2024-03-21,GON,46,0,0,0,0,,,,,,,0,,,,,
2024-03-22,GON,199,0,0,0,0,,,,,,,0,,,,,
2024-03-23,GON,2,0,0,0,0,,,,,,,0,,,,,
2024-03-24,GON,59,0,0,0,0,,,,,,,0,,,,,
2024-03-25,GON,76,0,0,0,0,,,,,,,0,,,,,
2024-03-26,GON,31,0,0,0,0,,,,,,,0,,,,,
2024-03-27,GON,62,0,0,0,0,,,,,,,0,,,,,
2024-03-28,GON,25,0,0,0,0,,,,,,,0,,,,,
2024-03-29,GON,42,0,0,0,0,,,,,,,0,,,,,
2024-03-30,GON,66,0,0,0,0,,,,,,,0,,,,,
2024-03-31,GON,106,0,0,0,0,,,,,,,0,,,,,
2024-04-01,GON,188,0,0,0,0,,,,,,,0,,,,,
2024-04-02,GON,84,0,0,0,0,,,,,,,0,,,,,
2024-04-03,GON,9,0,0,0,0,,,,,,,0,,,,,
2024-04-04,GON,25,0,0,0,0,,,,,,,0,,,,,
2024-04-05,GON,201,0,0,0,0,,,,,,,0,,,,,
2024-04-06,GON,79,0,0,0,0,,,,,,,0,,,,,
2024-04-07,GON,199,0,1,1,0,,,,,,,1,,,,,
2024-04-08,GON,180,0,0,0,0,,,,,,,0,,,,,
2024-04-09,GON,233,0,0,0,0,,,,,,,0,,,,,
2024-04-10,GON,133,0,0,0,0,,,,,,,0,,,,,
2024-04-11,GON,13,0,0,0,0,,,,,,,0,,,,,
2024-04-12,GON,19,0,0,0,0,,,,,,,0,,,,,
2024-04-13,GON,41,0,0,0,0,,,,,,,0,,,,,
2024-04-14,GON,180,0,0,0,0,,,,,,,0,,,,,
2024-04-15,GON,266,0,0,0,0,,,,,,,0,,,,,
2024-04-16,GON,164,0,0,0,0,,,,,,,0,,,,,
2024-04-17,GON,163,0,0,0,0,,,,,,,0,,,,,
2024-04-18,GON,26,0,0,0,0,,,,,,,0,,,,,
2024-04-19,GON,137,0,0,0,0,,,,,,,0,,,,,
2024-04-20,GON,29,0,0,0,0,,,,,,,0,,,,,
2024-04-21,GON,166,0,0,0,0,,,,,,,0,,,,,
2024-04-22,GON,200,0,0,0,0,,,,,,,0,,,,,
2024-04-23,GON,185,2,2,4,0,,,,,,,4,,,,,
2024-04-24,GON,196,0,0,0,0,,,,,,,0,,,,,
2024-04-25,GON,215,0,0,0,0,,,,,,,0,,,,,
2024-04-26,GON,201,0,0,0,0,,,,,,,0,,,,,
2024-04-27,GON,138,0,0,0,0,,,,,,,0,,,,,
2024-04-28,GON,69,0,0,0,0,,,,,,,0,,,,,
2024-04-29,GON,217,0,0,0,0,,,,,,,0,,,,,
2024-04-30,GON,135,0,0,0,0,,,,,,,0,,,,,
2024-05-01,GON,157,0,0,0,0,,,,,,,0,,,,,
2024-05-02,GON,36,0,0,0,0,,,,,,,0,,,,,
2024-05-03,GON,205,0,0,0,0,,,,,,,0,,,,,
2024-05-04,GON,161,0,0,0,0,,,,,,,0,,,,,
2024-05-05,GON,22,0,0,0,0,,,,,,,0,,,,,
2024-05-06,GON,67,0,0,0,0,,,,,,,0,,,,,
2024-05-07,GON,199,0,0,0,0,,,,,,,0,,,,,
2024-05-08,GON,31,0,0,0,0,,,,,,,0,,,,,
2024-05-09,GON,145,0,0,0,0,,,,,,,0,,,,,
2024-05-10,GON,180,0,0,0,0,,,,,,,0,,,,,
2024-05-11,GON,196,0,0,0,0,,,,,,,0,,,,,
2024-05-12,GON,131,0,0,0,0,,,,,,,0,,,,,
2024-05-13,GON,204,0,0,0,0,,,,,,,0,,,,,
2024-05-14,GON,161,0,0,0,0,,,,,,,0,,,,,
2024-05-15,GON,59,0,0,0,0,,,,,,,0,,,,,
2024-05-16,GON,32,0,0,0,0,,,,,,,0,,,,,
2024-05-17,GON,112,0,0,0,0,,,,,,,0,,,,,
2024-05-18,GON,112,0,0,0,0,,,,,,,0,,,,,
2024-05-19,GON,162,0,0,0,0,,,,,,,0,,,,,
2024-05-20,GON,223,0,0,0,0,,,,,,,0,,,,,
2024-05-21,GON,104,0,0,0,0,,,,,,,0,,,,,
2024-05-22,GON,243,0,0,0,0,,,,,,,0,,,,,
2024-05-23,GON,67,0,0,0,0,,,,,,,0,,,,,
2024-05-24,GON,266,0,1,1,0,,,,,,,1,,,,,
2024-05-25,GON,244,1,1,2,0,,,,,,,2,,,,,
2024-05-26,GON,90,0,0,0,0,,,,,,,0,,,,,
2024-05-27,GON,14,0,0,0,0,,,,,,,0,,,,,
2024-05-28,GON,101,0,0,0,0,,,,,,,0,,,,,
2024-05-29,GON,304,0,0,0,0,,,,,,,0,,,,,
2024-05-30,GON,66,0,0,0,0,,,,,,,0,,,,,
2024-05-31,GON,296,0,0,0,0,,,,,,,0,,,,,
2024-06-01,GON,290,0,0,0,0,,,,,,,0,,,,,
2024-06-02,GON,233,9,10,19,0,,,,,,,19,,,,,
2024-06-03,GON,154,2,3,5,0,,,,,,,5,,,,,
2024-06-04,GON,195,0,0,0,0,,,,,,,0,,,,,
2024-06-05,GON,125,0,0,0,0,,,,,,,0,,,,,
2024-06-06,GON,32,0,0,0,0,,,,,,,0,,,,,
2024-06-07,GON,175,0,2,2,0,,,,,,,2,,,,,
2024-06-08,GON,148,0,0,0,0,,,,,,,0,,,,,
2024-06-09,GON,117,0,0,0,0,,,,,,,0,,,,,
2024-06-10,GON,189,0,0,0,0,,,,,,,0,,,,,
2024-06-11,GON,252,0,0,0,0,,,,,,,0,,,,,
2024-06-12,GON,283,0,0,0,0,,,,,,,0,,,,,
2024-06-13,GON,190,1,1,2,0,,,,,,,2,,,,,
2024-06-14,GON,274,1,0,1,0,,,,,,,1,,,,,
2024-06-15,GON,137,0,0,0,0,,,,,,,0,,,,,
2024-06-16,GON,205,0,0,0,0,,,,,,,0,,,,,
2024-06-17,GON,181,0,0,0,0,,,,,,,0,,,,,
2024-06-18,GON,214,0,0,0,0,,,,,,,0,,,,,
2024-06-19,GON,199,1,0,1,0,,,,,,,1,,,,,
2024-06-20,GON,215,0,0,0,0,,,,,,,0,,,,,
2024-06-21,GON,128,1,0,1,0,,,,,,,1,,,,,
2024-06-22,GON,141,0,0,0,0,,,,,,,0,,,,,
2024-06-23,GON,93,0,0,0,0,,,,,,,0,,,,,
2024-06-24,GON,125,0,0,0,0,,,,,,,0,,,,,
2024-06-25,GON,232,0,0,0,0,,,,,,,0,,,,,
2024-06-26,GON,200,3,4,7,0,,,,,,,7,,,,,
2024-06-27,GON,204,0,0,0,0,,,,,,,0,,,,,
2024-06-28,GON,281,2,4,6,0,,,,,,,6,,,,,
2024-06-29,GON,124,1,0,1,0,,,,,,,1,,,,,
2024-06-30,GON,41,0,0,0,0,,,,,,,0,,,,,
2024-07-01,GON,127,0,0,0,0,,,,,,,0,,,,,
2024-07-02,GON,279,5,5,10,2,,,,,,,10,,,,,
2024-07-03,GON,181,3,2,5,0,,,,,,,5,,,,,
2024-07-04,GON,104,1,0,1,0,,,,,,,1,,,,,
2024-07-05,GON,32,0,0,0,0,,,,,,,0,,,,,
2024-07-06,GON,30,0,0,0,0,,,,,,,0,,,,,
2024-07-07,GON,80,4,9,13,0,,,,,,,13,,,,,
2024-07-08,GON,178,6,7,13,0,,,,,,,13,,,,,
2024-07-09,GON,64,0,4,4,0,,,,,,,4,,,,,
2024-07-10,GON,39,0,0,0,0,,,,,,,0,,,,,
2024-07-11,GON,149,0,0,0,0,,,,,,,0,,,,,
2024-07-12,GON,87,0,0,0,0,,,,,,,0,,,,,
2024-07-13,GON,29,0,0,0,0,,,,,,,0,,,,,
2024-07-14,GON,258,10,9,19,1,,,,,,,19,,,,,
2024-07-15,GON,208,0,0,0,0,,,,,,,0,,,,,
2024-07-16,GON,161,2,3,5,0,,,,,,,5,,,,,
2024-07-17,GON,166,2,1,3,0,,,,,,,3,,,,,
2024-07-18,GON,130,3,2,5,1,,,,,,,5,,,,,
2024-07-19,GON,224,9,7,16,0,,,,,,,16,,,,,
2024-07-22,GON,140,1,1,2,0,,,,,,,2,,,,,
2024-07-23,GON,51,0,0,0,0,,,,,,,0,,,,,
2024-07-24,GON,60,0,0,0,0,,,,,,,0,,,,,
2024-07-26,GON,186,3,3,6,1,,,,,,,6,,,,,
2024-07-27,GON,191,10,9,19,0,,,,,,,19,,,,,
2024-07-28,GON,176,7,10,17,3,,,,,,,17,,,,,
2024-07-29,GON,53,0,0,0,0,,,,,,,0,,,,,
2024-07-30,GON,108,0,0,0,0,,,,,,,0,,,,,
2024-07-31,GON,25,0,0,0,0,,,,,,,0,,,,,
2024-08-01,GON,277,0,1,1,0,,,,,,,1,,,,,
2024-08-02,GON,144,6,5,11,0,,,,,,,11,,,,,
2024-08-03,GON,110,0,1,1,0,,,,,,,1,,,,,
2024-08-04,GON,196,1,1,2,0,,,,,,,2,,,,,
2024-08-05,GON,283,3,8,11,0,,,,,,,11,,,,,
2024-08-06,GON,73,0,0,0,0,,,,,,,0,,,,,
2024-08-07,GON,59,0,0,0,0,,,,,,,0,,,,,
2024-08-10,GON,138,1,1,2,0,,,,,,,2,,,,,
2024-08-11,GON,272,5,6,11,0,,,,,,,11,,,,,
2024-08-12,GON,148,0,0,0,0,,,,,,,0,,,,,
2024-08-13,GON,213,1,2,3,0,,,,,,,3,,,,,
2024-08-14,GON,182,0,2,2,0,,,,,,,2,,,,,
2024-08-15,GON,181,7,4,11,0,,,,,,,11,,,,,
2024-08-16,GON,183,1,1,2,0,,,,,,,2,,,,,
2024-08-17,GON,107,0,0,0,0,,,,,,,0,,,,,
2024-08-18,GON,41,0,0,0,0,,,,,,,0,,,,,
2024-08-19,GON,62,0,0,0,0,,,,,,,0,,,,,
2024-08-20,GON,163,0,0,0,0,,,,,,,0,,,,,
2024-08-21,GON,158,0,0,0,0,,,,,,,0,,,,,
2024-08-22,GON,193,3,1,4,0,,,,,,,4,,,,,
2024-08-23,GON,172,8,8,16,0,,,,,,,16,,,,,
2024-08-24,GON,167,17,21,38,0,,,,,,,38,,,,,
2024-08-25,GON,207,22,27,49,0,,,,,,,49,,,,,
2024-08-27,GON,261,8,6,14,0,,,,,,,14,,,,,
2024-08-28,GON,181,1,0,1,0,,,,,,,1,,,,,
2024-08-29,GON,157,0,1,1,0,,,,,,,1,,,,,
2024-08-30,GON,119,0,0,0,0,,,,,,,0,,,,,
2024-08-31,GON,78,0,1,1,0,,,,,,,1,,,,,
2024-09-01,GON,41,0,0,0,0,,,,,,,0,,,,,
2024-09-02,GON,197,25,20,45,0,,,,,,,45,,,,,
2024-09-03,GON,186,0,0,0,0,,,,,,,0,,,,,
2024-09-04,GON,285,0,2,2,0,,,,,,,2,,,,,
2024-09-05,GON,181,6,4,10,0,,,,,,,10,,,,,
2024-09-06,GON,114,0,0,0,0,,,,,,,0,,,,,
2024-09-07,GON,95,0,0,0,0,,,,,,,0,,,,,
2024-09-08,GON,229,0,0,0,0,,,,,,,0,,,,,
2024-09-09,GON,239,2,1,3,1,,,,,,,3,,,,,
2024-09-10,GON,217,2,1,3,0,,,,,,,3,,,,,
2024-09-11,GON,214,6,6,12,1,,,,,,,12,,,,,
2024-09-12,GON,195,5,5,10,0,,,,,,,10,,,,,
2024-09-13,GON,209,10,12,22,0,,,,,,,22,,,,,
2024-09-14,GON,172,2,0,2,0,,,,,,,2,,,,,
2024-09-15,GON,148,2,5,7,0,,,,,,,7,,,,,
2024-09-16,GON,213,2,1,3,0,,,,,,,3,,,,,
2024-09-17,GON,104,2,6,8,0,,,,,,,8,,,,,
2024-09-18,GON,47,0,2,2,0,,,,,,,2,,,,,
2024-09-19,GON,129,1,1,2,0,,,,,,,2,,,,,
2024-09-20,GON,62,0,0,0,0,,,,,,,0,,,,,
2024-09-21,GON,47,0,0,0,0,,,,,,,0,,,,,
2024-09-22,GON,135,5,3,8,0,,,,,,,8,,,,,
2024-09-23,GON,218,14,15,29,0,,,,,,,29,,,,,
2024-09-24,GON,177,7,9,16,0,,,,,,,16,,,,,
2024-09-25,GON,170,17,10,27,2,,,,,,,27,,,,,
2024-09-26,GON,46,1,0,1,0,,,,,,,1,,,,,
2024-09-27,GON,208,11,11,22,0,,,,,,,22,,,,,
2024-09-28,GON,145,17,15,32,0,,,,,,,32,,,,,
2024-09-29,GON,214,7,6,13,0,,,,,,,13,,,,,
2024-09-30,GON,208,17,7,24,0,,,,,,,24,,,,,
2024-10-01,GON,160,11,5,16,1,,,,,,,16,,,,,
2024-10-02,GON,180,4,3,7,1,,,,,,,7,,,,,
2024-10-03,GON,258,12,4,16,0,,,,,,,16,,,,,
2024-10-04,GON,227,38,22,60,1,,,,,,,60,,,,,
2024-10-05,GON,176,8,12,20,0,,,,,,,20,,,,,
2024-10-06,GON,239,27,17,44,0,,,,,,,44,,,,,
2024-10-07,GON,48,4,3,7,0,,,,,,,7,,,,,
2024-10-08,GON,201,4,28,32,1,,,,,,,32,,,,,
2024-10-09,GON,230,1,4,5,1,,,,,,,5,,,,,
2024-10-10,GON,196,7,34,41,0,,,,,,,41,,,,,
2024-10-11,GON,190,5,14,19,1,,,,,,,19,,,,,
2024-10-12,GON,123,2,22,24,0,,,,,,,24,,,,,
2024-10-13,GON,159,9,9,18,1,,,,,,,18,,,,,
2024-10-14,GON,39,0,0,0,0,,,,,,,0,,,,,
2024-10-15,GON,140,2,24,26,2,,,,,,,26,,,,,
2024-10-16,GON,188,6,38,44,0,,,,,,,44,,,,,
2024-10-17,GON,257,6,13,19,1,,,,,,,19,,,,,
2024-10-18,GON,194,5,6,11,0,,,,,,,11,,,,,
2024-10-19,GON,239,16,22,38,4,,,,,,,38,,,,,
2024-10-20,GON,265,25,20,45,1,,,,,,,45,,,,,
2024-10-21,GON,230,9,12,21,2,,,,,,,21,,,,,
2024-10-22,GON,141,6,6,12,0,,,,,,,12,,,,,
2024-10-23,GON,197,10,12,22,1,,,,,,,22,,,,,
2024-10-24,GON,99,2,7,9,0,,,,,,,9,,,,,
2024-10-25,GON,107,5,6,11,0,,,,,,,11,,,,,
2024-10-26,GON,95,6,17,23,0,,,,,,,23,,,,,
2024-10-27,GON,218,10,37,47,0,,,,,,,47,,,,,
2024-10-28,GON,174,11,12,23,0,,,,,,,23,,,,,
2024-10-29,GON,139,17,2,19,0,,,,,,,19,,,,,
2024-10-30,GON,200,17,9,26,2,,,,,,,26,,,,,
2024-10-31,GON,194,19,14,33,1,,,,,,,33,,,,,
2024-11-01,GON,96,10,7,17,0,,,,,,,17,,,,,
2024-11-02,GON,230,12,44,56,0,,,,,,,56,,,,,
2024-11-03,GON,226,19,26,45,0,,,,,,,45,,,,,
2024-11-04,GON,218,42,27,69,1,,,,,,,69,,,,,
2024-11-05,GON,149,4,1,5,0,,,,,,,5,,,,,
2024-11-06,GON,143,7,6,13,0,,,,,,,13,,,,,
2024-11-07,GON,216,9,39,48,1,,,,,,,48,,,,,
2024-11-08,GON,102,7,13,20,1,,,,,,,20,,,,,
2024-11-09,GON,121,5,23,28,0,,,,,,,28,,,,,
2024-11-10,GON,200,14,7,21,0,,,,,,,21,,,,,
2024-11-11,GON,67,4,3,7,0,,,,,,,7,,,,,
2024-11-12,GON,48,0,5,5,1,,,,,,,5,,,,,
2024-11-13,GON,188,6,11,17,0,,,,,,,17,,,,,
2024-11-14,GON,246,23,32,55,0,,,,,,,55,,,,,
2024-11-15,GON,122,3,24,27,0,,,,,,,27,,,,,
2024-11-16,GON,154,7,39,46,0,,,,,,,46,,,,,
2024-11-17,GON,252,14,51,65,0,,,,,,,65,,,,,
2024-11-18,GON,166,20,42,62,0,,,,,,,62,,,,,
2024-11-19,GON,123,3,26,29,0,,,,,,,29,,,,,
2024-11-20,GON,222,16,6,22,0,,,,,,,22,,,,,
2024-11-21,GON,19,1,2,3,0,,,,,,,3,,,,,
2024-11-22,GON,27,2,1,3,1,,,,,,,3,,,,,
2024-11-23,GON,15,0,2,2,0,,,,,,,2,,,,,
2024-11-24,GON,91,1,4,5,0,,,,,,,5,,,,,
2024-11-25,GON,274,14,58,72,0,,,,,,,72,,,,,
2024-11-26,GON,73,10,13,23,0,,,,,,,23,,,,,
2024-11-27,GON,209,17,8,25,0,,,,,,,25,,,,,
2024-11-28,GON,1,0,0,0,0,,,,,,,0,,,,,
2024-11-29,GON,100,6,7,13,0,,,,,,,13,,,,,
2024-11-30,GON,201,18,42,60,0,,,,,,,60,,,,,
2024-12-01,GON,178,15,14,29,1,,,,,,,29,,,,,
2024-12-02,GON,182,11,37,48,3,,,,,,,48,,,,,
2024-12-03,GON,141,9,29,38,0,,,,,,,38,,,,,
2024-12-04,GON,223,23,13,36,7,,,,,,,36,,,,,
2024-12-05,GON,18,0,1,1,0,,,,,,,1,,,,,
2024-12-06,GON,72,5,20,25,0,,,,,,,25,,,,,
2024-12-07,GON,198,16,26,42,0,,,,,,,42,,,,,
2024-12-08,GON,57,4,8,12,0,,,,,,,12,,,,,
2024-12-09,GON,107,10,10,20,0,,,,,,,20,,,,,
2024-12-10,GON,17,0,1,1,0,,,,,,,1,,,,,
2024-12-11,GON,6,0,0,0,0,,,,,,,0,,,,,
2024-12-12,GON,66,2,3,5,2,,,,,,,5,,,,,
2024-12-13,GON,192,19,41,60,0,,,,,,,60,,,,,
2024-12-14,GON,192,9,22,31,0,,,,,,,31,,,,,
2024-12-15,GON,187,12,21,33,0,,,,,,,33,,,,,
2024-12-16,GON,10,0,0,0,0,,,,,,,0,,,,,
2024-12-17,GON,55,6,1,7,2,,,,,,,7,,,,,
2024-12-18,GON,194,18,16,34,0,,,,,,,34,,,,,
2024-12-19,GON,180,0,0,0,0,,,,,,,0,,,,,
2024-12-20,GON,99,1,1,2,0,,,,,,,2,,,,,
2024-12-21,GON,11,0,0,0,0,,,,,,,0,,,,,
2024-12-22,GON,152,0,0,0,0,,,,,,,0,,,,,
2024-12-23,GON,193,0,0,0,0,,,,,,,0,,,,,
2024-12-24,GON,14,0,0,0,0,,,,,,,0,,,,,
2024-12-25,GON,22,0,0,0,0,,,,,,,0,,,,,
2024-12-26,GON,80,0,0,0,0,,,,,,,0,,,,,
2024-12-27,GON,145,1,0,1,0,,,,,,,1,,,,,
2024-12-28,GON,9,0,0,0,0,,,,,,,0,,,,,
2024-12-29,GON,13,0,0,0,0,,,,,,,0,,,,,
2024-12-30,GON,36,0,0,0,0,,,,,,,0,,,,,
2024-12-31,GON,219,5,12,17,0,,,,,,,17,,,,,
2025-01-01,GON,1,0,0,0,0,,,,,,,0,,,,,
2025-01-02,GON,30,0,0,0,0,,,,,,,0,,,,,
2025-01-03,GON,116,3,3,6,0,,,,,,,6,,,,,
2025-01-04,GON,34,0,0,0,0,,,,,,,0,,,,,
2025-01-05,GON,104,1,0,1,0,,,,,,,1,,,,,
2025-01-06,GON,76,0,0,0,0,,,,,,,0,,,,,
2025-01-07,GON,31,0,0,0,0,,,,,,,0,,,,,
2025-01-08,GON,19,0,0,0,0,,,,,,,0,,,,,
2025-01-09,GON,17,0,0,0,0,,,,,,,0,,,,,
2025-01-10,GON,178,5,3,8,0,,,,,,,8,,,,,
2025-01-11,GON,69,0,0,0,0,,,,,,,0,,,,,
2025-01-12,GON,241,3,3,6,0,,,,,,,6,,,,,
2025-01-13,GON,139,0,0,0,0,,,,,,,0,,,,,
2025-01-14,GON,78,0,0,0,0,,,,,,,0,,,,,
2025-01-15,GON,75,7,16,23,3,,,,,,,23,,,,,
2025-01-17,GON,208,19,32,51,0,,,,,,,51,,,,,
2025-01-18,GON,121,20,8,28,0,,,,,,,28,,,,,
2025-01-19,GON,100,11,19,30,0,,,,,,,30,,,,,
2025-01-20,GON,73,6,10,16,0,,,,,,,16,,,,,
2025-01-21,GON,112,12,30,42,2,,,,,,,42,,,,,
2025-01-22,GON,134,12,30,42,0,,,,,,,42,,,,,
2025-01-23,GON,199,21,21,42,0,,,,,,,42,,,,,
2025-01-24,GON,141,10,39,49,0,,,,,,,49,,,,,
2025-01-25,GON,271,16,24,40,0,,,,,,,40,,,,,
2025-01-26,GON,186,15,14,29,0,,,,,,,29,,,,,
2025-01-27,GON,110,12,12,24,0,,,,,,,24,,,,,
2025-01-28,GON,59,3,8,11,1,,,,,,,11,,,,,
2025-01-29,GON,18,2,1,3,0,,,,,,,3,,,,,
2025-01-30,GON,214,18,40,58,2,,,,,,,58,,,,,
2025-01-31,GON,11,0,1,1,0,,,,,,,1,,,,,
2025-02-01,GON,39,0,5,5,0,,,,,,,5,,,,,
2025-02-02,GON,134,6,18,24,0,,,,,,,24,,,,,
2025-02-03,GON,132,8,7,15,0,,,,,,,15,,,,,
2025-02-04,GON,77,2,10,12,4,,,,,,,12,,,,,
2025-02-05,GON,165,9,27,36,3,,,,,,,36,,,,,
2025-02-06,GON,6,0,1,1,0,,,,,,,1,,,,,
2025-02-07,GON,48,0,8,8,0,,,,,,,8,,,,,
2025-02-08,GON,287,35,45,80,0,,,,,,,80,,,,,
2025-02-09,GON,30,1,5,6,0,,,,,,,6,,,,,
2025-02-10,GON,152,5,26,31,1,,,,,,,31,,,,,
2025-02-11,GON,144,24,25,49,3,,,,,,,49,,,,,
2025-02-12,GON,66,7,11,18,0,,,,,,,18,,,,,
2025-02-13,GON,3,0,0,0,0,,,,,,,0,,,,,
2025-02-14,GON,98,1,25,26,0,,,,,,,26,,,,,
2025-02-15,GON,227,23,27,50,0,,,,,,,50,,,,,
2025-02-16,GON,2,1,0,1,0,,,,,,,1,,,,,
2025-02-17,GON,7,0,1,1,0,,,,,,,1,,,,,
2025-02-18,GON,65,5,19,24,0,,,,,,,24,,,,,
2025-02-19,GON,155,4,20,24,3,,,,,,,24,,,,,
2025-02-20,GON,160,7,21,28,0,,,,,,,28,,,,,
2025-02-21,GON,67,1,12,13,3,,,,,,,13,,,,,
2025-02-22,GON,264,14,22,36,3,,,,,,,36,,,,,
2025-02-23,GON,322,23,27,50,0,,,,,,,50,,,,,
2025-02-24,GON,175,18,14,32,0,,,,,,,32,,,,,
2025-02-25,GON,191,23,16,39,2,,,,,,,39,,,,,
2025-02-26,GON,166,10,21,31,1,,,,,,,31,,,,,
2025-02-28,GON,130,10,20,30,0,,,,,,,30,,,,,
2025-03-01,GON,193,22,20,42,0,,,,,,,42,,,,,
2025-03-02,GON,113,10,33,43,0,,,,,,,43,,,,,
2025-03-03,GON,218,23,38,61,0,,,,,,,61,,,,,
2025-03-04,GON,153,8,6,14,1,,,,,,,14,,,,,
2025-03-05,GON,82,6,3,9,0,,,,,,,9,,,,,
2025-03-06,GON,30,0,3,3,0,,,,,,,3,,,,,
2025-03-07,GON,19,0,3,3,0,,,,,,,3,,,,,
2025-03-08,GON,27,1,2,3,0,,,,,,,3,,,,,
2025-03-09,GON,163,18,11,29,0,,,,,,,29,,,,,
2025-03-10,GON,206,23,15,38,1,,,,,,,38,,,,,
2025-03-11,GON,261,29,20,49,2,,,,,,,49,,,,,
2025-03-12,GON,170,21,14,35,1,,,,,,,35,,,,,
2025-03-13,GON,176,25,24,49,2,,,,,,,49,,,,,
2025-03-14,GON,163,14,11,25,0,,,,,,,25,,,,,
2025-03-15,GON,22,0,2,2,0,,,,,,,2,,,,,
2025-03-16,GON,20,3,1,4,0,,,,,,,4,,,,,
2025-03-17,GON,8,0,2,2,0,,,,,,,2,,,,,
2025-03-18,GON,206,11,17,28,3,,,,,,,28,,,,,
2025-03-19,GON,265,29,30,59,0,,,,,,,59,,,,,
2025-03-20,GON,10,2,0,2,0,,,,,,,2,,,,,
2025-03-21,GON,19,0,3,3,0,,,,,,,3,,,,,
2025-03-22,GON,283,26,13,39,0,,,,,,,39,,,,,
2025-03-23,GON,200,21,51,72,0,,,,,,,72,,,,,
2025-03-24,GON,15,2,0,2,0,,,,,,,2,,,,,
2025-03-25,GON,140,8,8,16,1,,,,,,,16,,,,,
2025-03-26,GON,151,5,7,12,4,,,,,,,12,,,,,
2025-03-27,GON,111,8,14,22,3,,,,,,,22,,,,,
2025-03-28,GON,149,15,4,19,1,,,,,,,19,,,,,
2025-03-29,GON,164,22,21,43,0,,,,,,,43,,,,,
2025-03-30,GON,11,0,0,0,0,,,,,,,0,,,,,
2025-03-31,GON,4,0,0,0,0,,,,,,,0,,,,,
2025-04-01,GON,114,6,22,28,1,,,,,,,28,,,,,
2025-04-02,GON,247,44,29,73,1,,,,,,,73,,,,,
2025-04-03,GON,11,0,0,0,0,,,,,,,0,,,,,
2025-04-04,GON,147,5,27,32,0,,,,,,,32,,,,,
2025-04-05,GON,151,46,35,81,0,,,,,,,81,,,,,
2025-04-06,GON,203,10,24,34,0,,,,,,,34,,,,,
2025-04-07,GON,21,0,0,0,0,,,,,,,0,,,,,
2025-04-08,GON,27,1,1,2,0,,,,,,,2,,,,,
2025-04-09,GON,163,13,15,28,3,,,,,,,28,,,,,
2025-04-10,GON,253,36,21,57,6,,,,,,,57,,,,,
2025-04-11,GON,50,4,3,7,1,,,,,,,7,,,,,
2025-04-12,GON,7,1,0,1,0,,,,,,,1,,,,,
2025-04-13,GON,150,8,16,24,2,,,,,,,24,,,,,
2025-04-14,GON,127,2,21,23,0,,,,,,,23,,,,,
2025-04-15,GON,44,5,3,8,0,,,,,,,8,,,,,
2025-04-16,GON,50,6,11,17,0,,,,,,,17,,,,,
2025-04-17,GON,144,10,28,38,0,,,,,,,38,,,,,
2025-04-18,GON,149,27,16,43,0,,,,,,,43,,,,,
2025-04-19,GON,124,20,17,37,0,,,,,,,37,,,,,
2025-04-20,GON,15,0,3,3,0,,,,,,,3,,,,,
2025-04-21,GON,82,13,2,15,0,,,,,,,15,,,,,
2025-04-22,GON,89,9,15,24,2,,,,,,,24,,,,,
2025-04-23,GON,124,2,16,18,2,,,,,,,18,,,,,
2025-04-24,GON,156,31,11,42,1,,,,,,,42,,,,,
2025-04-25,GON,114,20,8,28,0,,,,,,,28,,,,,
2025-04-26,GON,5,0,1,1,0,,,,,,,1,,,,,
2025-04-27,GON,31,0,6,6,0,,,,,,,6,,,,,
2025-04-28,GON,155,6,24,30,0,,,,,,,30,,,,,
2025-04-29,GON,44,14,2,16,0,,,,,,,16,,,,,
2025-04-30,GON,116,13,30,43,1,,,,,,,43,,,,,
2025-05-01,GON,117,25,13,38,2,,,,,,,38,,,,,
2025-05-02,GON,42,13,6,19,0,,,,,,,19,,,,,
2025-05-03,GON,117,34,22,56,1,,,,,,,56,,,,,
2025-05-04,GON,107,20,13,33,0,,,,,,,33,,,,,
2025-05-05,GON,5,0,0,0,0,,,,,,,0,,,,,
2025-05-06,GON,1,0,0,0,0,,,,,,,0,,,,,
2025-05-07,GON,86,19,7,26,1,,,,,,,26,,,,,
2025-05-08,GON,87,12,3,15,1,,,,,,,15,,,,,
2025-05-09,GON,5,1,0,1,0,,,,,,,1,,,,,
2025-05-10,GON,21,0,2,2,0,,,,,,,2,,,,,
2025-05-11,GON,242,4,27,31,0,,,,,,,31,,,,,
2025-05-12,GON,186,31,11,42,0,,,,,,,42,,,,,
2025-05-13,GON,92,18,8,26,2,,,,,,,26,,,,,
2025-05-14,GON,44,4,2,6,0,,,,,,,6,,,,,
2025-05-16,GON,27,4,0,4,0,,,,,,,4,,,,,
2025-05-17,GON,82,10,1,11,0,,,,,,,11,,,,,
2025-05-18,GON,115,2,13,15,0,,,,,,,15,,,,,
2025-05-19,GON,64,0,7,7,0,,,,,,,7,,,,,
2025-05-20,GON,180,17,34,51,0,,,,,,,51,,,,,
2025-05-21,GON,83,4,0,4,2,,,,,,,4,,,,,
2025-05-22,GON,7,0,2,2,0,,,,,,,2,,,,,
2025-05-24,GON,55,1,8,9,0,,,,,,,9,,,,,
2025-05-25,GON,151,11,23,34,0,,,,,,,34,,,,,
2025-05-26,GON,200,18,25,43,0,,,,,,,43,,,,,
2025-05-27,GON,164,29,19,48,0,,,,,,,48,,,,,
2025-05-28,GON,122,16,13,29,0,,,,,,,29,,,,,
2025-05-29,GON,25,0,4,4,0,,,,,,,4,,,,,
2025-05-30,GON,48,5,5,10,0,,,,,,,10,,,,,
2025-05-31,GON,3,0,1,1,0,,,,,,,1,,,,,
2025-06-01,GON,52,2,8,10,0,,,,,,,10,,,,,
2025-06-02,GON,131,2,7,9,0,,,,,,,9,,,,,
2025-06-03,GON,154,12,9,21,4,,,,,,,21,,,,,
2025-06-04,GON,220,42,21,63,1,,,,,,,63,,,,,
2025-06-05,GON,139,15,10,25,0,,,,,,,25,,,,,
2025-06-06,GON,127,13,2,15,0,,,,,,,15,,,,,
2025-06-07,GON,5,0,0,0,0,,,,,,,0,,,,,
2025-06-09,GON,47,9,8,17,0,,,,,,,17,,,,,
2025-06-10,GON,2,0,0,0,0,,,,,,,0,,,,,
2025-06-11,GON,208,30,21,51,5,,,,,,,51,,,,,
2025-06-12,GON,102,1,6,7,0,,,,,,,7,,,,,
2025-06-13,GON,109,21,5,26,0,,,,,,,26,,,,,
2025-06-14,GON,49,1,7,8,0,,,,,,,8,,,,,
2025-06-15,GON,134,20,10,30,0,,,,,,,30,,,,,
2025-06-16,GON,60,11,0,11,0,,,,,,,11,,,,,
2025-06-17,GON,8,0,0,0,0,,,,,,,0,,,,,
2025-06-18,GON,12,0,0,0,0,,,,,,,0,,,,,
2025-06-19,GON,6,0,0,0,0,,,,,,,0,,,,,
2025-06-20,GON,3,0,0,0,0,,,,,,,0,,,,,
2025-06-21,GON,154,16,4,20,0,,,,,,,20,,,,,
2025-06-22,GON,82,1,4,5,0,,,,,,,5,,,,,
2025-06-23,GON,135,21,17,38,0,,,,,,,38,,,,,
2025-06-24,GON,98,10,8,18,0,,,,,,,18,,,,,
2025-06-25,GON,97,2,11,13,2,,,,,,,13,,,,,
2025-06-26,GON,67,4,4,8,0,,,,,,,8,,,,,
2025-06-27,GON,99,15,5,20,0,,,,,,,20,,,,,
2025-06-28,GON,9,1,0,1,0,,,,,,,1,,,,,
2025-06-29,GON,114,4,9,13,0,,,,,,,13,,,,,
2025-07-01,GON,36,3,0,3,0,,,,,,,3,,,,,
2025-07-02,GON,120,3,12,15,0,,,,,,,15,,,,,
2025-07-03,GON,146,12,14,26,1,,,,,,,26,,,,,
2025-07-04,GON,134,10,19,29,1,,,,,,,29,,,,,
2025-07-05,GON,167,38,35,73,0,,,,,,,73,,,,,
2025-07-06,GON,130,16,3,19,1,,,,,,,19,,,,,
2025-07-07,GON,49,4,2,6,0,,,,,,,6,,,,,
2025-07-08,GON,112,4,6,10,0,,,,,,,10,,,,,
2025-07-09,GON,92,10,9,19,0,,,,,,,19,,,,,
2025-07-10,GON,46,0,5,5,0,,,,,,,5,,,,,
2025-07-11,GON,63,3,2,5,0,,,,,,,5,,,,,
2025-07-12,GON,36,0,1,1,1,,,,,,,1,,,,,
2025-07-13,GON,173,31,18,49,0,,,,,,,49,,,,,
2025-07-14,GON,63,5,1,6,0,,,,,,,6,,,,,
2025-07-15,GON,128,13,4,17,0,,,,,,,17,,,,,
2025-07-16,GON,63,11,3,14,0,,,,,,,14,,,,,
2025-07-17,GON,75,9,6,15,0,,,,,,,15,,,,,
2025-07-18,GON,200,21,35,56,0,,,,,,,56,,,,,
2025-07-19,GON,148,23,12,35,2,,,,,,,35,,,,,
2025-07-20,GON,60,4,2,6,0,,,,,,,6,,,,,
2025-07-21,GON,157,3,18,21,0,,,,,,,21,,,,,
2025-07-22,GON,224,28,13,41,0,,,,,,,41,,,,,
2025-07-23,GON,339,20,19,39,0,,,,,,,39,,,,,
2025-07-24,GON,237,18,10,28,0,,,,,,,28,,,,,
2025-07-25,GON,164,5,3,8,0,,,,,,,8,,,,,
2025-07-26,GON,212,24,17,41,0,,,,,,,41,,,,,
2025-07-27,GON,88,9,8,17,0,,,,,,,17,,,,,
2025-07-28,GON,222,11,12,23,0,,,,,,,23,,,,,
2025-07-29,GON,139,14,32,46,2,,,,,,,46,,,,,
2025-07-30,GON,218,26,33,59,1,,,,,,,59,,,,,
2025-07-31,GON,171,22,21,43,2,,,,,,,43,,,,,
2025-08-01,GON,131,14,16,30,0,,,,,,,30,,,,,
2025-08-02,GON,199,26,22,48,1,,,,,,,48,,,,,
2025-08-03,GON,290,34,30,64,0,,,,,,,64,,,,,
2025-08-04,GON,218,17,31,48,0,,,,,,,48,,,,,
2025-08-05,GON,189,21,11,32,1,,,,,,,32,,,,,
2025-08-06,GON,159,17,15,32,0,,,,,,,32,,,,,
2025-08-07,GON,228,40,22,62,1,,,,,,,62,,,,,
2025-08-08,GON,207,36,25,61,2,,,,,,,61,,,,,
2025-08-09,GON,159,10,6,16,0,,,,,,,16,,,,,
2025-08-10,GON,297,17,22,39,0,,,,,,,39,,,,,
2025-08-11,GON,197,21,27,48,2,,,,,,,48,,,,,
2025-08-12,GON,312,26,33,59,2,,,,,,,59,,,,,
2025-08-13,GON,126,12,10,22,1,,,,,,,22,,,,,
2025-08-14,GON,154,4,3,7,2,,,,,,,7,,,,,
2025-08-15,GON,192,18,14,32,0,,,,,,,32,,,,,
2025-08-16,GON,168,16,12,28,0,,,,,,,28,,,,,
2025-08-17,GON,152,9,7,16,0,,,,,,,16,,,,,
2025-08-18,GON,175,16,11,27,0,,,,,,,27,,,,,
2025-08-19,GON,200,34,15,49,0,,,,,,,49,,,,,
2025-08-20,GON,85,8,5,13,0,,,,,,,13,,,,,
2025-08-21,GON,85,1,4,5,0,,,,,,,5,,,,,
2025-08-22,GON,135,12,10,22,1,,,,,,,22,,,,,
2025-08-23,GON,214,11,5,16,0,,,,,,,16,,,,,
2025-08-25,GON,170,7,3,10,0,,,,,,,10,,,,,
2025-08-26,GON,138,4,10,14,1,,,,,,,14,,,,,
2025-08-27,GON,146,6,16,22,0,,,,,,,22,,,,,
2025-08-28,GON,235,11,11,22,0,,,,,,,22,,,,,
2025-08-29,GON,141,7,10,17,0,,,,,,,17,,,,,
2025-08-30,GON,155,8,21,29,0,,,,,,,29,,,,,
2025-08-31,GON,164,8,2,10,0,,,,,,,10,,,,,
2025-09-01,GON,190,9,28,37,0,,,,,,,37,,,,,
2025-09-02,GON,125,15,8,23,0,,,,,,,23,,,,,
2025-09-03,GON,182,16,7,23,1,,,,,,,23,,,,,
2025-09-04,GON,149,4,4,8,0,,,,,,,8,,,,,
2025-09-05,GON,141,10,7,17,0,,,,,,,17,,,,,
2025-09-08,GON,178,6,10,16,0,,,,,,,16,,,,,
2025-09-09,GON,153,13,16,29,1,,,,,,,29,,,,,
2025-09-10,GON,102,1,8,9,0,,,,,,,9,,,,,
2025-09-11,GON,234,15,18,33,1,,,,,,,33,,,,,
2025-09-12,GON,272,12,12,24,0,,,,,,,24,,,,,
2025-09-13,GON,269,12,11,23,0,,,,,,,23,,,,,
2025-09-14,GON,212,16,13,29,0,,,,,,,29,,,,,
2025-09-15,GON,123,17,9,26,1,,,,,,,26,,,,,
2025-09-16,GON,312,41,39,80,0,,,,,,,80,,,,,
2025-09-17,GON,135,3,4,7,0,,,,,,,7,,,,,
2025-09-18,GON,108,5,8,13,0,,,,,,,13,,,,,
2025-09-19,GON,272,14,24,38,0,,,,,,,38,,,,,
2025-09-20,GON,330,53,43,96,0,,,,,,,96,,,,,
2025-09-21,GON,262,39,31,70,0,,,,,,,70,,,,,
2025-09-22,GON,168,9,6,15,0,,,,,,,15,,,,,
2025-09-23,GON,170,10,6,16,0,,,,,,,16,,,,,
2025-09-24,GON,41,1,0,1,0,,,,,,,1,,,,,
2025-09-25,GON,48,1,1,2,0,,,,,,,2,,,,,
2025-09-26,GON,156,13,11,24,0,,,,,,,24,,,,,
2025-09-27,GON,239,15,15,30,0,,,,,,,30,,,,,
2025-09-28,GON,256,12,9,21,0,,,,,,,21,,,,,
2025-09-30,GON,205,8,10,18,2,,,,,,,18,,,,,
2025-10-01,GON,87,2,1,3,0,,,,,,,3,,,,,
2025-10-02,GON,185,3,6,9,0,,,,,,,9,,,,,
2025-10-03,GON,197,1,2,3,0,,,,,,,3,,,,,
2025-10-04,GON,355,27,42,69,0,,,,,,,69,,,,,
2025-10-05,GON,346,29,42,71,1,,,,,,,71,,,,,
2025-10-07,GON,142,0,1,1,0,,,,,,,1,,,,,
2025-10-08,GON,50,1,0,1,0,,,,,,,1,,,,,
2025-10-09,GON,186,0,1,1,0,,,,,,,1,,,,,
2025-10-10,GON,199,4,7,11,0,,,,,,,11,,,,,
2025-10-11,GON,184,1,0,1,1,,,,,,,1,,,,,
2025-10-12,GON,45,0,0,0,0,,,,,,,0,,,,,
2025-10-13,GON,4,0,0,0,0,,,,,,,0,,,,,
2025-10-14,GON,43,0,0,0,0,,,,,,,0,,,,,
2025-10-15,GON,153,1,1,2,0,,,,,,,2,,,,,
2025-10-16,GON,97,1,0,1,0,,,,,,,1,,,,,
2025-10-17,GON,196,1,2,3,0,,,,,,,3,,,,,
2025-10-18,GON,223,5,3,8,0,,,,,,,8,,,,,
2025-10-19,GON,158,2,0,2,0,,,,,,,2,,,,,
2025-10-20,GON,41,0,1,1,0,,,,,,,1,,,,,
2025-10-21,GON,156,8,1,9,0,,,,,,,9,,,,,
2025-10-22,GON,107,0,1,1,0,,,,,,,1,,,,,
2025-10-23,GON,148,1,0,1,0,,,,,,,1,,,,,
2025-10-24,GON,156,2,1,3,0,,,,,,,3,,,,,
2025-10-25,GON,209,8,3,11,0,,,,,,,11,,,,,
2025-10-26,GON,200,17,52,69,0,,,,,,,69,,,,,
2025-10-27,GON,207,17,21,38,0,,,,,,,38,,,,,
2025-10-28,GON,158,10,18,28,2,,,,,,,28,,,,,
2025-10-29,GON,155,13,17,30,0,,,,,,,30,,,,,
2025-10-30,GON,7,0,0,0,0,,,,,,,0,,,,,
2025-11-01,GON,57,7,10,17,0,,,,,,,17,,,,,
2025-11-02,GON,196,13,24,37,0,,,,,,,37,,,,,
2025-11-03,GON,101,18,14,32,0,,,,,,,32,,,,,
2025-11-04,GON,87,5,8,13,0,,,,,,,13,,,,,
2025-11-05,GON,121,21,11,32,0,,,,,,,32,,,,,
2025-11-06,GON,66,3,16,19,0,,,,,,,19,,,,,
2025-11-07,GON,143,39,23,62,0,,,,,,,62,,,,,
2025-11-08,GON,233,37,30,67,0,,,,,,,67,,,,,
2025-11-09,GON,96,21,19,40,0,,,,,,,40,,,,,
2025-11-10,GON,12,0,0,0,0,,,,,,,0,,,,,
2025-11-11,GON,57,8,7,15,0,,,,,,,15,,,,,
2025-11-12,GON,104,22,16,38,0,,,,,,,38,,,,,
2025-11-13,GON,82,9,14,23,0,,,,,,,23,,,,,
2025-11-14,GON,138,8,22,30,0,,,,,,,30,,,,,
2025-11-15,GON,218,42,34,76,0,,,,,,,76,,,,,
2025-11-16,GON,40,7,8,15,0,,,,,,,15,,,,,
2025-11-17,GON,27,2,3,5,1,,,,,,,5,,,,,
2025-11-18,GON,211,13,31,44,1,,,,,,,44,,,,,
2025-11-19,GON,167,21,28,49,2,,,,,,,49,,,,,
2025-11-20,GON,270,38,27,65,1,,,,,,,65,,,,,
2025-11-21,GON,170,18,10,28,1,,,,,,,28,,,,,
2025-11-22,GON,97,2,12,14,0,,,,,,,14,,,,,
2025-11-23,GON,229,61,61,122,0,,,,,,,122,,,,,
2025-11-24,GON,186,6,31,37,0,,,,,,,37,,,,,
2025-11-25,GON,107,18,10,28,1,,,,,,,28,,,,,
2025-11-26,GON,16,1,1,2,0,,,,,,,2,,,,,
2025-11-27,GON,26,3,6,9,0,,,,,,,9,,,,,
2025-11-28,GON,43,10,5,15,0,,,,,,,15,,,,,
2025-11-29,GON,193,12,41,53,0,,,,,,,53,,,,,
2025-11-30,GON,30,8,2,10,0,,,,,,,10,,,,,
2025-12-01,GON,212,10,39,49,0,,,,,,,49,,,,,
2025-12-02,GON,7,0,1,1,0,,,,,,,1,,,,,
2025-12-03,GON,189,16,37,53,1,,,,,,,53,,,,,
2025-12-04,GON,123,7,19,26,4,,,,,,,26,,,,,
2025-12-05,GON,103,20,27,47,0,,,,,,,47,,,,,
2025-12-06,GON,113,14,18,32,0,,,,,,,32,,,,,
2025-12-07,GON,294,64,45,109,0,,,,,,,109,,,,,
2025-12-08,GON,87,4,18,22,0,,,,,,,22,,,,,
2025-12-09,GON,141,36,17,53,4,,,,,,,53,,,,,
2025-12-10,GON,27,6,3,9,1,,,,,,,9,,,,,
2025-12-11,GON,43,4,5,9,0,,,,,,,9,,,,,
2025-12-12,GON,101,28,19,47,0,,,,,,,47,,,,,
2025-12-13,GON,151,33,18,51,0,,,,,,,51,,,,,
2025-12-14,GON,5,1,1,2,0,,,,,,,2,,,,,
2025-12-15,GON,41,9,9,18,1,,,,,,,18,,,,,
2025-12-16,GON,202,44,21,65,4,,,,,,,65,,,,,
2025-12-17,GON,87,8,2,10,3,,,,,,,10,,,,,
2025-12-18,GON,181,32,23,55,3,,,,,,,55,,,,,
2025-12-19,GON,7,2,0,2,0,,,,,,,2,,,,,
2025-12-20,GON,182,25,22,47,0,,,,,,,47,,,,,
2025-12-21,GON,74,12,11,23,0,,,,,,,23,,,,,
2025-12-22,GON,106,16,18,34,0,,,,,,,34,,,,,
2025-12-23,GON,11,4,1,5,0,,,,,,,5,,,,,
2025-12-24,GON,16,1,4,5,2,,,,,,,5,,,,,
2025-12-25,GON,22,2,2,4,0,,,,,,,4,,,,,
2025-12-26,GON,99,16,27,43,0,,,,,,,43,,,,,
2025-12-27,GON,6,2,1,3,0,,,,,,,3,,,,,
2025-12-29,GON,6,3,0,3,0,,,,,,,3,,,,,
2025-12-30,GON,16,2,3,5,0,,,,,,,5,,,,,
2025-12-31,GON,109,12,11,23,0,,,,,,,23,,,,,
2026-01-01,GON,9,3,3,6,0,,,,,,,6,,,,,
2026-01-02,GON,122,33,34,67,0,,,,,,,67,,,,,
2026-01-03,GON,194,53,64,117,0,,,,,,,117,,,,,
2026-01-04,GON,190,29,49,78,0,,,,,,,78,,,,,
2026-01-05,GON,103,15,21,36,0,,,,,,,36,,,,,
2026-01-06,GON,101,13,19,32,0,,,,,,,32,,,,,
2026-01-07,GON,25,2,6,8,0,,,,,,,8,,,,,
2026-01-08,GON,243,64,58,122,4,,,,,,,122,,,,,
2026-01-09,GON,62,12,6,18,1,,,,,,,18,,,,,
2026-01-10,GON,104,8,20,28,1,,,,,,,28,,,,,
2026-01-11,GON,97,27,24,51,0,,,,,,,51,,,,,
2026-01-12,GON,100,20,12,32,5,,,,,,,32,,,,,
2026-01-13,GON,216,40,34,74,11,,,,,,,74,,,,,
2026-01-14,GON,173,47,32,79,0,,,,,,,79,,,,,
2026-01-15,GON,69,13,6,19,1,,,,,,,19,,,,,
2026-01-16,GON,78,17,17,34,0,,,,,,,34,,,,,
2026-01-17,GON,87,31,20,51,0,,,,,,,51,,,,,
2026-01-18,GON,0,0,0,0,0,,,,,,,0,,,,,
2026-01-19,GON,95,24,14,38,0,,,,,,,38,,,,,
2026-01-20,GON,147,38,35,73,1,,,,,,,73,,,,,
2026-01-21,GON,181,43,32,75,9,,,,,,,75,,,,,
2026-01-22,GON,165,35,26,61,0,,,,,,,61,,,,,
2026-01-23,GON,94,22,14,36,4,,,,,,,36,,,,,
2026-01-24,GON,62,13,22,35,1,,,,,,,35,,,,,
2026-01-25,GON,1,0,1,1,0,,,,,,,1,,,,,
2026-01-26,GON,4,1,1,2,0,,,,,,,2,,,,,
2026-01-27,GON,23,10,6,16,0,,,,,,,16,,,,,
2026-01-28,GON,209,62,41,103,1,,,,,,,103,,,,,
2026-01-29,GON,137,28,35,63,0,,,,,,,63,,,,,
2026-01-30,GON,28,9,9,18,0,,,,,,,18,,,,,
2026-01-31,GON,195,64,80,144,0,,,,,,,144,,,,,
2026-02-01,GON,4,1,1,2,0,,,,,,,2,,,,,
2026-02-02,GON,212,56,67,123,0,,,,,,,123,,,,,
2026-02-03,GON,189,49,33,82,2,,,,,,,82,,,,,
2026-02-04,GON,169,24,35,59,3,,,,,,,59,,,,,
2026-02-05,GON,193,44,42,86,7,,,,,,,86,,,,,
2026-02-06,GON,129,15,19,34,0,,,,,,,34,,,,,
2026-02-07,GON,1,1,0,1,0,,,,,,,1,,,,,
2026-02-09,GON,120,22,32,54,0,,,,,,,54,,,,,
2026-02-10,GON,147,25,29,54,1,,,,,,,54,,,,,
2026-02-11,GON,105,9,16,25,0,,,,,,,25,,,,,
2026-02-12,GON,136,28,46,74,1,,,,,,,74,,,,,
2026-02-13,GON,196,40,44,84,0,,,,,,,84,,,,,
2026-02-14,GON,220,52,39,91,0,,,,,,,91,,,,,
2026-02-15,GON,214,61,60,121,0,,,,,,,121,,,,,
2026-02-16,GON,142,25,35,60,0,,,,,,,60,,,,,
2026-02-17,GON,8,2,0,2,0,,,,,,,2,,,,,
2026-02-18,GON,4,0,1,1,0,,,,,,,1,,,,,
2026-02-19,GON,263,53,51,104,1,,,,,,,104,,,,,
2026-02-20,GON,32,0,3,3,1,,,,,,,3,,,,,
2026-02-21,GON,225,64,82,146,0,,,,,,,146,,,,,
2026-02-22,GON,99,22,30,52,1,,,,,,,52,,,,,
2026-02-23,GON,0,0,0,0,0,,,,,,,0,,,,,
2026-02-24,GON,9,0,0,0,2,,,,,,,0,,,,,
2026-02-25,GON,9,2,0,2,0,,,,,,,2,,,,,
2026-02-26,GON,121,24,12,36,2,,,,,,,36,,,,,
2026-02-27,GON,216,62,54,116,5,,,,,,,116,,,,,
2026-02-28,GON,368,113,103,216,0,,,,,,,216,,,,,
2026-03-01,GON,141,20,26,46,0,,,,,,,46,,,,,
2026-03-02,GON,250,63,64,127,0,,,,,,,127,,,,,
2026-03-03,GON,38,4,4,8,0,,,,,,,8,,,,,
2026-03-04,GON,227,32,29,61,1,,,,,,,61,,,,,
2026-03-05,GON,12,0,1,1,0,,,,,,,1,,,,,
2026-03-06,GON,30,0,1,1,0,,,,,,,1,,,,,
2026-03-07,GON,7,0,2,2,0,,,,,,,2,,,,,
2026-03-08,GON,33,10,1,11,0,,,,,,,11,,,,,
2026-03-09,GON,317,61,58,119,2,,,,,,,119,,,,,
2026-03-10,GON,187,37,43,80,1,,,,,,,80,,,,,
2026-03-11,GON,121,12,7,19,0,,,,,,,19,,,,,
2026-03-12,GON,12,0,2,2,0,,,,,,,2,,,,,
2026-03-13,GON,153,22,14,36,1,,,,,,,36,,,,,
2026-03-14,GON,38,2,1,3,0,,,,,,,3,,,,,
2026-03-15,GON,177,27,23,50,0,,,,,,,50,,,,,
2026-03-16,GON,7,0,0,0,0,,,,,,,0,,,,,
2026-03-17,GON,41,11,3,14,2,,,,,,,14,,,,,
2026-03-18,GON,264,30,20,50,0,,,,,,,50,,,,,
2026-03-19,GON,148,25,22,47,2,,,,,,,47,,,,,
2026-03-20,GON,245,41,22,63,0,,,,,,,63,,,,,
2026-03-21,GON,163,15,25,40,0,,,,,,,40,,,,,
2026-03-22,GON,81,9,3,12,0,,,,,,,12,,,,,
2026-03-23,GON,14,2,5,7,0,,,,,,,7,,,,,
2026-03-24,GON,254,55,48,103,3,,,,,,,103,,,,,
2026-03-25,GON,277,36,26,62,2,,,,,,,62,,,,,
2026-03-26,GON,139,17,16,33,3,,,,,,,33,,,,,
2026-03-27,GON,144,25,43,68,0,,,,,,,68,,,,,
2026-03-28,GON,193,33,49,82,0,,,,,,,82,,,,,
2026-03-29,GON,221,50,36,86,0,,,,,,,86,,,,,
2026-03-30,GON,137,43,31,74,1,,,,,,,74,,,,,
2026-03-31,GON,176,33,23,56,4,,,,,,,56,,,,,
2026-04-01,GON,91,12,8,20,0,,,,,,,20,,,,,
2026-04-02,GON,67,4,12,16,0,,,,,,,16,,,,,
2026-04-03,GON,58,18,13,31,0,,,,,,,31,,,,,
2026-04-04,GON,198,42,38,80,1,,,,,,,80,,,,,
2026-04-05,GON,4,1,0,1,0,,,,,,,1,,,,,
2026-04-06,GON,94,8,11,19,1,,,,,,,19,,,,,
2026-04-07,GON,116,19,14,33,0,,,,,,,33,,,,,
2026-04-08,GON,202,34,19,53,3,,,,,,,53,,,,,
2026-04-09,GON,277,76,56,132,0,,,,,,,132,,,,,
2026-04-10,GON,158,40,26,66,0,,,,,,,66,,,,,
2026-04-11,GON,164,15,43,58,0,,,,,,,58,,,,,
2026-04-12,GON,321,51,32,83,0,,,,,,,83,,,,,
2026-04-13,GON,57,13,2,15,0,,,,,,,15,,,,,
2026-04-14,GON,240,38,20,58,0,,,,,,,58,,,,,
2026-04-15,GON,212,50,35,85,1,,,,,,,85,,,,,
2026-04-16,GON,191,43,20,63,0,,,,,,,63,,,,,
2026-04-17,GON,86,18,16,34,0,,,,,,,34,,,,,
2026-04-18,GON,98,20,21,41,0,,,,,,,41,,,,,
2026-04-19,GON,18,0,3,3,0,,,,,,,3,,,,,
2026-04-20,GON,81,5,11,16,0,,,,,,,16,,,,,
2026-04-21,GON,229,50,24,74,3,,,,,,,74,,,,,
2026-04-22,GON,95,18,16,34,0,,,,,,,34,,,,,
2026-04-23,GON,154,11,18,29,2,,,,,,,29,,,,,
2026-04-24,GON,321,72,43,115,0,,,,,,,115,,,,,
2026-04-25,GON,139,19,17,36,0,,,,,,,36,,,,,
2026-04-26,GON,133,19,15,34,0,,,,,,,34,,,,,
2026-04-27,GON,205,33,26,59,0,,,,,,,59,,,,,
2026-04-28,GON,251,33,19,52,1,,,,,,,52,,,,,
2026-04-29,GON,166,41,28,69,1,,,,,,,69,,,,,
2026-04-30,GON,27,8,3,11,0,,,,,,,11,,,,,
2026-05-01,GON,231,32,38,70,2,,,,,,,70,,,,,
2026-05-02,GON,89,23,16,39,2,,,,,,,39,,,,,
2026-05-03,GON,100,10,27,37,0,,,,,,,37,,,,,
2026-05-04,GON,116,14,6,20,0,,,,,,,20,,,,,
2026-05-07,GON,192,5,22,27,0,,,,,,,27,,,,,
2026-05-08,GON,172,18,14,32,1,,,,,,,32,,,,,
2026-05-09,GON,94,6,6,12,0,,,,,,,12,,,,,
2026-05-10,GON,108,21,17,38,0,,,,,,,38,,,,,
2026-05-11,GON,252,27,35,62,0,,,,,,,62,,,,,
2026-05-12,GON,214,28,20,48,1,,,,,,,48,,,,,
2026-05-13,GON,140,24,17,41,2,,,,,,,41,,,,,
2026-05-14,GON,49,2,2,4,0,,,,,,,4,,,,,
2026-05-15,GON,213,27,36,63,0,,,,,,,63,,,,,
2026-05-16,GON,351,70,55,125,0,,,,,,,125,,,,,
2026-05-17,GON,215,35,23,58,1,,,,,,,58,,,,,
2026-05-18,GON,318,42,29,71,3,,,,,,,71,,,,,
2026-05-19,GON,232,19,8,27,2,,,,,,,27,,,,,
2026-05-20,GON,79,13,4,17,0,,,,,,,17,,,,,
2026-05-21,GON,132,22,17,39,2,,,,,,,39,,,,,
2026-05-22,GON,238,42,36,78,0,,,,,,,78,,,,,
2026-05-23,GON,78,21,21,42,0,,,,,,,42,,,,,
2026-05-24,GON,9,1,1,2,0,,,,,,,2,,,,,
2026-05-25,GON,38,3,2,5,0,,,,,,,5,,,,,
2026-05-26,GON,253,42,31,73,4,,,,,,,73,,,,,
2026-05-27,GON,175,17,9,26,3,,,,,,,26,,,,,
2026-05-28,GON,182,10,35,45,0,,,,,,,45,,,,,
2026-05-29,GON,190,17,16,33,2,,,,,,,33,,,,,
2026-05-30,GON,13,0,2,2,0,,,,,,,2,,,,,
2026-05-31,GON,283,40,31,71,2,,,,,,,71,,,,,
2026-06-01,GON,101,6,7,13,0,,,,,,,13,,,,,
2026-06-02,GON,126,24,15,39,1,,,,,,,39,,,,,
2026-06-03,GON,201,19,15,34,2,,,,,,,34,,,,,
2026-06-04,GON,204,18,14,32,1,,,,,,,32,,,,,
2026-06-05,GON,198,35,24,59,7,,,,,,,59,,,,,
2026-06-06,GON,186,33,25,58,1,,,,,,,58,,,,,
2026-06-07,GON,121,12,7,19,2,,,,,,,19,,,,,
2026-06-08,GON,203,22,17,39,1,,,,,,,39,,,,,
2026-06-09,GON,195,17,12,29,1,,,,,,,29,,,,,
2026-06-10,GON,173,21,7,28,1,,,,,,,28,,,,,
2026-06-11,GON,144,7,5,12,0,,,,,,,12,,,,,
2026-06-12,GON,134,18,12,30,0,,,,,,,30,,,,,
2026-06-13,GON,184,31,39,70,0,,,,,,,70,,,,,
2026-06-14,GON,190,41,26,67,0,,,,,,,67,,,,,
2026-06-15,GON,109,9,20,29,2,,,,,,,29,,,,,
2026-06-16,GON,253,36,32,68,3,,,,,,,68,,,,,
2026-06-17,GON,229,32,23,55,3,,,,,,,55,,,,,
2026-06-18,GON,83,25,13,38,0,,,,,,,38,,,,,
2026-06-19,GON,238,38,25,63,0,,,,,,,63,,,,,
2026-06-20,GON,83,5,7,12,0,,,,,,,12,,,,,
2026-06-21,GON,212,64,53,117,2,,,,,,,117,,,,,
2026-06-22,GON,122,28,26,54,0,,,,,,,54,,,,,
2026-06-23,GON,43,1,3,4,0,,,,,,,4,,,,,
2026-06-24,GON,355,84,73,157,7,,,,,,,157,,,,,
2026-06-25,GON,290,17,15,32,1,,,,,,,32,,,,,
2026-06-26,GON,141,28,11,39,0,,,,,,,39,,,,,
2026-06-27,GON,150,28,30,58,0,,,,,,,58,,,,,
2026-06-28,GON,145,38,38,76,0,,,,,,,76,,,,,
2026-06-29,GON,147,50,46,96,0,,,,,,,96,,,,,
2026-06-30,GON,192,47,48,95,3,,,,,,,95,,,,,
2026-07-01,GON,261,53,44,97,1,,,,,,,97,,,,,
2026-07-02,GON,191,52,48,100,0,,,,,,,100,,,,,
2026-07-03,GON,181,44,38,82,0,,,,,,,82,,,,,
2026-07-04,GON,59,10,6,16,0,,,,,,,16,,,,,
2026-07-05,GON,130,26,21,47,0,,,,,,,47,,,,,
2026-07-06,GON,38,1,1,2,0,,,,,,,2,,,,,
2026-07-07,GON,42,0,0,0,0,,,,,,,0,,,,,
2026-07-08,GON,345,78,82,160,1,,,,,,,160,,,,,
2026-07-09,GON,260,50,41,91,7,,,,,,,91,,,,,
2026-07-10,GON,239,58,58,116,0,,,,,,,116,,,,,
2026-07-11,GON,228,63,64,127,3,,,,,,,127,,,,,
2026-07-12,GON,209,53,59,112,2,,,,,,,112,,,,,
2026-07-13,GON,250,58,41,99,1,,,,,,,99,,,,,
2026-07-14,GON,172,33,27,60,5,,,,,,,60,,,,,
2026-07-15,GON,147,29,28,57,2,,,,,,,57,,,,,
2026-07-16,GON,134,28,18,46,2,,,,,,,46,,,,,
2026-07-17,GON,257,64,59,123,2,,,,,,,123,,,,,
2026-07-18,GON,127,31,26,57,0,,,,,,,57,,,,,
2026-07-19,GON,156,27,31,58,2,,,,,,,58,,,,,
2026-07-20,GON,295,88,81,169,4,,,,,,,169,,,,,
2026-07-21,GON,118,24,18,42,4,,,,,,,42,,,,,
2026-07-22,GON,167,19,20,39,0,,,,,,,39,,,,,
2026-07-23,GON,202,110,91,201,9,,,,,,,201,,,,,
2026-07-24,GON,260,95,88,183,4,,,,,,,183,,,,,
2026-07-25,GON,205,83,64,147,2,,,,,,,147,,,,,
2026-07-26,GON,263,84,86,170,2,,,,,,,170,,,,,
2026-07-27,GON,245,92,75,167,3,,,,,,,167,,,,,
2026-07-28,GON,85,31,25,56,0,,,,,,,56,,,,,
2026-07-29,GON,52,10,6,16,0,,,,,,,16,,,,,
2026-07-30,GON,71,15,14,29,1,,,,,,,29,,,,,
2026-07-31,GON,254,90,80,170,3,,,,,,,170,,,,,
2026-08-01,GON,203,4,10,14,0,,,,,,,14,,,,,
2026-08-02,GON,151,56,50,106,3,,,,,,,106,,,,,
2026-08-03,GON,30,11,5,16,0,,,,,,,16,,,,,
2026-08-04,GON,236,84,79,163,9,,,,,,,163,,,,,
2026-08-05,GON,288,120,109,229,4,,,,,,,229,,,,,
2026-08-06,GON,184,62,52,114,0,,,,,,,114,,,,,
2026-08-07,GON,176,72,50,122,1,,,,,,,122,,,,,
2026-08-08,GON,208,47,40,87,0,,,,,,,87,,,,,
2026-08-09,GON,234,17,19,36,0,,,,,,,36,,,,,
2026-08-10,GON,179,44,45,89,1,,,,,,,89,,,,,
2026-08-11,GON,213,42,34,76,3,,,,,,,76,,,,,
2026-08-12,GON,255,24,20,44,6,,,,,,,44,,,,,
2026-08-13,GON,181,36,25,61,2,,,,,,,61,,,,,
2026-08-14,GON,259,90,65,155,8,,,,,,,155,,,,,
2026-08-15,GON,197,76,79,155,6,,,,,,,155,,,,,
2026-08-16,GON,190,65,64,129,5,,,,,,,129,,,,,
2026-08-17,GON,63,3,3,6,0,,,,,,,6,,,,,
2026-08-18,GON,235,50,44,94,3,,,,,,,94,,,,,
2026-08-19,GON,276,75,67,142,6,,,,,,,142,,,,,
2026-08-20,GON,215,72,71,143,6,,,,,,,143,,,,,
2026-08-21,GON,75,17,34,51,1,,,,,,,51,,,,,
2026-08-22,GON,74,21,27,48,0,,,,,,,48,,,,,
2026-08-23,GON,140,49,41,90,1,,,,,,,90,,,,,
2026-08-24,GON,168,68,61,129,0,,,,,,,129,,,,,
2026-08-25,GON,221,84,75,159,5,,,,,,,159,,,,,
2026-08-26,GON,227,86,84,170,5,,,,,,,170,,,,,
2026-08-27,GON,141,61,58,119,2,,,,,,,119,,,,,
2026-08-28,GON,172,69,60,129,2,,,,,,,129,,,,,
2026-08-29,GON,280,112,123,235,0,,,,,,,235,,,,,
2026-08-30,GON,284,107,106,213,1,,,,,,,213,,,,,
2026-08-31,GON,198,72,65,137,6,,,,,,,137,,,,,
2023-02-16,HFD,0,0,0,0,0,,,,,,,,0,,,,
2023-02-17,HFD,8,0,0,0,0,,,,,,,,0,,,,
2023-02-18,HFD,29,0,0,0,0,,,,,,,,0,,,,
2023-02-19,HFD,361,0,0,0,0,,,,,,,,0,,,,
2023-02-20,HFD,24,0,0,0,0,,,,,,,,0,,,,
2023-02-21,HFD,4,0,0,0,0,,,,,,,,0,,,,
2023-02-22,HFD,5,0,0,0,0,,,,,,,,0,,,,
2023-02-23,HFD,2,0,0,0,0,,,,,,,,0,,,,
2023-02-24,HFD,4,0,0,0,0,,,,,,,,0,,,,
2023-02-25,HFD,99,0,0,0,0,,,,,,,,0,,,,
2023-02-26,HFD,97,0,0,0,0,,,,,,,,0,,,,
2023-02-27,HFD,460,0,0,0,0,,,,,,,,0,,,,
2023-02-28,HFD,0,0,0,0,0,,,,,,,,0,,,,
2023-03-01,HFD,281,0,0,0,0,,,,,,,,0,,,,
2023-03-02,HFD,46,0,0,0,0,,,,,,,,0,,,,
2023-03-03,HFD,355,0,0,0,0,,,,,,,,0,,,,
2023-03-04,HFD,2,0,0,0,0,,,,,,,,0,,,,
2023-03-05,HFD,279,0,0,0,0,,,,,,,,0,,,,
2023-03-06,HFD,158,0,0,0,0,,,,,,,,0,,,,
2023-03-07,HFD,87,0,0,0,0,,,,,,,,0,,,,
2023-03-08,HFD,124,0,0,0,0,,,,,,,,0,,,,
2023-03-09,HFD,261,0,0,0,0,,,,,,,,0,,,,
2023-03-10,HFD,513,0,0,0,0,,,,,,,,0,,,,
2023-03-11,HFD,9,0,0,0,0,,,,,,,,0,,,,
2023-03-12,HFD,344,0,0,0,0,,,,,,,,0,,,,
2023-03-13,HFD,210,0,0,0,0,,,,,,,,0,,,,
2023-03-14,HFD,0,0,0,0,0,,,,,,,,0,,,,
2023-03-15,HFD,7,0,0,0,0,,,,,,,,0,,,,
2023-03-16,HFD,256,0,0,0,0,,,,,,,,0,,,,
2023-03-17,HFD,398,0,0,0,0,,,,,,,,0,,,,
2023-03-18,HFD,216,0,0,0,0,,,,,,,,0,,,,
2023-03-19,HFD,93,0,0,0,0,,,,,,,,0,,,,
2023-03-20,HFD,420,0,0,0,0,,,,,,,,0,,,,
2023-03-21,HFD,282,0,0,0,0,,,,,,,,0,,,,
2023-03-22,HFD,344,0,0,0,0,,,,,,,,0,,,,
2023-03-23,HFD,23,0,0,0,0,,,,,,,,0,,,,
2023-03-24,HFD,313,0,0,0,0,,,,,,,,0,,,,
2023-03-25,HFD,80,0,0,0,0,,,,,,,,0,,,,
2023-03-26,HFD,202,0,0,0,0,,,,,,,,0,,,,
2023-03-27,HFD,320,0,0,0,0,,,,,,,,0,,,,
2023-03-28,HFD,110,0,0,0,0,,,,,,,,0,,,,
2023-03-29,HFD,369,0,0,0,0,,,,,,,,0,,,,
2023-03-30,HFD,108,0,0,0,0,,,,,,,,0,,,,
2023-03-31,HFD,259,0,0,0,0,,,,,,,,0,,,,
2023-04-01,HFD,5,0,0,0,0,,,,,,,,0,,,,
2023-04-02,HFD,70,0,0,0,0,,,,,,,,0,,,,
2023-04-03,HFD,83,8,7,15,0,,,,,,,,15,,,,
2023-04-04,HFD,116,135,134,269,4,,,,,,,,269,,,,
2023-04-05,HFD,105,56,55,111,0,,,,,,,,111,,,,
2023-04-06,HFD,108,34,33,67,0,,,,,,,,67,,,,
2023-04-07,HFD,105,13,16,29,0,,,,,,,,29,,,,
2023-04-08,HFD,323,94,97,191,2,,,,,,,,191,,,,
2023-04-09,HFD,234,50,48,98,0,,,,,,,,98,,,,
2023-04-10,HFD,456,160,174,334,6,,,,,,,,334,,,,
2023-04-11,HFD,186,73,74,147,0,,,,,,,,147,,,,
2023-04-12,HFD,60,20,22,42,4,,,,,,,,42,,,,
2023-04-13,HFD,373,123,125,248,2,,,,,,,,248,,,,
2023-04-14,HFD,450,134,130,264,3,,,,,,,,264,,,,
2023-04-15,HFD,283,104,101,205,0,,,,,,,,205,,,,
2023-04-16,HFD,42,14,15,29,0,,,,,,,,29,,,,
2023-04-17,HFD,84,37,37,74,8,,,,,,,,74,,,,
2023-04-19,HFD,244,64,68,132,6,,,,,,,,132,,,,
2023-04-20,HFD,477,150,149,299,6,,,,,,,,299,,,,
2023-04-21,HFD,346,59,66,125,0,,,,,,,,125,,,,
2023-04-22,HFD,58,26,26,52,0,,,,,,,,52,,,,
2023-04-23,HFD,8,2,0,2,0,,,,,,,,2,,,,
2023-04-24,HFD,346,156,154,310,0,,,,,,,,310,,,,
2023-04-25,HFD,364,106,103,209,2,,,,,,,,209,,,,
2023-04-26,HFD,223,41,38,79,5,,,,,,,,79,,,,
2023-04-27,HFD,149,51,51,102,3,,,,,,,,102,,,,
2023-04-28,HFD,293,100,97,197,2,,,,,,,,197,,,,
2023-04-29,HFD,81,25,27,52,0,,,,,,,,52,,,,
2023-04-30,HFD,11,1,4,5,0,,,,,,,,5,,,,
2023-05-01,HFD,140,61,57,118,3,,,,,,,,118,,,,
2023-05-02,HFD,61,34,36,70,1,,,,,,,,70,,,,
2023-05-03,HFD,314,87,97,184,6,,,,,,,,184,,,,
2023-05-04,HFD,246,67,73,140,2,,,,,,,,140,,,,
2023-05-05,HFD,340,81,84,165,2,,,,,,,,165,,,,
2023-05-06,HFD,302,81,84,165,4,,,,,,,,165,,,,
2023-05-07,HFD,409,114,109,223,2,,,,,,,,223,,,,
2023-05-08,HFD,231,59,61,120,5,,,,,,,,120,,,,
2023-05-09,HFD,346,115,114,229,2,,,,,,,,229,,,,
2023-05-10,HFD,323,83,85,168,0,,,,,,,,168,,,,
2023-05-11,HFD,322,75,78,153,2,,,,,,,,153,,,,
2023-05-12,HFD,292,70,71,141,1,,,,,,,,141,,,,
2023-05-13,HFD,198,51,62,113,3,,,,,,,,113,,,,
2023-05-14,HFD,183,41,40,81,3,,,,,,,,81,,,,
2023-05-15,HFD,315,87,85,172,0,,,,,,,,172,,,,
2023-05-16,HFD,123,42,46,88,1,,,,,,,,88,,,,
2023-05-17,HFD,65,22,24,46,4,,,,,,,,46,,,,
2023-05-18,HFD,488,114,117,231,4,,,,,,,,231,,,,
2023-05-19,HFD,353,105,109,214,1,,,,,,,,214,,,,
2023-05-20,HFD,44,17,20,37,0,,,,,,,,37,,,,
2023-05-21,HFD,285,58,60,118,0,,,,,,,,118,,,,
2023-05-22,HFD,382,122,127,249,4,,,,,,,,249,,,,
2023-05-23,HFD,373,135,137,272,5,,,,,,,,272,,,,
2023-05-24,HFD,314,94,92,186,6,,,,,,,,186,,,,
2023-05-25,HFD,320,58,71,129,4,,,,,,,,129,,,,
2023-05-26,HFD,331,79,87,166,0,,,,,,,,166,,,,
2023-05-27,HFD,412,96,115,211,3,,,,,,,,211,,,,
2023-05-28,HFD,342,105,101,206,5,,,,,,,,206,,,,
2023-05-29,HFD,146,43,49,92,2,,,,,,,,92,,,,
2023-05-30,HFD,262,94,98,192,2,,,,,,,,192,,,,
2023-05-31,HFD,353,90,109,199,0,,,,,,,,199,,,,
2023-06-01,HFD,554,111,137,248,6,,,,,,,,248,,,,
2023-06-02,HFD,363,72,84,156,0,,,,,,,,156,,,,
2023-06-03,HFD,24,6,9,15,0,,,,,,,,15,,,,
2023-06-04,HFD,187,44,42,86,0,,,,,,,,86,,,,
2023-06-05,HFD,222,58,67,125,4,,,,,,,,125,,,,
2023-06-06,HFD,114,44,45,89,2,,,,,,,,89,,,,
2023-06-07,HFD,28,11,10,21,0,,,,,,,,21,,,,
2023-06-08,HFD,69,3,10,13,0,,,,,,,,13,,,,
2023-06-09,HFD,251,75,83,158,0,,,,,,,,158,,,,
2023-06-10,HFD,375,91,96,187,5,,,,,,,,187,,,,
2023-06-11,HFD,488,122,134,256,3,,,,,,,,256,,,,
2023-06-12,HFD,268,80,75,155,4,,,,,,,,155,,,,
2023-06-13,HFD,175,46,65,111,3,,,,,,,,111,,,,
2023-06-14,HFD,131,36,30,66,2,,,,,,,,66,,,,
2023-06-15,HFD,430,61,86,147,0,,,,,,,,147,,,,
2023-06-16,HFD,211,44,48,92,4,,,,,,,,92,,,,
2023-06-17,HFD,54,9,14,23,2,,,,,,,,23,,,,
2023-06-18,HFD,259,55,77,132,2,,,,,,,,132,,,,
2023-06-19,HFD,472,100,123,223,4,,,,,,,,223,,,,
2023-06-20,HFD,300,75,79,154,7,,,,,,,,154,,,,
2023-06-21,HFD,411,75,105,180,9,,,,,,,,180,,,,
2023-06-22,HFD,298,53,69,122,2,,,,,,,,122,,,,
2023-06-23,HFD,222,49,59,108,0,,,,,,,,108,,,,
2023-06-24,HFD,17,4,6,10,0,,,,,,,,10,,,,
2023-06-25,HFD,126,25,33,58,3,,,,,,,,58,,,,
2023-06-26,HFD,188,73,66,139,2,,,,,,,,139,,,,
2023-06-27,HFD,147,64,60,124,0,,,,,,,,124,,,,
2023-06-28,HFD,19,3,4,7,0,,,,,,,,7,,,,
2023-06-29,HFD,381,55,82,137,1,,,,,,,,137,,,,
2023-06-30,HFD,196,21,42,63,0,,,,,,,,63,,,,
2023-07-01,HFD,85,23,24,47,1,,,,,,,,47,,,,
2023-07-02,HFD,5,0,3,3,0,,,,,,,,3,,,,
2023-07-03,HFD,271,60,113,173,2,,,,,,,,173,,,,
2023-07-04,HFD,7,4,4,8,0,,,,,,,,8,,,,
2023-07-05,HFD,360,81,83,164,0,,,,,,,,164,,,,
2023-07-06,HFD,519,152,154,306,2,,,,,,,,306,,,,
2023-07-07,HFD,484,166,159,325,1,,,,,,,,325,,,,
2023-07-08,HFD,365,128,125,253,2,,,,,,,,253,,,,
2023-07-09,HFD,160,51,64,115,0,,,,,,,,115,,,,
2023-07-10,HFD,102,34,36,70,2,,,,,,,,70,,,,
2023-07-11,HFD,285,85,93,178,3,,,,,,,,178,,,,
2023-07-12,HFD,499,136,149,285,3,,,,,,,,285,,,,
2023-07-13,HFD,438,92,92,184,2,,,,,,,,184,,,,
2023-07-14,HFD,126,44,45,89,0,,,,,,,,89,,,,
2023-07-15,HFD,390,137,134,271,0,,,,,,,,271,,,,
2023-07-16,HFD,4,0,0,0,0,,,,,,,,0,,,,
2023-07-17,HFD,353,63,70,133,2,,,,,,,,133,,,,
2023-07-18,HFD,68,29,29,58,2,,,,,,,,58,,,,
2023-07-19,HFD,557,119,133,252,2,,,,,,,,252,,,,
2023-07-20,HFD,489,88,114,202,5,,,,,,,,202,,,,
2023-07-21,HFD,13,3,4,7,2,,,,,,,,7,,,,
2023-07-22,HFD,359,53,83,136,1,,,,,,,,136,,,,
2023-07-23,HFD,464,49,52,101,1,,,,,,,,101,,,,
2023-07-24,HFD,384,111,116,227,6,,,,,,,,227,,,,
2023-07-25,HFD,240,37,42,79,10,,,,,,,,79,,,,
2023-07-26,HFD,404,102,92,194,5,,,,,,,,194,,,,
2023-07-27,HFD,44,12,9,21,0,,,,,,,,21,,,,
2023-07-28,HFD,484,98,118,216,0,,,,,,,,216,,,,
2023-07-29,HFD,114,42,39,81,0,,,,,,,,81,,,,
2023-07-30,HFD,344,71,84,155,3,,,,,,,,155,,,,
2023-07-31,HFD,455,105,123,228,2,,,,,,,,228,,,,
2023-08-01,HFD,283,68,78,146,6,,,,,,,,146,,,,
2023-08-02,HFD,383,100,127,227,9,,,,,,,,227,,,,
2023-08-04,HFD,268,87,89,176,0,,,,,,,,176,,,,
2023-08-05,HFD,381,48,69,117,0,,,,,,,,117,,,,
2023-08-06,HFD,416,76,91,167,4,,,,,,,,167,,,,
2023-08-07,HFD,10,2,4,6,0,,,,,,,,6,,,,
2023-08-08,HFD,178,62,60,122,5,,,,,,,,122,,,,
2023-08-09,HFD,134,35,45,80,1,,,,,,,,80,,,,
2023-08-10,HFD,228,52,60,112,0,,,,,,,,112,,,,
2023-08-11,HFD,309,61,87,148,3,,,,,,,,148,,,,
2023-08-12,HFD,379,72,74,146,1,,,,,,,,146,,,,
2023-08-13,HFD,279,50,48,98,2,,,,,,,,98,,,,
2023-08-14,HFD,338,116,121,237,6,,,,,,,,237,,,,
2023-08-15,HFD,24,4,6,10,5,,,,,,,,10,,,,
2023-08-16,HFD,181,40,59,99,4,,,,,,,,99,,,,
2023-08-17,HFD,76,16,20,36,2,,,,,,,,36,,,,
2023-08-18,HFD,157,46,57,103,0,,,,,,,,103,,,,
2023-08-19,HFD,355,93,96,189,4,,,,,,,,189,,,,
2023-08-20,HFD,359,68,66,134,0,,,,,,,,134,,,,
2023-08-21,HFD,249,61,85,146,1,,,,,,,,146,,,,
2023-08-22,HFD,353,57,70,127,3,,,,,,,,127,,,,
2023-08-23,HFD,550,103,144,247,0,,,,,,,,247,,,,
2023-08-24,HFD,203,60,70,130,4,,,,,,,,130,,,,
2023-08-25,HFD,18,5,6,11,0,,,,,,,,11,,,,
2023-08-26,HFD,204,37,58,95,0,,,,,,,,95,,,,
2023-08-27,HFD,285,44,70,114,3,,,,,,,,114,,,,
2023-08-28,HFD,261,105,99,204,3,,,,,,,,204,,,,
2023-08-29,HFD,259,69,68,137,0,,,,,,,,137,,,,
2023-08-30,HFD,120,25,36,61,4,,,,,,,,61,,,,
2023-08-31,HFD,175,28,44,72,0,,,,,,,,72,,,,
2023-09-01,HFD,559,124,146,270,0,,,,,,,,270,,,,
2023-09-02,HFD,296,66,69,135,2,,,,,,,,135,,,,
2023-09-03,HFD,320,82,85,167,1,,,,,,,,167,,,,
2023-09-04,HFD,367,90,119,209,2,,,,,,,,209,,,,
2023-09-05,HFD,264,68,89,157,4,,,,,,,,157,,,,
2023-09-06,HFD,158,31,39,70,2,,,,,,,,70,,,,
2023-09-07,HFD,371,96,117,213,0,,,,,,,,213,,,,
2023-09-08,HFD,55,11,14,25,3,,,,,,,,25,,,,
2023-09-09,HFD,18,5,6,11,0,,,,,,,,11,,,,
2023-09-10,HFD,6,1,1,2,0,,,,,,,,2,,,,
2023-09-11,HFD,77,18,29,47,0,,,,,,,,47,,,,
2023-09-12,HFD,238,60,72,132,4,,,,,,,,132,,,,
2023-09-13,HFD,2,0,1,1,0,,,,,,,,1,,,,
2023-09-14,HFD,533,80,98,178,6,,,,,,,,178,,,,
2023-09-15,HFD,183,36,49,85,5,,,,,,,,85,,,,
2023-09-16,HFD,108,40,44,84,9,,,,,,,,84,,,,
2023-09-17,HFD,527,103,114,217,2,,,,,,,,217,,,,
2023-09-18,HFD,2,0,0,0,2,,,,,,,,0,,,,
2023-09-19,HFD,258,57,73,130,4,,,,,,,,130,,,,
2023-09-20,HFD,321,72,88,160,7,,,,,,,,160,,,,
2023-09-21,HFD,414,76,101,177,4,,,,,,,,177,,,,
2023-09-22,HFD,426,99,110,209,3,,,,,,,,209,,,,
2023-09-23,HFD,128,58,58,116,0,,,,,,,,116,,,,
2023-09-24,HFD,8,3,4,7,0,,,,,,,,7,,,,
2023-09-25,HFD,3,1,1,2,0,,,,,,,,2,,,,
2023-09-26,HFD,178,39,51,90,8,,,,,,,,90,,,,
2023-09-27,HFD,311,77,101,178,3,,,,,,,,178,,,,
2023-09-28,HFD,265,43,55,98,0,,,,,,,,98,,,,
2023-09-29,HFD,8,1,3,4,0,,,,,,,,4,,,,
2023-09-30,HFD,17,5,5,10,0,,,,,,,,10,,,,
2023-10-01,HFD,357,72,97,169,2,,,,,,,,169,,,,
2023-10-02,HFD,286,54,77,131,0,,,,,,,,131,,,,
2023-10-03,HFD,411,98,116,214,3,,,,,,,,214,,,,
2023-10-04,HFD,355,78,103,181,2,,,,,,,,181,,,,
2023-10-05,HFD,237,52,61,113,3,,,,,,,,113,,,,
2023-10-06,HFD,17,4,6,10,0,,,,,,,,10,,,,
2023-10-07,HFD,10,2,4,6,0,,,,,,,,6,,,,
2023-10-08,HFD,108,27,25,52,5,,,,,,,,52,,,,
2023-10-09,HFD,339,87,89,176,4,,,,,,,,176,,,,
2023-10-10,HFD,279,108,108,216,2,,,,,,,,216,,,,
2023-10-11,HFD,276,84,86,170,0,,,,,,,,170,,,,
2023-10-12,HFD,288,82,91,173,0,,,,,,,,173,,,,
2023-10-13,HFD,224,61,71,132,0,,,,,,,,132,,,,
2023-10-14,HFD,182,33,41,74,3,,,,,,,,74,,,,
2023-10-15,HFD,64,17,20,37,0,,,,,,,,37,,,,
2023-10-16,HFD,202,62,71,133,3,,,,,,,,133,,,,
2023-10-17,HFD,172,55,62,117,0,,,,,,,,117,,,,
2023-10-18,HFD,275,62,77,139,8,,,,,,,,139,,,,
2023-10-19,HFD,292,62,66,128,0,,,,,,,,128,,,,
2023-10-20,HFD,17,3,6,9,0,,,,,,,,9,,,,
2023-10-21,HFD,24,1,2,3,0,,,,,,,,3,,,,
2023-10-22,HFD,39,5,6,11,0,,,,,,,,11,,,,
2023-10-23,HFD,180,35,43,78,4,,,,,,,,78,,,,
2023-10-24,HFD,326,106,109,215,0,,,,,,,,215,,,,
2023-10-25,HFD,215,60,61,121,7,,,,,,,,121,,,,
2023-10-26,HFD,340,88,94,182,0,,,,,,,,182,,,,
2023-10-27,HFD,339,96,101,197,0,,,,,,,,197,,,,
2023-10-28,HFD,320,109,105,214,1,,,,,,,,214,,,,
2023-10-29,HFD,40,12,15,27,0,,,,,,,,27,,,,
2023-10-30,HFD,4,1,3,4,0,,,,,,,,4,,,,
2023-10-31,HFD,280,95,101,196,0,,,,,,,,196,,,,
2023-11-01,HFD,58,21,21,42,3,,,,,,,,42,,,,
2023-11-02,HFD,407,100,102,202,3,,,,,,,,202,,,,
2023-11-03,HFD,274,66,67,133,0,,,,,,,,133,,,,
2023-11-04,HFD,368,59,65,124,2,,,,,,,,124,,,,
2023-11-05,HFD,444,86,90,176,1,,,,,,,,176,,,,
2023-11-06,HFD,216,70,74,144,6,,,,,,,,144,,,,
2023-11-07,HFD,207,81,81,162,0,,,,,,,,162,,,,
2023-11-08,HFD,139,32,34,66,2,,,,,,,,66,,,,
2023-11-09,HFD,110,28,30,58,4,,,,,,,,58,,,,
2023-11-10,HFD,359,97,94,191,0,,,,,,,,191,,,,
2023-11-11,HFD,327,78,84,162,1,,,,,,,,162,,,,
2023-11-12,HFD,305,77,85,162,1,,,,,,,,162,,,,
2023-11-13,HFD,206,74,76,150,4,,,,,,,,150,,,,
2023-11-14,HFD,177,52,59,111,3,,,,,,,,111,,,,
2023-11-15,HFD,285,72,75,147,4,,,,,,,,147,,,,
2023-11-16,HFD,397,86,99,185,6,,,,,,,,185,,,,
2023-11-17,HFD,136,47,47,94,0,,,,,,,,94,,,,
2023-11-18,HFD,43,10,14,24,0,,,,,,,,24,,,,
2023-11-19,HFD,286,58,61,119,0,,,,,,,,119,,,,
2023-11-20,HFD,224,78,84,162,0,,,,,,,,162,,,,
2023-11-21,HFD,272,90,97,187,0,,,,,,,,187,,,,
2023-11-22,HFD,7,1,4,5,0,,,,,,,,5,,,,
2023-11-23,HFD,35,7,11,18,2,,,,,,,,18,,,,
2023-11-24,HFD,210,39,39,78,1,,,,,,,,78,,,,
2023-11-25,HFD,369,67,75,142,2,,,,,,,,142,,,,
2023-11-26,HFD,261,45,56,101,1,,,,,,,,101,,,,
2023-11-27,HFD,147,73,72,145,2,,,,,,,,145,,,,
2023-11-28,HFD,103,31,35,66,14,,,,,,,,66,,,,
2023-11-29,HFD,278,60,59,119,9,,,,,,,,119,,,,
2023-11-30,HFD,374,67,65,132,12,,,,,,,,132,,,,
2023-12-01,HFD,290,45,43,88,0,,,,,,,,88,,,,
2023-12-02,HFD,93,28,33,61,1,,,,,,,,61,,,,
2023-12-03,HFD,4,1,2,3,0,,,,,,,,3,,,,
2023-12-04,HFD,188,54,53,107,4,,,,,,,,107,,,,
2023-12-05,HFD,245,68,82,150,5,,,,,,,,150,,,,
2023-12-06,HFD,105,25,32,57,0,,,,,,,,57,,,,
2023-12-07,HFD,245,69,67,136,7,,,,,,,,136,,,,
2023-12-08,HFD,457,104,118,222,0,,,,,,,,222,,,,
2023-12-09,HFD,282,59,66,125,4,,,,,,,,125,,,,
2023-12-10,HFD,2,2,0,2,0,,,,,,,,2,,,,
2023-12-11,HFD,15,3,1,4,7,,,,,,,,4,,,,
2023-12-12,HFD,320,97,95,192,6,,,,,,,,192,,,,
2023-12-13,HFD,255,59,61,120,7,,,,,,,,120,,,,
2023-12-14,HFD,347,93,99,192,6,,,,,,,,192,,,,
2023-12-15,HFD,290,78,82,160,2,,,,,,,,160,,,,
2023-12-16,HFD,221,51,59,110,1,,,,,,,,110,,,,
2023-12-17,HFD,6,2,2,4,0,,,,,,,,4,,,,
2023-12-18,HFD,2,0,0,0,0,,,,,,,,0,,,,
2023-12-19,HFD,142,38,41,79,6,,,,,,,,79,,,,
2023-12-20,HFD,325,77,91,168,1,,,,,,,,168,,,,
2023-12-21,HFD,190,50,51,101,1,,,,,,,,101,,,,
2023-12-22,HFD,356,88,89,177,0,,,,,,,,177,,,,
2023-12-23,HFD,355,72,74,146,2,,,,,,,,146,,,,
2023-12-24,HFD,54,2,2,4,0,,,,,,,,4,,,,
2023-12-25,HFD,6,2,0,2,0,,,,,,,,2,,,,
2023-12-26,HFD,9,4,5,9,0,,,,,,,,9,,,,
2023-12-27,HFD,0,0,0,0,0,,,,,,,,0,,,,
2023-12-28,HFD,4,3,3,6,0,,,,,,,,6,,,,
2023-12-29,HFD,6,1,4,5,0,,,,,,,,5,,,,
2023-12-30,HFD,67,8,9,17,0,,,,,,,,17,,,,
2023-12-31,HFD,263,48,47,95,0,,,,,,,,95,,,,
2024-01-01,HFD,80,18,16,34,2,,,,,,,,34,,,,
2024-01-02,HFD,174,59,61,120,0,,,,,,,,120,,,,
2024-01-03,HFD,303,81,85,166,2,,,,,,,,166,,,,
2024-01-04,HFD,155,43,41,84,0,,,,,,,,84,,,,
2024-01-05,HFD,381,83,81,164,0,,,,,,,,164,,,,
2024-01-06,HFD,349,68,70,138,0,,,,,,,,138,,,,
2024-01-07,HFD,0,0,0,0,0,,,,,,,,0,,,,
2024-01-08,HFD,128,27,31,58,0,,,,,,,,58,,,,
2024-01-09,HFD,71,34,34,68,1,,,,,,,,68,,,,
2024-01-10,HFD,27,11,11,22,2,,,,,,,,22,,,,
2024-01-11,HFD,454,102,101,203,0,,,,,,,,203,,,,
2024-01-12,HFD,526,109,112,221,5,,,,,,,,221,,,,
2024-01-13,HFD,3,0,1,1,0,,,,,,,,1,,,,
2024-01-14,HFD,53,19,19,38,0,,,,,,,,38,,,,
2024-01-15,HFD,313,76,72,148,2,,,,,,,,148,,,,
2024-01-16,HFD,0,0,0,0,0,,,,,,,,0,,,,
2024-01-17,HFD,17,6,9,15,1,,,,,,,,15,,,,
2024-01-18,HFD,128,47,47,94,3,,,,,,,,94,,,,
2024-01-19,HFD,22,9,9,18,0,,,,,,,,18,,,,
2024-01-20,HFD,42,12,13,25,0,,,,,,,,25,,,,
2024-01-21,HFD,113,22,21,43,1,,,,,,,,43,,,,
2024-01-22,HFD,288,84,82,166,5,,,,,,,,166,,,,
2024-01-23,HFD,83,22,22,44,0,,,,,,,,44,,,,
2024-01-24,HFD,0,0,0,0,0,,,,,,,,0,,,,
2024-01-25,HFD,44,15,16,31,0,,,,,,,,31,,,,
2024-01-26,HFD,3,1,2,3,0,,,,,,,,3,,,,
2024-01-27,HFD,22,4,4,8,2,,,,,,,,8,,,,
2024-01-28,HFD,10,4,4,8,0,,,,,,,,8,,,,
2024-01-29,HFD,100,30,29,59,1,,,,,,,,59,,,,
2024-01-30,HFD,330,127,126,253,4,,,,,,,,253,,,,
2024-01-31,HFD,250,76,77,153,0,,,,,,,,153,,,,
2024-02-01,HFD,160,43,43,86,3,,,,,,,,86,,,,
2024-02-02,HFD,296,63,62,125,0,,,,,,,,125,,,,
2024-02-03,HFD,312,76,82,158,0,,,,,,,,158,,,,
2024-02-04,HFD,307,87,90,177,0,,,,,,,,177,,,,
2024-02-05,HFD,286,118,118,236,5,,,,,,,,236,,,,
2024-02-06,HFD,279,102,102,204,10,,,,,,,,204,,,,
2024-02-07,HFD,348,110,110,220,9,,,,,,,,220,,,,
2024-02-08,HFD,463,105,111,216,0,,,,,,,,216,,,,
2024-02-09,HFD,349,100,100,200,0,,,,,,,,200,,,,
2024-02-10,HFD,327,84,85,169,0,,,,,,,,169,,,,
2024-02-11,HFD,231,27,33,60,0,,,,,,,,60,,,,
2024-02-12,HFD,229,93,92,185,4,,,,,,,,185,,,,
2024-02-13,HFD,1,1,0,1,0,,,,,,,,1,,,,
2024-02-14,HFD,24,13,9,22,2,,,,,,,,22,,,,
2024-02-15,HFD,451,148,150,298,3,,,,,,,,298,,,,
2024-02-16,HFD,13,3,5,8,4,,,,,,,,8,,,,
2024-02-17,HFD,51,31,30,61,0,,,,,,,,61,,,,
2024-02-18,HFD,140,61,60,121,0,,,,,,,,121,,,,
2024-02-19,HFD,272,98,99,197,0,,,,,,,,197,,,,
2024-02-20,HFD,344,127,125,252,4,,,,,,,,252,,,,
2024-02-21,HFD,209,65,69,134,2,,,,,,,,134,,,,
2024-02-22,HFD,245,86,88,174,2,,,,,,,,174,,,,
2024-02-23,HFD,53,14,16,30,0,,,,,,,,30,,,,
2024-02-24,HFD,159,44,38,82,0,,,,,,,,82,,,,
2024-02-25,HFD,422,84,88,172,2,,,,,,,,172,,,,
2024-02-26,HFD,327,106,101,207,3,,,,,,,,207,,,,
2024-02-27,HFD,183,79,81,160,2,,,,,,,,160,,,,
2024-02-28,HFD,3,0,0,0,1,,,,,,,,0,,,,
2024-02-29,HFD,130,53,53,106,0,,,,,,,,106,,,,
2024-03-01,HFD,542,142,134,276,2,,,,,,,,276,,,,
2024-03-02,HFD,15,3,3,6,0,,,,,,,,6,,,,
2024-03-03,HFD,235,71,73,144,2,,,,,,,,144,,,,
2024-03-04,HFD,259,79,82,161,2,,,,,,,,161,,,,
2024-03-05,HFD,5,3,2,5,0,,,,,,,,5,,,,
2024-03-06,HFD,9,4,5,9,0,,,,,,,,9,,,,
2024-03-07,HFD,28,9,12,21,0,,,,,,,,21,,,,
2024-03-08,HFD,426,136,140,276,12,,,,,,,,276,,,,
2024-03-09,HFD,139,55,54,109,2,,,,,,,,109,,,,
2024-03-10,HFD,27,15,14,29,0,,,,,,,,29,,,,
2024-03-11,HFD,3,1,2,3,0,,,,,,,,3,,,,
2024-03-12,HFD,142,48,46,94,4,,,,,,,,94,,,,
2024-03-13,HFD,415,127,134,261,4,,,,,,,,261,,,,
2024-03-14,HFD,371,108,110,218,8,,,,,,,,218,,,,
2024-03-15,HFD,346,81,81,162,0,,,,,,,,162,,,,
2024-03-16,HFD,381,99,98,197,0,,,,,,,,197,,,,
2024-03-17,HFD,40,20,19,39,0,,,,,,,,39,,,,
2024-03-18,HFD,275,107,104,211,5,,,,,,,,211,,,,
2024-03-19,HFD,94,32,28,60,2,,,,,,,,60,,,,
2024-03-20,HFD,201,85,83,168,6,,,,,,,,168,,,,
2024-03-21,HFD,9,5,6,11,2,,,,,,,,11,,,,
2024-03-22,HFD,500,34,33,67,0,,,,,,,,67,,,,
2024-03-23,HFD,1,1,0,1,0,,,,,,,,1,,,,
2024-03-24,HFD,130,49,48,97,0,,,,,,,,97,,,,
2024-03-25,HFD,205,80,81,161,0,,,,,,,,161,,,,
2024-03-26,HFD,212,91,89,180,2,,,,,,,,180,,,,
2024-03-27,HFD,131,48,53,101,2,,,,,,,,101,,,,
2024-03-28,HFD,3,0,2,2,0,,,,,,,,2,,,,
2024-03-29,HFD,127,46,51,97,0,,,,,,,,97,,,,
2024-03-30,HFD,90,26,25,51,0,,,,,,,,51,,,,
2024-03-31,HFD,174,46,42,88,3,,,,,,,,88,,,,
2024-04-01,HFD,395,154,152,306,4,,,,,,,,306,,,,
2024-04-02,HFD,225,86,89,175,2,,,,,,,,175,,,,
2024-04-03,HFD,0,0,0,0,0,,,,,,,,0,,,,
2024-04-04,HFD,2,0,1,1,0,,,,,,,,1,,,,
2024-04-05,HFD,332,82,80,162,2,,,,,,,,162,,,,
2024-04-06,HFD,90,32,31,63,0,,,,,,,,63,,,,
2024-04-07,HFD,269,67,73,140,1,,,,,,,,140,,,,
2024-04-08,HFD,278,130,134,264,0,,,,,,,,264,,,,
2024-04-09,HFD,256,83,84,167,2,,,,,,,,167,,,,
2024-04-10,HFD,284,76,72,148,0,,,,,,,,148,,,,
2024-04-11,HFD,10,4,6,10,0,,,,,,,,10,,,,
2024-04-12,HFD,4,2,1,3,0,,,,,,,,3,,,,
2024-04-13,HFD,55,24,23,47,0,,,,,,,,47,,,,
2024-04-14,HFD,215,42,40,82,0,,,,,,,,82,,,,
2024-04-15,HFD,260,69,72,141,10,,,,,,,,141,,,,
2024-04-16,HFD,334,118,118,236,5,,,,,,,,236,,,,
2024-04-17,HFD,418,109,112,221,7,,,,,,,,221,,,,
2024-04-18,HFD,25,11,14,25,0,,,,,,,,25,,,,
2024-04-19,HFD,233,53,52,105,5,,,,,,,,105,,,,
2024-04-20,HFD,101,30,32,62,0,,,,,,,,62,,,,
2024-04-21,HFD,359,75,77,152,2,,,,,,,,152,,,,
2024-04-22,HFD,296,93,92,185,4,,,,,,,,185,,,,
2024-04-23,HFD,513,104,104,208,9,,,,,,,,208,,,,
2024-04-24,HFD,288,49,49,98,6,,,,,,,,98,,,,
2024-04-25,HFD,458,107,110,217,4,,,,,,,,217,,,,
2024-04-26,HFD,417,101,103,204,2,,,,,,,,204,,,,
2024-04-27,HFD,323,125,128,253,1,,,,,,,,253,,,,
2024-04-28,HFD,333,79,76,155,0,,,,,,,,155,,,,
2024-04-29,HFD,399,86,93,179,3,,,,,,,,179,,,,
2024-04-30,HFD,304,61,62,123,6,,,,,,,,123,,,,
2024-05-01,HFD,194,64,62,126,2,,,,,,,,126,,,,
2024-05-02,HFD,195,81,85,166,0,,,,,,,,166,,,,
2024-05-03,HFD,295,105,108,213,4,,,,,,,,213,,,,
2024-05-04,HFD,351,128,126,254,2,,,,,,,,254,,,,
2024-05-05,HFD,9,5,5,10,0,,,,,,,,10,,,,
2024-05-06,HFD,348,63,66,129,0,,,,,,,,129,,,,
2024-05-07,HFD,378,98,112,210,4,,,,,,,,210,,,,
2024-05-08,HFD,102,41,42,83,2,,,,,,,,83,,,,
2024-05-09,HFD,292,88,93,181,0,,,,,,,,181,,,,
2024-05-10,HFD,245,89,94,183,2,,,,,,,,183,,,,
2024-05-11,HFD,240,82,84,166,0,,,,,,,,166,,,,
2024-05-12,HFD,178,61,59,120,2,,,,,,,,120,,,,
2024-05-13,HFD,442,88,87,175,4,,,,,,,,175,,,,
2024-05-14,HFD,351,91,89,180,8,,,,,,,,180,,,,
2024-05-15,HFD,104,19,21,40,10,,,,,,,,40,,,,
2024-05-16,HFD,57,26,25,51,3,,,,,,,,51,,,,
2024-05-17,HFD,293,91,93,184,3,,,,,,,,184,,,,
2024-05-18,HFD,31,11,12,23,2,,,,,,,,23,,,,
2024-05-19,HFD,211,43,50,93,2,,,,,,,,93,,,,
2024-05-20,HFD,338,73,83,156,2,,,,,,,,156,,,,
2024-05-21,HFD,399,113,115,228,6,,,,,,,,228,,,,
2024-05-22,HFD,354,94,93,187,7,,,,,,,,187,,,,
2024-05-23,HFD,169,46,45,91,11,,,,,,,,91,,,,
2024-05-24,HFD,204,56,56,112,2,,,,,,,,112,,,,
2024-05-25,HFD,395,126,131,257,2,,,,,,,,257,,,,
2024-05-26,HFD,545,126,119,245,2,,,,,,,,245,,,,
2024-05-27,HFD,10,5,4,9,0,,,,,,,,9,,,,
2024-05-28,HFD,193,33,34,67,0,,,,,,,,67,,,,
2024-05-29,HFD,441,92,92,184,1,,,,,,,,184,,,,
2024-05-30,HFD,188,43,53,96,11,,,,,,,,96,,,,
2024-05-31,HFD,326,98,111,209,1,,,,,,,,209,,,,
2024-06-01,HFD,463,149,159,308,5,,,,,,,,308,,,,
2024-06-02,HFD,416,121,122,243,3,,,,,,,,243,,,,
2024-06-03,HFD,548,167,176,343,2,,,,,,,,343,,,,
2024-06-04,HFD,551,174,175,349,2,,,,,,,,349,,,,
2024-06-05,HFD,95,26,33,59,6,,,,,,,,59,,,,
2024-06-06,HFD,23,9,10,19,4,,,,,,,,19,,,,
2024-06-07,HFD,359,106,113,219,1,,,,,,,,219,,,,
2024-06-08,HFD,228,77,78,155,2,,,,,,,,155,,,,
2024-06-09,HFD,122,32,28,60,2,,,,,,,,60,,,,
2024-06-10,HFD,377,91,86,177,5,,,,,,,,177,,,,
2024-06-11,HFD,574,148,157,305,7,,,,,,,,305,,,,
2024-06-12,HFD,483,128,128,256,9,,,,,,,,256,,,,
2024-06-13,HFD,410,116,121,237,1,,,,,,,,237,,,,
2024-06-14,HFD,105,27,30,57,0,,,,,,,,57,,,,
2024-06-15,HFD,148,45,52,97,0,,,,,,,,97,,,,
2024-06-16,HFD,414,101,103,204,2,,,,,,,,204,,,,
2024-06-17,HFD,447,102,104,206,6,,,,,,,,206,,,,
2024-06-18,HFD,418,121,118,239,3,,,,,,,,239,,,,
2024-06-19,HFD,409,109,111,220,5,,,,,,,,220,,,,
2024-06-20,HFD,408,130,125,255,8,,,,,,,,255,,,,
2024-06-21,HFD,99,26,30,56,0,,,,,,,,56,,,,
2024-06-22,HFD,40,6,9,15,3,,,,,,,,15,,,,
2024-06-23,HFD,63,29,25,54,0,,,,,,,,54,,,,
2024-06-24,HFD,285,59,64,123,5,,,,,,,,123,,,,
2024-06-25,HFD,512,143,151,294,0,,,,,,,,294,,,,
2024-06-26,HFD,485,123,125,248,6,,,,,,,,248,,,,
2024-06-27,HFD,291,36,40,76,0,,,,,,,,76,,,,
2024-06-28,HFD,558,168,172,340,0,,,,,,,,340,,,,
2024-06-29,HFD,262,107,105,212,2,,,,,,,,212,,,,
2024-06-30,HFD,64,8,5,13,0,,,,,,,,13,,,,
2024-07-01,HFD,520,144,154,298,3,,,,,,,,298,,,,
2024-07-02,HFD,615,195,205,400,1,,,,,,,,400,,,,
2024-07-03,HFD,424,128,131,259,3,,,,,,,,259,,,,
2024-07-04,HFD,226,43,43,86,0,,,,,,,,86,,,,
2024-07-05,HFD,131,57,57,114,0,,,,,,,,114,,,,
2024-07-06,HFD,8,6,1,7,0,,,,,,,,7,,,,
2024-07-07,HFD,379,80,87,167,1,,,,,,,,167,,,,
2024-07-08,HFD,528,149,154,303,1,,,,,,,,303,,,,
2024-07-09,HFD,366,95,95,190,0,,,,,,,,190,,,,
2024-07-11,HFD,255,63,66,129,0,,,,,,,,129,,,,
2024-07-12,HFD,546,141,141,282,1,,,,,,,,282,,,,
2024-07-13,HFD,144,51,51,102,4,,,,,,,,102,,,,
2024-07-14,HFD,456,107,115,222,3,,,,,,,,222,,,,
2024-07-15,HFD,434,112,120,232,11,,,,,,,,232,,,,
2024-07-16,HFD,417,135,131,266,3,,,,,,,,266,,,,
2024-07-17,HFD,378,102,104,206,1,,,,,,,,206,,,,
2024-07-18,HFD,420,120,126,246,7,,,,,,,,246,,,,
2024-07-19,HFD,461,130,149,279,3,,,,,,,,279,,,,
2024-07-20,HFD,277,73,74,147,4,,,,,,,,147,,,,
2024-07-21,HFD,381,90,91,181,1,,,,,,,,181,,,,
2024-07-22,HFD,494,120,122,242,9,,,,,,,,242,,,,
2024-07-23,HFD,17,7,6,13,6,,,,,,,,13,,,,
2024-07-24,HFD,29,11,11,22,4,,,,,,,,22,,,,
2024-07-25,HFD,209,65,68,133,6,,,,,,,,133,,,,
2024-07-26,HFD,427,107,117,224,4,,,,,,,,224,,,,
2024-07-27,HFD,335,98,105,203,4,,,,,,,,203,,,,
2024-07-28,HFD,351,78,72,150,2,,,,,,,,150,,,,
2024-07-29,HFD,42,8,10,18,2,,,,,,,,18,,,,
2024-07-30,HFD,152,31,33,64,0,,,,,,,,64,,,,
2024-07-31,HFD,58,2,1,3,1,,,,,,,,3,,,,
2024-08-01,HFD,552,157,171,328,0,,,,,,,,328,,,,
2024-08-02,HFD,261,91,92,183,0,,,,,,,,183,,,,
2024-08-03,HFD,54,21,22,43,0,,,,,,,,43,,,,
2024-08-04,HFD,87,31,28,59,0,,,,,,,,59,,,,
2024-08-05,HFD,556,123,133,256,5,,,,,,,,256,,,,
2024-08-06,HFD,16,4,8,12,2,,,,,,,,12,,,,
2024-08-07,HFD,32,9,15,24,0,,,,,,,,24,,,,
2024-08-08,HFD,36,7,9,16,2,,,,,,,,16,,,,
2024-08-09,HFD,5,4,3,7,0,,,,,,,,7,,,,
2024-08-10,HFD,241,60,77,137,2,,,,,,,,137,,,,
2024-08-11,HFD,321,77,80,157,4,,,,,,,,157,,,,
2024-08-12,HFD,350,99,104,203,5,,,,,,,,203,,,,
2024-08-13,HFD,632,151,161,312,8,,,,,,,,312,,,,
2024-08-14,HFD,410,126,126,252,6,,,,,,,,252,,,,
2024-08-15,HFD,314,61,68,129,8,,,,,,,,129,,,,
2024-08-16,HFD,267,83,82,165,2,,,,,,,,165,,,,
2024-08-17,HFD,106,38,37,75,0,,,,,,,,75,,,,
2024-08-18,HFD,21,7,9,16,0,,,,,,,,16,,,,
2024-08-19,HFD,23,9,9,18,4,,,,,,,,18,,,,
2024-08-20,HFD,285,41,47,88,3,,,,,,,,88,,,,
2024-08-21,HFD,233,43,53,96,7,,,,,,,,96,,,,
2024-08-22,HFD,276,66,76,142,7,,,,,,,,142,,,,
2024-08-23,HFD,305,93,99,192,0,,,,,,,,192,,,,
2024-08-24,HFD,435,23,19,42,1,,,,,,,,42,,,,
2024-08-25,HFD,426,102,103,205,0,,,,,,,,205,,,,
2024-08-26,HFD,217,39,43,82,5,,,,,,,,82,,,,
2024-08-27,HFD,358,63,67,130,0,,,,,,,,130,,,,
2024-08-28,HFD,297,51,55,106,1,,,,,,,,106,,,,
2024-08-29,HFD,336,74,84,158,2,,,,,,,,158,,,,
2024-08-30,HFD,325,108,118,226,0,,,,,,,,226,,,,
2024-08-31,HFD,167,54,55,109,2,,,,,,,,109,,,,
2024-09-01,HFD,48,15,14,29,0,,,,,,,,29,,,,
2024-09-02,HFD,255,55,59,114,2,,,,,,,,114,,,,
2024-09-03,HFD,458,88,94,182,3,,,,,,,,182,,,,
2024-09-04,HFD,276,48,52,100,9,,,,,,,,100,,,,
2024-09-05,HFD,277,63,63,126,2,,,,,,,,126,,,,
2024-09-06,HFD,160,45,46,91,0,,,,,,,,91,,,,
2024-09-07,HFD,50,17,18,35,0,,,,,,,,35,,,,
2024-09-08,HFD,270,54,52,106,3,,,,,,,,106,,,,
2024-09-09,HFD,269,59,61,120,6,,,,,,,,120,,,,
2024-09-10,HFD,360,76,82,158,6,,,,,,,,158,,,,
2024-09-11,HFD,242,60,70,130,7,,,,,,,,130,,,,
2024-09-12,HFD,321,74,79,153,5,,,,,,,,153,,,,
2024-09-13,HFD,334,68,72,140,1,,,,,,,,140,,,,
2024-09-14,HFD,279,57,68,125,0,,,,,,,,125,,,,
2024-09-15,HFD,352,62,59,121,2,,,,,,,,121,,,,
2024-09-16,HFD,472,22,22,44,0,,,,,,,,44,,,,
2024-09-17,HFD,295,81,80,161,4,,,,,,,,161,,,,
2024-09-18,HFD,182,43,46,89,5,,,,,,,,89,,,,
2024-09-19,HFD,247,67,68,135,0,,,,,,,,135,,,,
2024-09-20,HFD,134,38,40,78,0,,,,,,,,78,,,,
2024-09-21,HFD,194,70,72,142,3,,,,,,,,142,,,,
2024-09-22,HFD,166,49,48,97,2,,,,,,,,97,,,,
2024-09-23,HFD,217,70,74,144,3,,,,,,,,144,,,,
2024-09-24,HFD,302,92,94,186,2,,,,,,,,186,,,,
2024-09-25,HFD,265,117,117,234,0,,,,,,,,234,,,,
2024-09-26,HFD,29,11,16,27,0,,,,,,,,27,,,,
2024-09-27,HFD,338,103,110,213,0,,,,,,,,213,,,,
2024-09-28,HFD,64,22,25,47,0,,,,,,,,47,,,,
2024-09-29,HFD,280,61,65,126,2,,,,,,,,126,,,,
2024-09-30,HFD,286,72,76,148,4,,,,,,,,148,,,,
2024-10-01,HFD,284,62,62,124,7,,,,,,,,124,,,,
2024-10-02,HFD,379,109,111,220,0,,,,,,,,220,,,,
2024-10-03,HFD,233,56,60,116,6,,,,,,,,116,,,,
2024-10-04,HFD,251,75,83,158,0,,,,,,,,158,,,,
2024-10-05,HFD,101,32,34,66,0,,,,,,,,66,,,,
2024-10-06,HFD,286,65,67,132,3,,,,,,,,132,,,,
2024-10-07,HFD,117,16,18,34,3,,,,,,,,34,,,,
2024-10-08,HFD,401,71,76,147,5,,,,,,,,147,,,,
2024-10-09,HFD,313,47,52,99,6,,,,,,,,99,,,,
2024-10-10,HFD,150,37,44,81,0,,,,,,,,81,,,,
2024-10-11,HFD,215,73,74,147,5,,,,,,,,147,,,,
2024-10-12,HFD,58,21,23,44,6,,,,,,,,44,,,,
2024-10-13,HFD,116,20,21,41,0,,,,,,,,41,,,,
2024-10-14,HFD,46,9,9,18,2,,,,,,,,18,,,,
2024-10-15,HFD,309,54,53,107,3,,,,,,,,107,,,,
2024-10-16,HFD,396,71,84,155,6,,,,,,,,155,,,,
2024-10-18,HFD,265,59,65,124,0,,,,,,,,124,,,,
2024-10-19,HFD,140,30,28,58,2,,,,,,,,58,,,,
2024-10-20,HFD,370,102,97,199,0,,,,,,,,199,,,,
2024-10-21,HFD,431,73,74,147,4,,,,,,,,147,,,,
2024-10-22,HFD,401,79,87,166,8,,,,,,,,166,,,,
2024-10-23,HFD,281,52,51,103,2,,,,,,,,103,,,,
2024-10-24,HFD,290,62,60,122,11,,,,,,,,122,,,,
2024-10-25,HFD,395,92,94,186,8,,,,,,,,186,,,,
2024-10-26,HFD,111,22,27,49,4,,,,,,,,49,,,,
2024-10-27,HFD,212,58,56,114,3,,,,,,,,114,,,,
2024-10-28,HFD,423,79,79,158,8,,,,,,,,158,,,,
2024-10-29,HFD,317,67,69,136,0,,,,,,,,136,,,,
2024-10-30,HFD,322,76,80,156,2,,,,,,,,156,,,,
2024-10-31,HFD,269,67,70,137,2,,,,,,,,137,,,,
2024-11-01,HFD,152,27,31,58,14,,,,,,,,58,,,,
2024-11-02,HFD,228,83,84,167,4,,,,,,,,167,,,,
2024-11-03,HFD,313,78,78,156,2,,,,,,,,156,,,,
2024-11-04,HFD,334,86,84,170,2,,,,,,,,170,,,,
2024-11-05,HFD,274,63,62,125,5,,,,,,,,125,,,,
2024-11-06,HFD,269,53,61,114,7,,,,,,,,114,,,,
2024-11-07,HFD,300,73,77,150,7,,,,,,,,150,,,,
2024-11-08,HFD,137,50,46,96,0,,,,,,,,96,,,,
2024-11-09,HFD,107,40,41,81,1,,,,,,,,81,,,,
2024-11-10,HFD,282,79,80,159,1,,,,,,,,159,,,,
2024-11-11,HFD,82,29,25,54,0,,,,,,,,54,,,,
2024-11-12,HFD,33,10,10,20,4,,,,,,,,20,,,,
2024-11-13,HFD,338,67,71,138,5,,,,,,,,138,,,,
2024-11-14,HFD,283,79,84,163,0,,,,,,,,163,,,,
2024-11-15,HFD,380,83,89,172,0,,,,,,,,172,,,,
2024-11-16,HFD,118,41,43,84,0,,,,,,,,84,,,,
2024-11-17,HFD,211,46,44,90,2,,,,,,,,90,,,,
2024-11-18,HFD,128,33,32,65,5,,,,,,,,65,,,,
2024-11-19,HFD,334,83,85,168,9,,,,,,,,168,,,,
2024-11-20,HFD,326,71,72,143,7,,,,,,,,143,,,,
2024-11-21,HFD,6,2,3,5,0,,,,,,,,5,,,,
2024-11-22,HFD,6,0,0,0,0,,,,,,,,0,,,,
2024-11-23,HFD,8,1,2,3,0,,,,,,,,3,,,,
2024-11-24,HFD,57,10,11,21,0,,,,,,,,21,,,,
2024-11-25,HFD,421,99,105,204,4,,,,,,,,204,,,,
2024-11-26,HFD,44,21,21,42,0,,,,,,,,42,,,,
2024-11-27,HFD,421,89,87,176,1,,,,,,,,176,,,,
2024-11-28,HFD,0,0,0,0,0,,,,,,,,0,,,,
2024-11-29,HFD,166,47,47,94,0,,,,,,,,94,,,,
2024-11-30,HFD,103,32,30,62,2,,,,,,,,62,,,,
2024-12-01,HFD,268,48,52,100,0,,,,,,,,100,,,,
2024-12-02,HFD,242,59,59,118,0,,,,,,,,118,,,,
2024-12-03,HFD,286,48,50,98,7,,,,,,,,98,,,,
2024-12-04,HFD,287,55,58,113,5,,,,,,,,113,,,,
2024-12-05,HFD,5,1,3,4,0,,,,,,,,4,,,,
2024-12-06,HFD,55,21,21,42,0,,,,,,,,42,,,,
2024-12-07,HFD,225,65,67,132,1,,,,,,,,132,,,,
2024-12-08,HFD,273,53,50,103,1,,,,,,,,103,,,,
2024-12-09,HFD,244,61,59,120,2,,,,,,,,120,,,,
2024-12-10,HFD,5,1,4,5,0,,,,,,,,5,,,,
2024-12-11,HFD,1,0,1,1,0,,,,,,,,1,,,,
2024-12-12,HFD,100,24,26,50,0,,,,,,,,50,,,,
2024-12-13,HFD,373,119,114,233,4,,,,,,,,233,,,,
2024-12-14,HFD,225,76,83,159,0,,,,,,,,159,,,,
2024-12-15,HFD,367,67,67,134,2,,,,,,,,134,,,,
2024-12-16,HFD,3,2,1,3,0,,,,,,,,3,,,,
2024-12-17,HFD,282,58,62,120,2,,,,,,,,120,,,,
2024-12-18,HFD,376,74,74,148,6,,,,,,,,148,,,,
2024-12-19,HFD,151,30,33,63,2,,,,,,,,63,,,,
2024-12-20,HFD,112,40,40,80,0,,,,,,,,80,,,,
2024-12-21,HFD,15,3,4,7,1,,,,,,,,7,,,,
2024-12-22,HFD,191,53,52,105,0,,,,,,,,105,,,,
2024-12-23,HFD,220,56,56,112,0,,,,,,,,112,,,,
2024-12-24,HFD,13,3,2,5,2,,,,,,,,5,,,,
2024-12-25,HFD,17,5,6,11,0,,,,,,,,11,,,,
2024-12-26,HFD,168,40,42,82,0,,,,,,,,82,,,,
2024-12-27,HFD,390,105,107,212,4,,,,,,,,212,,,,
2024-12-28,HFD,0,0,0,0,0,,,,,,,,0,,,,
2024-12-29,HFD,0,0,0,0,0,,,,,,,,0,,,,
2024-12-30,HFD,125,32,32,64,0,,,,,,,,64,,,,
2024-12-31,HFD,387,62,71,133,3,,,,,,,,133,,,,
2025-01-01,HFD,8,1,2,3,0,,,,,,,,3,,,,
2025-01-02,HFD,12,6,5,11,0,,,,,,,,11,,,,
2025-01-03,HFD,75,26,27,53,0,,,,,,,,53,,,,
2025-01-04,HFD,14,3,3,6,2,,,,,,,,6,,,,
2025-01-05,HFD,71,18,18,36,0,,,,,,,,36,,,,
2025-01-06,HFD,369,73,73,146,1,,,,,,,,146,,,,
2025-01-07,HFD,11,4,4,8,2,,,,,,,,8,,,,
2025-01-08,HFD,10,6,5,11,1,,,,,,,,11,,,,
2025-01-09,HFD,1,3,2,5,0,,,,,,,,5,,,,
2025-01-10,HFD,259,86,88,174,1,,,,,,,,174,,,,
2025-01-11,HFD,2,1,1,2,0,,,,,,,,2,,,,
2025-01-12,HFD,350,94,90,184,2,,,,,,,,184,,,,
2025-01-13,HFD,299,29,27,56,0,,,,,,,,56,,,,
2025-01-14,HFD,29,12,11,23,2,,,,,,,,23,,,,
2025-01-15,HFD,59,18,15,33,0,,,,,,,,33,,,,
2025-01-16,HFD,294,66,69,135,4,,,,,,,,135,,,,
2025-01-17,HFD,267,79,76,155,2,,,,,,,,155,,,,
2025-01-18,HFD,101,32,34,66,2,,,,,,,,66,,,,
2025-01-19,HFD,105,23,23,46,0,,,,,,,,46,,,,
2025-01-20,HFD,45,8,8,16,1,,,,,,,,16,,,,
2025-01-21,HFD,219,44,42,86,0,,,,,,,,86,,,,
2025-01-22,HFD,287,73,75,148,7,,,,,,,,148,,,,
2025-01-23,HFD,226,53,51,104,11,,,,,,,,104,,,,
2025-01-24,HFD,180,63,67,130,4,,,,,,,,130,,,,
2025-01-25,HFD,244,61,61,122,0,,,,,,,,122,,,,
2025-01-26,HFD,180,54,52,106,0,,,,,,,,106,,,,
2025-01-27,HFD,225,56,55,111,0,,,,,,,,111,,,,
2025-01-28,HFD,9,2,3,5,4,,,,,,,,5,,,,
2025-01-29,HFD,7,2,2,4,1,,,,,,,,4,,,,
2025-01-30,HFD,187,50,48,98,5,,,,,,,,98,,,,
2025-01-31,HFD,0,0,0,0,0,,,,,,,,0,,,,
2025-02-01,HFD,59,21,23,44,0,,,,,,,,44,,,,
2025-02-02,HFD,302,77,75,152,0,,,,,,,,152,,,,
2025-02-03,HFD,145,44,43,87,2,,,,,,,,87,,,,
2025-02-04,HFD,108,10,9,19,6,,,,,,,,19,,,,
2025-02-05,HFD,244,68,67,135,7,,,,,,,,135,,,,
2025-02-06,HFD,0,0,0,0,0,,,,,,,,0,,,,
2025-02-07,HFD,21,6,6,12,0,,,,,,,,12,,,,
2025-02-08,HFD,251,86,89,175,0,,,,,,,,175,,,,
2025-02-09,HFD,4,2,2,4,0,,,,,,,,4,,,,
2025-02-10,HFD,355,83,84,167,4,,,,,,,,167,,,,
2025-02-11,HFD,247,75,73,148,8,,,,,,,,148,,,,
2025-02-12,HFD,184,56,56,112,2,,,,,,,,112,,,,
2025-02-13,HFD,16,1,3,4,1,,,,,,,,4,,,,
2025-02-14,HFD,15,5,5,10,2,,,,,,,,10,,,,
2025-02-15,HFD,0,59,60,119,0,,,,,,,,119,,,,
2025-02-16,HFD,0,0,0,0,0,,,,,,,,0,,,,
2025-02-17,HFD,2,1,0,1,0,,,,,,,,1,,,,
2025-02-18,HFD,33,7,7,14,4,,,,,,,,14,,,,
2025-02-19,HFD,126,42,44,86,1,,,,,,,,86,,,,
2025-02-20,HFD,404,108,112,220,2,,,,,,,,220,,,,
2025-02-21,HFD,30,12,13,25,0,,,,,,,,25,,,,
2025-02-22,HFD,308,101,104,205,2,,,,,,,,205,,,,
2025-02-23,HFD,324,64,67,131,0,,,,,,,,131,,,,
2025-02-24,HFD,354,81,83,164,4,,,,,,,,164,,,,
2025-02-25,HFD,287,83,88,171,2,,,,,,,,171,,,,
2025-02-26,HFD,167,57,54,111,2,,,,,,,,111,,,,
2025-02-27,HFD,4,1,2,3,0,,,,,,,,3,,,,
2025-02-28,HFD,91,31,37,68,2,,,,,,,,68,,,,
2025-03-01,HFD,134,24,22,46,0,,,,,,,,46,,,,
2025-03-02,HFD,30,13,12,25,0,,,,,,,,25,,,,
2025-03-03,HFD,285,91,90,181,0,,,,,,,,181,,,,
2025-03-04,HFD,186,55,56,111,1,,,,,,,,111,,,,
2025-03-05,HFD,5,2,2,4,0,,,,,,,,4,,,,
2025-03-06,HFD,24,7,7,14,0,,,,,,,,14,,,,
2025-03-07,HFD,7,0,1,1,2,,,,,,,,1,,,,
2025-03-08,HFD,21,3,2,5,0,,,,,,,,5,,,,
2025-03-09,HFD,196,64,62,126,3,,,,,,,,126,,,,
2025-03-10,HFD,267,79,79,158,6,,,,,,,,158,,,,
2025-03-11,HFD,273,67,65,132,6,,,,,,,,132,,,,
2025-03-12,HFD,243,67,63,130,6,,,,,,,,130,,,,
2025-03-13,HFD,228,73,76,149,8,,,,,,,,149,,,,
2025-03-14,HFD,220,58,61,119,6,,,,,,,,119,,,,
2025-03-15,HFD,49,13,13,26,0,,,,,,,,26,,,,
2025-03-16,HFD,0,0,0,0,0,,,,,,,,0,,,,
2025-03-17,HFD,4,1,2,3,0,,,,,,,,3,,,,
2025-03-18,HFD,354,76,79,155,6,,,,,,,,155,,,,
2025-03-19,HFD,389,114,119,233,10,,,,,,,,233,,,,
2025-03-20,HFD,13,4,5,9,2,,,,,,,,9,,,,
2025-03-21,HFD,9,0,0,0,0,,,,,,,,0,,,,
2025-03-22,HFD,242,26,27,53,0,,,,,,,,53,,,,
2025-03-23,HFD,154,46,41,87,0,,,,,,,,87,,,,
2025-03-24,HFD,2,1,1,2,0,,,,,,,,2,,,,
2025-03-25,HFD,206,56,58,114,1,,,,,,,,114,,,,
2025-03-26,HFD,343,72,76,148,5,,,,,,,,148,,,,
2025-03-27,HFD,152,35,34,69,8,,,,,,,,69,,,,
2025-03-28,HFD,177,67,69,136,0,,,,,,,,136,,,,
2025-03-29,HFD,15,32,35,67,2,,,,,,,,67,,,,
2025-03-31,HFD,21,4,5,9,0,,,,,,,,9,,,,
2025-04-01,HFD,72,17,16,33,2,,,,,,,,33,,,,
2025-04-02,HFD,390,104,100,204,2,,,,,,,,204,,,,
2025-04-03,HFD,7,3,5,8,0,,,,,,,,8,,,,
2025-04-04,HFD,287,67,70,137,5,,,,,,,,137,,,,
2025-04-05,HFD,67,23,24,47,1,,,,,,,,47,,,,
2025-04-06,HFD,162,52,51,103,0,,,,,,,,103,,,,
2025-04-07,HFD,2,1,2,3,0,,,,,,,,3,,,,
2025-04-08,HFD,16,6,3,9,1,,,,,,,,9,,,,
2025-04-09,HFD,322,66,69,135,5,,,,,,,,135,,,,
2025-04-10,HFD,347,87,96,183,6,,,,,,,,183,,,,
2025-04-11,HFD,133,42,41,83,2,,,,,,,,83,,,,
2025-04-12,HFD,4,1,3,4,0,,,,,,,,4,,,,
2025-04-13,HFD,62,18,20,38,4,,,,,,,,38,,,,
2025-04-14,HFD,525,150,148,298,8,,,,,,,,298,,,,
2025-04-15,HFD,198,52,53,105,4,,,,,,,,105,,,,
2025-04-16,HFD,61,4,7,11,4,,,,,,,,11,,,,
2025-04-17,HFD,244,55,60,115,8,,,,,,,,115,,,,
2025-04-18,HFD,195,60,57,117,2,,,,,,,,117,,,,
2025-04-19,HFD,184,57,55,112,3,,,,,,,,112,,,,
2025-04-20,HFD,19,12,12,24,0,,,,,,,,24,,,,
2025-04-21,HFD,257,69,61,130,1,,,,,,,,130,,,,
2025-04-22,HFD,227,78,79,157,5,,,,,,,,157,,,,
2025-04-23,HFD,480,114,118,232,3,,,,,,,,232,,,,
2025-04-24,HFD,474,109,110,219,2,,,,,,,,219,,,,
2025-04-25,HFD,146,57,60,117,1,,,,,,,,117,,,,
2025-04-26,HFD,2,0,1,1,0,,,,,,,,1,,,,
2025-04-27,HFD,17,11,6,17,0,,,,,,,,17,,,,
2025-04-28,HFD,376,112,111,223,5,,,,,,,,223,,,,
2025-04-29,HFD,166,62,61,123,9,,,,,,,,123,,,,
2025-04-30,HFD,199,51,44,95,5,,,,,,,,95,,,,
2025-05-01,HFD,445,126,127,253,2,,,,,,,,253,,,,
2025-05-02,HFD,125,47,48,95,0,,,,,,,,95,,,,
2025-05-04,HFD,81,19,30,49,3,,,,,,,,49,,,,
2025-05-05,HFD,8,4,2,6,0,,,,,,,,6,,,,
2025-05-06,HFD,1,1,0,1,0,,,,,,,,1,,,,
2025-05-07,HFD,262,55,64,119,2,,,,,,,,119,,,,
2025-05-08,HFD,286,68,64,132,1,,,,,,,,132,,,,
2025-05-09,HFD,0,0,0,0,0,,,,,,,,0,,,,
2025-05-10,HFD,40,16,15,31,0,,,,,,,,31,,,,
2025-05-11,HFD,335,70,68,138,4,,,,,,,,138,,,,
2025-05-12,HFD,365,95,93,188,3,,,,,,,,188,,,,
2025-05-13,HFD,352,69,73,142,3,,,,,,,,142,,,,
2025-05-14,HFD,33,16,10,26,0,,,,,,,,26,,,,
2025-05-15,HFD,19,8,9,17,0,,,,,,,,17,,,,
2025-05-16,HFD,182,44,51,95,2,,,,,,,,95,,,,
2025-05-17,HFD,62,17,17,34,0,,,,,,,,34,,,,
2025-05-18,HFD,252,51,55,106,0,,,,,,,,106,,,,
2025-05-19,HFD,79,10,11,21,2,,,,,,,,21,,,,
2025-05-20,HFD,475,106,97,203,2,,,,,,,,203,,,,
2025-05-21,HFD,318,89,87,176,4,,,,,,,,176,,,,
2025-05-22,HFD,2,1,1,2,0,,,,,,,,2,,,,
2025-05-23,HFD,126,43,45,88,0,,,,,,,,88,,,,
2025-05-24,HFD,221,46,51,97,2,,,,,,,,97,,,,
2025-05-25,HFD,396,85,78,163,2,,,,,,,,163,,,,
2025-05-26,HFD,445,110,105,215,6,,,,,,,,215,,,,
2025-05-27,HFD,332,100,106,206,9,,,,,,,,206,,,,
2025-05-28,HFD,265,70,75,145,5,,,,,,,,145,,,,
2025-05-29,HFD,24,10,11,21,1,,,,,,,,21,,,,
2025-05-30,HFD,192,55,57,112,2,,,,,,,,112,,,,
2025-05-31,HFD,5,3,3,6,0,,,,,,,,6,,,,
2025-06-01,HFD,232,74,72,146,2,,,,,,,,146,,,,
2025-06-02,HFD,292,77,86,163,8,,,,,,,,163,,,,
2025-06-03,HFD,327,103,96,199,2,,,,,,,,199,,,,
2025-06-04,HFD,358,91,99,190,3,,,,,,,,190,,,,
2025-06-05,HFD,352,66,75,141,4,,,,,,,,141,,,,
2025-06-06,HFD,153,40,39,79,0,,,,,,,,79,,,,
2025-06-07,HFD,14,9,7,16,0,,,,,,,,16,,,,
2025-06-08,HFD,276,63,59,122,0,,,,,,,,122,,,,
2025-06-09,HFD,105,40,41,81,0,,,,,,,,81,,,,
2025-06-10,HFD,18,5,3,8,2,,,,,,,,8,,,,
2025-06-11,HFD,399,66,94,160,2,,,,,,,,160,,,,
2025-06-12,HFD,266,34,37,71,0,,,,,,,,71,,,,
2025-06-13,HFD,401,98,58,156,0,,,,,,,,156,,,,
2025-06-14,HFD,33,15,9,24,0,,,,,,,,24,,,,
2025-06-15,HFD,172,66,37,103,0,,,,,,,,103,,,,
2025-06-16,HFD,366,56,55,111,0,,,,,,,,111,,,,
2025-06-17,HFD,18,7,11,18,0,,,,,,,,18,,,,
2025-06-18,HFD,40,16,18,34,1,,,,,,,,34,,,,
2025-06-19,HFD,177,43,45,88,4,,,,,,,,88,,,,
2025-06-20,HFD,144,32,35,67,2,,,,,,,,67,,,,
2025-06-21,HFD,428,140,135,275,7,,,,,,,,275,,,,
2025-06-22,HFD,120,39,36,75,1,,,,,,,,75,,,,
2025-06-23,HFD,486,110,104,214,1,,,,,,,,214,,,,
2025-06-24,HFD,248,59,51,110,6,,,,,,,,110,,,,
2025-06-25,HFD,322,69,66,135,17,,,,,,,,135,,,,
2025-06-26,HFD,276,87,86,173,5,,,,,,,,173,,,,
2025-06-27,HFD,294,105,105,210,2,,,,,,,,210,,,,
2025-06-28,HFD,29,13,13,26,0,,,,,,,,26,,,,
2025-06-29,HFD,330,95,87,182,2,,,,,,,,182,,,,
2025-06-30,HFD,524,123,122,245,3,,,,,,,,245,,,,
2025-07-01,HFD,86,21,26,47,3,,,,,,,,47,,,,
2025-07-02,HFD,325,100,97,197,2,,,,,,,,197,,,,
2025-07-03,HFD,321,79,83,162,1,,,,,,,,162,,,,
2025-07-04,HFD,143,45,40,85,0,,,,,,,,85,,,,
2025-07-05,HFD,237,83,83,166,5,,,,,,,,166,,,,
2025-07-06,HFD,294,41,46,87,4,,,,,,,,87,,,,
2025-07-07,HFD,157,49,47,96,4,,,,,,,,96,,,,
2025-07-08,HFD,240,66,54,120,0,,,,,,,,120,,,,
2025-07-09,HFD,150,57,60,117,0,,,,,,,,117,,,,
2025-07-10,HFD,139,42,40,82,1,,,,,,,,82,,,,
2025-07-11,HFD,214,73,82,155,0,,,,,,,,155,,,,
2025-07-12,HFD,148,36,36,72,2,,,,,,,,72,,,,
2025-07-13,HFD,149,41,44,85,4,,,,,,,,85,,,,
2025-07-14,HFD,35,8,10,18,0,,,,,,,,18,,,,
2025-07-15,HFD,540,115,114,229,3,,,,,,,,229,,,,
2025-07-16,HFD,460,116,121,237,5,,,,,,,,237,,,,
2025-07-17,HFD,256,75,75,150,6,,,,,,,,150,,,,
2025-07-18,HFD,222,87,82,169,5,,,,,,,,169,,,,
2025-07-19,HFD,325,113,115,228,0,,,,,,,,228,,,,
2025-07-20,HFD,127,25,26,51,0,,,,,,,,51,,,,
2025-07-21,HFD,285,78,76,154,2,,,,,,,,154,,,,
2025-07-22,HFD,564,126,126,252,6,,,,,,,,252,,,,
2025-07-23,HFD,466,123,123,246,5,,,,,,,,246,,,,
2025-07-24,HFD,307,76,71,147,9,,,,,,,,147,,,,
2025-07-25,HFD,165,69,68,137,2,,,,,,,,137,,,,
2025-07-26,HFD,232,103,99,202,3,,,,,,,,202,,,,
2025-07-27,HFD,65,21,16,37,0,,,,,,,,37,,,,
2025-07-28,HFD,332,95,81,176,5,,,,,,,,176,,,,
2025-07-29,HFD,333,67,67,134,3,,,,,,,,134,,,,
2025-07-30,HFD,353,79,70,149,8,,,,,,,,149,,,,
2025-07-31,HFD,170,42,44,86,0,,,,,,,,86,,,,
2025-08-01,HFD,121,30,34,64,0,,,,,,,,64,,,,
2025-08-02,HFD,213,87,83,170,2,,,,,,,,170,,,,
2025-08-03,HFD,269,75,77,152,2,,,,,,,,152,,,,
2025-08-04,HFD,369,120,118,238,2,,,,,,,,238,,,,
2025-08-05,HFD,400,88,79,167,13,,,,,,,,167,,,,
2025-08-06,HFD,350,94,87,181,5,,,,,,,,181,,,,
2025-08-07,HFD,329,93,90,183,2,,,,,,,,183,,,,
2025-08-08,HFD,356,103,103,206,2,,,,,,,,206,,,,
2025-08-09,HFD,313,95,92,187,2,,,,,,,,187,,,,
2025-08-10,HFD,340,68,61,129,4,,,,,,,,129,,,,
2025-08-11,HFD,398,72,75,147,2,,,,,,,,147,,,,
2025-08-12,HFD,373,72,85,157,3,,,,,,,,157,,,,
2025-08-13,HFD,230,44,42,86,2,,,,,,,,86,,,,
2025-08-14,HFD,191,61,59,120,7,,,,,,,,120,,,,
2025-08-15,HFD,319,111,111,222,1,,,,,,,,222,,,,
2025-08-16,HFD,112,32,30,62,3,,,,,,,,62,,,,
2025-08-17,HFD,307,71,73,144,2,,,,,,,,144,,,,
2025-08-18,HFD,255,68,62,130,1,,,,,,,,130,,,,
2025-08-19,HFD,470,113,116,229,12,,,,,,,,229,,,,
2025-08-20,HFD,197,30,32,62,3,,,,,,,,62,,,,
2025-08-21,HFD,61,23,21,44,1,,,,,,,,44,,,,
2025-08-22,HFD,335,114,113,227,3,,,,,,,,227,,,,
2025-08-23,HFD,190,59,61,120,1,,,,,,,,120,,,,
2025-08-24,HFD,149,55,55,110,0,,,,,,,,110,,,,
2025-08-25,HFD,124,36,39,75,0,,,,,,,,75,,,,
2025-08-26,HFD,348,107,105,212,7,,,,,,,,212,,,,
2025-08-27,HFD,270,99,92,191,2,,,,,,,,191,,,,
2025-08-28,HFD,235,85,95,180,5,,,,,,,,180,,,,
2025-08-29,HFD,122,45,47,92,0,,,,,,,,92,,,,
2025-08-30,HFD,127,51,52,103,2,,,,,,,,103,,,,
2025-08-31,HFD,274,81,75,156,0,,,,,,,,156,,,,
2025-09-01,HFD,342,93,77,170,6,,,,,,,,170,,,,
2025-09-02,HFD,430,116,116,232,4,,,,,,,,232,,,,
2025-09-03,HFD,454,107,113,220,3,,,,,,,,220,,,,
2025-09-04,HFD,296,73,72,145,3,,,,,,,,145,,,,
2025-09-05,HFD,78,35,39,74,3,,,,,,,,74,,,,
2025-09-06,HFD,40,11,13,24,0,,,,,,,,24,,,,
2025-09-07,HFD,97,43,41,84,0,,,,,,,,84,,,,
2025-09-08,HFD,546,157,137,294,5,,,,,,,,294,,,,
2025-09-09,HFD,500,113,103,216,7,,,,,,,,216,,,,
2025-09-10,HFD,241,63,56,119,4,,,,,,,,119,,,,
2025-09-11,HFD,313,103,94,197,2,,,,,,,,197,,,,
2025-09-12,HFD,418,131,128,259,1,,,,,,,,259,,,,
2025-09-13,HFD,199,59,58,117,4,,,,,,,,117,,,,
2025-09-14,HFD,300,66,66,132,3,,,,,,,,132,,,,
2025-09-15,HFD,389,85,78,163,3,,,,,,,,163,,,,
2025-09-16,HFD,397,72,71,143,4,,,,,,,,143,,,,
2025-09-17,HFD,322,67,68,135,2,,,,,,,,135,,,,
2025-09-18,HFD,57,56,54,110,4,,,,,,,,110,,,,
2025-09-19,HFD,274,102,102,204,4,,,,,,,,204,,,,
2025-09-20,HFD,175,54,55,109,5,,,,,,,,109,,,,
2025-09-22,HFD,386,93,85,178,3,,,,,,,,178,,,,
2025-09-23,HFD,284,45,45,90,2,,,,,,,,90,,,,
2025-09-24,HFD,22,8,9,17,3,,,,,,,,17,,,,
2025-09-25,HFD,2,1,1,2,0,,,,,,,,2,,,,
2025-09-26,HFD,205,73,69,142,3,,,,,,,,142,,,,
2025-09-27,HFD,244,87,87,174,0,,,,,,,,174,,,,
2025-09-28,HFD,319,55,55,110,2,,,,,,,,110,,,,
2025-09-29,HFD,397,122,109,231,2,,,,,,,,231,,,,
2025-09-30,HFD,564,120,114,234,2,,,,,,,,234,,,,
2025-10-01,HFD,276,51,49,100,3,,,,,,,,100,,,,
2025-10-02,HFD,301,93,94,187,5,,,,,,,,187,,,,
2025-10-03,HFD,204,67,82,149,1,,,,,,,,149,,,,
2025-10-04,HFD,181,76,73,149,2,,,,,,,,149,,,,
2025-10-05,HFD,258,69,65,134,1,,,,,,,,134,,,,
2025-10-06,HFD,332,88,88,176,4,,,,,,,,176,,,,
2025-10-07,HFD,253,68,72,140,5,,,,,,,,140,,,,
2025-10-08,HFD,26,9,8,17,2,,,,,,,,17,,,,
2025-10-09,HFD,179,71,70,141,0,,,,,,,,141,,,,
2025-10-10,HFD,327,139,142,281,2,,,,,,,,281,,,,
2025-10-11,HFD,261,105,91,196,4,,,,,,,,196,,,,
2025-10-12,HFD,15,4,1,5,0,,,,,,,,5,,,,
2025-10-13,HFD,2,1,1,2,0,,,,,,,,2,,,,
2025-10-14,HFD,74,26,25,51,4,,,,,,,,51,,,,
2025-10-15,HFD,261,60,52,112,10,,,,,,,,112,,,,
2025-10-16,HFD,70,16,12,28,11,,,,,,,,28,,,,
2025-10-17,HFD,287,120,106,226,5,,,,,,,,226,,,,
2025-10-18,HFD,399,132,125,257,4,,,,,,,,257,,,,
2025-10-19,HFD,286,74,73,147,3,,,,,,,,147,,,,
2025-10-20,HFD,37,10,12,22,0,,,,,,,,22,,,,
2025-10-21,HFD,541,111,122,233,9,,,,,,,,233,,,,
2025-10-22,HFD,123,26,35,61,4,,,,,,,,61,,,,
2025-10-23,HFD,297,61,72,133,2,,,,,,,,133,,,,
2025-10-24,HFD,268,97,94,191,3,,,,,,,,191,,,,
2025-10-25,HFD,331,135,129,264,2,,,,,,,,264,,,,
2025-10-26,HFD,279,71,74,145,0,,,,,,,,145,,,,
2025-10-27,HFD,377,88,90,178,7,,,,,,,,178,,,,
2025-10-28,HFD,337,84,83,167,4,,,,,,,,167,,,,
2025-10-29,HFD,307,96,94,190,6,,,,,,,,190,,,,
2025-10-30,HFD,6,3,1,4,2,,,,,,,,4,,,,
2025-10-31,HFD,4,2,1,3,0,,,,,,,,3,,,,
2025-11-01,HFD,28,7,5,12,0,,,,,,,,12,,,,
2025-11-02,HFD,354,90,86,176,2,,,,,,,,176,,,,
2025-11-03,HFD,313,70,67,137,3,,,,,,,,137,,,,
2025-11-04,HFD,87,29,27,56,8,,,,,,,,56,,,,
2025-11-05,HFD,314,75,82,157,7,,,,,,,,157,,,,
2025-11-06,HFD,42,12,8,20,5,,,,,,,,20,,,,
2025-11-07,HFD,142,63,62,125,2,,,,,,,,125,,,,
2025-11-08,HFD,135,38,52,90,0,,,,,,,,90,,,,
2025-11-09,HFD,31,13,8,21,0,,,,,,,,21,,,,
2025-11-10,HFD,9,4,5,9,0,,,,,,,,9,,,,
2025-11-11,HFD,85,19,20,39,3,,,,,,,,39,,,,
2025-11-12,HFD,223,58,62,120,2,,,,,,,,120,,,,
2025-11-13,HFD,218,41,40,81,3,,,,,,,,81,,,,
2025-11-14,HFD,146,60,55,115,2,,,,,,,,115,,,,
2025-11-15,HFD,159,62,62,124,2,,,,,,,,124,,,,
2025-11-16,HFD,18,8,11,19,0,,,,,,,,19,,,,
2025-11-17,HFD,25,5,5,10,2,,,,,,,,10,,,,
2025-11-18,HFD,284,41,39,80,1,,,,,,,,80,,,,
2025-11-19,HFD,425,148,145,293,4,,,,,,,,293,,,,
2025-11-20,HFD,208,70,64,134,6,,,,,,,,134,,,,
2025-11-21,HFD,236,78,81,159,0,,,,,,,,159,,,,
2025-11-22,HFD,23,7,9,16,0,,,,,,,,16,,,,
2025-11-23,HFD,321,95,95,190,2,,,,,,,,190,,,,
2025-11-24,HFD,306,79,71,150,0,,,,,,,,150,,,,
2025-11-25,HFD,293,56,56,112,7,,,,,,,,112,,,,
2025-11-26,HFD,30,14,15,29,0,,,,,,,,29,,,,
2025-11-27,HFD,26,5,4,9,4,,,,,,,,9,,,,
2025-11-28,HFD,28,6,4,10,0,,,,,,,,10,,,,
2025-11-29,HFD,84,34,29,63,0,,,,,,,,63,,,,
2025-11-30,HFD,43,12,9,21,0,,,,,,,,21,,,,
2025-12-01,HFD,245,46,40,86,17,,,,,,,,86,,,,
2025-12-02,HFD,0,0,0,0,0,,,,,,,,0,,,,
2025-12-03,HFD,421,122,119,241,10,,,,,,,,241,,,,
2025-12-04,HFD,188,39,38,77,0,,,,,,,,77,,,,
2025-12-05,HFD,246,100,100,200,0,,,,,,,,200,,,,
2025-12-06,HFD,107,29,29,58,0,,,,,,,,58,,,,
2025-12-07,HFD,350,98,90,188,10,,,,,,,,188,,,,
2025-12-08,HFD,193,56,52,108,0,,,,,,,,108,,,,
2025-12-09,HFD,450,108,106,214,10,,,,,,,,214,,,,
2025-12-10,HFD,64,12,11,23,0,,,,,,,,23,,,,
2025-12-11,HFD,6,0,0,0,4,,,,,,,,0,,,,
2025-12-12,HFD,38,13,14,27,2,,,,,,,,27,,,,
2025-12-13,HFD,312,89,96,185,2,,,,,,,,185,,,,
2025-12-14,HFD,1,1,0,1,0,,,,,,,,1,,,,
2025-12-15,HFD,180,50,44,94,4,,,,,,,,94,,,,
2025-12-16,HFD,521,127,124,251,0,,,,,,,,251,,,,
2025-12-17,HFD,341,86,87,173,7,,,,,,,,173,,,,
2025-12-18,HFD,316,92,99,191,9,,,,,,,,191,,,,
2025-12-19,HFD,1,0,0,0,0,,,,,,,,0,,,,
2025-12-20,HFD,168,64,64,128,0,,,,,,,,128,,,,
2025-12-21,HFD,167,33,33,66,2,,,,,,,,66,,,,
2025-12-22,HFD,165,57,57,114,2,,,,,,,,114,,,,
2025-12-23,HFD,10,4,4,8,0,,,,,,,,8,,,,
2025-12-24,HFD,17,5,4,9,0,,,,,,,,9,,,,
2025-12-25,HFD,9,3,4,7,0,,,,,,,,7,,,,
2025-12-26,HFD,148,72,69,141,0,,,,,,,,141,,,,
2025-12-27,HFD,12,2,2,4,0,,,,,,,,4,,,,
2025-12-28,HFD,127,51,48,99,2,,,,,,,,99,,,,
2025-12-29,HFD,6,1,1,2,0,,,,,,,,2,,,,
2025-12-30,HFD,18,8,8,16,0,,,,,,,,16,,,,
2025-12-31,HFD,198,60,59,119,2,,,,,,,,119,,,,
2026-01-01,HFD,12,1,1,2,0,,,,,,,,2,,,,
2026-01-02,HFD,222,73,73,146,4,,,,,,,,146,,,,
2026-01-03,HFD,270,92,91,183,0,,,,,,,,183,,,,
2026-01-04,HFD,102,41,38,79,0,,,,,,,,79,,,,
2026-01-05,HFD,298,93,91,184,0,,,,,,,,184,,,,
2026-01-06,HFD,273,75,68,143,3,,,,,,,,143,,,,
2026-01-07,HFD,13,5,5,10,0,,,,,,,,10,,,,
2026-01-08,HFD,347,113,109,222,3,,,,,,,,222,,,,
2026-01-09,HFD,79,29,25,54,0,,,,,,,,54,,,,
2026-01-10,HFD,176,74,71,145,2,,,,,,,,145,,,,
2026-01-11,HFD,157,54,51,105,0,,,,,,,,105,,,,
2026-01-12,HFD,157,41,39,80,0,,,,,,,,80,,,,
2026-01-13,HFD,403,84,89,173,3,,,,,,,,173,,,,
2026-01-14,HFD,381,91,99,190,0,,,,,,,,190,,,,
2026-01-15,HFD,29,19,21,40,2,,,,,,,,40,,,,
2026-01-16,HFD,102,22,30,52,0,,,,,,,,52,,,,
2026-01-17,HFD,3,2,1,3,0,,,,,,,,3,,,,
2026-01-18,HFD,2,1,1,2,0,,,,,,,,2,,,,
2026-01-19,HFD,133,42,46,88,0,,,,,,,,88,,,,
2026-01-20,HFD,232,54,58,112,4,,,,,,,,112,,,,
2026-01-21,HFD,372,89,90,179,3,,,,,,,,179,,,,
2026-01-22,HFD,158,49,52,101,6,,,,,,,,101,,,,
2026-01-23,HFD,50,13,12,25,3,,,,,,,,25,,,,
2026-01-24,HFD,89,33,29,62,2,,,,,,,,62,,,,
2026-01-25,HFD,0,0,0,0,0,,,,,,,,0,,,,
2026-01-26,HFD,0,0,0,0,0,,,,,,,,0,,,,
2026-01-27,HFD,47,13,15,28,0,,,,,,,,28,,,,
2026-01-28,HFD,178,40,40,80,0,,,,,,,,80,,,,
2026-01-29,HFD,184,26,26,52,0,,,,,,,,52,,,,
2026-01-30,HFD,36,17,14,31,0,,,,,,,,31,,,,
2026-01-31,HFD,280,81,78,159,0,,,,,,,,159,,,,
2026-02-01,HFD,48,15,12,27,0,,,,,,,,27,,,,
2026-02-02,HFD,244,47,43,90,6,,,,,,,,90,,,,
2026-02-03,HFD,469,115,116,231,2,,,,,,,,231,,,,
2026-02-04,HFD,186,37,40,77,7,,,,,,,,77,,,,
2026-02-05,HFD,292,83,88,171,4,,,,,,,,171,,,,
2026-02-06,HFD,210,93,92,185,4,,,,,,,,185,,,,
2026-02-07,HFD,0,0,0,0,0,,,,,,,,0,,,,
2026-02-08,HFD,12,6,3,9,1,,,,,,,,9,,,,
2026-02-09,HFD,166,61,53,114,0,,,,,,,,114,,,,
2026-02-10,HFD,286,62,66,128,2,,,,,,,,128,,,,
2026-02-11,HFD,96,23,24,47,4,,,,,,,,47,,,,
2026-02-12,HFD,152,45,41,86,2,,,,,,,,86,,,,
2026-02-13,HFD,249,87,90,177,0,,,,,,,,177,,,,
2026-02-14,HFD,365,104,101,205,0,,,,,,,,205,,,,
2026-02-15,HFD,280,99,95,194,0,,,,,,,,194,,,,
2026-02-16,HFD,260,64,60,124,0,,,,,,,,124,,,,
2026-02-17,HFD,40,18,17,35,0,,,,,,,,35,,,,
2026-02-18,HFD,4,1,3,4,0,,,,,,,,4,,,,
2026-02-19,HFD,331,111,104,215,4,,,,,,,,215,,,,
2026-02-20,HFD,35,17,15,32,0,,,,,,,,32,,,,
2026-02-21,HFD,107,37,37,74,1,,,,,,,,74,,,,
2026-02-22,HFD,3,1,2,3,0,,,,,,,,3,,,,
2026-02-23,HFD,0,0,0,0,0,,,,,,,,0,,,,
2026-02-24,HFD,42,15,15,30,5,,,,,,,,30,,,,
2026-02-25,HFD,22,10,9,19,3,,,,,,,,19,,,,
2026-02-26,HFD,230,97,95,192,0,,,,,,,,192,,,,
2026-02-27,HFD,307,117,127,244,3,,,,,,,,244,,,,
2026-02-28,HFD,242,92,94,186,2,,,,,,,,186,,,,
2026-03-01,HFD,97,34,33,67,0,,,,,,,,67,,,,
2026-03-02,HFD,262,82,80,162,0,,,,,,,,162,,,,
2026-03-03,HFD,14,2,2,4,0,,,,,,,,4,,,,
2026-03-04,HFD,131,47,48,95,4,,,,,,,,95,,,,
2026-03-05,HFD,0,0,0,0,0,,,,,,,,0,,,,
2026-03-06,HFD,4,2,2,4,0,,,,,,,,4,,,,
2026-03-07,HFD,1,1,0,1,0,,,,,,,,1,,,,
2026-03-08,HFD,146,71,67,138,1,,,,,,,,138,,,,
2026-03-09,HFD,307,101,109,210,2,,,,,,,,210,,,,
2026-03-10,HFD,399,111,123,234,6,,,,,,,,234,,,,
2026-03-11,HFD,243,48,47,95,0,,,,,,,,95,,,,
2026-03-12,HFD,2,0,0,0,2,,,,,,,,0,,,,
2026-03-13,HFD,147,48,45,93,4,,,,,,,,93,,,,
2026-03-14,HFD,16,6,6,12,0,,,,,,,,12,,,,
2026-03-15,HFD,249,66,65,131,2,,,,,,,,131,,,,
2026-03-16,HFD,0,0,0,0,0,,,,,,,,0,,,,
2026-03-17,HFD,12,7,7,14,3,,,,,,,,14,,,,
2026-03-18,HFD,391,105,103,208,6,,,,,,,,208,,,,
2026-03-19,HFD,226,83,87,170,6,,,,,,,,170,,,,
2026-03-20,HFD,178,66,72,138,0,,,,,,,,138,,,,
2026-03-21,HFD,223,94,83,177,0,,,,,,,,177,,,,
2026-03-22,HFD,11,3,6,9,0,,,,,,,,9,,,,
2026-03-23,HFD,6,4,2,6,0,,,,,,,,6,,,,
2026-03-24,HFD,304,79,82,161,2,,,,,,,,161,,,,
2026-03-25,HFD,369,86,85,171,2,,,,,,,,171,,,,
2026-03-26,HFD,190,43,50,93,2,,,,,,,,93,,,,
2026-03-27,HFD,65,34,26,60,0,,,,,,,,60,,,,
2026-03-28,HFD,165,55,56,111,2,,,,,,,,111,,,,
2026-03-29,HFD,180,46,47,93,0,,,,,,,,93,,,,
2026-03-30,HFD,224,50,52,102,0,,,,,,,,102,,,,
2026-03-31,HFD,143,41,47,88,4,,,,,,,,88,,,,
2026-04-01,HFD,147,22,22,44,1,,,,,,,,44,,,,
2026-04-02,HFD,6,3,2,5,0,,,,,,,,5,,,,
2026-04-03,HFD,76,27,31,58,0,,,,,,,,58,,,,
2026-04-04,HFD,280,111,106,217,0,,,,,,,,217,,,,
2026-04-05,HFD,2,1,1,2,0,,,,,,,,2,,,,
2026-04-06,HFD,116,28,32,60,0,,,,,,,,60,,,,
2026-04-07,HFD,110,22,19,41,5,,,,,,,,41,,,,
2026-04-08,HFD,419,115,108,223,4,,,,,,,,223,,,,
2026-04-09,HFD,289,80,83,163,1,,,,,,,,163,,,,
2026-04-10,HFD,155,51,53,104,0,,,,,,,,104,,,,
2026-04-11,HFD,54,21,19,40,2,,,,,,,,40,,,,
2026-04-12,HFD,290,88,90,178,0,,,,,,,,178,,,,
2026-04-13,HFD,42,11,13,24,4,,,,,,,,24,,,,
2026-04-14,HFD,364,97,96,193,2,,,,,,,,193,,,,
2026-04-15,HFD,275,49,49,98,3,,,,,,,,98,,,,
2026-04-16,HFD,243,48,54,102,3,,,,,,,,102,,,,
2026-04-17,HFD,120,51,48,99,3,,,,,,,,99,,,,
2026-04-18,HFD,248,103,104,207,0,,,,,,,,207,,,,
2026-04-19,HFD,4,1,3,4,0,,,,,,,,4,,,,
2026-04-20,HFD,198,44,42,86,6,,,,,,,,86,,,,
2026-04-21,HFD,386,98,100,198,6,,,,,,,,198,,,,
2026-04-22,HFD,56,12,12,24,0,,,,,,,,24,,,,
2026-04-23,HFD,150,50,43,93,7,,,,,,,,93,,,,
2026-04-24,HFD,299,122,115,237,2,,,,,,,,237,,,,
2026-04-25,HFD,165,72,73,145,3,,,,,,,,145,,,,
2026-04-26,HFD,212,72,72,144,2,,,,,,,,144,,,,
2026-04-27,HFD,402,109,114,223,0,,,,,,,,223,,,,
2026-04-28,HFD,416,96,101,197,1,,,,,,,,197,,,,
2026-04-29,HFD,381,103,109,212,4,,,,,,,,212,,,,
2026-04-30,HFD,16,7,7,14,2,,,,,,,,14,,,,
2026-05-01,HFD,281,86,78,164,5,,,,,,,,164,,,,
2026-05-02,HFD,168,53,53,106,0,,,,,,,,106,,,,
2026-05-03,HFD,83,29,30,59,0,,,,,,,,59,,,,
2026-05-04,HFD,41,9,7,16,0,,,,,,,,16,,,,
2026-05-07,HFD,194,20,7,27,0,,,,,,,,27,,,,
2026-05-08,HFD,161,55,39,94,2,,,,,,,,94,,,,
2026-05-09,HFD,42,8,7,15,0,,,,,,,,15,,,,
2026-05-10,HFD,152,41,42,83,0,,,,,,,,83,,,,
2026-05-11,HFD,238,91,88,179,0,,,,,,,,179,,,,
2026-05-12,HFD,428,114,123,237,3,,,,,,,,237,,,,
2026-05-13,HFD,191,30,31,61,5,,,,,,,,61,,,,
2026-05-14,HFD,6,2,2,4,0,,,,,,,,4,,,,
2026-05-15,HFD,165,55,44,99,2,,,,,,,,99,,,,
2026-05-16,HFD,294,92,95,187,3,,,,,,,,187,,,,
2026-05-17,HFD,249,37,65,102,0,,,,,,,,102,,,,
2026-05-18,HFD,351,88,87,175,0,,,,,,,,175,,,,
2026-05-19,HFD,238,44,53,97,5,,,,,,,,97,,,,
2026-05-20,HFD,134,34,33,67,3,,,,,,,,67,,,,
2026-05-21,HFD,304,101,92,193,0,,,,,,,,193,,,,
2026-05-22,HFD,383,139,112,251,0,,,,,,,,251,,,,
2026-05-23,HFD,131,34,26,60,0,,,,,,,,60,,,,
2026-05-24,HFD,3,1,0,1,0,,,,,,,,1,,,,
2026-05-25,HFD,51,20,14,34,0,,,,,,,,34,,,,
2026-05-26,HFD,394,80,76,156,4,,,,,,,,156,,,,
2026-05-27,HFD,248,45,58,103,2,,,,,,,,103,,,,
2026-05-28,HFD,200,66,50,116,1,,,,,,,,116,,,,
2026-05-29,HFD,242,89,83,172,1,,,,,,,,172,,,,
2026-05-30,HFD,21,8,5,13,0,,,,,,,,13,,,,
2026-05-31,HFD,334,74,45,119,1,,,,,,,,119,,,,
2026-06-01,HFD,290,89,82,171,0,,,,,,,,171,,,,
2026-06-02,HFD,331,92,59,151,1,,,,,,,,151,,,,
2026-06-03,HFD,508,106,92,198,2,,,,,,,,198,,,,
2026-06-04,HFD,431,73,66,139,4,,,,,,,,139,,,,
2026-06-05,HFD,332,54,56,110,0,,,,,,,,110,,,,
2026-06-06,HFD,152,25,25,50,1,,,,,,,,50,,,,
2026-06-07,HFD,69,19,10,29,2,,,,,,,,29,,,,
2026-06-08,HFD,378,77,51,128,1,,,,,,,,128,,,,
2026-06-09,HFD,413,34,69,103,1,,,,,,,,103,,,,
2026-06-10,HFD,341,38,48,86,1,,,,,,,,86,,,,
2026-06-11,HFD,155,0,0,0,0,,,,,,,,0,,,,
2026-06-12,HFD,173,47,34,81,2,,,,,,,,81,,,,
2026-06-13,HFD,270,63,49,112,0,,,,,,,,112,,,,
2026-06-14,HFD,201,16,23,39,0,,,,,,,,39,,,,
2026-06-15,HFD,115,32,29,61,0,,,,,,,,61,,,,
2026-06-16,HFD,413,65,60,125,2,,,,,,,,125,,,,
2026-06-17,HFD,392,58,59,117,3,,,,,,,,117,,,,
2026-06-18,HFD,15,2,4,6,0,,,,,,,,6,,,,
2026-06-19,HFD,193,27,19,46,0,,,,,,,,46,,,,
2026-06-20,HFD,23,6,6,12,1,,,,,,,,12,,,,
2026-06-21,HFD,226,47,30,77,0,,,,,,,,77,,,,
2026-06-22,HFD,156,35,23,58,0,,,,,,,,58,,,,
2026-06-23,HFD,60,23,20,43,0,,,,,,,,43,,,,
2026-06-24,HFD,326,87,71,158,7,,,,,,,,158,,,,
2026-06-25,HFD,255,23,21,44,4,,,,,,,,44,,,,
2026-06-26,HFD,156,36,43,79,1,,,,,,,,79,,,,
2026-06-27,HFD,268,87,79,166,3,,,,,,,,166,,,,
2026-06-28,HFD,150,48,46,94,0,,,,,,,,94,,,,
2026-06-29,HFD,296,81,86,167,3,,,,,,,,167,,,,
2026-06-30,HFD,200,72,70,142,3,,,,,,,,142,,,,
2026-07-01,HFD,223,48,46,94,1,,,,,,,,94,,,,
2026-07-02,HFD,127,32,32,64,2,,,,,,,,64,,,,
2026-07-03,HFD,92,21,27,48,2,,,,,,,,48,,,,
2026-07-04,HFD,57,16,15,31,0,,,,,,,,31,,,,
2026-07-05,HFD,206,38,36,74,4,,,,,,,,74,,,,
2026-07-06,HFD,9,4,4,8,0,,,,,,,,8,,,,
2026-07-07,HFD,11,6,6,12,0,,,,,,,,12,,,,
2026-07-08,HFD,513,120,113,233,4,,,,,,,,233,,,,
2026-07-09,HFD,313,84,84,168,3,,,,,,,,168,,,,
2026-07-10,HFD,250,79,81,160,2,,,,,,,,160,,,,
2026-07-11,HFD,318,107,112,219,6,,,,,,,,219,,,,
2026-07-12,HFD,183,58,52,110,2,,,,,,,,110,,,,
2026-07-13,HFD,357,85,84,169,0,,,,,,,,169,,,,
2026-07-14,HFD,203,45,48,93,3,,,,,,,,93,,,,
2026-07-15,HFD,236,53,51,104,2,,,,,,,,104,,,,
2026-07-16,HFD,235,59,62,121,8,,,,,,,,121,,,,
2026-07-17,HFD,275,104,112,216,2,,,,,,,,216,,,,
2026-07-18,HFD,1,1,2,3,0,,,,,,,,3,,,,
2026-07-19,HFD,130,36,31,67,2,,,,,,,,67,,,,
2026-07-20,HFD,286,81,79,160,5,,,,,,,,160,,,,
2026-07-21,HFD,154,31,29,60,0,,,,,,,,60,,,,
2026-07-22,HFD,123,32,34,66,4,,,,,,,,66,,,,
2026-07-23,HFD,249,62,62,124,13,,,,,,,,124,,,,
2026-07-24,HFD,279,69,76,145,1,,,,,,,,145,,,,
2026-07-25,HFD,273,62,61,123,6,,,,,,,,123,,,,
2026-07-26,HFD,215,53,40,93,2,,,,,,,,93,,,,
2026-07-27,HFD,168,23,23,46,0,,,,,,,,46,,,,
2026-07-28,HFD,28,12,11,23,6,,,,,,,,23,,,,
2026-07-29,HFD,0,0,0,0,0,,,,,,,,0,,,,
2026-07-30,HFD,64,19,19,38,0,,,,,,,,38,,,,
2026-07-31,HFD,196,73,76,149,0,,,,,,,,149,,,,
2026-08-01,HFD,224,13,20,33,0,,,,,,,,33,,,,
2026-08-02,HFD,198,50,48,98,0,,,,,,,,98,,,,
2026-08-03,HFD,19,4,5,9,0,,,,,,,,9,,,,
2026-08-04,HFD,298,86,83,169,5,,,,,,,,169,,,,
2026-08-05,HFD,274,66,67,133,2,,,,,,,,133,,,,
2026-08-06,HFD,91,26,25,51,2,,,,,,,,51,,,,
2026-08-07,HFD,236,60,55,115,1,,,,,,,,115,,,,
2026-08-08,HFD,88,22,21,43,1,,,,,,,,43,,,,
2026-08-09,HFD,305,12,12,24,1,,,,,,,,24,,,,
2026-08-10,HFD,263,68,69,137,0,,,,,,,,137,,,,
2026-08-11,HFD,248,47,33,80,5,,,,,,,,80,,,,
2026-08-12,HFD,368,59,54,113,2,,,,,,,,113,,,,
2026-08-13,HFD,280,87,60,147,3,,,,,,,,147,,,,
2026-08-14,HFD,174,73,57,130,1,,,,,,,,130,,,,
2026-08-15,HFD,140,41,31,72,1,,,,,,,,72,,,,
2026-08-16,HFD,229,24,27,51,1,,,,,,,,51,,,,
2026-08-17,HFD,15,8,6,14,0,,,,,,,,14,,,,
2026-08-18,HFD,230,74,65,139,1,,,,,,,,139,,,,
2026-08-19,HFD,410,71,75,146,3,,,,,,,,146,,,,
2026-08-20,HFD,272,73,51,124,3,,,,,,,,124,,,,
2026-08-21,HFD,83,26,22,48,0,,,,,,,,48,,,,
2026-08-22,HFD,61,27,11,38,0,,,,,,,,38,,,,
2026-08-23,HFD,71,25,21,46,0,,,,,,,,46,,,,
2026-08-24,HFD,317,83,95,178,0,,,,,,,,178,,,,
2026-08-25,HFD,305,100,88,188,0,,,,,,,,188,,,,
2026-08-26,HFD,319,113,106,219,2,,,,,,,,219,,,,
2026-08-27,HFD,71,22,29,51,1,,,,,,,,51,,,,
2026-08-28,HFD,113,23,19,42,0,,,,,,,,42,,,,
2026-08-29,HFD,186,36,35,71,2,,,,,,,,71,,,,
2026-08-30,HFD,333,60,60,120,1,,,,,,,,120,,,,
2026-08-31,HFD,245,45,37,82,0,,,,,,,,82,,,,
2023-02-16,HVN,82,2,2,4,0,,,,,,,,,4,,,
2023-02-17,HVN,42,12,9,21,0,,,,,,,,,21,,,
2023-02-18,HVN,118,10,11,21,0,,,,,,,,,21,,,
2023-02-19,HVN,125,11,9,20,0,,,,,,,,,20,,,
2023-02-20,HVN,51,1,6,7,0,,,,,,,,,7,,,
2023-02-21,HVN,31,7,14,21,0,,,,,,,,,21,,,
2023-02-22,HVN,93,3,5,8,2,,,,,,,,,8,,,
2023-02-23,HVN,36,9,10,19,0,,,,,,,,,19,,,
2023-02-24,HVN,50,18,22,40,2,,,,,,,,,40,,,
2023-02-25,HVN,40,0,0,0,0,,,,,,,,,0,,,
2023-02-26,HVN,40,0,0,0,0,,,,,,,,,0,,,
2023-02-27,HVN,73,0,0,0,0,,,,,,,,,0,,,
2023-02-28,HVN,26,0,0,0,0,,,,,,,,,0,,,
2023-03-01,HVN,87,0,0,0,0,,,,,,,,,0,,,
2023-03-02,HVN,57,0,0,0,0,,,,,,,,,0,,,
2023-03-03,HVN,130,0,0,0,0,,,,,,,,,0,,,
2023-03-04,HVN,32,0,0,0,0,,,,,,,,,0,,,
2023-03-05,HVN,100,0,0,0,0,,,,,,,,,0,,,
2023-03-06,HVN,66,0,0,0,0,,,,,,,,,0,,,
2023-03-07,HVN,61,0,0,0,0,,,,,,,,,0,,,
2023-03-08,HVN,44,0,0,0,0,,,,,,,,,0,,,
2023-03-09,HVN,112,0,0,0,0,,,,,,,,,0,,,
2023-03-10,HVN,130,0,0,0,0,,,,,,,,,0,,,
2023-03-11,HVN,39,0,0,0,0,,,,,,,,,0,,,
2023-03-12,HVN,176,0,0,0,0,,,,,,,,,0,,,
2023-03-13,HVN,31,0,0,0,0,,,,,,,,,0,,,
2023-03-14,HVN,19,0,0,0,0,,,,,,,,,0,,,
2023-03-15,HVN,38,0,0,0,0,,,,,,,,,0,,,
2023-03-16,HVN,116,0,0,0,0,,,,,,,,,0,,,
2023-03-17,HVN,125,0,0,0,0,,,,,,,,,0,,,
2023-03-18,HVN,70,0,0,0,0,,,,,,,,,0,,,
2023-03-19,HVN,43,0,0,0,0,,,,,,,,,0,,,
2023-03-20,HVN,114,0,0,0,0,,,,,,,,,0,,,
2023-03-21,HVN,169,0,0,0,0,,,,,,,,,0,,,
2023-03-22,HVN,185,0,0,0,0,,,,,,,,,0,,,
2023-03-23,HVN,35,0,0,0,0,,,,,,,,,0,,,
2023-03-24,HVN,119,0,0,0,0,,,,,,,,,0,,,
2023-03-25,HVN,26,0,0,0,0,,,,,,,,,0,,,
2023-03-26,HVN,93,0,0,0,0,,,,,,,,,0,,,
2023-03-27,HVN,117,0,0,0,0,,,,,,,,,0,,,
2023-03-28,HVN,60,0,0,0,0,,,,,,,,,0,,,
2023-03-29,HVN,199,0,0,0,0,,,,,,,,,0,,,
2023-03-30,HVN,102,0,0,0,0,,,,,,,,,0,,,
2023-03-31,HVN,116,0,0,0,0,,,,,,,,,0,,,
2023-04-01,HVN,23,0,0,0,0,,,,,,,,,0,,,
2023-04-02,HVN,61,0,0,0,0,,,,,,,,,0,,,
2023-04-03,HVN,74,0,0,0,0,,,,,,,,,0,,,
2023-04-04,HVN,192,0,0,0,0,,,,,,,,,0,,,
2023-04-05,HVN,37,0,0,0,0,,,,,,,,,0,,,
2023-04-06,HVN,89,0,0,0,0,,,,,,,,,0,,,
2023-04-07,HVN,94,1,1,2,0,,,,,,,,,2,,,
2023-04-08,HVN,136,0,0,0,0,,,,,,,,,0,,,
2023-04-09,HVN,66,0,0,0,0,,,,,,,,,0,,,
2023-04-10,HVN,140,0,1,1,0,,,,,,,,,1,,,
2023-04-11,HVN,87,0,0,0,0,,,,,,,,,0,,,
2023-04-12,HVN,100,0,0,0,0,,,,,,,,,0,,,
2023-04-13,HVN,104,1,1,2,0,,,,,,,,,2,,,
2023-04-14,HVN,155,1,0,1,0,,,,,,,,,1,,,
2023-04-15,HVN,45,0,0,0,0,,,,,,,,,0,,,
2023-04-16,HVN,43,0,0,0,0,,,,,,,,,0,,,
2023-04-17,HVN,58,0,0,0,0,,,,,,,,,0,,,
2023-04-18,HVN,81,0,0,0,0,,,,,,,,,0,,,
2023-04-19,HVN,64,0,0,0,0,,,,,,,,,0,,,
2023-04-20,HVN,147,0,0,0,0,,,,,,,,,0,,,
2023-04-21,HVN,113,0,0,0,0,,,,,,,,,0,,,
2023-04-22,HVN,27,0,0,0,0,,,,,,,,,0,,,
2023-04-23,HVN,50,0,0,0,0,,,,,,,,,0,,,
2023-04-24,HVN,111,0,0,0,0,,,,,,,,,0,,,
2023-04-25,HVN,90,1,1,2,0,,,,,,,,,2,,,
2023-04-26,HVN,127,0,0,0,0,,,,,,,,,0,,,
2023-04-27,HVN,75,0,0,0,0,,,,,,,,,0,,,
2023-04-28,HVN,123,0,0,0,0,,,,,,,,,0,,,
2023-04-29,HVN,29,0,0,0,0,,,,,,,,,0,,,
2023-04-30,HVN,21,0,0,0,0,,,,,,,,,0,,,
2023-05-01,HVN,63,0,0,0,0,,,,,,,,,0,,,
2023-05-02,HVN,54,0,0,0,0,,,,,,,,,0,,,
2023-05-03,HVN,66,0,0,0,0,,,,,,,,,0,,,
2023-05-04,HVN,62,0,0,0,0,,,,,,,,,0,,,
2023-05-05,HVN,104,0,0,0,0,,,,,,,,,0,,,
2023-05-06,HVN,145,0,0,0,0,,,,,,,,,0,,,
2023-05-07,HVN,139,0,0,0,0,,,,,,,,,0,,,
2023-05-08,HVN,102,0,0,0,0,,,,,,,,,0,,,
2023-05-09,HVN,104,0,0,0,0,,,,,,,,,0,,,
2023-05-10,HVN,85,0,0,0,0,,,,,,,,,0,,,
2023-05-11,HVN,134,0,0,0,0,,,,,,,,,0,,,
2023-05-12,HVN,114,0,0,0,0,,,,,,,,,0,,,
2023-05-13,HVN,79,0,0,0,0,,,,,,,,,0,,,
2023-05-14,HVN,88,0,0,0,0,,,,,,,,,0,,,
2023-05-15,HVN,123,0,0,0,0,,,,,,,,,0,,,
2023-05-16,HVN,94,0,0,0,0,,,,,,,,,0,,,
2023-05-17,HVN,49,0,0,0,0,,,,,,,,,0,,,
2023-05-18,HVN,175,0,0,0,0,,,,,,,,,0,,,
2023-05-19,HVN,154,0,0,0,0,,,,,,,,,0,,,
2023-05-20,HVN,36,0,0,0,0,,,,,,,,,0,,,
2023-05-21,HVN,164,0,0,0,0,,,,,,,,,0,,,
2023-05-22,HVN,109,0,0,0,0,,,,,,,,,0,,,
2023-05-23,HVN,108,0,0,0,0,,,,,,,,,0,,,
2023-05-24,HVN,95,0,1,1,0,,,,,,,,,1,,,
2023-05-25,HVN,141,0,0,0,0,,,,,,,,,0,,,
2023-05-26,HVN,115,0,0,0,0,,,,,,,,,0,,,
2023-05-27,HVN,166,0,0,0,0,,,,,,,,,0,,,
2023-05-28,HVN,91,0,0,0,0,,,,,,,,,0,,,
2023-05-29,HVN,105,0,0,0,0,,,,,,,,,0,,,
2023-05-30,HVN,88,0,0,0,0,,,,,,,,,0,,,
2023-05-31,HVN,89,0,1,1,0,,,,,,,,,1,,,
2023-06-01,HVN,154,1,1,2,0,,,,,,,,,2,,,
2023-06-02,HVN,81,0,0,0,0,,,,,,,,,0,,,
2023-06-03,HVN,42,0,0,0,0,,,,,,,,,0,,,
2023-06-04,HVN,112,0,0,0,0,,,,,,,,,0,,,
2023-06-05,HVN,154,0,0,0,0,,,,,,,,,0,,,
2023-06-06,HVN,53,0,0,0,0,,,,,,,,,0,,,
2023-06-07,HVN,51,0,0,0,0,,,,,,,,,0,,,
2023-06-08,HVN,39,0,0,0,0,,,,,,,,,0,,,
2023-06-09,HVN,179,0,0,0,0,,,,,,,,,0,,,
2023-06-10,HVN,84,0,0,0,0,,,,,,,,,0,,,
2023-06-11,HVN,157,0,0,0,0,,,,,,,,,0,,,
2023-06-12,HVN,92,0,0,0,0,,,,,,,,,0,,,
2023-06-13,HVN,57,0,0,0,0,,,,,,,,,0,,,
2023-06-14,HVN,66,0,0,0,0,,,,,,,,,0,,,
2023-06-15,HVN,238,0,0,0,0,,,,,,,,,0,,,
2023-06-16,HVN,149,0,0,0,0,,,,,,,,,0,,,
2023-06-17,HVN,34,0,0,0,0,,,,,,,,,0,,,
2023-06-18,HVN,97,0,0,0,0,,,,,,,,,0,,,
2023-06-19,HVN,112,0,0,0,0,,,,,,,,,0,,,
2023-06-20,HVN,83,0,0,0,0,,,,,,,,,0,,,
2023-06-21,HVN,115,0,0,0,0,,,,,,,,,0,,,
2023-06-22,HVN,49,0,0,0,0,,,,,,,,,0,,,
2023-06-23,HVN,51,0,0,0,0,,,,,,,,,0,,,
2023-06-24,HVN,40,0,0,0,0,,,,,,,,,0,,,
2023-06-25,HVN,123,0,0,0,0,,,,,,,,,0,,,
2023-06-26,HVN,46,0,0,0,0,,,,,,,,,0,,,
2023-06-27,HVN,63,0,0,0,0,,,,,,,,,0,,,
2023-06-28,HVN,76,0,0,0,0,,,,,,,,,0,,,
2023-06-29,HVN,131,0,0,0,0,,,,,,,,,0,,,
2023-06-30,HVN,79,0,0,0,0,,,,,,,,,0,,,
2023-07-01,HVN,103,0,1,1,0,,,,,,,,,1,,,
2023-07-02,HVN,47,0,0,0,0,,,,,,,,,0,,,
2023-07-03,HVN,137,0,1,1,0,,,,,,,,,1,,,
2023-07-04,HVN,22,0,0,0,0,,,,,,,,,0,,,
2023-07-05,HVN,124,0,0,0,0,,,,,,,,,0,,,
2023-07-06,HVN,233,0,0,0,0,,,,,,,,,0,,,
2023-07-07,HVN,101,0,0,0,0,,,,,,,,,0,,,
2023-07-08,HVN,97,30,21,51,0,,,,,,,,,51,,,
2023-07-09,HVN,105,39,35,74,0,,,,,,,,,74,,,
2023-07-10,HVN,93,31,39,70,3,,,,,,,,,70,,,
2023-07-11,HVN,149,45,48,93,0,,,,,,,,,93,,,
2023-07-12,HVN,166,44,44,88,0,,,,,,,,,88,,,
2023-07-13,HVN,216,52,56,108,3,,,,,,,,,108,,,
2023-07-14,HVN,79,21,24,45,0,,,,,,,,,45,,,
2023-07-15,HVN,103,34,32,66,0,,,,,,,,,66,,,
2023-07-16,HVN,38,19,17,36,0,,,,,,,,,36,,,
2023-07-17,HVN,153,52,58,110,0,,,,,,,,,110,,,
2023-07-18,HVN,40,15,15,30,2,,,,,,,,,30,,,
2023-07-19,HVN,151,33,33,66,0,,,,,,,,,66,,,
2023-07-20,HVN,228,53,53,106,0,,,,,,,,,106,,,
2023-07-21,HVN,87,39,38,77,0,,,,,,,,,77,,,
2023-07-22,HVN,138,36,45,81,0,,,,,,,,,81,,,
2023-07-23,HVN,101,45,46,91,2,,,,,,,,,91,,,
2023-07-24,HVN,97,33,33,66,1,,,,,,,,,66,,,
2023-07-25,HVN,120,37,38,75,0,,,,,,,,,75,,,
2023-07-26,HVN,180,47,48,95,2,,,,,,,,,95,,,
2023-07-27,HVN,81,26,31,57,2,,,,,,,,,57,,,
2023-07-28,HVN,152,48,49,97,0,,,,,,,,,97,,,
2023-07-29,HVN,105,39,34,73,0,,,,,,,,,73,,,
2023-07-30,HVN,125,50,61,111,2,,,,,,,,,111,,,
2023-07-31,HVN,152,62,62,124,0,,,,,,,,,124,,,
2023-08-01,HVN,156,42,47,89,2,,,,,,,,,89,,,
2023-08-02,HVN,146,61,61,122,0,,,,,,,,,122,,,
2023-08-03,HVN,130,48,47,95,1,,,,,,,,,95,,,
2023-08-04,HVN,76,26,29,55,2,,,,,,,,,55,,,
2023-08-05,HVN,91,35,37,72,3,,,,,,,,,72,,,
2023-08-06,HVN,134,46,47,93,0,,,,,,,,,93,,,
2023-08-07,HVN,55,22,27,49,3,,,,,,,,,49,,,
2023-08-08,HVN,44,8,8,16,0,,,,,,,,,16,,,
2023-08-09,HVN,65,28,28,56,0,,,,,,,,,56,,,
2023-08-10,HVN,114,38,43,81,0,,,,,,,,,81,,,
2023-08-11,HVN,168,56,58,114,1,,,,,,,,,114,,,
2023-08-12,HVN,102,42,42,84,0,,,,,,,,,84,,,
2023-08-13,HVN,148,54,56,110,0,,,,,,,,,110,,,
2023-08-14,HVN,102,38,43,81,0,,,,,,,,,81,,,
2023-08-15,HVN,42,19,18,37,0,,,,,,,,,37,,,
2023-08-16,HVN,101,33,36,69,0,,,,,,,,,69,,,
2023-08-17,HVN,67,29,32,61,0,,,,,,,,,61,,,
2023-08-18,HVN,92,30,32,62,2,,,,,,,,,62,,,
2023-08-19,HVN,76,31,30,61,0,,,,,,,,,61,,,
2023-08-20,HVN,175,53,50,103,0,,,,,,,,,103,,,
2023-08-21,HVN,140,35,41,76,2,,,,,,,,,76,,,
2023-08-22,HVN,74,32,29,61,0,,,,,,,,,61,,,
2023-08-23,HVN,100,28,30,58,2,,,,,,,,,58,,,
2023-08-24,HVN,84,33,35,68,0,,,,,,,,,68,,,
2023-08-25,HVN,53,25,30,55,0,,,,,,,,,55,,,
2023-08-26,HVN,73,27,28,55,2,,,,,,,,,55,,,
2023-08-27,HVN,127,51,54,105,4,,,,,,,,,105,,,
2023-08-28,HVN,124,24,30,54,0,,,,,,,,,54,,,
2023-08-29,HVN,25,12,13,25,1,,,,,,,,,25,,,
2023-08-30,HVN,79,21,21,42,0,,,,,,,,,42,,,
2023-08-31,HVN,80,29,30,59,2,,,,,,,,,59,,,
2023-09-01,HVN,95,34,39,73,0,,,,,,,,,73,,,
2023-09-02,HVN,134,47,49,96,0,,,,,,,,,96,,,
2023-09-03,HVN,88,34,35,69,1,,,,,,,,,69,,,
2023-09-04,HVN,119,39,38,77,0,,,,,,,,,77,,,
2023-09-05,HVN,129,48,39,87,1,,,,,,,,,87,,,
2023-09-06,HVN,126,32,36,68,1,,,,,,,,,68,,,
2023-09-07,HVN,114,39,46,85,2,,,,,,,,,85,,,
2023-09-08,HVN,43,19,23,42,0,,,,,,,,,42,,,
2023-09-09,HVN,34,16,17,33,1,,,,,,,,,33,,,
2023-09-10,HVN,47,17,19,36,0,,,,,,,,,36,,,
2023-09-11,HVN,68,22,23,45,0,,,,,,,,,45,,,
2023-09-12,HVN,169,37,41,78,0,,,,,,,,,78,,,
2023-09-13,HVN,33,16,17,33,0,,,,,,,,,33,,,
2023-09-14,HVN,157,40,38,78,0,,,,,,,,,78,,,
2023-09-15,HVN,63,26,26,52,0,,,,,,,,,52,,,
2023-09-16,HVN,31,11,12,23,0,,,,,,,,,23,,,
2023-09-17,HVN,154,46,50,96,2,,,,,,,,,96,,,
2023-09-18,HVN,34,17,17,34,0,,,,,,,,,34,,,
2023-09-19,HVN,179,42,43,85,2,,,,,,,,,85,,,
2023-09-20,HVN,90,37,40,77,4,,,,,,,,,77,,,
2023-09-21,HVN,98,39,38,77,2,,,,,,,,,77,,,
2023-09-22,HVN,167,41,42,83,0,,,,,,,,,83,,,
2023-09-23,HVN,14,7,8,15,0,,,,,,,,,15,,,
2023-09-24,HVN,47,24,24,48,0,,,,,,,,,48,,,
2023-09-25,HVN,37,18,19,37,0,,,,,,,,,37,,,
2023-09-26,HVN,24,12,11,23,0,,,,,,,,,23,,,
2023-09-27,HVN,130,29,34,63,0,,,,,,,,,63,,,
2023-09-28,HVN,180,47,50,97,0,,,,,,,,,97,,,
2023-09-29,HVN,37,19,18,37,0,,,,,,,,,37,,,
2023-09-30,HVN,44,23,21,44,0,,,,,,,,,44,,,
2023-10-01,HVN,103,41,49,90,1,,,,,,,,,90,,,
2023-10-02,HVN,96,26,28,54,0,,,,,,,,,54,,,
2023-10-03,HVN,140,42,46,88,0,,,,,,,,,88,,,
2023-10-04,HVN,165,44,44,88,1,,,,,,,,,88,,,
2023-10-05,HVN,116,27,26,53,1,,,,,,,,,53,,,
2023-10-06,HVN,55,31,28,59,0,,,,,,,,,59,,,
2023-10-07,HVN,32,14,16,30,2,,,,,,,,,30,,,
2023-10-08,HVN,115,40,49,89,0,,,,,,,,,89,,,
2023-10-09,HVN,106,35,35,70,0,,,,,,,,,70,,,
2023-10-10,HVN,128,32,32,64,1,,,,,,,,,64,,,
2023-10-11,HVN,142,50,48,98,0,,,,,,,,,98,,,
2023-10-12,HVN,190,67,69,136,0,,,,,,,,,136,,,
2023-10-13,HVN,163,59,67,126,4,,,,,,,,,126,,,
2023-10-14,HVN,40,21,19,40,0,,,,,,,,,40,,,
2023-10-15,HVN,79,32,30,62,0,,,,,,,,,62,,,
2023-10-16,HVN,88,30,35,65,0,,,,,,,,,65,,,
2023-10-17,HVN,159,44,44,88,0,,,,,,,,,88,,,
2023-10-18,HVN,107,35,37,72,0,,,,,,,,,72,,,
2023-10-19,HVN,133,44,46,90,0,,,,,,,,,90,,,
2023-10-20,HVN,45,26,25,51,0,,,,,,,,,51,,,
2023-10-21,HVN,30,13,15,28,0,,,,,,,,,28,,,
2023-10-22,HVN,69,29,30,59,0,,,,,,,,,59,,,
2023-10-23,HVN,126,60,58,118,0,,,,,,,,,118,,,
2023-10-24,HVN,111,44,48,92,0,,,,,,,,,92,,,
2023-10-25,HVN,108,42,44,86,0,,,,,,,,,86,,,
2023-10-26,HVN,124,58,60,118,0,,,,,,,,,118,,,
2023-10-27,HVN,100,43,43,86,0,,,,,,,,,86,,,
2023-10-28,HVN,58,19,22,41,0,,,,,,,,,41,,,
2023-10-29,HVN,40,19,20,39,0,,,,,,,,,39,,,
2023-10-30,HVN,31,15,16,31,0,,,,,,,,,31,,,
2023-10-31,HVN,98,36,41,77,2,,,,,,,,,77,,,
2023-11-01,HVN,45,20,21,41,1,,,,,,,,,41,,,
2023-11-02,HVN,131,45,46,91,0,,,,,,,,,91,,,
2023-11-03,HVN,109,36,35,71,0,,,,,,,,,71,,,
2023-11-04,HVN,140,56,55,111,0,,,,,,,,,111,,,
2023-11-05,HVN,103,36,41,77,0,,,,,,,,,77,,,
2023-11-06,HVN,108,41,42,83,0,,,,,,,,,83,,,
2023-11-07,HVN,60,20,20,40,0,,,,,,,,,40,,,
2023-11-08,HVN,95,49,51,100,0,,,,,,,,,100,,,
2023-11-09,HVN,45,22,18,40,2,,,,,,,,,40,,,
2023-11-10,HVN,93,52,53,105,0,,,,,,,,,105,,,
2023-11-11,HVN,50,24,24,48,2,,,,,,,,,48,,,
2023-11-12,HVN,128,53,55,108,0,,,,,,,,,108,,,
2023-11-13,HVN,96,34,36,70,0,,,,,,,,,70,,,
2023-11-14,HVN,65,28,27,55,1,,,,,,,,,55,,,
2023-11-15,HVN,127,51,53,104,0,,,,,,,,,104,,,
2023-11-16,HVN,124,46,50,96,0,,,,,,,,,96,,,
2023-11-17,HVN,130,53,48,101,0,,,,,,,,,101,,,
2023-11-18,HVN,57,26,32,58,0,,,,,,,,,58,,,
2023-11-19,HVN,134,57,65,122,2,,,,,,,,,122,,,
2023-11-20,HVN,119,58,60,118,1,,,,,,,,,118,,,
2023-11-21,HVN,85,43,43,86,2,,,,,,,,,86,,,
2023-11-22,HVN,35,16,21,37,0,,,,,,,,,37,,,
2023-11-23,HVN,24,13,12,25,0,,,,,,,,,25,,,
2023-11-24,HVN,86,39,39,78,0,,,,,,,,,78,,,
2023-11-25,HVN,78,37,39,76,0,,,,,,,,,76,,,
2023-11-26,HVN,85,26,28,54,0,,,,,,,,,54,,,
2023-11-27,HVN,52,17,21,38,0,,,,,,,,,38,,,
2023-11-28,HVN,32,17,16,33,0,,,,,,,,,33,,,
2023-11-29,HVN,69,21,21,42,2,,,,,,,,,42,,,
2023-11-30,HVN,130,39,40,79,0,,,,,,,,,79,,,
2023-12-01,HVN,73,30,32,62,0,,,,,,,,,62,,,
2023-12-02,HVN,29,14,16,30,0,,,,,,,,,30,,,
2023-12-03,HVN,33,16,15,31,0,,,,,,,,,31,,,
2023-12-04,HVN,110,35,37,72,0,,,,,,,,,72,,,
2023-12-05,HVN,104,30,28,58,3,,,,,,,,,58,,,
2023-12-06,HVN,42,16,22,38,1,,,,,,,,,38,,,
2023-12-07,HVN,111,25,26,51,0,,,,,,,,,51,,,
2023-12-08,HVN,102,35,35,70,0,,,,,,,,,70,,,
2023-12-09,HVN,75,38,38,76,0,,,,,,,,,76,,,
2023-12-10,HVN,24,11,13,24,0,,,,,,,,,24,,,
2023-12-11,HVN,33,14,17,31,0,,,,,,,,,31,,,
2023-12-12,HVN,98,40,40,80,3,,,,,,,,,80,,,
2023-12-13,HVN,86,34,32,66,0,,,,,,,,,66,,,
2023-12-14,HVN,94,29,33,62,4,,,,,,,,,62,,,
2023-12-15,HVN,147,59,64,123,0,,,,,,,,,123,,,
2023-12-16,HVN,118,50,52,102,0,,,,,,,,,102,,,
2023-12-17,HVN,31,17,17,34,0,,,,,,,,,34,,,
2023-12-18,HVN,34,14,17,31,0,,,,,,,,,31,,,
2023-12-19,HVN,53,25,26,51,2,,,,,,,,,51,,,
2023-12-20,HVN,129,33,37,70,1,,,,,,,,,70,,,
2023-12-21,HVN,70,29,30,59,0,,,,,,,,,59,,,
2023-12-22,HVN,128,52,54,106,1,,,,,,,,,106,,,
2023-12-23,HVN,69,29,31,60,2,,,,,,,,,60,,,
2023-12-24,HVN,31,16,17,33,0,,,,,,,,,33,,,
2023-12-25,HVN,37,15,20,35,0,,,,,,,,,35,,,
2023-12-26,HVN,21,9,12,21,0,,,,,,,,,21,,,
2023-12-27,HVN,41,22,18,40,0,,,,,,,,,40,,,
2023-12-28,HVN,27,12,15,27,0,,,,,,,,,27,,,
2023-12-29,HVN,38,19,20,39,0,,,,,,,,,39,,,
2023-12-30,HVN,85,37,41,78,0,,,,,,,,,78,,,
2023-12-31,HVN,102,32,32,64,0,,,,,,,,,64,,,
2024-01-01,HVN,72,25,27,52,0,,,,,,,,,52,,,
2024-01-02,HVN,65,27,31,58,2,,,,,,,,,58,,,
2024-01-03,HVN,67,24,28,52,0,,,,,,,,,52,,,
2024-01-04,HVN,54,26,27,53,0,,,,,,,,,53,,,
2024-01-05,HVN,109,29,28,57,0,,,,,,,,,57,,,
2024-01-06,HVN,73,23,28,51,0,,,,,,,,,51,,,
2024-01-07,HVN,22,12,10,22,0,,,,,,,,,22,,,
2024-01-08,HVN,55,20,22,42,1,,,,,,,,,42,,,
2024-01-09,HVN,60,8,14,22,0,,,,,,,,,22,,,
2024-01-10,HVN,22,13,9,22,0,,,,,,,,,22,,,
2024-01-11,HVN,89,29,31,60,0,,,,,,,,,60,,,
2024-01-12,HVN,102,28,31,59,0,,,,,,,,,59,,,
2024-01-13,HVN,19,9,10,19,0,,,,,,,,,19,,,
2024-01-14,HVN,26,12,14,26,0,,,,,,,,,26,,,
2024-01-15,HVN,132,40,37,77,0,,,,,,,,,77,,,
2024-01-16,HVN,13,6,7,13,0,,,,,,,,,13,,,
2024-01-17,HVN,69,39,40,79,0,,,,,,,,,79,,,
2024-01-18,HVN,175,40,42,82,0,,,,,,,,,82,,,
2024-01-19,HVN,21,9,9,18,2,,,,,,,,,18,,,
2024-01-20,HVN,37,15,18,33,0,,,,,,,,,33,,,
2024-01-21,HVN,69,30,29,59,0,,,,,,,,,59,,,
2024-01-22,HVN,127,60,61,121,0,,,,,,,,,121,,,
2024-01-23,HVN,95,35,36,71,2,,,,,,,,,71,,,
2024-01-24,HVN,20,10,14,24,0,,,,,,,,,24,,,
2024-01-25,HVN,36,19,18,37,0,,,,,,,,,37,,,
2024-01-26,HVN,26,13,13,26,0,,,,,,,,,26,,,
2024-01-27,HVN,49,18,20,38,0,,,,,,,,,38,,,
2024-01-28,HVN,31,15,16,31,0,,,,,,,,,31,,,
2024-01-29,HVN,49,14,16,30,0,,,,,,,,,30,,,
2024-01-30,HVN,110,45,44,89,1,,,,,,,,,89,,,
2024-01-31,HVN,153,41,44,85,0,,,,,,,,,85,,,
2024-02-01,HVN,100,46,46,92,0,,,,,,,,,92,,,
2024-02-02,HVN,61,32,32,64,0,,,,,,,,,64,,,
2024-02-03,HVN,212,66,68,134,0,,,,,,,,,134,,,
2024-02-04,HVN,143,59,59,118,0,,,,,,,,,118,,,
2024-02-05,HVN,119,50,51,101,0,,,,,,,,,101,,,
2024-02-06,HVN,106,42,40,82,2,,,,,,,,,82,,,
2024-02-07,HVN,160,59,64,123,2,,,,,,,,,123,,,
2024-02-08,HVN,160,48,50,98,0,,,,,,,,,98,,,
2024-02-09,HVN,126,56,59,115,0,,,,,,,,,115,,,
2024-02-10,HVN,131,59,60,119,0,,,,,,,,,119,,,
2024-02-11,HVN,116,22,31,53,0,,,,,,,,,53,,,
2024-02-12,HVN,110,40,43,83,0,,,,,,,,,83,,,
2024-02-13,HVN,7,4,3,7,0,,,,,,,,,7,,,
2024-02-14,HVN,44,23,22,45,0,,,,,,,,,45,,,
2024-02-15,HVN,129,57,59,116,0,,,,,,,,,116,,,
2024-02-16,HVN,32,16,16,32,0,,,,,,,,,32,,,
2024-02-17,HVN,30,14,16,30,0,,,,,,,,,30,,,
2024-02-18,HVN,41,15,21,36,0,,,,,,,,,36,,,
2024-02-19,HVN,147,60,62,122,0,,,,,,,,,122,,,
2024-02-20,HVN,114,32,34,66,2,,,,,,,,,66,,,
2024-02-21,HVN,167,48,51,99,0,,,,,,,,,99,,,
2024-02-22,HVN,144,31,35,66,2,,,,,,,,,66,,,
2024-02-23,HVN,38,19,20,39,2,,,,,,,,,39,,,
2024-02-24,HVN,84,26,29,55,0,,,,,,,,,55,,,
2024-02-25,HVN,156,75,73,148,0,,,,,,,,,148,,,
2024-02-26,HVN,52,23,20,43,2,,,,,,,,,43,,,
2024-02-27,HVN,43,17,23,40,2,,,,,,,,,40,,,
2024-02-28,HVN,31,16,17,33,0,,,,,,,,,33,,,
2024-02-29,HVN,47,20,19,39,2,,,,,,,,,39,,,
2024-03-01,HVN,178,65,65,130,2,,,,,,,,,130,,,
2024-03-02,HVN,30,16,13,29,0,,,,,,,,,29,,,
2024-03-03,HVN,103,42,44,86,0,,,,,,,,,86,,,
2024-03-04,HVN,102,32,30,62,0,,,,,,,,,62,,,
2024-03-05,HVN,19,7,10,17,0,,,,,,,,,17,,,
2024-03-06,HVN,35,18,19,37,0,,,,,,,,,37,,,
2024-03-07,HVN,64,23,24,47,1,,,,,,,,,47,,,
2024-03-08,HVN,121,44,47,91,0,,,,,,,,,91,,,
2024-03-09,HVN,41,11,18,29,0,,,,,,,,,29,,,
2024-03-10,HVN,42,21,23,44,0,,,,,,,,,44,,,
2024-03-11,HVN,31,12,17,29,0,,,,,,,,,29,,,
2024-03-12,HVN,103,20,23,43,0,,,,,,,,,43,,,
2024-03-13,HVN,135,47,48,95,2,,,,,,,,,95,,,
2024-03-14,HVN,168,47,50,97,0,,,,,,,,,97,,,
2024-03-15,HVN,133,50,53,103,0,,,,,,,,,103,,,
2024-03-16,HVN,104,43,45,88,0,,,,,,,,,88,,,
2024-03-17,HVN,48,21,24,45,2,,,,,,,,,45,,,
2024-03-18,HVN,107,37,40,77,0,,,,,,,,,77,,,
2024-03-19,HVN,62,29,30,59,0,,,,,,,,,59,,,
2024-03-20,HVN,119,44,45,89,0,,,,,,,,,89,,,
2024-03-21,HVN,33,13,18,31,0,,,,,,,,,31,,,
2024-03-22,HVN,207,9,9,18,0,,,,,,,,,18,,,
2024-03-23,HVN,31,13,18,31,0,,,,,,,,,31,,,
2024-03-24,HVN,126,55,56,111,2,,,,,,,,,111,,,
2024-03-25,HVN,166,49,50,99,0,,,,,,,,,99,,,
2024-03-26,HVN,47,14,16,30,0,,,,,,,,,30,,,
2024-03-27,HVN,68,22,24,46,0,,,,,,,,,46,,,
2024-03-28,HVN,44,20,24,44,0,,,,,,,,,44,,,
2024-03-29,HVN,79,24,27,51,1,,,,,,,,,51,,,
2024-03-30,HVN,83,33,36,69,2,,,,,,,,,69,,,
2024-03-31,HVN,110,37,39,76,0,,,,,,,,,76,,,
2024-04-01,HVN,211,71,71,142,0,,,,,,,,,142,,,
2024-04-02,HVN,49,22,24,46,0,,,,,,,,,46,,,
2024-04-03,HVN,20,8,10,18,0,,,,,,,,,18,,,
2024-04-04,HVN,59,23,27,50,4,,,,,,,,,50,,,
2024-04-05,HVN,77,28,34,62,0,,,,,,,,,62,,,
2024-04-06,HVN,73,29,32,61,0,,,,,,,,,61,,,
2024-04-07,HVN,87,40,45,85,0,,,,,,,,,85,,,
2024-04-08,HVN,120,41,44,85,2,,,,,,,,,85,,,
2024-04-09,HVN,124,45,44,89,2,,,,,,,,,89,,,
2024-04-10,HVN,84,34,32,66,0,,,,,,,,,66,,,
2024-04-11,HVN,40,21,24,45,0,,,,,,,,,45,,,
2024-04-12,HVN,61,32,31,63,0,,,,,,,,,63,,,
2024-04-13,HVN,44,20,23,43,0,,,,,,,,,43,,,
2024-04-14,HVN,189,67,70,137,4,,,,,,,,,137,,,
2024-04-15,HVN,115,39,44,83,0,,,,,,,,,83,,,
2024-04-16,HVN,122,44,44,88,2,,,,,,,,,88,,,
2024-04-17,HVN,88,37,37,74,0,,,,,,,,,74,,,
2024-04-18,HVN,41,20,22,42,0,,,,,,,,,42,,,
2024-04-19,HVN,136,43,50,93,0,,,,,,,,,93,,,
2024-04-20,HVN,65,29,29,58,0,,,,,,,,,58,,,
2024-04-21,HVN,196,59,60,119,0,,,,,,,,,119,,,
2024-04-22,HVN,151,52,59,111,2,,,,,,,,,111,,,
2024-04-23,HVN,145,51,52,103,0,,,,,,,,,103,,,
2024-04-24,HVN,64,23,19,42,0,,,,,,,,,42,,,
2024-04-25,HVN,105,43,50,93,0,,,,,,,,,93,,,
2024-04-26,HVN,155,59,59,118,4,,,,,,,,,118,,,
2024-04-27,HVN,145,60,62,122,0,,,,,,,,,122,,,
2024-04-28,HVN,53,21,24,45,0,,,,,,,,,45,,,
2024-04-29,HVN,140,54,59,113,2,,,,,,,,,113,,,
2024-04-30,HVN,19,8,15,23,0,,,,,,,,,23,,,
2024-05-01,HVN,106,51,49,100,2,,,,,,,,,100,,,
2024-05-02,HVN,91,32,38,70,0,,,,,,,,,70,,,
2024-05-03,HVN,169,68,69,137,2,,,,,,,,,137,,,
2024-05-04,HVN,149,47,49,96,0,,,,,,,,,96,,,
2024-05-05,HVN,42,23,18,41,0,,,,,,,,,41,,,
2024-05-06,HVN,45,21,25,46,0,,,,,,,,,46,,,
2024-05-07,HVN,180,61,61,122,1,,,,,,,,,122,,,
2024-05-08,HVN,62,15,17,32,0,,,,,,,,,32,,,
2024-05-09,HVN,121,54,56,110,0,,,,,,,,,110,,,
2024-05-10,HVN,45,24,24,48,0,,,,,,,,,48,,,
2024-05-11,HVN,144,52,56,108,0,,,,,,,,,108,,,
2024-05-12,HVN,86,38,37,75,0,,,,,,,,,75,,,
2024-05-13,HVN,127,43,44,87,0,,,,,,,,,87,,,
2024-05-14,HVN,161,52,57,109,0,,,,,,,,,109,,,
2024-05-15,HVN,42,19,20,39,0,,,,,,,,,39,,,
2024-05-16,HVN,39,18,20,38,0,,,,,,,,,38,,,
2024-05-17,HVN,123,46,46,92,0,,,,,,,,,92,,,
2024-05-18,HVN,80,36,38,74,0,,,,,,,,,74,,,
2024-05-19,HVN,115,53,50,103,0,,,,,,,,,103,,,
2024-05-20,HVN,105,40,43,83,1,,,,,,,,,83,,,
2024-05-21,HVN,89,34,39,73,0,,,,,,,,,73,,,
2024-05-22,HVN,183,63,66,129,0,,,,,,,,,129,,,
2024-05-23,HVN,86,29,35,64,0,,,,,,,,,64,,,
2024-05-24,HVN,140,60,55,115,0,,,,,,,,,115,,,
2024-05-25,HVN,151,59,64,123,0,,,,,,,,,123,,,
2024-05-26,HVN,116,45,45,90,0,,,,,,,,,90,,,
2024-05-27,HVN,34,17,18,35,0,,,,,,,,,35,,,
2024-05-28,HVN,72,28,22,50,0,,,,,,,,,50,,,
2024-05-29,HVN,114,53,58,111,0,,,,,,,,,111,,,
2024-05-30,HVN,107,51,57,108,0,,,,,,,,,108,,,
2024-05-31,HVN,120,69,73,142,8,,,,,,,,,142,,,
2024-06-01,HVN,91,40,43,83,0,,,,,,,,,83,,,
2024-06-02,HVN,92,41,44,85,0,,,,,,,,,85,,,
2024-06-03,HVN,96,37,36,73,0,,,,,,,,,73,,,
2024-06-04,HVN,51,21,20,41,0,,,,,,,,,41,,,
2024-06-05,HVN,50,18,21,39,0,,,,,,,,,39,,,
2024-06-06,HVN,47,23,26,49,0,,,,,,,,,49,,,
2024-06-07,HVN,131,44,51,95,2,,,,,,,,,95,,,
2024-06-08,HVN,84,30,32,62,2,,,,,,,,,62,,,
2024-06-09,HVN,81,31,33,64,0,,,,,,,,,64,,,
2024-06-10,HVN,147,51,52,103,0,,,,,,,,,103,,,
2024-06-11,HVN,122,42,46,88,0,,,,,,,,,88,,,
2024-06-12,HVN,113,38,36,74,2,,,,,,,,,74,,,
2024-06-13,HVN,148,56,58,114,0,,,,,,,,,114,,,
2024-06-14,HVN,102,50,52,102,0,,,,,,,,,102,,,
2024-06-15,HVN,123,48,49,97,2,,,,,,,,,97,,,
2024-06-16,HVN,133,51,56,107,0,,,,,,,,,107,,,
2024-06-17,HVN,163,55,62,117,4,,,,,,,,,117,,,
2024-06-18,HVN,100,39,37,76,0,,,,,,,,,76,,,
2024-06-19,HVN,111,45,49,94,0,,,,,,,,,94,,,
2024-06-20,HVN,150,58,58,116,0,,,,,,,,,116,,,
2024-06-21,HVN,94,43,48,91,0,,,,,,,,,91,,,
2024-06-22,HVN,79,34,39,73,0,,,,,,,,,73,,,
2024-06-23,HVN,93,41,37,78,2,,,,,,,,,78,,,
2024-06-24,HVN,85,33,39,72,2,,,,,,,,,72,,,
2024-06-25,HVN,101,51,47,98,2,,,,,,,,,98,,,
2024-06-26,HVN,131,66,70,136,0,,,,,,,,,136,,,
2024-06-27,HVN,183,66,68,134,0,,,,,,,,,134,,,
2024-06-28,HVN,138,64,75,139,2,,,,,,,,,139,,,
2024-06-29,HVN,77,31,35,66,0,,,,,,,,,66,,,
2024-06-30,HVN,48,25,25,50,0,,,,,,,,,50,,,
2024-07-01,HVN,119,58,60,118,0,,,,,,,,,118,,,
2024-07-02,HVN,149,55,57,112,0,,,,,,,,,112,,,
2024-07-03,HVN,135,54,56,110,0,,,,,,,,,110,,,
2024-07-04,HVN,107,37,40,77,0,,,,,,,,,77,,,
2024-07-05,HVN,91,40,42,82,0,,,,,,,,,82,,,
2024-07-06,HVN,43,19,19,38,0,,,,,,,,,38,,,
2024-07-07,HVN,112,48,47,95,0,,,,,,,,,95,,,
2024-07-08,HVN,192,62,70,132,0,,,,,,,,,132,,,
2024-07-09,HVN,77,25,30,55,0,,,,,,,,,55,,,
2024-07-10,HVN,58,29,28,57,0,,,,,,,,,57,,,
2024-07-11,HVN,124,54,57,111,0,,,,,,,,,111,,,
2024-07-12,HVN,71,28,31,59,0,,,,,,,,,59,,,
2024-07-13,HVN,70,34,33,67,2,,,,,,,,,67,,,
2024-07-14,HVN,139,59,62,121,1,,,,,,,,,121,,,
2024-07-15,HVN,149,48,55,103,1,,,,,,,,,103,,,
2024-07-16,HVN,147,55,55,110,1,,,,,,,,,110,,,
2024-07-17,HVN,104,39,41,80,0,,,,,,,,,80,,,
2024-07-18,HVN,121,62,65,127,2,,,,,,,,,127,,,
2024-07-19,HVN,163,72,78,150,0,,,,,,,,,150,,,
2024-07-20,HVN,126,44,41,85,0,,,,,,,,,85,,,
2024-07-21,HVN,133,55,62,117,2,,,,,,,,,117,,,
2024-07-22,HVN,99,40,45,85,0,,,,,,,,,85,,,
2024-07-23,HVN,27,16,14,30,0,,,,,,,,,30,,,
2024-07-24,HVN,44,24,28,52,0,,,,,,,,,52,,,
2024-07-25,HVN,105,51,49,100,0,,,,,,,,,100,,,
2024-07-27,HVN,102,50,46,96,0,,,,,,,,,96,,,
2024-07-28,HVN,182,73,77,150,4,,,,,,,,,150,,,
2024-07-29,HVN,62,25,28,53,2,,,,,,,,,53,,,
2024-07-30,HVN,156,54,52,106,0,,,,,,,,,106,,,
2024-07-31,HVN,96,47,47,94,0,,,,,,,,,94,,,
2024-08-01,HVN,145,63,68,131,0,,,,,,,,,131,,,
2024-08-02,HVN,144,55,59,114,0,,,,,,,,,114,,,
2024-08-03,HVN,83,32,40,72,0,,,,,,,,,72,,,
2024-08-04,HVN,54,27,27,54,0,,,,,,,,,54,,,
2024-08-05,HVN,222,81,86,167,0,,,,,,,,,167,,,
2024-08-06,HVN,92,21,27,48,0,,,,,,,,,48,,,
2024-08-07,HVN,39,18,19,37,0,,,,,,,,,37,,,
2024-08-08,HVN,69,29,32,61,3,,,,,,,,,61,,,
2024-08-09,HVN,48,23,26,49,0,,,,,,,,,49,,,
2024-08-10,HVN,98,36,39,75,2,,,,,,,,,75,,,
2024-08-11,HVN,150,55,61,116,0,,,,,,,,,116,,,
2024-08-12,HVN,178,68,71,139,2,,,,,,,,,139,,,
2024-08-13,HVN,100,46,44,90,0,,,,,,,,,90,,,
2024-08-14,HVN,199,96,94,190,1,,,,,,,,,190,,,
2024-08-15,HVN,137,48,53,101,0,,,,,,,,,101,,,
2024-08-16,HVN,160,67,68,135,0,,,,,,,,,135,,,
2024-08-17,HVN,73,30,25,55,0,,,,,,,,,55,,,
2024-08-18,HVN,63,27,34,61,0,,,,,,,,,61,,,
2024-08-19,HVN,89,36,39,75,0,,,,,,,,,75,,,
2024-08-20,HVN,109,47,49,96,2,,,,,,,,,96,,,
2024-08-21,HVN,156,62,60,122,0,,,,,,,,,122,,,
2024-08-22,HVN,145,60,59,119,1,,,,,,,,,119,,,
2024-08-23,HVN,209,82,82,164,0,,,,,,,,,164,,,
2024-08-24,HVN,172,72,75,147,1,,,,,,,,,147,,,
2024-08-25,HVN,124,46,50,96,4,,,,,,,,,96,,,
2024-08-26,HVN,136,43,51,94,1,,,,,,,,,94,,,
2024-08-27,HVN,160,55,51,106,1,,,,,,,,,106,,,
2024-08-28,HVN,121,58,62,120,0,,,,,,,,,120,,,
2024-08-29,HVN,99,39,45,84,0,,,,,,,,,84,,,
2024-08-30,HVN,112,46,48,94,0,,,,,,,,,94,,,
2024-08-31,HVN,123,54,56,110,0,,,,,,,,,110,,,
2024-09-01,HVN,72,29,32,61,0,,,,,,,,,61,,,
2024-09-02,HVN,166,72,69,141,3,,,,,,,,,141,,,
2024-09-03,HVN,93,46,44,90,0,,,,,,,,,90,,,
2024-09-04,HVN,173,64,69,133,0,,,,,,,,,133,,,
2024-09-05,HVN,124,50,52,102,2,,,,,,,,,102,,,
2024-09-06,HVN,165,71,82,153,0,,,,,,,,,153,,,
2024-09-07,HVN,39,16,16,32,0,,,,,,,,,32,,,
2024-09-08,HVN,100,45,49,94,0,,,,,,,,,94,,,
2024-09-09,HVN,135,54,55,109,0,,,,,,,,,109,,,
2024-09-10,HVN,146,64,63,127,0,,,,,,,,,127,,,
2024-09-11,HVN,105,38,42,80,6,,,,,,,,,80,,,
2024-09-12,HVN,141,49,51,100,0,,,,,,,,,100,,,
2024-09-13,HVN,129,51,51,102,0,,,,,,,,,102,,,
2024-09-14,HVN,82,37,35,72,0,,,,,,,,,72,,,
2024-09-15,HVN,114,32,51,83,0,,,,,,,,,83,,,
2024-09-16,HVN,83,7,5,12,0,,,,,,,,,12,,,
2024-09-17,HVN,98,50,48,98,0,,,,,,,,,98,,,
2024-09-18,HVN,116,43,50,93,1,,,,,,,,,93,,,
2024-09-19,HVN,153,62,63,125,2,,,,,,,,,125,,,
2024-09-20,HVN,81,36,40,76,0,,,,,,,,,76,,,
2024-09-21,HVN,44,22,25,47,2,,,,,,,,,47,,,
2024-09-22,HVN,111,50,46,96,2,,,,,,,,,96,,,
2024-09-23,HVN,149,61,66,127,3,,,,,,,,,127,,,
2024-09-24,HVN,25,11,11,22,0,,,,,,,,,22,,,
2024-09-25,HVN,66,23,22,45,1,,,,,,,,,45,,,
2024-09-26,HVN,67,36,34,70,0,,,,,,,,,70,,,
2024-09-27,HVN,143,64,69,133,0,,,,,,,,,133,,,
2024-09-28,HVN,94,43,43,86,6,,,,,,,,,86,,,
2024-09-29,HVN,84,36,45,81,0,,,,,,,,,81,,,
2024-09-30,HVN,108,47,49,96,0,,,,,,,,,96,,,
2024-10-01,HVN,70,30,29,59,3,,,,,,,,,59,,,
2024-10-02,HVN,102,44,44,88,0,,,,,,,,,88,,,
2024-10-03,HVN,130,55,57,112,2,,,,,,,,,112,,,
2024-10-04,HVN,175,80,77,157,0,,,,,,,,,157,,,
2024-10-05,HVN,117,46,49,95,0,,,,,,,,,95,,,
2024-10-06,HVN,148,55,57,112,1,,,,,,,,,112,,,
2024-10-07,HVN,110,42,43,85,3,,,,,,,,,85,,,
2024-10-08,HVN,111,45,47,92,1,,,,,,,,,92,,,
2024-10-09,HVN,96,37,33,70,3,,,,,,,,,70,,,
2024-10-10,HVN,90,42,44,86,0,,,,,,,,,86,,,
2024-10-11,HVN,155,62,63,125,4,,,,,,,,,125,,,
2024-10-12,HVN,87,36,44,80,2,,,,,,,,,80,,,
2024-10-13,HVN,89,40,39,79,0,,,,,,,,,79,,,
2024-10-14,HVN,64,31,33,64,0,,,,,,,,,64,,,
2024-10-15,HVN,72,34,33,67,0,,,,,,,,,67,,,
2024-10-16,HVN,57,28,26,54,0,,,,,,,,,54,,,
2024-10-17,HVN,177,70,75,145,0,,,,,,,,,145,,,
2024-10-18,HVN,122,51,56,107,6,,,,,,,,,107,,,
2024-10-19,HVN,96,40,38,78,4,,,,,,,,,78,,,
2024-10-20,HVN,143,61,67,128,2,,,,,,,,,128,,,
2024-10-21,HVN,88,38,40,78,0,,,,,,,,,78,,,
2024-10-22,HVN,80,29,29,58,0,,,,,,,,,58,,,
2024-10-23,HVN,109,50,51,101,2,,,,,,,,,101,,,
2024-10-24,HVN,99,48,51,99,0,,,,,,,,,99,,,
2024-10-25,HVN,126,50,52,102,0,,,,,,,,,102,,,
2024-10-26,HVN,53,27,24,51,0,,,,,,,,,51,,,
2024-10-27,HVN,166,66,72,138,0,,,,,,,,,138,,,
2024-10-28,HVN,121,53,53,106,2,,,,,,,,,106,,,
2024-10-29,HVN,38,15,18,33,0,,,,,,,,,33,,,
2024-10-30,HVN,124,47,46,93,2,,,,,,,,,93,,,
2024-10-31,HVN,172,59,63,122,3,,,,,,,,,122,,,
2024-11-01,HVN,51,25,29,54,0,,,,,,,,,54,,,
2024-11-02,HVN,85,39,42,81,0,,,,,,,,,81,,,
2024-11-03,HVN,152,72,72,144,0,,,,,,,,,144,,,
2024-11-04,HVN,128,54,58,112,4,,,,,,,,,112,,,
2024-11-05,HVN,90,36,32,68,4,,,,,,,,,68,,,
2024-11-06,HVN,68,31,26,57,0,,,,,,,,,57,,,
2024-11-07,HVN,85,38,36,74,4,,,,,,,,,74,,,
2024-11-08,HVN,60,28,32,60,0,,,,,,,,,60,,,
2024-11-09,HVN,52,27,24,51,0,,,,,,,,,51,,,
2024-11-10,HVN,97,38,42,80,0,,,,,,,,,80,,,
2024-11-11,HVN,47,30,32,62,2,,,,,,,,,62,,,
2024-11-12,HVN,28,17,8,25,0,,,,,,,,,25,,,
2024-11-13,HVN,121,52,56,108,1,,,,,,,,,108,,,
2024-11-14,HVN,135,61,62,123,0,,,,,,,,,123,,,
2024-11-15,HVN,84,35,44,79,0,,,,,,,,,79,,,
2024-11-16,HVN,51,20,26,46,2,,,,,,,,,46,,,
2024-11-17,HVN,96,51,46,97,0,,,,,,,,,97,,,
2024-11-18,HVN,88,39,41,80,1,,,,,,,,,80,,,
2024-11-19,HVN,116,52,53,105,0,,,,,,,,,105,,,
2024-11-20,HVN,88,40,44,84,0,,,,,,,,,84,,,
2024-11-21,HVN,50,24,26,50,0,,,,,,,,,50,,,
2024-11-22,HVN,42,18,22,40,0,,,,,,,,,40,,,
2024-11-23,HVN,41,20,21,41,0,,,,,,,,,41,,,
2024-11-24,HVN,46,24,23,47,0,,,,,,,,,47,,,
2024-11-25,HVN,143,56,61,117,0,,,,,,,,,117,,,
2024-11-26,HVN,60,28,26,54,0,,,,,,,,,54,,,
2024-11-27,HVN,92,39,41,80,1,,,,,,,,,80,,,
2024-11-28,HVN,40,20,21,41,0,,,,,,,,,41,,,
2024-11-29,HVN,74,31,39,70,0,,,,,,,,,70,,,
2024-11-30,HVN,79,41,38,79,0,,,,,,,,,79,,,
2024-12-01,HVN,103,44,50,94,2,,,,,,,,,94,,,
2024-12-02,HVN,70,32,36,68,0,,,,,,,,,68,,,
2024-12-03,HVN,74,38,35,73,0,,,,,,,,,73,,,
2024-12-04,HVN,83,31,29,60,0,,,,,,,,,60,,,
2024-12-05,HVN,41,19,20,39,0,,,,,,,,,39,,,
2024-12-06,HVN,38,18,18,36,0,,,,,,,,,36,,,
2024-12-07,HVN,103,46,45,91,0,,,,,,,,,91,,,
2024-12-08,HVN,55,26,27,53,0,,,,,,,,,53,,,
2024-12-09,HVN,78,36,37,73,0,,,,,,,,,73,,,
2024-12-10,HVN,19,9,9,18,0,,,,,,,,,18,,,
2024-12-11,HVN,28,12,14,26,0,,,,,,,,,26,,,
2024-12-12,HVN,46,23,21,44,3,,,,,,,,,44,,,
2024-12-13,HVN,102,49,50,99,0,,,,,,,,,99,,,
2024-12-14,HVN,127,59,56,115,3,,,,,,,,,115,,,
2024-12-15,HVN,99,44,45,89,2,,,,,,,,,89,,,
2024-12-16,HVN,47,21,24,45,0,,,,,,,,,45,,,
2024-12-17,HVN,37,17,17,34,0,,,,,,,,,34,,,
2024-12-18,HVN,105,41,44,85,1,,,,,,,,,85,,,
2024-12-19,HVN,78,33,38,71,0,,,,,,,,,71,,,
2024-12-20,HVN,44,20,24,44,0,,,,,,,,,44,,,
2024-12-21,HVN,47,24,26,50,0,,,,,,,,,50,,,
2024-12-22,HVN,75,37,41,78,0,,,,,,,,,78,,,
2024-12-23,HVN,85,36,40,76,2,,,,,,,,,76,,,
2024-12-24,HVN,49,21,19,40,0,,,,,,,,,40,,,
2024-12-25,HVN,44,19,20,39,0,,,,,,,,,39,,,
2024-12-26,HVN,102,51,56,107,0,,,,,,,,,107,,,
2024-12-27,HVN,111,48,54,102,0,,,,,,,,,102,,,
2024-12-28,HVN,47,19,26,45,0,,,,,,,,,45,,,
2024-12-29,HVN,46,24,22,46,0,,,,,,,,,46,,,
2024-12-30,HVN,51,19,28,47,0,,,,,,,,,47,,,
2024-12-31,HVN,88,38,42,80,0,,,,,,,,,80,,,
2025-01-01,HVN,36,19,21,40,0,,,,,,,,,40,,,
2025-01-02,HVN,39,18,24,42,0,,,,,,,,,42,,,
2025-01-03,HVN,70,33,35,68,0,,,,,,,,,68,,,
2025-01-04,HVN,49,22,28,50,0,,,,,,,,,50,,,
2025-01-05,HVN,59,26,30,56,0,,,,,,,,,56,,,
2025-01-06,HVN,46,19,26,45,0,,,,,,,,,45,,,
2025-01-07,HVN,37,17,22,39,0,,,,,,,,,39,,,
2025-01-08,HVN,24,12,13,25,0,,,,,,,,,25,,,
2025-01-10,HVN,64,31,33,64,1,,,,,,,,,64,,,
2025-01-11,HVN,30,14,16,30,0,,,,,,,,,30,,,
2025-01-12,HVN,125,57,60,117,0,,,,,,,,,117,,,
2025-01-13,HVN,72,31,32,63,0,,,,,,,,,63,,,
2025-01-14,HVN,57,28,29,57,0,,,,,,,,,57,,,
2025-01-15,HVN,36,18,18,36,4,,,,,,,,,36,,,
2025-01-16,HVN,169,76,81,157,0,,,,,,,,,157,,,
2025-01-17,HVN,120,54,55,109,0,,,,,,,,,109,,,
2025-01-18,HVN,54,23,24,47,1,,,,,,,,,47,,,
2025-01-19,HVN,61,29,29,58,0,,,,,,,,,58,,,
2025-01-20,HVN,38,18,18,36,0,,,,,,,,,36,,,
2025-01-21,HVN,95,40,42,82,0,,,,,,,,,82,,,
2025-01-22,HVN,61,26,27,53,0,,,,,,,,,53,,,
2025-01-23,HVN,127,44,45,89,6,,,,,,,,,89,,,
2025-01-24,HVN,89,38,41,79,2,,,,,,,,,79,,,
2025-01-25,HVN,103,48,52,100,0,,,,,,,,,100,,,
2025-01-26,HVN,73,35,33,68,0,,,,,,,,,68,,,
2025-01-27,HVN,67,31,36,67,0,,,,,,,,,67,,,
2025-01-28,HVN,21,11,13,24,0,,,,,,,,,24,,,
2025-01-29,HVN,31,15,13,28,0,,,,,,,,,28,,,
2025-01-30,HVN,157,62,66,128,4,,,,,,,,,128,,,
2025-01-31,HVN,19,10,17,27,0,,,,,,,,,27,,,
2025-02-01,HVN,40,23,17,40,0,,,,,,,,,40,,,
2025-02-02,HVN,125,59,66,125,0,,,,,,,,,125,,,
2025-02-03,HVN,64,28,33,61,0,,,,,,,,,61,,,
2025-02-04,HVN,15,8,7,15,0,,,,,,,,,15,,,
2025-02-05,HVN,137,66,66,132,0,,,,,,,,,132,,,
2025-02-06,HVN,41,22,22,44,0,,,,,,,,,44,,,
2025-02-07,HVN,81,34,37,71,0,,,,,,,,,71,,,
2025-02-08,HVN,109,43,50,93,0,,,,,,,,,93,,,
2025-02-09,HVN,41,20,19,39,0,,,,,,,,,39,,,
2025-02-10,HVN,101,43,52,95,0,,,,,,,,,95,,,
2025-02-11,HVN,55,25,25,50,0,,,,,,,,,50,,,
2025-02-12,HVN,45,17,25,42,0,,,,,,,,,42,,,
2025-02-13,HVN,49,22,27,49,0,,,,,,,,,49,,,
2025-02-14,HVN,62,30,32,62,0,,,,,,,,,62,,,
2025-02-15,HVN,41,17,23,40,1,,,,,,,,,40,,,
2025-02-16,HVN,44,23,19,42,0,,,,,,,,,42,,,
2025-02-17,HVN,43,19,23,42,0,,,,,,,,,42,,,
2025-02-18,HVN,24,10,13,23,2,,,,,,,,,23,,,
2025-02-19,HVN,107,48,49,97,0,,,,,,,,,97,,,
2025-02-20,HVN,96,39,41,80,1,,,,,,,,,80,,,
2025-02-21,HVN,63,31,35,66,0,,,,,,,,,66,,,
2025-02-22,HVN,120,53,56,109,2,,,,,,,,,109,,,
2025-02-23,HVN,134,55,62,117,0,,,,,,,,,117,,,
2025-02-24,HVN,121,51,53,104,0,,,,,,,,,104,,,
2025-02-25,HVN,84,29,32,61,0,,,,,,,,,61,,,
2025-02-26,HVN,81,36,39,75,1,,,,,,,,,75,,,
2025-02-27,HVN,67,31,34,65,2,,,,,,,,,65,,,
2025-02-28,HVN,83,44,46,90,0,,,,,,,,,90,,,
2025-03-01,HVN,122,55,62,117,2,,,,,,,,,117,,,
2025-03-02,HVN,68,30,34,64,0,,,,,,,,,64,,,
2025-03-03,HVN,94,39,47,86,0,,,,,,,,,86,,,
2025-03-04,HVN,98,31,30,61,0,,,,,,,,,61,,,
2025-03-05,HVN,38,16,22,38,0,,,,,,,,,38,,,
2025-03-06,HVN,74,31,34,65,0,,,,,,,,,65,,,
2025-03-07,HVN,56,31,31,62,0,,,,,,,,,62,,,
2025-03-08,HVN,45,21,25,46,0,,,,,,,,,46,,,
2025-03-09,HVN,105,43,51,94,2,,,,,,,,,94,,,
2025-03-10,HVN,105,38,44,82,0,,,,,,,,,82,,,
2025-03-11,HVN,108,45,45,90,1,,,,,,,,,90,,,
2025-03-12,HVN,82,38,40,78,1,,,,,,,,,78,,,
2025-03-13,HVN,83,36,40,76,1,,,,,,,,,76,,,
2025-03-14,HVN,152,61,71,132,0,,,,,,,,,132,,,
2025-03-15,HVN,32,13,20,33,0,,,,,,,,,33,,,
2025-03-16,HVN,41,19,22,41,0,,,,,,,,,41,,,
2025-03-17,HVN,51,22,25,47,2,,,,,,,,,47,,,
2025-03-18,HVN,85,35,40,75,0,,,,,,,,,75,,,
2025-03-19,HVN,207,80,83,163,0,,,,,,,,,163,,,
2025-03-20,HVN,47,22,29,51,0,,,,,,,,,51,,,
2025-03-21,HVN,52,23,27,50,2,,,,,,,,,50,,,
2025-03-22,HVN,112,49,48,97,2,,,,,,,,,97,,,
2025-03-23,HVN,101,46,48,94,5,,,,,,,,,94,,,
2025-03-24,HVN,62,25,36,61,0,,,,,,,,,61,,,
2025-03-25,HVN,19,7,6,13,0,,,,,,,,,13,,,
2025-03-26,HVN,114,48,51,99,0,,,,,,,,,99,,,
2025-03-27,HVN,86,35,39,74,4,,,,,,,,,74,,,
2025-03-28,HVN,126,49,59,108,0,,,,,,,,,108,,,
2025-03-29,HVN,59,25,27,52,0,,,,,,,,,52,,,
2025-03-30,HVN,64,28,32,60,0,,,,,,,,,60,,,
2025-03-31,HVN,52,25,27,52,0,,,,,,,,,52,,,
2025-04-01,HVN,56,25,28,53,0,,,,,,,,,53,,,
2025-04-02,HVN,125,36,41,77,2,,,,,,,,,77,,,
2025-04-03,HVN,47,20,24,44,1,,,,,,,,,44,,,
2025-04-04,HVN,127,59,62,121,1,,,,,,,,,121,,,
2025-04-05,HVN,62,27,30,57,0,,,,,,,,,57,,,
2025-04-06,HVN,106,52,56,108,0,,,,,,,,,108,,,
2025-04-07,HVN,61,26,36,62,0,,,,,,,,,62,,,
2025-04-08,HVN,10,5,5,10,0,,,,,,,,,10,,,
2025-04-09,HVN,136,56,57,113,0,,,,,,,,,113,,,
2025-04-10,HVN,123,54,56,110,0,,,,,,,,,110,,,
2025-04-11,HVN,63,31,35,66,2,,,,,,,,,66,,,
2025-04-12,HVN,50,23,27,50,0,,,,,,,,,50,,,
2025-04-13,HVN,72,31,40,71,0,,,,,,,,,71,,,
2025-04-14,HVN,143,55,62,117,0,,,,,,,,,117,,,
2025-04-15,HVN,22,9,12,21,0,,,,,,,,,21,,,
2025-04-16,HVN,50,26,24,50,0,,,,,,,,,50,,,
2025-04-17,HVN,129,50,57,107,0,,,,,,,,,107,,,
2025-04-18,HVN,130,54,59,113,1,,,,,,,,,113,,,
2025-04-19,HVN,118,47,51,98,4,,,,,,,,,98,,,
2025-04-20,HVN,72,32,38,70,0,,,,,,,,,70,,,
2025-04-21,HVN,116,45,49,94,1,,,,,,,,,94,,,
2025-04-22,HVN,79,31,33,64,0,,,,,,,,,64,,,
2025-04-23,HVN,176,79,80,159,0,,,,,,,,,159,,,
2025-04-24,HVN,143,59,63,122,0,,,,,,,,,122,,,
2025-04-25,HVN,143,57,63,120,1,,,,,,,,,120,,,
2025-04-26,HVN,44,22,25,47,0,,,,,,,,,47,,,
2025-04-27,HVN,73,34,41,75,1,,,,,,,,,75,,,
2025-04-28,HVN,146,60,61,121,3,,,,,,,,,121,,,
2025-04-29,HVN,144,61,62,123,0,,,,,,,,,123,,,
2025-04-30,HVN,145,56,56,112,2,,,,,,,,,112,,,
2025-05-01,HVN,153,67,73,140,0,,,,,,,,,140,,,
2025-05-02,HVN,96,43,46,89,2,,,,,,,,,89,,,
2025-05-03,HVN,100,44,48,92,0,,,,,,,,,92,,,
2025-05-04,HVN,69,34,35,69,0,,,,,,,,,69,,,
2025-05-05,HVN,60,32,34,66,0,,,,,,,,,66,,,
2025-05-06,HVN,26,11,15,26,0,,,,,,,,,26,,,
2025-05-07,HVN,133,56,58,114,0,,,,,,,,,114,,,
2025-05-08,HVN,241,83,87,170,0,,,,,,,,,170,,,
2025-05-09,HVN,44,21,24,45,0,,,,,,,,,45,,,
2025-05-10,HVN,77,39,40,79,0,,,,,,,,,79,,,
2025-05-11,HVN,150,60,58,118,0,,,,,,,,,118,,,
2025-05-12,HVN,170,63,67,130,4,,,,,,,,,130,,,
2025-05-13,HVN,101,40,41,81,0,,,,,,,,,81,,,
2025-05-14,HVN,79,24,28,52,0,,,,,,,,,52,,,
2025-05-15,HVN,68,34,40,74,0,,,,,,,,,74,,,
2025-05-16,HVN,64,29,28,57,0,,,,,,,,,57,,,
2025-05-17,HVN,77,34,32,66,0,,,,,,,,,66,,,
2025-05-18,HVN,109,50,51,101,0,,,,,,,,,101,,,
2025-05-19,HVN,98,41,50,91,2,,,,,,,,,91,,,
2025-05-20,HVN,177,70,80,150,0,,,,,,,,,150,,,
2025-05-21,HVN,103,45,40,85,0,,,,,,,,,85,,,
2025-05-22,HVN,59,25,30,55,1,,,,,,,,,55,,,
2025-05-23,HVN,81,39,40,79,4,,,,,,,,,79,,,
2025-05-24,HVN,80,37,36,73,0,,,,,,,,,73,,,
2025-05-25,HVN,160,66,72,138,0,,,,,,,,,138,,,
2025-05-26,HVN,139,48,59,107,0,,,,,,,,,107,,,
2025-05-27,HVN,118,52,53,105,0,,,,,,,,,105,,,
2025-05-28,HVN,153,61,61,122,0,,,,,,,,,122,,,
2025-05-29,HVN,89,36,45,81,2,,,,,,,,,81,,,
2025-05-30,HVN,77,34,37,71,0,,,,,,,,,71,,,
2025-05-31,HVN,64,36,29,65,0,,,,,,,,,65,,,
2025-06-01,HVN,117,46,56,102,2,,,,,,,,,102,,,
2025-06-02,HVN,139,50,59,109,0,,,,,,,,,109,,,
2025-06-03,HVN,169,58,61,119,0,,,,,,,,,119,,,
2025-06-04,HVN,181,76,68,144,1,,,,,,,,,144,,,
2025-06-05,HVN,176,64,69,133,1,,,,,,,,,133,,,
2025-06-06,HVN,204,72,80,152,0,,,,,,,,,152,,,
2025-06-07,HVN,43,21,22,43,0,,,,,,,,,43,,,
2025-06-08,HVN,98,47,50,97,0,,,,,,,,,97,,,
2025-06-09,HVN,65,29,36,65,0,,,,,,,,,65,,,
2025-06-10,HVN,16,10,6,16,0,,,,,,,,,16,,,
2025-06-11,HVN,170,67,67,134,3,,,,,,,,,134,,,
2025-06-12,HVN,141,52,67,119,0,,,,,,,,,119,,,
2025-06-13,HVN,222,92,92,184,0,,,,,,,,,184,,,
2025-06-14,HVN,49,24,24,48,0,,,,,,,,,48,,,
2025-06-15,HVN,97,41,52,93,0,,,,,,,,,93,,,
2025-06-16,HVN,87,43,42,85,2,,,,,,,,,85,,,
2025-06-17,HVN,40,20,20,40,0,,,,,,,,,40,,,
2025-06-18,HVN,51,25,26,51,3,,,,,,,,,51,,,
2025-06-19,HVN,128,54,60,114,0,,,,,,,,,114,,,
2025-06-20,HVN,85,39,37,76,4,,,,,,,,,76,,,
2025-06-22,HVN,80,40,39,79,0,,,,,,,,,79,,,
2025-06-23,HVN,152,55,59,114,0,,,,,,,,,114,,,
2025-06-24,HVN,22,9,9,18,0,,,,,,,,,18,,,
2025-06-25,HVN,124,56,57,113,5,,,,,,,,,113,,,
2025-06-26,HVN,114,52,58,110,0,,,,,,,,,110,,,
2025-06-27,HVN,124,51,53,104,0,,,,,,,,,104,,,
2025-06-28,HVN,72,40,32,72,0,,,,,,,,,72,,,
2025-06-29,HVN,158,70,69,139,0,,,,,,,,,139,,,
2025-06-30,HVN,141,55,56,111,0,,,,,,,,,111,,,
2025-07-01,HVN,63,31,30,61,0,,,,,,,,,61,,,
2025-07-02,HVN,149,71,71,142,0,,,,,,,,,142,,,
2025-07-03,HVN,158,58,61,119,2,,,,,,,,,119,,,
2025-07-04,HVN,88,42,47,89,0,,,,,,,,,89,,,
2025-07-05,HVN,77,36,36,72,0,,,,,,,,,72,,,
2025-07-06,HVN,129,62,65,127,0,,,,,,,,,127,,,
2025-07-07,HVN,75,34,37,71,0,,,,,,,,,71,,,
2025-07-08,HVN,51,28,27,55,0,,,,,,,,,55,,,
2025-07-09,HVN,149,58,64,122,3,,,,,,,,,122,,,
2025-07-10,HVN,117,51,57,108,0,,,,,,,,,108,,,
2025-07-11,HVN,186,78,80,158,1,,,,,,,,,158,,,
2025-07-12,HVN,104,52,49,101,0,,,,,,,,,101,,,
2025-07-13,HVN,96,40,51,91,0,,,,,,,,,91,,,
2025-07-14,HVN,113,31,37,68,0,,,,,,,,,68,,,
2025-07-15,HVN,199,75,76,151,0,,,,,,,,,151,,,
2025-07-16,HVN,149,64,66,130,0,,,,,,,,,130,,,
2025-07-17,HVN,131,49,50,99,3,,,,,,,,,99,,,
2025-07-18,HVN,164,78,84,162,0,,,,,,,,,162,,,
2025-07-19,HVN,104,46,52,98,1,,,,,,,,,98,,,
2025-07-20,HVN,92,44,50,94,1,,,,,,,,,94,,,
2025-07-21,HVN,153,65,73,138,0,,,,,,,,,138,,,
2025-07-22,HVN,158,73,71,144,0,,,,,,,,,144,,,
2025-07-23,HVN,134,64,65,129,0,,,,,,,,,129,,,
2025-07-24,HVN,156,66,70,136,3,,,,,,,,,136,,,
2025-07-25,HVN,99,46,49,95,0,,,,,,,,,95,,,
2025-07-26,HVN,102,40,40,80,0,,,,,,,,,80,,,
2025-07-27,HVN,71,31,35,66,0,,,,,,,,,66,,,
2025-07-28,HVN,164,67,71,138,0,,,,,,,,,138,,,
2025-07-29,HVN,150,67,62,129,0,,,,,,,,,129,,,
2025-07-30,HVN,109,43,47,90,2,,,,,,,,,90,,,
2025-07-31,HVN,99,46,42,88,0,,,,,,,,,88,,,
2025-08-01,HVN,123,55,65,120,3,,,,,,,,,120,,,
2025-08-02,HVN,120,50,57,107,1,,,,,,,,,107,,,
2025-08-03,HVN,174,81,85,166,2,,,,,,,,,166,,,
2025-08-04,HVN,144,58,64,122,0,,,,,,,,,122,,,
2025-08-05,HVN,63,27,26,53,4,,,,,,,,,53,,,
2025-08-06,HVN,66,28,31,59,2,,,,,,,,,59,,,
2025-08-07,HVN,140,57,62,119,2,,,,,,,,,119,,,
2025-08-08,HVN,146,59,61,120,7,,,,,,,,,120,,,
2025-08-09,HVN,121,52,49,101,0,,,,,,,,,101,,,
2025-08-10,HVN,168,71,70,141,2,,,,,,,,,141,,,
2025-08-11,HVN,150,63,71,134,3,,,,,,,,,134,,,
2025-08-12,HVN,144,65,64,129,0,,,,,,,,,129,,,
2025-08-13,HVN,121,56,58,114,0,,,,,,,,,114,,,
2025-08-14,HVN,105,47,54,101,2,,,,,,,,,101,,,
2025-08-15,HVN,161,72,73,145,0,,,,,,,,,145,,,
2025-08-16,HVN,115,53,55,108,0,,,,,,,,,108,,,
2025-08-17,HVN,115,50,52,102,2,,,,,,,,,102,,,
2025-08-18,HVN,83,36,45,81,0,,,,,,,,,81,,,
2025-08-19,HVN,122,58,57,115,2,,,,,,,,,115,,,
2025-08-20,HVN,76,36,38,74,0,,,,,,,,,74,,,
2025-08-21,HVN,75,31,50,81,0,,,,,,,,,81,,,
2025-08-22,HVN,129,59,63,122,0,,,,,,,,,122,,,
2025-08-23,HVN,116,49,50,99,0,,,,,,,,,99,,,
2025-08-24,HVN,129,58,60,118,0,,,,,,,,,118,,,
2025-08-25,HVN,124,49,54,103,5,,,,,,,,,103,,,
2025-08-26,HVN,134,64,67,131,2,,,,,,,,,131,,,
2025-08-27,HVN,117,54,51,105,2,,,,,,,,,105,,,
2025-08-28,HVN,112,49,55,104,0,,,,,,,,,104,,,
2025-08-29,HVN,126,49,47,96,0,,,,,,,,,96,,,
2025-08-30,HVN,122,53,53,106,0,,,,,,,,,106,,,
2025-08-31,HVN,145,60,68,128,1,,,,,,,,,128,,,
2025-09-01,HVN,159,74,78,152,4,,,,,,,,,152,,,
2025-09-02,HVN,112,45,43,88,2,,,,,,,,,88,,,
2025-09-03,HVN,127,41,43,84,9,,,,,,,,,84,,,
2025-09-04,HVN,141,67,71,138,0,,,,,,,,,138,,,
2025-09-05,HVN,123,48,50,98,1,,,,,,,,,98,,,
2025-09-06,HVN,53,24,26,50,0,,,,,,,,,50,,,
2025-09-07,HVN,65,32,33,65,0,,,,,,,,,65,,,
2025-09-08,HVN,121,51,56,107,3,,,,,,,,,107,,,
2025-09-09,HVN,82,41,36,77,2,,,,,,,,,77,,,
2025-09-10,HVN,97,48,49,97,0,,,,,,,,,97,,,
2025-09-11,HVN,162,68,73,141,2,,,,,,,,,141,,,
2025-09-12,HVN,144,61,64,125,0,,,,,,,,,125,,,
2025-09-13,HVN,96,43,47,90,0,,,,,,,,,90,,,
2025-09-14,HVN,148,64,68,132,1,,,,,,,,,132,,,
2025-09-15,HVN,130,60,61,121,0,,,,,,,,,121,,,
2025-09-16,HVN,80,43,42,85,0,,,,,,,,,85,,,
2025-09-18,HVN,117,55,62,117,0,,,,,,,,,117,,,
2025-09-19,HVN,152,71,66,137,0,,,,,,,,,137,,,
2025-09-20,HVN,104,55,49,104,0,,,,,,,,,104,,,
2025-09-21,HVN,169,73,80,153,0,,,,,,,,,153,,,
2025-09-22,HVN,151,71,67,138,0,,,,,,,,,138,,,
2025-09-23,HVN,58,19,20,39,0,,,,,,,,,39,,,
2025-09-24,HVN,44,22,21,43,0,,,,,,,,,43,,,
2025-09-25,HVN,82,43,41,84,0,,,,,,,,,84,,,
2025-09-26,HVN,96,48,53,101,0,,,,,,,,,101,,,
2025-09-27,HVN,74,40,35,75,2,,,,,,,,,75,,,
2025-09-28,HVN,173,79,81,160,0,,,,,,,,,160,,,
2025-09-29,HVN,137,58,61,119,0,,,,,,,,,119,,,
2025-09-30,HVN,56,22,24,46,0,,,,,,,,,46,,,
2025-10-01,HVN,93,49,50,99,0,,,,,,,,,99,,,
2025-10-02,HVN,116,50,51,101,0,,,,,,,,,101,,,
2025-10-03,HVN,149,65,62,127,3,,,,,,,,,127,,,
2025-10-04,HVN,127,58,58,116,3,,,,,,,,,116,,,
2025-10-05,HVN,161,60,70,130,0,,,,,,,,,130,,,
2025-10-06,HVN,107,43,45,88,0,,,,,,,,,88,,,
2025-10-07,HVN,72,27,25,52,2,,,,,,,,,52,,,
2025-10-08,HVN,48,25,25,50,0,,,,,,,,,50,,,
2025-10-09,HVN,136,63,62,125,2,,,,,,,,,125,,,
2025-10-10,HVN,147,67,66,133,3,,,,,,,,,133,,,
2025-10-11,HVN,91,45,45,90,0,,,,,,,,,90,,,
2025-10-12,HVN,60,27,30,57,0,,,,,,,,,57,,,
2025-10-13,HVN,48,23,22,45,0,,,,,,,,,45,,,
2025-10-14,HVN,35,13,16,29,0,,,,,,,,,29,,,
2025-10-15,HVN,55,30,28,58,0,,,,,,,,,58,,,
2025-10-16,HVN,99,48,49,97,0,,,,,,,,,97,,,
2025-10-17,HVN,142,64,68,132,0,,,,,,,,,132,,,
2025-10-18,HVN,108,51,50,101,1,,,,,,,,,101,,,
2025-10-19,HVN,108,48,52,100,2,,,,,,,,,100,,,
2025-10-20,HVN,68,26,32,58,0,,,,,,,,,58,,,
2025-10-21,HVN,102,39,31,70,0,,,,,,,,,70,,,
2025-10-22,HVN,53,24,29,53,0,,,,,,,,,53,,,
2025-10-23,HVN,99,43,45,88,0,,,,,,,,,88,,,
2025-10-24,HVN,144,51,58,109,0,,,,,,,,,109,,,
2025-10-25,HVN,109,43,46,89,0,,,,,,,,,89,,,
2025-10-26,HVN,112,52,52,104,0,,,,,,,,,104,,,
2025-10-27,HVN,138,58,68,126,2,,,,,,,,,126,,,
2025-10-28,HVN,66,29,29,58,3,,,,,,,,,58,,,
2025-10-29,HVN,65,36,30,66,0,,,,,,,,,66,,,
2025-10-30,HVN,58,23,28,51,0,,,,,,,,,51,,,
2025-10-31,HVN,47,24,24,48,0,,,,,,,,,48,,,
2025-11-01,HVN,33,17,17,34,0,,,,,,,,,34,,,
2025-11-02,HVN,159,70,70,140,0,,,,,,,,,140,,,
2025-11-03,HVN,86,35,37,72,0,,,,,,,,,72,,,
2025-11-04,HVN,27,15,15,30,0,,,,,,,,,30,,,
2025-11-05,HVN,79,40,39,79,0,,,,,,,,,79,,,
2025-11-06,HVN,84,45,39,84,0,,,,,,,,,84,,,
2025-11-07,HVN,115,54,57,111,0,,,,,,,,,111,,,
2025-11-08,HVN,67,36,40,76,0,,,,,,,,,76,,,
2025-11-09,HVN,66,30,34,64,0,,,,,,,,,64,,,
2025-11-10,HVN,54,28,26,54,0,,,,,,,,,54,,,
2025-11-11,HVN,21,10,11,21,0,,,,,,,,,21,,,
2025-11-12,HVN,48,23,23,46,2,,,,,,,,,46,,,
2025-11-13,HVN,73,35,39,74,2,,,,,,,,,74,,,
2025-11-14,HVN,154,74,72,146,4,,,,,,,,,146,,,
2025-11-15,HVN,175,77,75,152,2,,,,,,,,,152,,,
2025-11-16,HVN,56,29,27,56,0,,,,,,,,,56,,,
2025-11-17,HVN,68,33,35,68,0,,,,,,,,,68,,,
2025-11-18,HVN,110,60,57,117,5,,,,,,,,,117,,,
2025-11-19,HVN,122,63,56,119,2,,,,,,,,,119,,,
2025-11-20,HVN,92,47,46,93,1,,,,,,,,,93,,,
2025-11-21,HVN,92,47,44,91,0,,,,,,,,,91,,,
2025-11-22,HVN,70,37,36,73,0,,,,,,,,,73,,,
2025-11-23,HVN,110,52,59,111,0,,,,,,,,,111,,,
2025-11-24,HVN,77,36,39,75,0,,,,,,,,,75,,,
2025-11-25,HVN,126,57,58,115,0,,,,,,,,,115,,,
2025-11-26,HVN,51,30,29,59,0,,,,,,,,,59,,,
2025-11-27,HVN,34,19,17,36,0,,,,,,,,,36,,,
2025-11-28,HVN,56,29,27,56,0,,,,,,,,,56,,,
2025-11-29,HVN,106,51,55,106,0,,,,,,,,,106,,,
2025-11-30,HVN,63,28,32,60,0,,,,,,,,,60,,,
2025-12-01,HVN,132,55,56,111,1,,,,,,,,,111,,,
2025-12-02,HVN,47,20,27,47,0,,,,,,,,,47,,,
2025-12-03,HVN,107,53,48,101,0,,,,,,,,,101,,,
2025-12-04,HVN,58,25,30,55,0,,,,,,,,,55,,,
2025-12-05,HVN,139,67,66,133,4,,,,,,,,,133,,,
2025-12-06,HVN,32,13,19,32,0,,,,,,,,,32,,,
2025-12-07,HVN,126,56,57,113,2,,,,,,,,,113,,,
2025-12-08,HVN,88,38,37,75,0,,,,,,,,,75,,,
2025-12-09,HVN,53,19,21,40,0,,,,,,,,,40,,,
2025-12-10,HVN,32,14,16,30,0,,,,,,,,,30,,,
2025-12-11,HVN,54,25,25,50,0,,,,,,,,,50,,,
2025-12-12,HVN,78,36,38,74,1,,,,,,,,,74,,,
2025-12-13,HVN,75,39,39,78,0,,,,,,,,,78,,,
2025-12-14,HVN,35,18,17,35,0,,,,,,,,,35,,,
2025-12-15,HVN,67,36,36,72,0,,,,,,,,,72,,,
2025-12-16,HVN,15,6,8,14,0,,,,,,,,,14,,,
2025-12-17,HVN,106,44,47,91,1,,,,,,,,,91,,,
2025-12-18,HVN,104,48,46,94,0,,,,,,,,,94,,,
2025-12-19,HVN,52,22,28,50,0,,,,,,,,,50,,,
2025-12-20,HVN,75,34,35,69,0,,,,,,,,,69,,,
2025-12-21,HVN,62,29,32,61,0,,,,,,,,,61,,,
2025-12-22,HVN,122,58,58,116,2,,,,,,,,,116,,,
2025-12-23,HVN,50,22,27,49,0,,,,,,,,,49,,,
2025-12-24,HVN,34,19,15,34,0,,,,,,,,,34,,,
2025-12-25,HVN,62,29,34,63,0,,,,,,,,,63,,,
2025-12-26,HVN,61,25,36,61,0,,,,,,,,,61,,,
2025-12-27,HVN,43,24,19,43,0,,,,,,,,,43,,,
2025-12-28,HVN,107,50,51,101,0,,,,,,,,,101,,,
2025-12-29,HVN,34,18,22,40,0,,,,,,,,,40,,,
2025-12-30,HVN,53,24,30,54,0,,,,,,,,,54,,,
2025-12-31,HVN,53,21,22,43,0,,,,,,,,,43,,,
2026-01-01,HVN,43,19,24,43,0,,,,,,,,,43,,,
2026-01-02,HVN,73,32,32,64,0,,,,,,,,,64,,,
2026-01-03,HVN,97,48,49,97,0,,,,,,,,,97,,,
2026-01-04,HVN,99,48,51,99,0,,,,,,,,,99,,,
2026-01-05,HVN,103,47,49,96,1,,,,,,,,,96,,,
2026-01-06,HVN,57,26,30,56,0,,,,,,,,,56,,,
2026-01-07,HVN,39,16,19,35,0,,,,,,,,,35,,,
2026-01-08,HVN,128,49,51,100,1,,,,,,,,,100,,,
2026-01-09,HVN,81,37,37,74,0,,,,,,,,,74,,,
2026-01-10,HVN,53,27,26,53,0,,,,,,,,,53,,,
2026-01-11,HVN,71,37,33,70,0,,,,,,,,,70,,,
2026-01-12,HVN,97,40,45,85,2,,,,,,,,,85,,,
2026-01-13,HVN,87,43,40,83,0,,,,,,,,,83,,,
2026-01-14,HVN,80,38,33,71,3,,,,,,,,,71,,,
2026-01-15,HVN,61,28,28,56,3,,,,,,,,,56,,,
2026-01-16,HVN,55,25,31,56,0,,,,,,,,,56,,,
2026-01-17,HVN,24,14,13,27,0,,,,,,,,,27,,,
2026-01-18,HVN,36,15,18,33,0,,,,,,,,,33,,,
2026-01-19,HVN,68,31,37,68,0,,,,,,,,,68,,,
2026-01-20,HVN,76,28,25,53,2,,,,,,,,,53,,,
2026-01-21,HVN,90,40,43,83,1,,,,,,,,,83,,,
2026-01-22,HVN,102,44,46,90,2,,,,,,,,,90,,,
2026-01-23,HVN,72,24,29,53,0,,,,,,,,,53,,,
2026-01-24,HVN,35,13,19,32,0,,,,,,,,,32,,,
2026-01-25,HVN,0,0,0,0,0,,,,,,,,,0,,,
2026-01-26,HVN,37,19,16,35,0,,,,,,,,,35,,,
2026-01-27,HVN,37,15,15,30,0,,,,,,,,,30,,,
2026-01-28,HVN,60,24,24,48,1,,,,,,,,,48,,,
2026-01-29,HVN,95,26,25,51,0,,,,,,,,,51,,,
2026-01-30,HVN,58,30,31,61,0,,,,,,,,,61,,,
2026-01-31,HVN,91,47,43,90,0,,,,,,,,,90,,,
2026-02-01,HVN,35,16,19,35,0,,,,,,,,,35,,,
2026-02-02,HVN,69,29,33,62,2,,,,,,,,,62,,,
2026-02-03,HVN,79,30,31,61,0,,,,,,,,,61,,,
2026-02-04,HVN,66,33,33,66,0,,,,,,,,,66,,,
2026-02-05,HVN,102,54,54,108,0,,,,,,,,,108,,,
2026-02-06,HVN,69,33,36,69,0,,,,,,,,,69,,,
2026-02-07,HVN,15,7,9,16,0,,,,,,,,,16,,,
2026-02-08,HVN,55,26,27,53,0,,,,,,,,,53,,,
2026-02-09,HVN,53,21,27,48,0,,,,,,,,,48,,,
2026-02-10,HVN,39,26,22,48,0,,,,,,,,,48,,,
2026-02-11,HVN,47,23,21,44,0,,,,,,,,,44,,,
2026-02-12,HVN,76,33,40,73,1,,,,,,,,,73,,,
2026-02-13,HVN,64,31,34,65,0,,,,,,,,,65,,,
2026-02-14,HVN,58,28,30,58,0,,,,,,,,,58,,,
2026-02-15,HVN,107,50,54,104,1,,,,,,,,,104,,,
2026-02-16,HVN,80,39,37,76,0,,,,,,,,,76,,,
2026-02-17,HVN,33,16,15,31,0,,,,,,,,,31,,,
2026-02-18,HVN,41,22,19,41,0,,,,,,,,,41,,,
2026-02-20,HVN,56,27,28,55,0,,,,,,,,,55,,,
2026-02-21,HVN,79,39,39,78,0,,,,,,,,,78,,,
2026-02-22,HVN,19,7,12,19,0,,,,,,,,,19,,,
2026-02-23,HVN,3,2,0,2,0,,,,,,,,,2,,,
2026-02-24,HVN,47,24,21,45,0,,,,,,,,,45,,,
2026-02-25,HVN,42,20,21,41,0,,,,,,,,,41,,,
2026-02-26,HVN,100,48,50,98,0,,,,,,,,,98,,,
2026-02-27,HVN,92,43,46,89,2,,,,,,,,,89,,,
2026-02-28,HVN,113,51,47,98,0,,,,,,,,,98,,,
2026-03-01,HVN,59,28,26,54,0,,,,,,,,,54,,,
2026-03-02,HVN,122,52,55,107,0,,,,,,,,,107,,,
2026-03-03,HVN,44,22,23,45,0,,,,,,,,,45,,,
2026-03-04,HVN,77,30,33,63,1,,,,,,,,,63,,,
2026-03-05,HVN,69,34,36,70,0,,,,,,,,,70,,,
2026-03-06,HVN,49,23,27,50,0,,,,,,,,,50,,,
2026-03-07,HVN,42,18,23,41,0,,,,,,,,,41,,,
2026-03-08,HVN,66,34,35,69,0,,,,,,,,,69,,,
2026-03-09,HVN,108,46,52,98,0,,,,,,,,,98,,,
2026-03-10,HVN,71,38,35,73,0,,,,,,,,,73,,,
2026-03-11,HVN,52,25,26,51,0,,,,,,,,,51,,,
2026-03-12,HVN,49,25,25,50,0,,,,,,,,,50,,,
2026-03-13,HVN,81,36,41,77,0,,,,,,,,,77,,,
2026-03-14,HVN,31,16,17,33,0,,,,,,,,,33,,,
2026-03-15,HVN,90,38,42,80,0,,,,,,,,,80,,,
2026-03-16,HVN,16,5,8,13,0,,,,,,,,,13,,,
2026-03-17,HVN,46,25,22,47,2,,,,,,,,,47,,,
2026-03-18,HVN,86,36,40,76,0,,,,,,,,,76,,,
2026-03-19,HVN,94,48,49,97,0,,,,,,,,,97,,,
2026-03-20,HVN,83,38,40,78,0,,,,,,,,,78,,,
2026-03-21,HVN,91,37,37,74,0,,,,,,,,,74,,,
2026-03-22,HVN,66,31,31,62,0,,,,,,,,,62,,,
2026-03-23,HVN,53,25,27,52,0,,,,,,,,,52,,,
2026-03-24,HVN,66,28,27,55,0,,,,,,,,,55,,,
2026-03-25,HVN,95,41,41,82,0,,,,,,,,,82,,,
2026-03-26,HVN,115,53,53,106,1,,,,,,,,,106,,,
2026-03-27,HVN,70,37,39,76,0,,,,,,,,,76,,,
2026-03-28,HVN,63,32,31,63,0,,,,,,,,,63,,,
2026-03-29,HVN,108,45,46,91,0,,,,,,,,,91,,,
2026-03-30,HVN,76,30,36,66,0,,,,,,,,,66,,,
2026-03-31,HVN,52,26,24,50,0,,,,,,,,,50,,,
2026-04-01,HVN,70,23,19,42,1,,,,,,,,,42,,,
2026-04-02,HVN,64,29,31,60,0,,,,,,,,,60,,,
2026-04-03,HVN,62,29,33,62,0,,,,,,,,,62,,,
2026-04-04,HVN,76,41,39,80,0,,,,,,,,,80,,,
2026-04-05,HVN,62,31,29,60,0,,,,,,,,,60,,,
2026-04-06,HVN,98,49,48,97,0,,,,,,,,,97,,,
2026-04-07,HVN,85,38,38,76,0,,,,,,,,,76,,,
2026-04-08,HVN,112,46,47,93,0,,,,,,,,,93,,,
2026-04-09,HVN,128,47,52,99,0,,,,,,,,,99,,,
2026-04-10,HVN,113,50,53,103,0,,,,,,,,,103,,,
2026-04-11,HVN,65,28,32,60,0,,,,,,,,,60,,,
2026-04-12,HVN,152,66,69,135,2,,,,,,,,,135,,,
2026-04-13,HVN,66,29,30,59,0,,,,,,,,,59,,,
2026-04-14,HVN,98,41,43,84,0,,,,,,,,,84,,,
2026-04-15,HVN,86,37,33,70,2,,,,,,,,,70,,,
2026-04-16,HVN,105,49,48,97,1,,,,,,,,,97,,,
2026-04-17,HVN,94,42,45,87,0,,,,,,,,,87,,,
2026-04-18,HVN,59,29,27,56,0,,,,,,,,,56,,,
2026-04-19,HVN,64,31,31,62,0,,,,,,,,,62,,,
2026-04-20,HVN,90,34,42,76,2,,,,,,,,,76,,,
2026-04-21,HVN,140,59,50,109,0,,,,,,,,,109,,,
2026-04-22,HVN,37,15,14,29,0,,,,,,,,,29,,,
2026-04-23,HVN,74,38,38,76,0,,,,,,,,,76,,,
2026-04-24,HVN,103,45,48,93,0,,,,,,,,,93,,,
2026-04-25,HVN,57,24,29,53,0,,,,,,,,,53,,,
2026-04-26,HVN,94,43,49,92,2,,,,,,,,,92,,,
2026-04-27,HVN,118,45,48,93,0,,,,,,,,,93,,,
2026-04-28,HVN,75,35,31,66,0,,,,,,,,,66,,,
2026-04-29,HVN,99,40,37,77,1,,,,,,,,,77,,,
2026-04-30,HVN,78,34,37,71,2,,,,,,,,,71,,,
2026-05-01,HVN,132,60,58,118,0,,,,,,,,,118,,,
2026-05-02,HVN,71,37,31,68,0,,,,,,,,,68,,,
2026-05-03,HVN,78,28,35,63,0,,,,,,,,,63,,,
2026-05-04,HVN,72,20,27,47,0,,,,,,,,,47,,,
2026-05-07,HVN,125,22,23,45,0,,,,,,,,,45,,,
2026-05-08,HVN,87,41,39,80,0,,,,,,,,,80,,,
2026-05-09,HVN,68,21,22,43,0,,,,,,,,,43,,,
2026-05-10,HVN,76,32,35,67,0,,,,,,,,,67,,,
2026-05-11,HVN,133,67,67,134,0,,,,,,,,,134,,,
2026-05-12,HVN,178,89,83,172,1,,,,,,,,,172,,,
2026-05-13,HVN,81,39,36,75,0,,,,,,,,,75,,,
2026-05-14,HVN,70,30,36,66,2,,,,,,,,,66,,,
2026-05-15,HVN,92,41,42,83,6,,,,,,,,,83,,,
2026-05-16,HVN,58,30,27,57,1,,,,,,,,,57,,,
2026-05-17,HVN,90,44,44,88,0,,,,,,,,,88,,,
2026-05-18,HVN,85,38,45,83,0,,,,,,,,,83,,,
2026-05-19,HVN,90,33,42,75,0,,,,,,,,,75,,,
2026-05-20,HVN,40,23,18,41,3,,,,,,,,,41,,,
2026-05-21,HVN,106,43,47,90,1,,,,,,,,,90,,,
2026-05-22,HVN,150,72,67,139,1,,,,,,,,,139,,,
2026-05-23,HVN,65,34,30,64,0,,,,,,,,,64,,,
2026-05-24,HVN,51,22,28,50,0,,,,,,,,,50,,,
2026-05-25,HVN,83,36,38,74,0,,,,,,,,,74,,,
2026-05-26,HVN,89,35,31,66,1,,,,,,,,,66,,,
2026-05-27,HVN,82,31,32,63,3,,,,,,,,,63,,,
2026-05-28,HVN,120,47,53,100,5,,,,,,,,,100,,,
2026-05-29,HVN,87,40,39,79,0,,,,,,,,,79,,,
2026-05-30,HVN,30,16,14,30,0,,,,,,,,,30,,,
2026-05-31,HVN,132,70,66,136,0,,,,,,,,,136,,,
2026-06-01,HVN,147,58,59,117,0,,,,,,,,,117,,,
2026-06-02,HVN,93,42,36,78,2,,,,,,,,,78,,,
2026-06-03,HVN,84,44,41,85,0,,,,,,,,,85,,,
2026-06-04,HVN,154,71,74,145,0,,,,,,,,,145,,,
2026-06-05,HVN,116,41,42,83,2,,,,,,,,,83,,,
2026-06-06,HVN,63,23,21,44,0,,,,,,,,,44,,,
2026-06-07,HVN,107,44,46,90,0,,,,,,,,,90,,,
2026-06-08,HVN,130,57,56,113,1,,,,,,,,,113,,,
2026-06-09,HVN,106,40,37,77,2,,,,,,,,,77,,,
2026-06-10,HVN,68,29,32,61,1,,,,,,,,,61,,,
2026-06-11,HVN,165,48,52,100,0,,,,,,,,,100,,,
2026-06-12,HVN,89,43,39,82,2,,,,,,,,,82,,,
2026-06-13,HVN,102,38,44,82,0,,,,,,,,,82,,,
2026-06-14,HVN,116,46,47,93,0,,,,,,,,,93,,,
2026-06-15,HVN,107,45,51,96,0,,,,,,,,,96,,,
2026-06-16,HVN,113,47,45,92,0,,,,,,,,,92,,,
2026-06-17,HVN,87,30,38,68,0,,,,,,,,,68,,,
2026-06-18,HVN,69,31,37,68,0,,,,,,,,,68,,,
2026-06-19,HVN,104,47,51,98,0,,,,,,,,,98,,,
2026-06-20,HVN,39,21,21,42,0,,,,,,,,,42,,,
2026-06-21,HVN,131,57,63,120,0,,,,,,,,,120,,,
2026-06-22,HVN,105,51,54,105,0,,,,,,,,,105,,,
2026-06-23,HVN,26,8,6,14,0,,,,,,,,,14,,,
2026-06-24,HVN,151,59,56,115,1,,,,,,,,,115,,,
2026-06-25,HVN,180,49,46,95,0,,,,,,,,,95,,,
2026-06-26,HVN,116,54,60,114,0,,,,,,,,,114,,,
2026-06-27,HVN,103,50,47,97,0,,,,,,,,,97,,,
2026-06-28,HVN,143,57,64,121,2,,,,,,,,,121,,,
2026-06-29,HVN,115,51,53,104,1,,,,,,,,,104,,,
2026-06-30,HVN,129,56,56,112,0,,,,,,,,,112,,,
2026-07-01,HVN,76,37,36,73,2,,,,,,,,,73,,,
2026-07-02,HVN,121,49,57,106,0,,,,,,,,,106,,,
2026-07-03,HVN,93,40,46,86,0,,,,,,,,,86,,,
2026-07-04,HVN,43,20,23,43,0,,,,,,,,,43,,,
2026-07-05,HVN,107,49,47,96,0,,,,,,,,,96,,,
2026-07-06,HVN,51,21,28,49,0,,,,,,,,,49,,,
2026-07-07,HVN,28,12,14,26,1,,,,,,,,,26,,,
2026-07-08,HVN,90,39,37,76,2,,,,,,,,,76,,,
2026-07-09,HVN,111,53,55,108,0,,,,,,,,,108,,,
2026-07-10,HVN,112,56,56,112,0,,,,,,,,,112,,,
2026-07-11,HVN,81,41,45,86,0,,,,,,,,,86,,,
2026-07-12,HVN,113,52,55,107,0,,,,,,,,,107,,,
2026-07-13,HVN,146,60,69,129,1,,,,,,,,,129,,,
2026-07-14,HVN,70,33,32,65,0,,,,,,,,,65,,,
2026-07-15,HVN,86,36,36,72,0,,,,,,,,,72,,,
2026-07-16,HVN,110,50,49,99,4,,,,,,,,,99,,,
2026-07-17,HVN,114,52,59,111,0,,,,,,,,,111,,,
2026-07-18,HVN,41,19,24,43,0,,,,,,,,,43,,,
2026-07-19,HVN,111,46,47,93,2,,,,,,,,,93,,,
2026-07-20,HVN,148,71,79,150,0,,,,,,,,,150,,,
2026-07-21,HVN,51,25,23,48,0,,,,,,,,,48,,,
2026-07-22,HVN,78,36,37,73,2,,,,,,,,,73,,,
2026-07-23,HVN,135,67,72,139,1,,,,,,,,,139,,,
2026-07-24,HVN,160,68,72,140,2,,,,,,,,,140,,,
2026-07-25,HVN,88,35,36,71,2,,,,,,,,,71,,,
2026-07-26,HVN,126,62,67,129,1,,,,,,,,,129,,,
2026-07-27,HVN,128,56,57,113,4,,,,,,,,,113,,,
2026-07-28,HVN,37,16,19,35,0,,,,,,,,,35,,,
2026-07-29,HVN,33,16,15,31,0,,,,,,,,,31,,,
2026-07-30,HVN,84,37,41,78,4,,,,,,,,,78,,,
2026-07-31,HVN,158,67,74,141,1,,,,,,,,,141,,,
2026-08-01,HVN,93,9,14,23,0,,,,,,,,,23,,,
2026-08-02,HVN,125,52,59,111,0,,,,,,,,,111,,,
2026-08-03,HVN,52,21,28,49,0,,,,,,,,,49,,,
2026-08-04,HVN,88,40,42,82,2,,,,,,,,,82,,,
2026-08-05,HVN,105,55,53,108,0,,,,,,,,,108,,,
2026-08-06,HVN,86,42,45,87,0,,,,,,,,,87,,,
2026-08-07,HVN,91,46,43,89,0,,,,,,,,,89,,,
2026-08-08,HVN,76,36,40,76,0,,,,,,,,,76,,,
2026-08-09,HVN,109,24,28,52,0,,,,,,,,,52,,,
2026-08-10,HVN,103,48,57,105,2,,,,,,,,,105,,,
2026-08-11,HVN,49,28,26,54,0,,,,,,,,,54,,,
2026-08-12,HVN,58,14,15,29,1,,,,,,,,,29,,,
2026-08-13,HVN,98,45,53,98,4,,,,,,,,,98,,,
2026-08-14,HVN,114,53,55,108,0,,,,,,,,,108,,,
2026-08-15,HVN,76,38,36,74,0,,,,,,,,,74,,,
2026-08-16,HVN,113,49,58,107,1,,,,,,,,,107,,,
2026-08-17,HVN,67,29,33,62,0,,,,,,,,,62,,,
2026-08-18,HVN,65,31,28,59,0,,,,,,,,,59,,,
2026-08-19,HVN,136,52,48,100,4,,,,,,,,,100,,,
2026-08-20,HVN,94,42,45,87,0,,,,,,,,,87,,,
2026-08-21,HVN,96,41,48,89,2,,,,,,,,,89,,,
2026-08-22,HVN,44,21,20,41,0,,,,,,,,,41,,,
2026-08-23,HVN,75,34,35,69,0,,,,,,,,,69,,,
2026-08-24,HVN,115,50,53,103,0,,,,,,,,,103,,,
2026-08-25,HVN,87,39,34,73,4,,,,,,,,,73,,,
2026-08-26,HVN,117,54,55,109,0,,,,,,,,,109,,,
2026-08-27,HVN,90,38,46,84,0,,,,,,,,,84,,,
2026-08-28,HVN,81,38,38,76,2,,,,,,,,,76,,,
2026-08-29,HVN,128,70,63,133,0,,,,,,,,,133,,,
2026-08-30,HVN,116,55,58,113,0,,,,,,,,,113,,,
2026-08-31,HVN,113,44,51,95,2,,,,,,,,,95,,,
2023-02-16,LWM,229,0,0,0,0,,,,,,,,,,0,,
2023-02-17,LWM,16,0,0,0,0,,,,,,,,,,0,,
2023-02-18,LWM,343,2,2,4,2,,,,,,,,,,4,,
2023-02-19,LWM,321,0,0,0,1,,,,,,,,,,0,,
2023-02-20,LWM,167,1,0,1,0,,,,,,,,,,1,,
2023-02-21,LWM,6,0,0,0,0,,,,,,,,,,0,,
2023-02-22,LWM,237,0,0,0,0,,,,,,,,,,0,,
2023-02-23,LWM,1,0,0,0,0,,,,,,,,,,0,,
2023-02-24,LWM,10,0,0,0,0,,,,,,,,,,0,,
2023-02-25,LWM,179,1,1,2,0,,,,,,,,,,2,,
2023-02-26,LWM,70,0,0,0,0,,,,,,,,,,0,,
2023-02-27,LWM,259,3,2,5,0,,,,,,,,,,5,,
2023-02-28,LWM,0,0,0,0,0,,,,,,,,,,0,,
2023-03-01,LWM,207,2,3,5,2,,,,,,,,,,5,,
2023-03-02,LWM,23,0,0,0,0,,,,,,,,,,0,,
2023-03-03,LWM,222,5,9,14,0,,,,,,,,,,14,,
2023-03-04,LWM,0,0,0,0,0,,,,,,,,,,0,,
2023-03-05,LWM,239,6,4,10,3,,,,,,,,,,10,,
2023-03-06,LWM,69,1,2,3,1,,,,,,,,,,3,,
2023-03-07,LWM,135,0,2,2,1,,,,,,,,,,2,,
2023-03-08,LWM,161,3,2,5,0,,,,,,,,,,5,,
2023-03-09,LWM,256,5,3,8,0,,,,,,,,,,8,,
2023-03-10,LWM,349,18,21,39,8,,,,,,,,,,39,,
2023-03-11,LWM,124,0,1,1,0,,,,,,,,,,1,,
2023-03-12,LWM,278,23,17,40,6,,,,,,,,,,40,,
2023-03-13,LWM,109,2,1,3,0,,,,,,,,,,3,,
2023-03-14,LWM,0,0,0,0,0,,,,,,,,,,0,,
2023-03-15,LWM,10,0,0,0,0,,,,,,,,,,0,,
2023-03-16,LWM,211,6,5,11,0,,,,,,,,,,11,,
2023-03-17,LWM,235,11,6,17,0,,,,,,,,,,17,,
2023-03-18,LWM,413,22,20,42,1,,,,,,,,,,42,,
2023-03-19,LWM,37,1,0,1,0,,,,,,,,,,1,,
2023-03-20,LWM,189,3,1,4,5,,,,,,,,,,4,,
2023-03-21,LWM,208,9,11,20,4,,,,,,,,,,20,,
2023-03-22,LWM,239,12,5,17,2,,,,,,,,,,17,,
2023-03-23,LWM,162,3,2,5,5,,,,,,,,,,5,,
2023-03-24,LWM,176,3,4,7,0,,,,,,,,,,7,,
2023-03-25,LWM,196,5,1,6,2,,,,,,,,,,6,,
2023-03-26,LWM,64,1,1,2,1,,,,,,,,,,2,,
2023-03-27,LWM,221,5,6,11,2,,,,,,,,,,11,,
2023-03-28,LWM,107,4,8,12,1,,,,,,,,,,12,,
2023-03-29,LWM,339,27,14,41,5,,,,,,,,,,41,,
2023-03-30,LWM,51,1,0,1,0,,,,,,,,,,1,,
2023-03-31,LWM,225,0,0,0,0,,,,,,,,,,0,,
2023-04-01,LWM,18,0,0,0,0,,,,,,,,,,0,,
2023-04-02,LWM,65,0,0,0,0,,,,,,,,,,0,,
2023-04-03,LWM,233,0,0,0,0,,,,,,,,,,0,,
2023-04-04,LWM,254,2,6,8,0,,,,,,,,,,8,,
2023-04-05,LWM,87,0,0,0,0,,,,,,,,,,0,,
2023-04-06,LWM,27,0,0,0,0,,,,,,,,,,0,,
2023-04-07,LWM,58,1,0,1,0,,,,,,,,,,1,,
2023-04-08,LWM,374,20,23,43,4,,,,,,,,,,43,,
2023-04-09,LWM,198,7,10,17,2,,,,,,,,,,17,,
2023-04-10,LWM,251,3,4,7,1,,,,,,,,,,7,,
2023-04-11,LWM,118,0,1,1,0,,,,,,,,,,1,,
2023-04-12,LWM,68,0,0,0,0,,,,,,,,,,0,,
2023-04-13,LWM,264,3,5,8,1,,,,,,,,,,8,,
2023-04-14,LWM,270,9,5,14,1,,,,,,,,,,14,,
2023-04-15,LWM,383,20,11,31,6,,,,,,,,,,31,,
2023-04-16,LWM,15,0,0,0,0,,,,,,,,,,0,,
2023-04-17,LWM,3,0,0,0,0,,,,,,,,,,0,,
2023-04-18,LWM,184,1,3,4,1,,,,,,,,,,4,,
2023-04-19,LWM,144,1,2,3,0,,,,,,,,,,3,,
2023-04-20,LWM,232,35,31,66,5,,,,,,,,,,66,,
2023-04-21,LWM,319,12,12,24,2,,,,,,,,,,24,,
2023-04-22,LWM,231,6,2,8,5,,,,,,,,,,8,,
2023-04-23,LWM,2,0,0,0,0,,,,,,,,,,0,,
2023-04-24,LWM,101,1,1,2,0,,,,,,,,,,2,,
2023-04-25,LWM,208,5,0,5,0,,,,,,,,,,5,,
2023-04-26,LWM,197,3,2,5,1,,,,,,,,,,5,,
2023-04-27,LWM,218,8,4,12,0,,,,,,,,,,12,,
2023-04-28,LWM,217,19,11,30,2,,,,,,,,,,30,,
2023-04-29,LWM,260,8,4,12,3,,,,,,,,,,12,,
2023-04-30,LWM,16,0,0,0,0,,,,,,,,,,0,,
2023-05-01,LWM,79,0,1,1,1,,,,,,,,,,1,,
2023-05-02,LWM,44,0,0,0,0,,,,,,,,,,0,,
2023-05-03,LWM,115,2,0,2,0,,,,,,,,,,2,,
2023-05-04,LWM,108,2,0,2,0,,,,,,,,,,2,,
2023-05-05,LWM,124,3,1,4,0,,,,,,,,,,4,,
2023-05-06,LWM,296,16,10,26,4,,,,,,,,,,26,,
2023-05-07,LWM,309,31,19,50,5,,,,,,,,,,50,,
2023-05-08,LWM,124,1,2,3,0,,,,,,,,,,3,,
2023-05-09,LWM,238,8,3,11,4,,,,,,,,,,11,,
2023-05-10,LWM,295,18,12,30,8,,,,,,,,,,30,,
2023-05-11,LWM,208,7,7,14,1,,,,,,,,,,14,,
2023-05-12,LWM,227,11,8,19,1,,,,,,,,,,19,,
2023-05-13,LWM,262,17,19,36,2,,,,,,,,,,36,,
2023-05-14,LWM,193,6,2,8,1,,,,,,,,,,8,,
2023-05-15,LWM,99,3,5,8,0,,,,,,,,,,8,,
2023-05-16,LWM,61,4,3,7,5,,,,,,,,,,7,,
2023-05-17,LWM,105,1,0,1,0,,,,,,,,,,1,,
2023-05-18,LWM,366,17,17,34,8,,,,,,,,,,34,,
2023-05-19,LWM,250,16,17,33,1,,,,,,,,,,33,,
2023-05-20,LWM,151,0,1,1,0,,,,,,,,,,1,,
2023-05-21,LWM,330,14,11,25,2,,,,,,,,,,25,,
2023-05-22,LWM,199,13,7,20,1,,,,,,,,,,20,,
2023-05-23,LWM,402,14,9,23,2,,,,,,,,,,23,,
2023-05-24,LWM,236,7,5,12,4,,,,,,,,,,12,,
2023-05-25,LWM,211,12,8,20,1,,,,,,,,,,20,,
2023-05-26,LWM,225,28,13,41,4,,,,,,,,,,41,,
2023-05-27,LWM,339,18,13,31,9,,,,,,,,,,31,,
2023-05-28,LWM,161,12,12,24,2,,,,,,,,,,24,,
2023-05-29,LWM,243,23,10,33,1,,,,,,,,,,33,,
2023-05-30,LWM,341,11,8,19,2,,,,,,,,,,19,,
2023-05-31,LWM,312,13,10,23,2,,,,,,,,,,23,,
2023-06-01,LWM,350,19,22,41,3,,,,,,,,,,41,,
2023-06-02,LWM,177,9,6,15,1,,,,,,,,,,15,,
2023-06-03,LWM,19,0,0,0,0,,,,,,,,,,0,,
2023-06-04,LWM,118,1,0,1,0,,,,,,,,,,1,,
2023-06-05,LWM,159,3,2,5,0,,,,,,,,,,5,,
2023-06-06,LWM,204,7,8,15,0,,,,,,,,,,15,,
2023-06-07,LWM,265,14,15,29,0,,,,,,,,,,29,,
2023-06-08,LWM,188,4,4,8,2,,,,,,,,,,8,,
2023-06-10,LWM,260,2,0,2,0,,,,,,,,,,2,,
2023-06-11,LWM,347,30,24,54,6,,,,,,,,,,54,,
2023-06-12,LWM,160,6,7,13,3,,,,,,,,,,13,,
2023-06-13,LWM,10,0,0,0,0,,,,,,,,,,0,,
2023-06-14,LWM,243,9,7,16,2,,,,,,,,,,16,,
2023-06-15,LWM,364,24,31,55,1,,,,,,,,,,55,,
2023-06-16,LWM,272,22,17,39,1,,,,,,,,,,39,,
2023-06-17,LWM,12,0,0,0,0,,,,,,,,,,0,,
2023-06-18,LWM,286,21,23,44,1,,,,,,,,,,44,,
2023-06-19,LWM,269,28,19,47,2,,,,,,,,,,47,,
2023-06-20,LWM,352,12,14,26,3,,,,,,,,,,26,,
2023-06-21,LWM,313,22,13,35,1,,,,,,,,,,35,,
2023-06-22,LWM,328,15,17,32,6,,,,,,,,,,32,,
2023-06-23,LWM,163,5,3,8,0,,,,,,,,,,8,,
2023-06-24,LWM,9,1,0,1,0,,,,,,,,,,1,,
2023-06-25,LWM,335,39,27,66,2,,,,,,,,,,66,,
2023-06-26,LWM,20,0,0,0,0,,,,,,,,,,0,,
2023-06-27,LWM,123,7,8,15,1,,,,,,,,,,15,,
2023-06-28,LWM,39,0,0,0,0,,,,,,,,,,0,,
2023-06-29,LWM,309,36,43,79,2,,,,,,,,,,79,,
2023-06-30,LWM,299,31,17,48,3,,,,,,,,,,48,,
2023-07-01,LWM,219,24,26,50,1,,,,,,,,,,50,,
2023-07-02,LWM,3,0,0,0,0,,,,,,,,,,0,,
2023-07-03,LWM,81,2,1,3,0,,,,,,,,,,3,,
2023-07-04,LWM,20,0,0,0,0,,,,,,,,,,0,,
2023-07-05,LWM,357,52,39,91,1,,,,,,,,,,91,,
2023-07-06,LWM,320,45,45,90,5,,,,,,,,,,90,,
2023-07-07,LWM,286,43,42,85,4,,,,,,,,,,85,,
2023-07-08,LWM,174,26,20,46,1,,,,,,,,,,46,,
2023-07-09,LWM,153,7,6,13,0,,,,,,,,,,13,,
2023-07-10,LWM,3,0,0,0,0,,,,,,,,,,0,,
2023-07-11,LWM,305,35,28,63,1,,,,,,,,,,63,,
2023-07-12,LWM,306,51,50,101,0,,,,,,,,,,101,,
2023-07-13,LWM,249,37,31,68,2,,,,,,,,,,68,,
2023-07-14,LWM,193,25,22,47,2,,,,,,,,,,47,,
2023-07-15,LWM,328,39,28,67,8,,,,,,,,,,67,,
2023-07-16,LWM,2,0,0,0,0,,,,,,,,,,0,,
2023-07-17,LWM,342,38,33,71,2,,,,,,,,,,71,,
2023-07-18,LWM,156,8,11,19,4,,,,,,,,,,19,,
2023-07-19,LWM,364,35,29,64,7,,,,,,,,,,64,,
2023-07-20,LWM,349,52,35,87,6,,,,,,,,,,87,,
2023-07-21,LWM,366,42,42,84,2,,,,,,,,,,84,,
2023-07-22,LWM,352,42,43,85,8,,,,,,,,,,85,,
2023-07-23,LWM,283,27,30,57,6,,,,,,,,,,57,,
2023-07-24,LWM,199,31,24,55,8,,,,,,,,,,55,,
2023-07-25,LWM,231,16,13,29,1,,,,,,,,,,29,,
2023-07-26,LWM,224,14,28,42,1,,,,,,,,,,42,,
2023-07-27,LWM,80,0,1,1,0,,,,,,,,,,1,,
2023-07-28,LWM,256,17,20,37,4,,,,,,,,,,37,,
2023-07-29,LWM,112,5,7,12,1,,,,,,,,,,12,,
2023-07-30,LWM,284,31,28,59,10,,,,,,,,,,59,,
2023-07-31,LWM,160,10,11,21,4,,,,,,,,,,21,,
2023-08-01,LWM,237,22,19,41,3,,,,,,,,,,41,,
2023-08-02,LWM,432,61,50,111,15,,,,,,,,,,111,,
2023-08-03,LWM,235,20,18,38,10,,,,,,,,,,38,,
2023-08-04,LWM,77,0,0,0,0,,,,,,,,,,0,,
2023-08-05,LWM,285,11,18,29,2,,,,,,,,,,29,,
2023-08-06,LWM,269,27,26,53,4,,,,,,,,,,53,,
2023-08-07,LWM,154,7,4,11,1,,,,,,,,,,11,,
2023-08-08,LWM,5,0,0,0,0,,,,,,,,,,0,,
2023-08-09,LWM,70,1,4,5,1,,,,,,,,,,5,,
2023-08-10,LWM,145,10,11,21,1,,,,,,,,,,21,,
2023-08-11,LWM,174,11,13,24,1,,,,,,,,,,24,,
2023-08-12,LWM,371,46,58,104,4,,,,,,,,,,104,,
2023-08-13,LWM,225,21,16,37,3,,,,,,,,,,37,,
2023-08-14,LWM,202,30,33,63,5,,,,,,,,,,63,,
2023-08-15,LWM,15,0,0,0,0,,,,,,,,,,0,,
2023-08-16,LWM,102,3,1,4,3,,,,,,,,,,4,,
2023-08-17,LWM,119,4,4,8,0,,,,,,,,,,8,,
2023-08-18,LWM,70,6,5,11,0,,,,,,,,,,11,,
2023-08-19,LWM,273,45,37,82,7,,,,,,,,,,82,,
2023-08-20,LWM,360,51,57,108,3,,,,,,,,,,108,,
2023-08-21,LWM,259,41,33,74,1,,,,,,,,,,74,,
2023-08-22,LWM,310,30,28,58,6,,,,,,,,,,58,,
2023-08-23,LWM,347,53,48,101,10,,,,,,,,,,101,,
2023-08-24,LWM,280,53,52,105,2,,,,,,,,,,105,,
2023-08-25,LWM,21,0,0,0,0,,,,,,,,,,0,,
2023-08-26,LWM,250,8,13,21,8,,,,,,,,,,21,,
2023-08-27,LWM,167,9,10,19,1,,,,,,,,,,19,,
2023-08-28,LWM,211,15,16,31,4,,,,,,,,,,31,,
2023-08-29,LWM,245,8,2,10,4,,,,,,,,,,10,,
2023-08-30,LWM,101,10,9,19,0,,,,,,,,,,19,,
2023-08-31,LWM,218,20,15,35,3,,,,,,,,,,35,,
2023-09-01,LWM,288,42,41,83,7,,,,,,,,,,83,,
2023-09-02,LWM,275,18,22,40,5,,,,,,,,,,40,,
2023-09-03,LWM,241,10,19,29,5,,,,,,,,,,29,,
2023-09-04,LWM,285,47,42,89,3,,,,,,,,,,89,,
2023-09-05,LWM,195,9,7,16,3,,,,,,,,,,16,,
2023-09-06,LWM,212,25,28,53,1,,,,,,,,,,53,,
2023-09-07,LWM,164,13,8,21,3,,,,,,,,,,21,,
2023-09-08,LWM,139,10,11,21,0,,,,,,,,,,21,,
2023-09-09,LWM,125,8,3,11,1,,,,,,,,,,11,,
2023-09-10,LWM,19,0,0,0,0,,,,,,,,,,0,,
2023-09-11,LWM,35,3,1,4,0,,,,,,,,,,4,,
2023-09-12,LWM,227,2,2,4,0,,,,,,,,,,4,,
2023-09-13,LWM,75,1,0,1,0,,,,,,,,,,1,,
2023-09-14,LWM,205,23,20,43,5,,,,,,,,,,43,,
2023-09-15,LWM,109,2,4,6,3,,,,,,,,,,6,,
2023-09-16,LWM,8,0,0,0,1,,,,,,,,,,0,,
2023-09-17,LWM,336,52,57,109,10,,,,,,,,,,109,,
2023-09-18,LWM,9,0,0,0,0,,,,,,,,,,0,,
2023-09-19,LWM,170,8,3,11,0,,,,,,,,,,11,,
2023-09-20,LWM,253,30,19,49,5,,,,,,,,,,49,,
2023-09-21,LWM,296,59,42,101,9,,,,,,,,,,101,,
2023-09-22,LWM,226,18,16,34,3,,,,,,,,,,34,,
2023-09-23,LWM,284,29,26,55,4,,,,,,,,,,55,,
2023-09-24,LWM,30,0,0,0,0,,,,,,,,,,0,,
2023-09-25,LWM,54,1,0,1,0,,,,,,,,,,1,,
2023-09-26,LWM,232,16,8,24,3,,,,,,,,,,24,,
2023-09-27,LWM,286,38,30,68,1,,,,,,,,,,68,,
2023-09-28,LWM,448,64,49,113,4,,,,,,,,,,113,,
2023-09-29,LWM,105,7,9,16,1,,,,,,,,,,16,,
2023-09-30,LWM,289,20,11,31,3,,,,,,,,,,31,,
2023-10-01,LWM,315,69,51,120,1,,,,,,,,,,120,,
2023-10-02,LWM,181,18,7,25,3,,,,,,,,,,25,,
2023-10-03,LWM,351,31,28,59,4,,,,,,,,,,59,,
2023-10-04,LWM,278,34,20,54,6,,,,,,,,,,54,,
2023-10-05,LWM,211,27,35,62,1,,,,,,,,,,62,,
2023-10-06,LWM,46,4,3,7,2,,,,,,,,,,7,,
2023-10-07,LWM,21,0,2,2,0,,,,,,,,,,2,,
2023-10-08,LWM,152,12,24,36,4,,,,,,,,,,36,,
2023-10-09,LWM,323,54,61,115,5,,,,,,,,,,115,,
2023-10-10,LWM,260,53,46,99,6,,,,,,,,,,99,,
2023-10-11,LWM,290,28,38,66,5,,,,,,,,,,66,,
2023-10-12,LWM,266,61,49,110,6,,,,,,,,,,110,,
2023-10-13,LWM,180,26,22,48,2,,,,,,,,,,48,,
2023-10-14,LWM,287,53,37,90,2,,,,,,,,,,90,,
2023-10-15,LWM,246,40,31,71,2,,,,,,,,,,71,,
2023-10-16,LWM,144,22,15,37,2,,,,,,,,,,37,,
2023-10-17,LWM,310,21,18,39,0,,,,,,,,,,39,,
2023-10-18,LWM,205,32,42,74,4,,,,,,,,,,74,,
2023-10-19,LWM,359,39,55,94,6,,,,,,,,,,94,,
2023-10-20,LWM,134,9,2,11,0,,,,,,,,,,11,,
2023-10-21,LWM,7,0,0,0,0,,,,,,,,,,0,,
2023-10-22,LWM,83,5,4,9,0,,,,,,,,,,9,,
2023-10-23,LWM,300,45,33,78,6,,,,,,,,,,78,,
2023-10-24,LWM,239,38,33,71,7,,,,,,,,,,71,,
2023-10-25,LWM,233,22,40,62,5,,,,,,,,,,62,,
2023-10-26,LWM,289,37,54,91,8,,,,,,,,,,91,,
2023-10-27,LWM,235,34,41,75,4,,,,,,,,,,75,,
2023-10-28,LWM,231,30,28,58,1,,,,,,,,,,58,,
2023-10-29,LWM,80,11,4,15,0,,,,,,,,,,15,,
2023-10-30,LWM,7,0,0,0,0,,,,,,,,,,0,,
2023-10-31,LWM,198,25,20,45,0,,,,,,,,,,45,,
2023-11-01,LWM,236,38,25,63,2,,,,,,,,,,63,,
2023-11-02,LWM,293,38,30,68,9,,,,,,,,,,68,,
2023-11-03,LWM,295,41,59,100,0,,,,,,,,,,100,,
2023-11-04,LWM,364,55,78,133,6,,,,,,,,,,133,,
2023-11-05,LWM,302,35,35,70,6,,,,,,,,,,70,,
2023-11-06,LWM,217,7,1,8,0,,,,,,,,,,8,,
2023-11-07,LWM,166,5,7,12,0,,,,,,,,,,12,,
2023-11-08,LWM,110,4,4,8,2,,,,,,,,,,8,,
2023-11-09,LWM,5,0,0,0,0,,,,,,,,,,0,,
2023-11-10,LWM,196,8,9,17,1,,,,,,,,,,17,,
2023-11-11,LWM,246,23,15,38,0,,,,,,,,,,38,,
2023-11-12,LWM,241,48,31,79,4,,,,,,,,,,79,,
2023-11-13,LWM,189,15,14,29,4,,,,,,,,,,29,,
2023-11-14,LWM,202,26,15,41,4,,,,,,,,,,41,,
2023-11-15,LWM,291,44,57,101,7,,,,,,,,,,101,,
2023-11-16,LWM,332,44,59,103,10,,,,,,,,,,103,,
2023-11-17,LWM,129,7,14,21,1,,,,,,,,,,21,,
2023-11-18,LWM,47,3,2,5,1,,,,,,,,,,5,,
2023-11-19,LWM,250,37,38,75,5,,,,,,,,,,75,,
2023-11-20,LWM,122,20,11,31,0,,,,,,,,,,31,,
2023-11-21,LWM,349,65,54,119,5,,,,,,,,,,119,,
2023-11-22,LWM,4,0,0,0,0,,,,,,,,,,0,,
2023-11-23,LWM,43,1,0,1,0,,,,,,,,,,1,,
2023-11-24,LWM,173,7,9,16,1,,,,,,,,,,16,,
2023-11-25,LWM,309,41,33,74,7,,,,,,,,,,74,,
2023-11-26,LWM,275,50,50,100,3,,,,,,,,,,100,,
2023-11-27,LWM,118,13,11,24,2,,,,,,,,,,24,,
2023-11-28,LWM,172,31,16,47,3,,,,,,,,,,47,,
2023-11-29,LWM,185,17,24,41,2,,,,,,,,,,41,,
2023-11-30,LWM,251,38,56,94,6,,,,,,,,,,94,,
2023-12-01,LWM,252,23,39,62,2,,,,,,,,,,62,,
2023-12-02,LWM,78,2,2,4,4,,,,,,,,,,4,,
2023-12-03,LWM,5,1,0,1,0,,,,,,,,,,1,,
2023-12-04,LWM,91,6,5,11,0,,,,,,,,,,11,,
2023-12-05,LWM,76,6,2,8,0,,,,,,,,,,8,,
2023-12-06,LWM,149,36,29,65,0,,,,,,,,,,65,,
2023-12-07,LWM,222,40,51,91,7,,,,,,,,,,91,,
2023-12-08,LWM,278,47,57,104,3,,,,,,,,,,104,,
2023-12-09,LWM,354,51,64,115,8,,,,,,,,,,115,,
2023-12-10,LWM,43,4,3,7,0,,,,,,,,,,7,,
2023-12-11,LWM,24,3,0,3,0,,,,,,,,,,3,,
2023-12-12,LWM,157,22,27,49,5,,,,,,,,,,49,,
2023-12-13,LWM,228,19,27,46,6,,,,,,,,,,46,,
2023-12-14,LWM,259,35,23,58,2,,,,,,,,,,58,,
2023-12-15,LWM,212,44,55,99,3,,,,,,,,,,99,,
2023-12-16,LWM,353,89,78,167,4,,,,,,,,,,167,,
2023-12-17,LWM,180,24,18,42,2,,,,,,,,,,42,,
2023-12-18,LWM,1,0,1,1,0,,,,,,,,,,1,,
2023-12-19,LWM,253,54,47,101,12,,,,,,,,,,101,,
2023-12-20,LWM,321,73,59,132,12,,,,,,,,,,132,,
2023-12-22,LWM,334,78,71,149,3,,,,,,,,,,149,,
2023-12-23,LWM,327,64,67,131,7,,,,,,,,,,131,,
2023-12-24,LWM,113,2,3,5,1,,,,,,,,,,5,,
2023-12-25,LWM,11,1,0,1,0,,,,,,,,,,1,,
2023-12-26,LWM,163,25,27,52,0,,,,,,,,,,52,,
2023-12-27,LWM,110,12,15,27,0,,,,,,,,,,27,,
2023-12-28,LWM,24,8,7,15,0,,,,,,,,,,15,,
2023-12-29,LWM,12,3,2,5,0,,,,,,,,,,5,,
2023-12-30,LWM,120,7,3,10,0,,,,,,,,,,10,,
2023-12-31,LWM,263,58,61,119,6,,,,,,,,,,119,,
2024-01-01,LWM,190,35,24,59,3,,,,,,,,,,59,,
2024-01-02,LWM,202,36,33,69,2,,,,,,,,,,69,,
2024-01-03,LWM,316,83,77,160,7,,,,,,,,,,160,,
2024-01-04,LWM,199,42,38,80,4,,,,,,,,,,80,,
2024-01-05,LWM,124,40,31,71,0,,,,,,,,,,71,,
2024-01-06,LWM,289,45,47,92,8,,,,,,,,,,92,,
2024-01-07,LWM,0,0,0,0,0,,,,,,,,,,0,,
2024-01-08,LWM,36,5,3,8,5,,,,,,,,,,8,,
2024-01-09,LWM,125,28,29,57,4,,,,,,,,,,57,,
2024-01-10,LWM,27,3,2,5,1,,,,,,,,,,5,,
2024-01-11,LWM,195,37,40,77,8,,,,,,,,,,77,,
2024-01-12,LWM,398,102,99,201,5,,,,,,,,,,201,,
2024-01-13,LWM,2,0,0,0,0,,,,,,,,,,0,,
2024-01-14,LWM,67,2,3,5,1,,,,,,,,,,5,,
2024-01-15,LWM,387,111,123,234,11,,,,,,,,,,234,,
2024-01-16,LWM,2,1,0,1,0,,,,,,,,,,1,,
2024-01-17,LWM,65,4,5,9,3,,,,,,,,,,9,,
2024-01-18,LWM,65,10,12,22,2,,,,,,,,,,22,,
2024-01-19,LWM,33,8,5,13,0,,,,,,,,,,13,,
2024-01-20,LWM,168,48,33,81,4,,,,,,,,,,81,,
2024-01-21,LWM,265,75,64,139,5,,,,,,,,,,139,,
2024-01-22,LWM,264,60,63,123,1,,,,,,,,,,123,,
2024-01-23,LWM,280,52,50,102,5,,,,,,,,,,102,,
2024-01-24,LWM,2,1,1,2,0,,,,,,,,,,2,,
2024-01-25,LWM,160,31,33,64,2,,,,,,,,,,64,,
2024-01-26,LWM,1,0,0,0,0,,,,,,,,,,0,,
2024-01-27,LWM,157,21,24,45,2,,,,,,,,,,45,,
2024-01-28,LWM,3,1,1,2,0,,,,,,,,,,2,,
2024-01-29,LWM,5,1,1,2,0,,,,,,,,,,2,,
2024-01-30,LWM,158,26,29,55,1,,,,,,,,,,55,,
2024-01-31,LWM,249,67,74,141,2,,,,,,,,,,141,,
2024-02-01,LWM,211,26,26,52,7,,,,,,,,,,52,,
2024-02-02,LWM,169,43,40,83,1,,,,,,,,,,83,,
2024-02-03,LWM,230,61,49,110,3,,,,,,,,,,110,,
2024-02-04,LWM,295,55,42,97,7,,,,,,,,,,97,,
2024-02-05,LWM,195,26,22,48,5,,,,,,,,,,48,,
2024-02-06,LWM,213,35,35,70,7,,,,,,,,,,70,,
2024-02-07,LWM,310,83,86,169,3,,,,,,,,,,169,,
2024-02-08,LWM,269,68,72,140,1,,,,,,,,,,140,,
2024-02-09,LWM,181,39,42,81,1,,,,,,,,,,81,,
2024-02-10,LWM,285,57,53,110,7,,,,,,,,,,110,,
2024-02-11,LWM,276,18,14,32,3,,,,,,,,,,32,,
2024-02-13,LWM,6,0,0,0,0,,,,,,,,,,0,,
2024-02-14,LWM,17,2,2,4,0,,,,,,,,,,4,,
2024-02-16,LWM,18,2,1,3,1,,,,,,,,,,3,,
2024-02-18,LWM,205,40,40,80,3,,,,,,,,,,80,,
2024-02-19,LWM,210,38,28,66,5,,,,,,,,,,66,,
2024-02-20,LWM,218,27,27,54,4,,,,,,,,,,54,,
2024-02-21,LWM,291,42,51,93,4,,,,,,,,,,93,,
2024-02-22,LWM,273,43,54,97,2,,,,,,,,,,97,,
2024-02-23,LWM,3,1,0,1,0,,,,,,,,,,1,,
2024-02-24,LWM,118,17,13,30,2,,,,,,,,,,30,,
2024-02-25,LWM,279,47,57,104,7,,,,,,,,,,104,,
2024-02-26,LWM,276,34,45,79,2,,,,,,,,,,79,,
2024-02-27,LWM,238,23,36,59,2,,,,,,,,,,59,,
2024-02-28,LWM,2,1,1,2,0,,,,,,,,,,2,,
2024-02-29,LWM,13,3,1,4,0,,,,,,,,,,4,,
2024-03-01,LWM,244,19,30,49,1,,,,,,,,,,49,,
2024-03-02,LWM,213,33,38,71,0,,,,,,,,,,71,,
2024-03-03,LWM,118,17,13,30,2,,,,,,,,,,30,,
2024-03-04,LWM,149,11,18,29,2,,,,,,,,,,29,,
2024-03-05,LWM,3,1,1,2,0,,,,,,,,,,2,,
2024-03-06,LWM,155,19,27,46,2,,,,,,,,,,46,,
2024-03-08,LWM,408,105,119,224,5,,,,,,,,,,224,,
2024-03-10,LWM,58,9,5,14,1,,,,,,,,,,14,,
2024-03-11,LWM,7,0,4,4,0,,,,,,,,,,4,,
2024-03-12,LWM,60,10,9,19,2,,,,,,,,,,19,,
2024-03-13,LWM,375,61,62,123,9,,,,,,,,,,123,,
2024-03-14,LWM,379,62,88,150,7,,,,,,,,,,150,,
2024-03-15,LWM,10,1,1,2,0,,,,,,,,,,2,,
2024-03-16,LWM,309,38,42,80,7,,,,,,,,,,80,,
2024-03-17,LWM,155,15,13,28,0,,,,,,,,,,28,,
2024-03-18,LWM,153,8,7,15,2,,,,,,,,,,15,,
2024-03-19,LWM,133,20,16,36,2,,,,,,,,,,36,,
2024-03-20,LWM,260,19,20,39,2,,,,,,,,,,39,,
2024-03-21,LWM,19,1,2,3,0,,,,,,,,,,3,,
2024-03-22,LWM,304,10,9,19,1,,,,,,,,,,19,,
2024-03-23,LWM,2,0,0,0,0,,,,,,,,,,0,,
2024-03-24,LWM,298,22,12,34,5,,,,,,,,,,34,,
2024-03-25,LWM,257,23,23,46,5,,,,,,,,,,46,,
2024-03-26,LWM,82,1,0,1,1,,,,,,,,,,1,,
2024-03-27,LWM,108,20,21,41,0,,,,,,,,,,41,,
2024-03-28,LWM,12,4,2,6,0,,,,,,,,,,6,,
2024-03-29,LWM,52,9,5,14,0,,,,,,,,,,14,,
2024-03-30,LWM,221,33,30,63,3,,,,,,,,,,63,,
2024-03-31,LWM,304,78,67,145,4,,,,,,,,,,145,,
2024-04-01,LWM,492,88,114,202,3,,,,,,,,,,202,,
2024-04-02,LWM,377,81,85,166,2,,,,,,,,,,166,,
2024-04-03,LWM,115,18,21,39,1,,,,,,,,,,39,,
2024-04-04,LWM,0,0,0,0,0,,,,,,,,,,0,,
2024-04-05,LWM,99,22,14,36,0,,,,,,,,,,36,,
2024-04-06,LWM,230,44,36,80,0,,,,,,,,,,80,,
2024-04-07,LWM,346,58,52,110,5,,,,,,,,,,110,,
2024-04-08,LWM,355,61,56,117,10,,,,,,,,,,117,,
2024-04-09,LWM,450,95,97,192,5,,,,,,,,,,192,,
2024-04-10,LWM,335,38,42,80,3,,,,,,,,,,80,,
2024-04-11,LWM,3,0,2,2,0,,,,,,,,,,2,,
2024-04-12,LWM,1,0,1,1,0,,,,,,,,,,1,,
2024-04-13,LWM,307,58,59,117,3,,,,,,,,,,117,,
2024-04-14,LWM,274,66,72,138,1,,,,,,,,,,138,,
2024-04-15,LWM,223,54,57,111,6,,,,,,,,,,111,,
2024-04-16,LWM,239,55,54,109,4,,,,,,,,,,109,,
2024-04-17,LWM,326,73,84,157,3,,,,,,,,,,157,,
2024-04-18,LWM,287,81,90,171,0,,,,,,,,,,171,,
2024-04-19,LWM,307,46,61,107,2,,,,,,,,,,107,,
2024-04-20,LWM,234,33,42,75,5,,,,,,,,,,75,,
2024-04-21,LWM,401,104,111,215,2,,,,,,,,,,215,,
2024-04-22,LWM,256,54,57,111,1,,,,,,,,,,111,,
2024-04-23,LWM,352,43,68,111,6,,,,,,,,,,111,,
2024-04-24,LWM,250,45,54,99,3,,,,,,,,,,99,,
2024-04-25,LWM,358,88,87,175,3,,,,,,,,,,175,,
2024-04-26,LWM,404,92,104,196,5,,,,,,,,,,196,,
2024-04-27,LWM,354,87,105,192,7,,,,,,,,,,192,,
2024-04-28,LWM,302,58,67,125,4,,,,,,,,,,125,,
2024-04-29,LWM,326,68,62,130,3,,,,,,,,,,130,,
2024-04-30,LWM,384,52,68,120,4,,,,,,,,,,120,,
2024-05-01,LWM,24,9,4,13,0,,,,,,,,,,13,,
2024-05-02,LWM,407,90,109,199,3,,,,,,,,,,199,,
2024-05-03,LWM,300,29,46,75,4,,,,,,,,,,75,,
2024-05-04,LWM,354,90,98,188,2,,,,,,,,,,188,,
2024-05-05,LWM,89,13,22,35,0,,,,,,,,,,35,,
2024-05-06,LWM,277,40,46,86,5,,,,,,,,,,86,,
2024-05-07,LWM,393,29,23,52,5,,,,,,,,,,52,,
2024-05-08,LWM,54,0,0,0,0,,,,,,,,,,0,,
2024-05-09,LWM,328,14,10,24,1,,,,,,,,,,24,,
2024-05-10,LWM,319,26,23,49,2,,,,,,,,,,49,,
2024-05-12,LWM,373,22,23,45,1,,,,,,,,,,45,,
2024-05-13,LWM,219,16,15,31,1,,,,,,,,,,31,,
2024-05-14,LWM,272,21,23,44,3,,,,,,,,,,44,,
2024-05-15,LWM,385,38,35,73,4,,,,,,,,,,73,,
2024-05-16,LWM,203,12,2,14,0,,,,,,,,,,14,,
2024-05-17,LWM,352,36,17,53,1,,,,,,,,,,53,,
2024-05-18,LWM,162,6,3,9,1,,,,,,,,,,9,,
2024-05-19,LWM,40,2,1,3,0,,,,,,,,,,3,,
2024-05-20,LWM,292,20,7,27,3,,,,,,,,,,27,,
2024-05-21,LWM,101,3,6,9,0,,,,,,,,,,9,,
2024-05-22,LWM,429,36,40,76,5,,,,,,,,,,76,,
2024-05-23,LWM,345,7,16,23,0,,,,,,,,,,23,,
2024-05-24,LWM,187,8,6,14,1,,,,,,,,,,14,,
2024-05-25,LWM,416,38,36,74,6,,,,,,,,,,74,,
2024-05-26,LWM,304,13,10,23,4,,,,,,,,,,23,,
2024-05-27,LWM,8,0,0,0,0,,,,,,,,,,0,,
2024-05-28,LWM,269,4,4,8,0,,,,,,,,,,8,,
2024-05-29,LWM,374,19,10,29,0,,,,,,,,,,29,,
2024-05-30,LWM,115,6,3,9,1,,,,,,,,,,9,,
2024-05-31,LWM,360,26,20,46,6,,,,,,,,,,46,,
2024-06-01,LWM,298,21,15,36,4,,,,,,,,,,36,,
2024-06-02,LWM,313,44,33,77,6,,,,,,,,,,77,,
2024-06-03,LWM,291,30,17,47,5,,,,,,,,,,47,,
2024-06-04,LWM,366,30,22,52,1,,,,,,,,,,52,,
2024-06-05,LWM,316,14,12,26,4,,,,,,,,,,26,,
2024-06-06,LWM,95,0,1,1,0,,,,,,,,,,1,,
2024-06-07,LWM,332,17,16,33,3,,,,,,,,,,33,,
2024-06-09,LWM,133,14,12,26,0,,,,,,,,,,26,,
2024-06-10,LWM,294,25,29,54,0,,,,,,,,,,54,,
2024-06-11,LWM,348,19,10,29,1,,,,,,,,,,29,,
2024-06-12,LWM,345,30,25,55,3,,,,,,,,,,55,,
2024-06-13,LWM,376,54,55,109,2,,,,,,,,,,109,,
2024-06-14,LWM,201,20,18,38,1,,,,,,,,,,38,,
2024-06-15,LWM,320,23,22,45,3,,,,,,,,,,45,,
2024-06-16,LWM,362,56,32,88,8,,,,,,,,,,88,,
2024-06-17,LWM,224,25,17,42,0,,,,,,,,,,42,,
2024-06-18,LWM,321,16,25,41,0,,,,,,,,,,41,,
2024-06-19,LWM,200,15,15,30,3,,,,,,,,,,30,,
2024-06-20,LWM,203,19,15,34,3,,,,,,,,,,34,,
2024-06-21,LWM,218,13,4,17,1,,,,,,,,,,17,,
2024-06-22,LWM,71,1,0,1,0,,,,,,,,,,1,,
2024-06-23,LWM,89,7,7,14,0,,,,,,,,,,14,,
2024-06-24,LWM,152,10,13,23,0,,,,,,,,,,23,,
2024-06-25,LWM,352,42,40,82,8,,,,,,,,,,82,,
2024-06-26,LWM,215,11,10,21,6,,,,,,,,,,21,,
2024-06-27,LWM,331,33,33,66,2,,,,,,,,,,66,,
2024-06-28,LWM,228,16,20,36,5,,,,,,,,,,36,,
2024-06-29,LWM,341,76,73,149,3,,,,,,,,,,149,,
2024-06-30,LWM,131,6,7,13,5,,,,,,,,,,13,,
2024-07-01,LWM,296,19,9,28,0,,,,,,,,,,28,,
2024-07-02,LWM,450,42,28,70,6,,,,,,,,,,70,,
2024-07-03,LWM,325,27,24,51,1,,,,,,,,,,51,,
2024-07-04,LWM,143,3,3,6,1,,,,,,,,,,6,,
2024-07-05,LWM,111,11,8,19,0,,,,,,,,,,19,,
2024-07-06,LWM,99,0,1,1,1,,,,,,,,,,1,,
2024-07-07,LWM,345,36,37,73,3,,,,,,,,,,73,,
2024-07-08,LWM,309,34,21,55,0,,,,,,,,,,55,,
2024-07-09,LWM,289,23,21,44,3,,,,,,,,,,44,,
2024-07-10,LWM,328,22,18,40,3,,,,,,,,,,40,,
2024-07-11,LWM,165,15,11,26,0,,,,,,,,,,26,,
2024-07-12,LWM,395,29,32,61,5,,,,,,,,,,61,,
2024-07-13,LWM,166,16,14,30,0,,,,,,,,,,30,,
2024-07-14,LWM,393,38,31,69,8,,,,,,,,,,69,,
2024-07-15,LWM,247,22,28,50,0,,,,,,,,,,50,,
2024-07-16,LWM,318,22,23,45,2,,,,,,,,,,45,,
2024-07-17,LWM,351,43,39,82,1,,,,,,,,,,82,,
2024-07-18,LWM,199,10,5,15,1,,,,,,,,,,15,,
2024-07-19,LWM,350,38,33,71,3,,,,,,,,,,71,,
2024-07-20,LWM,373,23,30,53,1,,,,,,,,,,53,,
2024-07-21,LWM,268,33,25,58,2,,,,,,,,,,58,,
2024-07-22,LWM,303,19,11,30,4,,,,,,,,,,30,,
2024-07-23,LWM,228,3,2,5,2,,,,,,,,,,5,,
2024-07-24,LWM,87,0,0,0,0,,,,,,,,,,0,,
2024-07-25,LWM,190,6,4,10,0,,,,,,,,,,10,,
2024-07-26,LWM,367,32,32,64,7,,,,,,,,,,64,,
2024-07-27,LWM,394,44,45,89,4,,,,,,,,,,89,,
2024-07-28,LWM,322,30,24,54,5,,,,,,,,,,54,,
2024-07-29,LWM,92,2,0,2,0,,,,,,,,,,2,,
2024-07-30,LWM,317,31,33,64,2,,,,,,,,,,64,,
2024-07-31,LWM,105,4,4,8,0,,,,,,,,,,8,,
2024-08-01,LWM,400,49,40,89,4,,,,,,,,,,89,,
2024-08-02,LWM,190,39,35,74,6,,,,,,,,,,74,,
2024-08-03,LWM,130,2,2,4,0,,,,,,,,,,4,,
2024-08-04,LWM,113,4,5,9,0,,,,,,,,,,9,,
2024-08-05,LWM,312,27,23,50,1,,,,,,,,,,50,,
2024-08-06,LWM,80,7,4,11,1,,,,,,,,,,11,,
2024-08-07,LWM,297,11,8,19,6,,,,,,,,,,19,,
2024-08-08,LWM,359,38,27,65,2,,,,,,,,,,65,,
2024-08-09,LWM,18,0,0,0,0,,,,,,,,,,0,,
2024-08-10,LWM,282,23,23,46,3,,,,,,,,,,46,,
2024-08-11,LWM,332,43,49,92,3,,,,,,,,,,92,,
2024-08-12,LWM,338,50,48,98,2,,,,,,,,,,98,,
2024-08-13,LWM,414,92,92,184,8,,,,,,,,,,184,,
2024-08-14,LWM,358,87,84,171,5,,,,,,,,,,171,,
2024-08-15,LWM,220,31,21,52,0,,,,,,,,,,52,,
2024-08-16,LWM,312,69,52,121,3,,,,,,,,,,121,,
2024-08-17,LWM,329,59,47,106,2,,,,,,,,,,106,,
2024-08-18,LWM,82,5,0,5,2,,,,,,,,,,5,,
2024-08-19,LWM,36,6,2,8,0,,,,,,,,,,8,,
2024-08-20,LWM,311,57,57,114,5,,,,,,,,,,114,,
2024-08-21,LWM,396,71,85,156,2,,,,,,,,,,156,,
2024-08-22,LWM,365,64,71,135,3,,,,,,,,,,135,,
2024-08-23,LWM,366,48,38,86,1,,,,,,,,,,86,,
2024-08-24,LWM,389,79,57,136,0,,,,,,,,,,136,,
2024-08-25,LWM,386,51,63,114,3,,,,,,,,,,114,,
2024-08-26,LWM,284,58,43,101,2,,,,,,,,,,101,,
2024-08-27,LWM,358,49,43,92,1,,,,,,,,,,92,,
2024-08-28,LWM,201,36,35,71,0,,,,,,,,,,71,,
2024-08-29,LWM,262,75,60,135,1,,,,,,,,,,135,,
2024-08-30,LWM,267,37,15,52,7,,,,,,,,,,52,,
2024-08-31,LWM,390,53,79,132,11,,,,,,,,,,132,,
2024-09-01,LWM,186,10,20,30,2,,,,,,,,,,30,,
2024-09-02,LWM,310,85,83,168,8,,,,,,,,,,168,,
2024-09-03,LWM,305,59,79,138,6,,,,,,,,,,138,,
2024-09-04,LWM,335,77,117,194,3,,,,,,,,,,194,,
2024-09-05,LWM,405,106,116,222,7,,,,,,,,,,222,,
2024-09-06,LWM,95,31,15,46,1,,,,,,,,,,46,,
2024-09-07,LWM,245,67,50,117,8,,,,,,,,,,117,,
2024-09-08,LWM,218,36,50,86,1,,,,,,,,,,86,,
2024-09-09,LWM,206,18,52,70,3,,,,,,,,,,70,,
2024-09-10,LWM,343,79,91,170,2,,,,,,,,,,170,,
2024-09-11,LWM,300,68,85,153,3,,,,,,,,,,153,,
2024-09-12,LWM,384,97,129,226,7,,,,,,,,,,226,,
2024-09-13,LWM,326,67,87,154,10,,,,,,,,,,154,,
2024-09-14,LWM,375,131,89,220,3,,,,,,,,,,220,,
2024-09-15,LWM,197,54,40,94,8,,,,,,,,,,94,,
2024-09-16,LWM,373,9,6,15,1,,,,,,,,,,15,,
2024-09-17,LWM,286,53,85,138,6,,,,,,,,,,138,,
2024-09-18,LWM,261,91,55,146,2,,,,,,,,,,146,,
2024-09-19,LWM,144,39,25,64,3,,,,,,,,,,64,,
2024-09-20,LWM,33,7,3,10,2,,,,,,,,,,10,,
2024-09-21,LWM,98,39,31,70,0,,,,,,,,,,70,,
2024-09-22,LWM,188,52,36,88,5,,,,,,,,,,88,,
2024-09-23,LWM,233,81,53,134,3,,,,,,,,,,134,,
2024-09-24,LWM,400,143,102,245,8,,,,,,,,,,245,,
2024-09-25,LWM,285,97,97,194,5,,,,,,,,,,194,,
2024-09-26,LWM,52,4,4,8,0,,,,,,,,,,8,,
2024-09-27,LWM,316,65,75,140,7,,,,,,,,,,140,,
2024-09-28,LWM,283,87,49,136,6,,,,,,,,,,136,,
2024-09-29,LWM,277,74,67,141,7,,,,,,,,,,141,,
2024-09-30,LWM,231,35,12,47,6,,,,,,,,,,47,,
2024-10-01,LWM,122,25,21,46,5,,,,,,,,,,46,,
2024-10-02,LWM,381,105,66,171,5,,,,,,,,,,171,,
2024-10-03,LWM,316,53,71,124,6,,,,,,,,,,124,,
2024-10-04,LWM,349,62,94,156,9,,,,,,,,,,156,,
2024-10-05,LWM,254,53,64,117,6,,,,,,,,,,117,,
2024-10-06,LWM,329,92,53,145,10,,,,,,,,,,145,,
2024-10-07,LWM,18,9,2,11,0,,,,,,,,,,11,,
2024-10-08,LWM,261,61,67,128,1,,,,,,,,,,128,,
2024-10-09,LWM,259,55,63,118,4,,,,,,,,,,118,,
2024-10-10,LWM,151,41,36,77,4,,,,,,,,,,77,,
2024-10-11,LWM,248,69,87,156,3,,,,,,,,,,156,,
2024-10-12,LWM,71,7,9,16,0,,,,,,,,,,16,,
2024-10-13,LWM,216,64,72,136,0,,,,,,,,,,136,,
2024-10-14,LWM,14,8,3,11,0,,,,,,,,,,11,,
2024-10-15,LWM,265,58,88,146,4,,,,,,,,,,146,,
2024-10-16,LWM,231,43,56,99,6,,,,,,,,,,99,,
2024-10-17,LWM,365,138,98,236,11,,,,,,,,,,236,,
2024-10-18,LWM,297,91,66,157,7,,,,,,,,,,157,,
2024-10-19,LWM,379,89,126,215,5,,,,,,,,,,215,,
2024-10-20,LWM,297,93,113,206,7,,,,,,,,,,206,,
2024-10-21,LWM,265,65,88,153,4,,,,,,,,,,153,,
2024-10-22,LWM,277,95,85,180,6,,,,,,,,,,180,,
2024-10-23,LWM,210,52,65,117,1,,,,,,,,,,117,,
2024-10-24,LWM,331,64,85,149,7,,,,,,,,,,149,,
2024-10-25,LWM,375,112,85,197,15,,,,,,,,,,197,,
2024-10-26,LWM,252,52,64,116,8,,,,,,,,,,116,,
2024-10-27,LWM,253,44,48,92,8,,,,,,,,,,92,,
2024-10-28,LWM,320,67,57,124,8,,,,,,,,,,124,,
2024-10-29,LWM,299,99,88,187,9,,,,,,,,,,187,,
2024-10-30,LWM,124,29,35,64,3,,,,,,,,,,64,,
2024-10-31,LWM,347,65,88,153,10,,,,,,,,,,153,,
2024-11-01,LWM,108,10,12,22,5,,,,,,,,,,22,,
2024-11-02,LWM,321,83,83,166,8,,,,,,,,,,166,,
2024-11-03,LWM,375,125,125,250,9,,,,,,,,,,250,,
2024-11-04,LWM,338,88,90,178,10,,,,,,,,,,178,,
2024-11-05,LWM,301,100,110,210,9,,,,,,,,,,210,,
2024-11-06,LWM,68,16,10,26,5,,,,,,,,,,26,,
2024-11-07,LWM,223,63,78,141,7,,,,,,,,,,141,,
2024-11-08,LWM,112,31,36,67,3,,,,,,,,,,67,,
2024-11-09,LWM,173,31,36,67,4,,,,,,,,,,67,,
2024-11-10,LWM,234,75,79,154,8,,,,,,,,,,154,,
2024-11-11,LWM,183,46,57,103,5,,,,,,,,,,103,,
2024-11-12,LWM,42,13,17,30,3,,,,,,,,,,30,,
2024-11-13,LWM,320,100,77,177,4,,,,,,,,,,177,,
2024-11-14,LWM,395,123,94,217,10,,,,,,,,,,217,,
2024-11-15,LWM,363,106,125,231,5,,,,,,,,,,231,,
2024-11-16,LWM,227,53,60,113,6,,,,,,,,,,113,,
2024-11-17,LWM,391,123,141,264,7,,,,,,,,,,264,,
2024-11-18,LWM,304,73,86,159,5,,,,,,,,,,159,,
2024-11-19,LWM,237,74,72,146,4,,,,,,,,,,146,,
2024-11-20,LWM,406,91,59,150,9,,,,,,,,,,150,,
2024-11-21,LWM,8,1,0,1,0,,,,,,,,,,1,,
2024-11-22,LWM,263,55,46,101,8,,,,,,,,,,101,,
2024-11-23,LWM,8,1,1,2,2,,,,,,,,,,2,,
2024-11-24,LWM,23,1,2,3,3,,,,,,,,,,3,,
2024-11-25,LWM,316,115,118,233,8,,,,,,,,,,233,,
2024-11-26,LWM,162,49,42,91,1,,,,,,,,,,91,,
2024-11-27,LWM,319,85,93,178,7,,,,,,,,,,178,,
2024-11-28,LWM,1,1,0,1,0,,,,,,,,,,1,,
2024-11-29,LWM,298,18,27,45,2,,,,,,,,,,45,,
2024-11-30,LWM,344,58,68,126,5,,,,,,,,,,126,,
2024-12-01,LWM,321,80,101,181,9,,,,,,,,,,181,,
2024-12-02,LWM,233,64,73,137,3,,,,,,,,,,137,,
2024-12-03,LWM,204,51,62,113,8,,,,,,,,,,113,,
2024-12-04,LWM,295,73,78,151,11,,,,,,,,,,151,,
2024-12-05,LWM,18,2,3,5,0,,,,,,,,,,5,,
2024-12-06,LWM,99,17,17,34,2,,,,,,,,,,34,,
2024-12-07,LWM,370,45,64,109,8,,,,,,,,,,109,,
2024-12-08,LWM,163,28,39,67,1,,,,,,,,,,67,,
2024-12-09,LWM,270,93,75,168,6,,,,,,,,,,168,,
2024-12-10,LWM,3,1,0,1,0,,,,,,,,,,1,,
2024-12-11,LWM,0,0,0,0,0,,,,,,,,,,0,,
2024-12-12,LWM,153,37,39,76,5,,,,,,,,,,76,,
2024-12-13,LWM,331,73,71,144,10,,,,,,,,,,144,,
2024-12-14,LWM,377,98,98,196,11,,,,,,,,,,196,,
2024-12-15,LWM,288,76,59,135,3,,,,,,,,,,135,,
2024-12-16,LWM,185,33,34,67,5,,,,,,,,,,67,,
2024-12-17,LWM,140,36,40,76,9,,,,,,,,,,76,,
2024-12-19,LWM,256,79,77,156,4,,,,,,,,,,156,,
2024-12-20,LWM,151,53,45,98,1,,,,,,,,,,98,,
2024-12-21,LWM,37,9,10,19,6,,,,,,,,,,19,,
2024-12-22,LWM,123,44,44,88,2,,,,,,,,,,88,,
2024-12-23,LWM,188,36,55,91,2,,,,,,,,,,91,,
2024-12-24,LWM,53,10,11,21,4,,,,,,,,,,21,,
2024-12-25,LWM,23,3,0,3,1,,,,,,,,,,3,,
2024-12-26,LWM,281,90,97,187,2,,,,,,,,,,187,,
2024-12-27,LWM,321,79,87,166,3,,,,,,,,,,166,,
2024-12-28,LWM,11,3,4,7,0,,,,,,,,,,7,,
2024-12-29,LWM,4,2,1,3,0,,,,,,,,,,3,,
2024-12-30,LWM,71,13,21,34,1,,,,,,,,,,34,,
2024-12-31,LWM,427,110,138,248,9,,,,,,,,,,248,,
2025-01-01,LWM,1,0,0,0,0,,,,,,,,,,0,,
2025-01-02,LWM,9,0,0,0,0,,,,,,,,,,0,,
2025-01-03,LWM,63,3,5,8,1,,,,,,,,,,8,,
2025-01-04,LWM,188,39,37,76,3,,,,,,,,,,76,,
2025-01-05,LWM,186,65,64,129,2,,,,,,,,,,129,,
2025-01-06,LWM,240,76,70,146,4,,,,,,,,,,146,,
2025-01-07,LWM,15,4,4,8,2,,,,,,,,,,8,,
2025-01-08,LWM,33,11,13,24,2,,,,,,,,,,24,,
2025-01-09,LWM,14,3,4,7,1,,,,,,,,,,7,,
2025-01-10,LWM,179,64,59,123,2,,,,,,,,,,123,,
2025-01-11,LWM,0,0,0,0,0,,,,,,,,,,0,,
2025-01-12,LWM,319,110,105,215,9,,,,,,,,,,215,,
2025-01-13,LWM,392,114,129,243,6,,,,,,,,,,243,,
2025-01-14,LWM,167,52,52,104,7,,,,,,,,,,104,,
2025-01-15,LWM,117,23,25,48,3,,,,,,,,,,48,,
2025-01-16,LWM,365,97,105,202,7,,,,,,,,,,202,,
2025-01-17,LWM,372,83,95,178,14,,,,,,,,,,178,,
2025-01-18,LWM,237,67,68,135,2,,,,,,,,,,135,,
2025-01-19,LWM,360,121,123,244,5,,,,,,,,,,244,,
2025-01-21,LWM,293,75,80,155,7,,,,,,,,,,155,,
2025-01-22,LWM,333,93,90,183,9,,,,,,,,,,183,,
2025-01-23,LWM,346,78,76,154,6,,,,,,,,,,154,,
2025-01-24,LWM,395,133,136,269,13,,,,,,,,,,269,,
2025-01-25,LWM,329,70,92,162,4,,,,,,,,,,162,,
2025-01-26,LWM,193,40,56,96,3,,,,,,,,,,96,,
2025-01-27,LWM,114,10,15,25,5,,,,,,,,,,25,,
2025-01-28,LWM,26,4,4,8,1,,,,,,,,,,8,,
2025-01-29,LWM,48,1,3,4,1,,,,,,,,,,4,,
2025-01-30,LWM,234,71,65,136,5,,,,,,,,,,136,,
2025-01-31,LWM,176,63,67,130,4,,,,,,,,,,130,,
2025-02-01,LWM,23,10,6,16,4,,,,,,,,,,16,,
2025-02-02,LWM,151,39,29,68,5,,,,,,,,,,68,,
2025-02-03,LWM,164,36,50,86,5,,,,,,,,,,86,,
2025-02-04,LWM,184,53,50,103,6,,,,,,,,,,103,,
2025-02-05,LWM,339,128,124,252,6,,,,,,,,,,252,,
2025-02-06,LWM,24,5,5,10,0,,,,,,,,,,10,,
2025-02-07,LWM,33,6,11,17,1,,,,,,,,,,17,,
2025-02-08,LWM,302,62,83,145,6,,,,,,,,,,145,,
2025-02-09,LWM,58,22,22,44,1,,,,,,,,,,44,,
2025-02-10,LWM,185,52,54,106,3,,,,,,,,,,106,,
2025-02-11,LWM,242,34,48,82,2,,,,,,,,,,82,,
2025-02-12,LWM,251,82,60,142,7,,,,,,,,,,142,,
2025-02-13,LWM,4,2,0,2,0,,,,,,,,,,2,,
2025-02-14,LWM,26,5,2,7,2,,,,,,,,,,7,,
2025-02-15,LWM,281,81,104,185,6,,,,,,,,,,185,,
2025-02-16,LWM,0,0,0,0,0,,,,,,,,,,0,,
2025-02-17,LWM,4,1,1,2,0,,,,,,,,,,2,,
2025-02-18,LWM,10,1,4,5,1,,,,,,,,,,5,,
2025-02-19,LWM,171,57,59,116,2,,,,,,,,,,116,,
2025-02-20,LWM,257,82,69,151,4,,,,,,,,,,151,,
2025-02-21,LWM,107,38,41,79,6,,,,,,,,,,79,,
2025-02-22,LWM,260,86,94,180,9,,,,,,,,,,180,,
2025-02-23,LWM,273,52,58,110,7,,,,,,,,,,110,,
2025-02-24,LWM,354,75,84,159,4,,,,,,,,,,159,,
2025-02-25,LWM,272,64,71,135,4,,,,,,,,,,135,,
2025-02-26,LWM,152,34,32,66,4,,,,,,,,,,66,,
2025-02-27,LWM,2,1,0,1,0,,,,,,,,,,1,,
2025-02-28,LWM,84,16,17,33,1,,,,,,,,,,33,,
2025-03-01,LWM,259,107,97,204,0,,,,,,,,,,204,,
2025-03-02,LWM,146,53,56,109,1,,,,,,,,,,109,,
2025-03-03,LWM,358,109,122,231,6,,,,,,,,,,231,,
2025-03-04,LWM,226,73,57,130,0,,,,,,,,,,130,,
2025-03-05,LWM,213,69,71,140,1,,,,,,,,,,140,,
2025-03-06,LWM,136,47,50,97,1,,,,,,,,,,97,,
2025-03-07,LWM,9,5,4,9,0,,,,,,,,,,9,,
2025-03-08,LWM,11,2,1,3,0,,,,,,,,,,3,,
2025-03-09,LWM,221,68,63,131,2,,,,,,,,,,131,,
2025-03-10,LWM,436,131,144,275,5,,,,,,,,,,275,,
2025-03-11,LWM,235,85,78,163,2,,,,,,,,,,163,,
2025-03-12,LWM,366,85,82,167,9,,,,,,,,,,167,,
2025-03-13,LWM,361,136,118,254,3,,,,,,,,,,254,,
2025-03-14,LWM,356,127,108,235,3,,,,,,,,,,235,,
2025-03-15,LWM,300,116,103,219,0,,,,,,,,,,219,,
2025-03-16,LWM,16,7,3,10,1,,,,,,,,,,10,,
2025-03-17,LWM,11,3,3,6,2,,,,,,,,,,6,,
2025-03-18,LWM,371,128,96,224,7,,,,,,,,,,224,,
2025-03-19,LWM,399,128,97,225,10,,,,,,,,,,225,,
2025-03-20,LWM,8,3,1,4,0,,,,,,,,,,4,,
2025-03-21,LWM,8,3,1,4,0,,,,,,,,,,4,,
2025-03-22,LWM,401,152,145,297,6,,,,,,,,,,297,,
2025-03-23,LWM,118,25,26,51,4,,,,,,,,,,51,,
2025-03-24,LWM,58,24,21,45,0,,,,,,,,,,45,,
2025-03-25,LWM,325,90,95,185,2,,,,,,,,,,185,,
2025-03-26,LWM,287,106,105,211,3,,,,,,,,,,211,,
2025-03-27,LWM,296,74,78,152,7,,,,,,,,,,152,,
2025-03-28,LWM,160,54,51,105,4,,,,,,,,,,105,,
2025-03-29,LWM,0,0,0,0,0,,,,,,,,,,0,,
2025-03-30,LWM,31,12,11,23,0,,,,,,,,,,23,,
2025-03-31,LWM,11,3,2,5,1,,,,,,,,,,5,,
2025-04-01,LWM,76,28,26,54,4,,,,,,,,,,54,,
2025-04-02,LWM,478,153,115,268,9,,,,,,,,,,268,,
2025-04-03,LWM,6,1,1,2,1,,,,,,,,,,2,,
2025-04-04,LWM,326,101,93,194,11,,,,,,,,,,194,,
2025-04-05,LWM,252,70,64,134,1,,,,,,,,,,134,,
2025-04-06,LWM,181,50,61,111,1,,,,,,,,,,111,,
2025-04-07,LWM,4,2,0,2,0,,,,,,,,,,2,,
2025-04-08,LWM,9,2,1,3,3,,,,,,,,,,3,,
2025-04-09,LWM,395,121,128,249,6,,,,,,,,,,249,,
2025-04-10,LWM,568,180,158,338,10,,,,,,,,,,338,,
2025-04-11,LWM,225,69,57,126,3,,,,,,,,,,126,,
2025-04-12,LWM,0,0,0,0,0,,,,,,,,,,0,,
2025-04-13,LWM,86,37,32,69,1,,,,,,,,,,69,,
2025-04-14,LWM,329,108,104,212,8,,,,,,,,,,212,,
2025-04-15,LWM,185,53,61,114,0,,,,,,,,,,114,,
2025-04-16,LWM,55,14,13,27,4,,,,,,,,,,27,,
2025-04-17,LWM,241,57,63,120,6,,,,,,,,,,120,,
2025-04-18,LWM,337,124,114,238,4,,,,,,,,,,238,,
2025-04-19,LWM,216,93,90,183,5,,,,,,,,,,183,,
2025-04-20,LWM,16,5,1,6,3,,,,,,,,,,6,,
2025-04-21,LWM,316,106,82,188,10,,,,,,,,,,188,,
2025-04-22,LWM,196,60,58,118,4,,,,,,,,,,118,,
2025-04-23,LWM,497,146,161,307,14,,,,,,,,,,307,,
2025-04-24,LWM,493,154,161,315,7,,,,,,,,,,315,,
2025-04-25,LWM,520,163,158,321,12,,,,,,,,,,321,,
2025-04-26,LWM,4,2,0,2,0,,,,,,,,,,2,,
2025-04-27,LWM,109,43,42,85,2,,,,,,,,,,85,,
2025-04-28,LWM,390,138,151,289,4,,,,,,,,,,289,,
2025-04-29,LWM,187,64,53,117,5,,,,,,,,,,117,,
2025-04-30,LWM,154,52,54,106,1,,,,,,,,,,106,,
2025-05-01,LWM,358,137,133,270,3,,,,,,,,,,270,,
2025-05-02,LWM,158,67,66,133,4,,,,,,,,,,133,,
2025-05-03,LWM,252,89,86,175,4,,,,,,,,,,175,,
2025-05-04,LWM,43,22,18,40,0,,,,,,,,,,40,,
2025-05-05,LWM,12,3,1,4,0,,,,,,,,,,4,,
2025-05-06,LWM,1,0,0,0,0,,,,,,,,,,0,,
2025-05-07,LWM,325,98,90,188,3,,,,,,,,,,188,,
2025-05-08,LWM,389,124,130,254,5,,,,,,,,,,254,,
2025-05-09,LWM,9,3,2,5,0,,,,,,,,,,5,,
2025-05-11,LWM,151,42,49,91,6,,,,,,,,,,91,,
2025-05-12,LWM,287,75,80,155,4,,,,,,,,,,155,,
2025-05-13,LWM,465,151,129,280,5,,,,,,,,,,280,,
2025-05-14,LWM,464,142,116,258,2,,,,,,,,,,258,,
2025-05-15,LWM,8,3,2,5,0,,,,,,,,,,5,,
2025-05-16,LWM,224,72,74,146,3,,,,,,,,,,146,,
2025-05-17,LWM,176,57,58,115,2,,,,,,,,,,115,,
2025-05-18,LWM,230,64,60,124,7,,,,,,,,,,124,,
2025-05-19,LWM,42,9,8,17,4,,,,,,,,,,17,,
2025-05-20,LWM,416,141,118,259,8,,,,,,,,,,259,,
2025-05-21,LWM,179,66,48,114,1,,,,,,,,,,114,,
2025-05-22,LWM,4,2,0,2,0,,,,,,,,,,2,,
2025-05-23,LWM,33,7,4,11,1,,,,,,,,,,11,,
2025-05-24,LWM,252,61,73,134,3,,,,,,,,,,134,,
2025-05-25,LWM,279,76,91,167,5,,,,,,,,,,167,,
2025-05-26,LWM,396,113,92,205,6,,,,,,,,,,205,,
2025-05-27,LWM,419,101,104,205,7,,,,,,,,,,205,,
2025-05-28,LWM,444,119,110,229,4,,,,,,,,,,229,,
2025-05-29,LWM,254,68,70,138,2,,,,,,,,,,138,,
2025-05-30,LWM,292,69,60,129,6,,,,,,,,,,129,,
2025-05-31,LWM,10,5,4,9,0,,,,,,,,,,9,,
2025-06-01,LWM,83,17,21,38,3,,,,,,,,,,38,,
2025-06-02,LWM,206,34,44,78,7,,,,,,,,,,78,,
2025-06-03,LWM,410,98,91,189,6,,,,,,,,,,189,,
2025-06-04,LWM,479,127,124,251,8,,,,,,,,,,251,,
2025-06-05,LWM,310,89,87,176,1,,,,,,,,,,176,,
2025-06-06,LWM,155,57,41,98,1,,,,,,,,,,98,,
2025-06-07,LWM,66,8,9,17,0,,,,,,,,,,17,,
2025-06-08,LWM,336,119,71,190,0,,,,,,,,,,190,,
2025-06-09,LWM,169,67,52,119,0,,,,,,,,,,119,,
2025-06-10,LWM,1,0,0,0,0,,,,,,,,,,0,,
2025-06-11,LWM,341,98,88,186,5,,,,,,,,,,186,,
2025-06-12,LWM,191,39,44,83,2,,,,,,,,,,83,,
2025-06-13,LWM,447,156,153,309,3,,,,,,,,,,309,,
2025-06-14,LWM,42,15,7,22,1,,,,,,,,,,22,,
2025-06-15,LWM,267,88,63,151,1,,,,,,,,,,151,,
2025-06-16,LWM,323,105,84,189,1,,,,,,,,,,189,,
2025-06-17,LWM,114,22,22,44,2,,,,,,,,,,44,,
2025-06-18,LWM,400,143,155,298,0,,,,,,,,,,298,,
2025-06-19,LWM,158,42,48,90,0,,,,,,,,,,90,,
2025-06-20,LWM,28,7,7,14,2,,,,,,,,,,14,,
2025-06-21,LWM,476,127,150,277,6,,,,,,,,,,277,,
2025-06-22,LWM,179,56,62,118,5,,,,,,,,,,118,,
2025-06-23,LWM,411,127,146,273,8,,,,,,,,,,273,,
2025-06-24,LWM,203,49,55,104,6,,,,,,,,,,104,,
2025-06-25,LWM,275,135,109,244,2,,,,,,,,,,244,,
2025-06-26,LWM,364,159,110,269,7,,,,,,,,,,269,,
2025-06-27,LWM,308,107,75,182,5,,,,,,,,,,182,,
2025-06-28,LWM,17,7,8,15,0,,,,,,,,,,15,,
2025-06-29,LWM,278,87,64,151,5,,,,,,,,,,151,,
2025-06-30,LWM,383,117,132,249,5,,,,,,,,,,249,,
2025-07-01,LWM,145,68,58,126,3,,,,,,,,,,126,,
2025-07-02,LWM,388,134,125,259,9,,,,,,,,,,259,,
2025-07-03,LWM,193,75,71,146,4,,,,,,,,,,146,,
2025-07-04,LWM,200,62,70,132,6,,,,,,,,,,132,,
2025-07-05,LWM,273,76,59,135,11,,,,,,,,,,135,,
2025-07-06,LWM,267,100,86,186,4,,,,,,,,,,186,,
2025-07-07,LWM,284,121,101,222,2,,,,,,,,,,222,,
2025-07-08,LWM,367,141,135,276,2,,,,,,,,,,276,,
2025-07-09,LWM,195,93,83,176,0,,,,,,,,,,176,,
2025-07-10,LWM,15,8,7,15,0,,,,,,,,,,15,,
2025-07-11,LWM,51,19,18,37,3,,,,,,,,,,37,,
2025-07-12,LWM,310,135,126,261,3,,,,,,,,,,261,,
2025-07-13,LWM,305,132,123,255,3,,,,,,,,,,255,,
2025-07-14,LWM,280,95,84,179,5,,,,,,,,,,179,,
2025-07-15,LWM,381,149,126,275,8,,,,,,,,,,275,,
2025-07-16,LWM,288,107,89,196,8,,,,,,,,,,196,,
2025-07-17,LWM,57,18,7,25,7,,,,,,,,,,25,,
2025-07-18,LWM,294,104,109,213,6,,,,,,,,,,213,,
2025-07-19,LWM,382,141,130,271,12,,,,,,,,,,271,,
2025-07-20,LWM,214,78,67,145,2,,,,,,,,,,145,,
2025-07-21,LWM,203,64,65,129,9,,,,,,,,,,129,,
2025-07-22,LWM,333,130,127,257,9,,,,,,,,,,257,,
2025-07-23,LWM,315,125,118,243,11,,,,,,,,,,243,,
2025-07-24,LWM,269,111,82,193,6,,,,,,,,,,193,,
2025-07-25,LWM,215,83,70,153,5,,,,,,,,,,153,,
2025-07-26,LWM,465,170,177,347,12,,,,,,,,,,347,,
2025-07-27,LWM,167,75,58,133,3,,,,,,,,,,133,,
2025-07-28,LWM,248,102,115,217,3,,,,,,,,,,217,,
2025-07-29,LWM,434,174,163,337,8,,,,,,,,,,337,,
2025-07-30,LWM,400,147,149,296,8,,,,,,,,,,296,,
2025-07-31,LWM,65,28,31,59,0,,,,,,,,,,59,,
2025-08-01,LWM,145,54,65,119,1,,,,,,,,,,119,,
2025-08-02,LWM,381,155,167,322,7,,,,,,,,,,322,,
2025-08-03,LWM,324,128,106,234,14,,,,,,,,,,234,,
2025-08-04,LWM,316,137,132,269,5,,,,,,,,,,269,,
2025-08-05,LWM,363,147,151,298,6,,,,,,,,,,298,,
2025-08-06,LWM,279,110,100,210,10,,,,,,,,,,210,,
2025-08-07,LWM,384,139,134,273,12,,,,,,,,,,273,,
2025-08-08,LWM,307,125,115,240,8,,,,,,,,,,240,,
2025-08-09,LWM,361,142,134,276,10,,,,,,,,,,276,,
2025-08-10,LWM,369,147,152,299,5,,,,,,,,,,299,,
2025-08-11,LWM,330,103,94,197,6,,,,,,,,,,197,,
2025-08-12,LWM,372,118,116,234,6,,,,,,,,,,234,,
2025-08-13,LWM,233,89,68,157,3,,,,,,,,,,157,,
2025-08-14,LWM,248,75,62,137,2,,,,,,,,,,137,,
2025-08-15,LWM,299,86,82,168,2,,,,,,,,,,168,,
2025-08-16,LWM,453,176,150,326,5,,,,,,,,,,326,,
2025-08-17,LWM,295,101,84,185,5,,,,,,,,,,185,,
2025-08-18,LWM,375,161,169,330,2,,,,,,,,,,330,,
2025-08-19,LWM,391,163,167,330,3,,,,,,,,,,330,,
2025-08-20,LWM,230,103,103,206,2,,,,,,,,,,206,,
2025-08-21,LWM,338,116,124,240,9,,,,,,,,,,240,,
2025-08-22,LWM,287,95,101,196,7,,,,,,,,,,196,,
2025-08-23,LWM,336,126,118,244,10,,,,,,,,,,244,,
2025-08-24,LWM,228,98,78,176,6,,,,,,,,,,176,,
2025-08-25,LWM,232,85,84,169,9,,,,,,,,,,169,,
2025-08-26,LWM,218,72,73,145,12,,,,,,,,,,145,,
2025-08-27,LWM,345,139,134,273,9,,,,,,,,,,273,,
2025-08-28,LWM,431,172,169,341,10,,,,,,,,,,341,,
2025-08-29,LWM,170,76,74,150,1,,,,,,,,,,150,,
2025-08-30,LWM,408,168,158,326,7,,,,,,,,,,326,,
2025-08-31,LWM,361,164,158,322,6,,,,,,,,,,322,,
2025-09-01,LWM,385,173,174,347,11,,,,,,,,,,347,,
2025-09-02,LWM,483,159,161,320,15,,,,,,,,,,320,,
2025-09-03,LWM,382,134,132,266,15,,,,,,,,,,266,,
2025-09-04,LWM,232,91,77,168,10,,,,,,,,,,168,,
2025-09-05,LWM,126,57,53,110,1,,,,,,,,,,110,,
2025-09-06,LWM,167,56,44,100,3,,,,,,,,,,100,,
2025-09-07,LWM,28,12,13,25,0,,,,,,,,,,25,,
2025-09-08,LWM,292,109,111,220,7,,,,,,,,,,220,,
2025-09-09,LWM,343,110,115,225,8,,,,,,,,,,225,,
2025-09-10,LWM,368,122,139,261,5,,,,,,,,,,261,,
2025-09-11,LWM,292,107,111,218,3,,,,,,,,,,218,,
2025-09-12,LWM,347,122,129,251,4,,,,,,,,,,251,,
2025-09-13,LWM,383,147,144,291,7,,,,,,,,,,291,,
2025-09-14,LWM,227,108,110,218,2,,,,,,,,,,218,,
2025-09-15,LWM,256,100,118,218,8,,,,,,,,,,218,,
2025-09-16,LWM,343,144,141,285,8,,,,,,,,,,285,,
2025-09-17,LWM,387,132,145,277,8,,,,,,,,,,277,,
2025-09-18,LWM,318,127,123,250,10,,,,,,,,,,250,,
2025-09-19,LWM,315,109,112,221,15,,,,,,,,,,221,,
2025-09-20,LWM,302,127,131,258,9,,,,,,,,,,258,,
2025-09-21,LWM,281,114,120,234,9,,,,,,,,,,234,,
2025-09-23,LWM,371,149,135,284,7,,,,,,,,,,284,,
2025-09-24,LWM,7,3,5,8,0,,,,,,,,,,8,,
2025-09-26,LWM,462,196,185,381,4,,,,,,,,,,381,,
2025-09-27,LWM,465,173,174,347,10,,,,,,,,,,347,,
2025-09-28,LWM,378,146,139,285,10,,,,,,,,,,285,,
2025-09-30,LWM,362,119,124,243,9,,,,,,,,,,243,,
2025-10-01,LWM,196,75,74,149,2,,,,,,,,,,149,,
2025-10-02,LWM,393,156,160,316,7,,,,,,,,,,316,,
2025-10-03,LWM,343,142,122,264,7,,,,,,,,,,264,,
2025-10-04,LWM,296,124,118,242,4,,,,,,,,,,242,,
2025-10-05,LWM,418,160,151,311,18,,,,,,,,,,311,,
2025-10-06,LWM,356,160,153,313,6,,,,,,,,,,313,,
2025-10-07,LWM,158,59,57,116,8,,,,,,,,,,116,,
2025-10-08,LWM,75,21,18,39,2,,,,,,,,,,39,,
2025-10-09,LWM,256,98,103,201,10,,,,,,,,,,201,,
2025-10-10,LWM,459,176,155,331,14,,,,,,,,,,331,,
2025-10-11,LWM,362,148,143,291,15,,,,,,,,,,291,,
2025-10-12,LWM,9,4,4,8,1,,,,,,,,,,8,,
2025-10-13,LWM,2,2,0,2,0,,,,,,,,,,2,,
2025-10-14,LWM,138,60,59,119,0,,,,,,,,,,119,,
2025-10-15,LWM,98,42,43,85,3,,,,,,,,,,85,,
2025-10-16,LWM,132,58,61,119,1,,,,,,,,,,119,,
2025-10-17,LWM,348,139,137,276,12,,,,,,,,,,276,,
2025-10-18,LWM,392,155,144,299,11,,,,,,,,,,299,,
2025-10-19,LWM,278,124,111,235,6,,,,,,,,,,235,,
2025-10-20,LWM,108,41,39,80,2,,,,,,,,,,80,,
2025-10-21,LWM,354,128,121,249,12,,,,,,,,,,249,,
2025-10-22,LWM,89,34,31,65,2,,,,,,,,,,65,,
2025-10-23,LWM,494,194,190,384,14,,,,,,,,,,384,,
2025-10-24,LWM,336,122,123,245,8,,,,,,,,,,245,,
2025-10-25,LWM,416,166,164,330,12,,,,,,,,,,330,,
2025-10-26,LWM,261,117,114,231,8,,,,,,,,,,231,,
2025-10-27,LWM,252,82,84,166,8,,,,,,,,,,166,,
2025-10-28,LWM,289,103,99,202,10,,,,,,,,,,202,,
2025-10-29,LWM,303,120,120,240,5,,,,,,,,,,240,,
2025-10-30,LWM,12,8,4,12,0,,,,,,,,,,12,,
2025-10-31,LWM,11,0,2,2,3,,,,,,,,,,2,,
2025-11-01,LWM,37,9,10,19,2,,,,,,,,,,19,,
2025-11-02,LWM,265,107,108,215,7,,,,,,,,,,215,,
2025-11-03,LWM,180,79,71,150,4,,,,,,,,,,150,,
2025-11-04,LWM,64,19,21,40,7,,,,,,,,,,40,,
2025-11-05,LWM,362,152,146,298,15,,,,,,,,,,298,,
2025-11-06,LWM,100,43,44,87,7,,,,,,,,,,87,,
2025-11-07,LWM,299,131,133,264,9,,,,,,,,,,264,,
2025-11-08,LWM,253,115,116,231,8,,,,,,,,,,231,,
2025-11-09,LWM,285,131,133,264,1,,,,,,,,,,264,,
2025-11-10,LWM,0,0,0,0,0,,,,,,,,,,0,,
2025-11-11,LWM,50,21,19,40,3,,,,,,,,,,40,,
2025-11-12,LWM,139,62,61,123,3,,,,,,,,,,123,,
2025-11-13,LWM,237,99,99,198,7,,,,,,,,,,198,,
2025-11-14,LWM,330,139,138,277,8,,,,,,,,,,277,,
2025-11-15,LWM,359,142,144,286,9,,,,,,,,,,286,,
2025-11-16,LWM,61,26,28,54,3,,,,,,,,,,54,,
2025-11-17,LWM,16,5,5,10,2,,,,,,,,,,10,,
2025-11-18,LWM,81,27,25,52,2,,,,,,,,,,52,,
2025-11-19,LWM,342,127,128,255,11,,,,,,,,,,255,,
2025-11-20,LWM,194,89,86,175,10,,,,,,,,,,175,,
2025-11-21,LWM,245,105,103,208,5,,,,,,,,,,208,,
2025-11-22,LWM,191,62,63,125,8,,,,,,,,,,125,,
2025-11-23,LWM,305,143,139,282,10,,,,,,,,,,282,,
2025-11-24,LWM,175,75,75,150,3,,,,,,,,,,150,,
2025-11-25,LWM,273,113,92,205,4,,,,,,,,,,205,,
2025-11-26,LWM,22,9,8,17,0,,,,,,,,,,17,,
2025-11-27,LWM,22,10,8,18,2,,,,,,,,,,18,,
2025-11-28,LWM,40,10,5,15,4,,,,,,,,,,15,,
2025-11-29,LWM,188,75,76,151,5,,,,,,,,,,151,,
2025-11-30,LWM,304,136,136,272,7,,,,,,,,,,272,,
2025-12-01,LWM,73,30,28,58,8,,,,,,,,,,58,,
2025-12-02,LWM,11,4,4,8,0,,,,,,,,,,8,,
2025-12-03,LWM,253,97,102,199,15,,,,,,,,,,199,,
2025-12-04,LWM,102,45,42,87,2,,,,,,,,,,87,,
2025-12-05,LWM,317,122,119,241,4,,,,,,,,,,241,,
2025-12-06,LWM,203,85,85,170,2,,,,,,,,,,170,,
2025-12-07,LWM,287,137,135,272,6,,,,,,,,,,272,,
2025-12-08,LWM,104,43,45,88,6,,,,,,,,,,88,,
2025-12-09,LWM,332,131,126,257,16,,,,,,,,,,257,,
2025-12-10,LWM,242,90,88,178,2,,,,,,,,,,178,,
2025-12-11,LWM,12,4,3,7,4,,,,,,,,,,7,,
2025-12-13,LWM,367,156,145,301,9,,,,,,,,,,301,,
2025-12-14,LWM,1,1,0,1,0,,,,,,,,,,1,,
2025-12-15,LWM,41,9,8,17,7,,,,,,,,,,17,,
2025-12-16,LWM,349,104,131,235,7,,,,,,,,,,235,,
2025-12-17,LWM,215,63,70,133,8,,,,,,,,,,133,,
2025-12-18,LWM,287,95,89,184,13,,,,,,,,,,184,,
2025-12-19,LWM,3,2,0,2,0,,,,,,,,,,2,,
2025-12-20,LWM,264,91,88,179,8,,,,,,,,,,179,,
2025-12-21,LWM,57,21,19,40,3,,,,,,,,,,40,,
2025-12-22,LWM,185,55,53,108,14,,,,,,,,,,108,,
2025-12-23,LWM,98,49,47,96,0,,,,,,,,,,96,,
2025-12-24,LWM,1,1,0,1,0,,,,,,,,,,1,,
2025-12-25,LWM,32,4,4,8,5,,,,,,,,,,8,,
2025-12-26,LWM,189,45,51,96,9,,,,,,,,,,96,,
2025-12-27,LWM,111,47,47,94,5,,,,,,,,,,94,,
2025-12-28,LWM,212,84,82,166,4,,,,,,,,,,166,,
2025-12-29,LWM,1,0,1,1,0,,,,,,,,,,1,,
2025-12-30,LWM,10,3,2,5,3,,,,,,,,,,5,,
2025-12-31,LWM,181,70,76,146,5,,,,,,,,,,146,,
2026-01-01,LWM,16,5,3,8,5,,,,,,,,,,8,,
2026-01-02,LWM,245,100,98,198,5,,,,,,,,,,198,,
2026-01-03,LWM,162,68,69,137,5,,,,,,,,,,137,,
2026-01-04,LWM,106,48,46,94,6,,,,,,,,,,94,,
2026-01-05,LWM,200,79,77,156,3,,,,,,,,,,156,,
2026-01-06,LWM,105,36,37,73,3,,,,,,,,,,73,,
2026-01-07,LWM,5,1,0,1,2,,,,,,,,,,1,,
2026-01-08,LWM,303,109,105,214,13,,,,,,,,,,214,,
2026-01-09,LWM,199,76,72,148,3,,,,,,,,,,148,,
2026-01-10,LWM,322,117,117,234,6,,,,,,,,,,234,,
2026-01-11,LWM,110,34,33,67,4,,,,,,,,,,67,,
2026-01-12,LWM,147,34,38,72,8,,,,,,,,,,72,,
2026-01-13,LWM,341,143,131,274,13,,,,,,,,,,274,,
2026-01-14,LWM,365,122,109,231,9,,,,,,,,,,231,,
2026-01-15,LWM,109,38,39,77,2,,,,,,,,,,77,,
2026-01-16,LWM,62,22,18,40,7,,,,,,,,,,40,,
2026-01-17,LWM,48,9,11,20,0,,,,,,,,,,20,,
2026-01-18,LWM,114,43,43,86,0,,,,,,,,,,86,,
2026-01-19,LWM,150,40,46,86,4,,,,,,,,,,86,,
2026-01-20,LWM,107,32,37,69,5,,,,,,,,,,69,,
2026-01-21,LWM,316,119,123,242,8,,,,,,,,,,242,,
2026-01-22,LWM,203,69,65,134,6,,,,,,,,,,134,,
2026-01-23,LWM,154,77,76,153,3,,,,,,,,,,153,,
2026-01-24,LWM,48,18,19,37,3,,,,,,,,,,37,,
2026-01-25,LWM,51,27,25,52,0,,,,,,,,,,52,,
2026-01-26,LWM,0,0,0,0,0,,,,,,,,,,0,,
2026-01-27,LWM,60,11,10,21,6,,,,,,,,,,21,,
2026-01-28,LWM,140,58,57,115,6,,,,,,,,,,115,,
2026-01-29,LWM,189,53,54,107,9,,,,,,,,,,107,,
2026-01-30,LWM,27,9,11,20,4,,,,,,,,,,20,,
2026-01-31,LWM,317,123,124,247,6,,,,,,,,,,247,,
2026-02-01,LWM,39,17,16,33,1,,,,,,,,,,33,,
2026-02-02,LWM,254,109,111,220,5,,,,,,,,,,220,,
2026-02-03,LWM,235,68,71,139,9,,,,,,,,,,139,,
2026-02-04,LWM,95,30,33,63,7,,,,,,,,,,63,,
2026-02-05,LWM,226,75,83,158,9,,,,,,,,,,158,,
2026-02-06,LWM,144,50,41,91,4,,,,,,,,,,91,,
2026-02-07,LWM,0,0,0,0,0,,,,,,,,,,0,,
2026-02-08,LWM,45,15,17,32,3,,,,,,,,,,32,,
2026-02-09,LWM,64,30,26,56,9,,,,,,,,,,56,,
2026-02-10,LWM,207,73,75,148,3,,,,,,,,,,148,,
2026-02-11,LWM,75,21,23,44,5,,,,,,,,,,44,,
2026-02-12,LWM,127,26,31,57,7,,,,,,,,,,57,,
2026-02-13,LWM,284,93,108,201,3,,,,,,,,,,201,,
2026-02-14,LWM,333,130,133,263,9,,,,,,,,,,263,,
2026-02-15,LWM,279,118,110,228,7,,,,,,,,,,228,,
2026-02-16,LWM,246,99,75,174,6,,,,,,,,,,174,,
2026-02-17,LWM,67,15,13,28,1,,,,,,,,,,28,,
2026-02-18,LWM,115,41,47,88,2,,,,,,,,,,88,,
2026-02-19,LWM,335,136,125,261,9,,,,,,,,,,261,,
2026-02-20,LWM,77,37,30,67,0,,,,,,,,,,67,,
2026-02-21,LWM,1,0,1,1,0,,,,,,,,,,1,,
2026-02-22,LWM,143,52,52,104,3,,,,,,,,,,104,,
2026-02-23,LWM,0,0,0,0,0,,,,,,,,,,0,,
2026-02-24,LWM,6,1,1,2,4,,,,,,,,,,2,,
2026-02-25,LWM,2,0,0,0,1,,,,,,,,,,0,,
2026-02-26,LWM,243,80,67,147,7,,,,,,,,,,147,,
2026-02-27,LWM,251,78,73,151,17,,,,,,,,,,151,,
2026-02-28,LWM,321,135,128,263,16,,,,,,,,,,263,,
2026-03-01,LWM,101,40,41,81,2,,,,,,,,,,81,,
2026-03-02,LWM,315,117,115,232,9,,,,,,,,,,232,,
2026-03-03,LWM,100,40,40,80,1,,,,,,,,,,80,,
2026-03-04,LWM,316,117,115,232,11,,,,,,,,,,232,,
2026-03-05,LWM,35,16,16,32,0,,,,,,,,,,32,,
2026-03-06,LWM,3,2,1,3,0,,,,,,,,,,3,,
2026-03-07,LWM,13,4,7,11,0,,,,,,,,,,11,,
2026-03-08,LWM,143,66,56,122,5,,,,,,,,,,122,,
2026-03-09,LWM,351,123,121,244,17,,,,,,,,,,244,,
2026-03-10,LWM,428,165,157,322,18,,,,,,,,,,322,,
2026-03-11,LWM,65,28,22,50,0,,,,,,,,,,50,,
2026-03-12,LWM,16,4,5,9,1,,,,,,,,,,9,,
2026-03-13,LWM,323,126,120,246,10,,,,,,,,,,246,,
2026-03-14,LWM,110,42,48,90,3,,,,,,,,,,90,,
2026-03-15,LWM,330,160,153,313,6,,,,,,,,,,313,,
2026-03-16,LWM,0,0,0,0,0,,,,,,,,,,0,,
2026-03-17,LWM,71,31,31,62,5,,,,,,,,,,62,,
2026-03-18,LWM,268,124,128,252,3,,,,,,,,,,252,,
2026-03-19,LWM,441,194,186,380,8,,,,,,,,,,380,,
2026-03-20,LWM,296,118,116,234,11,,,,,,,,,,234,,
2026-03-21,LWM,190,85,81,166,3,,,,,,,,,,166,,
2026-03-22,LWM,55,22,21,43,1,,,,,,,,,,43,,
2026-03-23,LWM,14,1,2,3,1,,,,,,,,,,3,,
2026-03-24,LWM,324,134,130,264,7,,,,,,,,,,264,,
2026-03-25,LWM,359,127,129,256,13,,,,,,,,,,256,,
2026-03-26,LWM,162,41,41,82,6,,,,,,,,,,82,,
2026-03-27,LWM,139,47,41,88,8,,,,,,,,,,88,,
2026-03-28,LWM,232,91,92,183,12,,,,,,,,,,183,,
2026-03-29,LWM,267,92,94,186,4,,,,,,,,,,186,,
2026-03-30,LWM,149,43,46,89,4,,,,,,,,,,89,,
2026-03-31,LWM,5,3,2,5,0,,,,,,,,,,5,,
2026-04-01,LWM,214,55,48,103,3,,,,,,,,,,103,,
2026-04-02,LWM,11,4,3,7,0,,,,,,,,,,7,,
2026-04-03,LWM,159,47,55,102,5,,,,,,,,,,102,,
2026-04-04,LWM,194,53,41,94,4,,,,,,,,,,94,,
2026-04-05,LWM,0,0,0,0,0,,,,,,,,,,0,,
2026-04-06,LWM,47,18,8,26,3,,,,,,,,,,26,,
2026-04-07,LWM,108,41,28,69,2,,,,,,,,,,69,,
2026-04-08,LWM,389,126,89,215,10,,,,,,,,,,215,,
2026-04-09,LWM,289,115,111,226,16,,,,,,,,,,226,,
2026-04-10,LWM,319,136,116,252,9,,,,,,,,,,252,,
2026-04-11,LWM,31,15,14,29,1,,,,,,,,,,29,,
2026-04-12,LWM,423,187,174,361,8,,,,,,,,,,361,,
2026-04-13,LWM,43,10,9,19,0,,,,,,,,,,19,,
2026-04-14,LWM,294,122,116,238,6,,,,,,,,,,238,,
2026-04-15,LWM,281,114,112,226,4,,,,,,,,,,226,,
2026-04-16,LWM,187,64,67,131,6,,,,,,,,,,131,,
2026-04-17,LWM,129,37,41,78,2,,,,,,,,,,78,,
2026-04-18,LWM,134,61,62,123,4,,,,,,,,,,123,,
2026-04-19,LWM,8,5,4,9,0,,,,,,,,,,9,,
2026-04-20,LWM,271,103,101,204,25,,,,,,,,,,204,,
2026-04-21,LWM,282,114,114,228,14,,,,,,,,,,228,,
2026-04-22,LWM,47,22,17,39,4,,,,,,,,,,39,,
2026-04-23,LWM,81,31,29,60,4,,,,,,,,,,60,,
2026-04-24,LWM,298,130,119,249,6,,,,,,,,,,249,,
2026-04-25,LWM,376,134,127,261,13,,,,,,,,,,261,,
2026-04-26,LWM,255,89,68,157,1,,,,,,,,,,157,,
2026-04-27,LWM,211,72,58,130,6,,,,,,,,,,130,,
2026-04-28,LWM,250,89,65,154,9,,,,,,,,,,154,,
2026-04-29,LWM,56,11,6,17,4,,,,,,,,,,17,,
2026-04-30,LWM,18,8,5,13,0,,,,,,,,,,13,,
2026-05-01,LWM,201,74,70,144,5,,,,,,,,,,144,,
2026-05-02,LWM,170,43,49,92,9,,,,,,,,,,92,,
2026-05-03,LWM,129,60,51,111,1,,,,,,,,,,111,,
2026-05-04,LWM,64,13,12,25,3,,,,,,,,,,25,,
2026-05-07,LWM,173,20,15,35,4,,,,,,,,,,35,,
2026-05-08,LWM,202,57,48,105,6,,,,,,,,,,105,,
2026-05-09,LWM,166,16,18,34,0,,,,,,,,,,34,,
2026-05-10,LWM,136,29,36,65,6,,,,,,,,,,65,,
2026-05-11,LWM,294,110,103,213,7,,,,,,,,,,213,,
2026-05-12,LWM,256,89,75,164,8,,,,,,,,,,164,,
2026-05-13,LWM,149,51,47,98,3,,,,,,,,,,98,,
2026-05-14,LWM,44,15,14,29,2,,,,,,,,,,29,,
2026-05-15,LWM,28,11,11,22,1,,,,,,,,,,22,,
2026-05-16,LWM,275,120,92,212,10,,,,,,,,,,212,,
2026-05-17,LWM,170,76,68,144,7,,,,,,,,,,144,,
2026-05-18,LWM,308,90,93,183,10,,,,,,,,,,183,,
2026-05-19,LWM,144,42,40,82,3,,,,,,,,,,82,,
2026-05-20,LWM,190,52,43,95,5,,,,,,,,,,95,,
2026-05-21,LWM,269,92,92,184,7,,,,,,,,,,184,,
2026-05-22,LWM,275,102,103,205,4,,,,,,,,,,205,,
2026-05-23,LWM,293,92,70,162,6,,,,,,,,,,162,,
2026-05-24,LWM,40,9,7,16,0,,,,,,,,,,16,,
2026-05-25,LWM,90,39,38,77,2,,,,,,,,,,77,,
2026-05-26,LWM,282,128,115,243,11,,,,,,,,,,243,,
2026-05-27,LWM,207,73,71,144,10,,,,,,,,,,144,,
2026-05-28,LWM,170,67,66,133,4,,,,,,,,,,133,,
2026-05-29,LWM,162,69,71,140,3,,,,,,,,,,140,,
2026-05-30,LWM,29,12,15,27,3,,,,,,,,,,27,,
2026-05-31,LWM,217,96,95,191,6,,,,,,,,,,191,,
2026-06-01,LWM,247,97,97,194,5,,,,,,,,,,194,,
2026-06-02,LWM,241,102,108,210,11,,,,,,,,,,210,,
2026-06-03,LWM,283,105,114,219,9,,,,,,,,,,219,,
2026-06-04,LWM,292,129,121,250,10,,,,,,,,,,250,,
2026-06-05,LWM,304,126,126,252,6,,,,,,,,,,252,,
2026-06-06,LWM,280,120,122,242,4,,,,,,,,,,242,,
2026-06-07,LWM,126,41,40,81,2,,,,,,,,,,81,,
2026-06-08,LWM,301,90,95,185,9,,,,,,,,,,185,,
2026-06-09,LWM,377,108,120,228,8,,,,,,,,,,228,,
2026-06-10,LWM,335,63,84,147,4,,,,,,,,,,147,,
2026-06-11,LWM,278,1,0,1,0,,,,,,,,,,1,,
2026-06-12,LWM,239,98,81,179,2,,,,,,,,,,179,,
2026-06-13,LWM,267,100,98,198,14,,,,,,,,,,198,,
2026-06-14,LWM,153,55,55,110,8,,,,,,,,,,110,,
2026-06-15,LWM,137,51,46,97,10,,,,,,,,,,97,,
2026-06-16,LWM,236,94,81,175,3,,,,,,,,,,175,,
2026-06-17,LWM,292,118,120,238,9,,,,,,,,,,238,,
2026-06-18,LWM,21,6,6,12,1,,,,,,,,,,12,,
2026-06-19,LWM,76,29,22,51,6,,,,,,,,,,51,,
2026-06-20,LWM,61,9,9,18,4,,,,,,,,,,18,,
2026-06-21,LWM,143,52,48,100,4,,,,,,,,,,100,,
2026-06-22,LWM,141,61,64,125,8,,,,,,,,,,125,,
2026-06-23,LWM,42,12,12,24,1,,,,,,,,,,24,,
2026-06-24,LWM,474,173,169,342,11,,,,,,,,,,342,,
2026-06-25,LWM,292,57,58,115,2,,,,,,,,,,115,,
2026-06-26,LWM,158,45,49,94,3,,,,,,,,,,94,,
2026-06-27,LWM,280,118,114,232,7,,,,,,,,,,232,,
2026-06-28,LWM,175,56,59,115,8,,,,,,,,,,115,,
2026-06-29,LWM,323,144,136,280,5,,,,,,,,,,280,,
2026-06-30,LWM,256,102,102,204,13,,,,,,,,,,204,,
2026-07-01,LWM,254,69,70,139,7,,,,,,,,,,139,,
2026-07-02,LWM,188,60,66,126,8,,,,,,,,,,126,,
2026-07-03,LWM,218,76,78,154,3,,,,,,,,,,154,,
2026-07-04,LWM,45,16,15,31,5,,,,,,,,,,31,,
2026-07-05,LWM,131,57,53,110,5,,,,,,,,,,110,,
2026-07-06,LWM,202,86,79,165,6,,,,,,,,,,165,,
2026-07-07,LWM,22,12,11,23,0,,,,,,,,,,23,,
2026-07-08,LWM,335,119,122,241,12,,,,,,,,,,241,,
2026-07-09,LWM,288,120,115,235,2,,,,,,,,,,235,,
2026-07-10,LWM,304,142,148,290,7,,,,,,,,,,290,,
2026-07-11,LWM,249,91,88,179,12,,,,,,,,,,179,,
2026-07-12,LWM,221,100,102,202,5,,,,,,,,,,202,,
2026-07-13,LWM,259,100,93,193,12,,,,,,,,,,193,,
2026-07-14,LWM,178,85,82,167,7,,,,,,,,,,167,,
2026-07-15,LWM,202,92,90,182,4,,,,,,,,,,182,,
2026-07-16,LWM,217,93,91,184,6,,,,,,,,,,184,,
2026-07-17,LWM,253,108,112,220,7,,,,,,,,,,220,,
2026-07-18,LWM,45,20,14,34,2,,,,,,,,,,34,,
2026-07-19,LWM,179,54,55,109,15,,,,,,,,,,109,,
2026-07-20,LWM,308,117,119,236,7,,,,,,,,,,236,,
2026-07-21,LWM,145,57,59,116,4,,,,,,,,,,116,,
2026-07-22,LWM,61,25,28,53,2,,,,,,,,,,53,,
2026-07-23,LWM,283,122,116,238,9,,,,,,,,,,238,,
2026-07-24,LWM,336,157,150,307,6,,,,,,,,,,307,,
2026-07-25,LWM,338,137,129,266,11,,,,,,,,,,266,,
2026-07-26,LWM,280,124,120,244,9,,,,,,,,,,244,,
2026-07-27,LWM,390,157,151,308,12,,,,,,,,,,308,,
2026-07-28,LWM,137,26,26,52,10,,,,,,,,,,52,,
2026-07-29,LWM,53,27,25,52,2,,,,,,,,,,52,,
2026-07-30,LWM,44,16,16,32,4,,,,,,,,,,32,,
2026-07-31,LWM,337,129,135,264,11,,,,,,,,,,264,,
2026-08-01,LWM,297,29,36,65,2,,,,,,,,,,65,,
2026-08-02,LWM,202,76,78,154,9,,,,,,,,,,154,,
2026-08-03,LWM,6,3,3,6,0,,,,,,,,,,6,,
2026-08-04,LWM,353,146,145,291,16,,,,,,,,,,291,,
2026-08-05,LWM,268,126,125,251,7,,,,,,,,,,251,,
2026-08-06,LWM,335,133,137,270,4,,,,,,,,,,270,,
2026-08-07,LWM,264,113,116,229,4,,,,,,,,,,229,,
2026-08-08,LWM,166,71,70,141,10,,,,,,,,,,141,,
2026-08-09,LWM,192,30,17,47,5,,,,,,,,,,47,,
2026-08-10,LWM,326,144,147,291,9,,,,,,,,,,291,,
2026-08-11,LWM,185,88,88,176,3,,,,,,,,,,176,,
2026-08-12,LWM,265,40,44,84,5,,,,,,,,,,84,,
2026-08-13,LWM,239,109,111,220,2,,,,,,,,,,220,,
2026-08-14,LWM,391,146,156,302,11,,,,,,,,,,302,,
2026-08-15,LWM,293,141,136,277,5,,,,,,,,,,277,,
2026-08-16,LWM,274,118,107,225,12,,,,,,,,,,225,,
2026-08-17,LWM,114,59,55,114,2,,,,,,,,,,114,,
2026-08-18,LWM,232,100,104,204,7,,,,,,,,,,204,,
2026-08-19,LWM,255,105,97,202,8,,,,,,,,,,202,,
2026-08-20,LWM,371,148,152,300,10,,,,,,,,,,300,,
2026-08-21,LWM,401,174,177,351,12,,,,,,,,,,351,,
2026-08-22,LWM,168,62,62,124,5,,,,,,,,,,124,,
2026-08-23,LWM,18,9,9,18,0,,,,,,,,,,18,,
2026-08-24,LWM,281,116,112,228,14,,,,,,,,,,228,,
2026-08-25,LWM,360,165,167,332,18,,,,,,,,,,332,,
2026-08-26,LWM,322,125,128,253,10,,,,,,,,,,253,,
2026-08-27,LWM,309,133,123,256,6,,,,,,,,,,256,,
2026-08-28,LWM,227,89,94,183,5,,,,,,,,,,183,,
2026-08-29,LWM,295,126,122,248,18,,,,,,,,,,248,,
2026-08-30,LWM,255,107,102,209,15,,,,,,,,,,209,,
2026-08-31,LWM,348,169,162,331,13,,,,,,,,,,331,,
2023-02-16,ORH,64,0,0,0,0,,,,,,,,,,,0,
2023-02-17,ORH,18,0,0,0,0,,,,,,,,,,,0,
2023-02-18,ORH,115,0,0,0,0,,,,,,,,,,,0,
2023-02-19,ORH,98,0,0,0,0,,,,,,,,,,,0,
2023-02-20,ORH,64,0,0,0,0,,,,,,,,,,,0,
2023-02-21,ORH,12,0,0,0,0,,,,,,,,,,,0,
2023-02-23,ORH,7,0,0,0,0,,,,,,,,,,,0,
2023-02-24,ORH,26,0,0,0,0,,,,,,,,,,,0,
2023-02-25,ORH,26,1,2,3,0,,,,,,,,,,,3,
2023-02-26,ORH,26,0,0,0,0,,,,,,,,,,,0,
2023-02-27,ORH,61,0,0,0,0,,,,,,,,,,,0,
2023-02-28,ORH,8,0,0,0,0,,,,,,,,,,,0,
2023-03-01,ORH,36,0,0,0,0,,,,,,,,,,,0,
2023-03-02,ORH,21,0,0,0,0,,,,,,,,,,,0,
2023-03-03,ORH,61,2,1,3,0,,,,,,,,,,,3,
2023-03-04,ORH,6,0,0,0,0,,,,,,,,,,,0,
2023-03-05,ORH,54,0,0,0,0,,,,,,,,,,,0,
2023-03-06,ORH,25,0,0,0,0,,,,,,,,,,,0,
2023-03-07,ORH,26,0,0,0,0,,,,,,,,,,,0,
2023-03-08,ORH,51,0,0,0,0,,,,,,,,,,,0,
2023-03-09,ORH,50,0,0,0,0,,,,,,,,,,,0,
2023-03-10,ORH,103,2,1,3,0,,,,,,,,,,,3,
2023-03-11,ORH,16,0,0,0,0,,,,,,,,,,,0,
2023-03-12,ORH,96,0,1,1,0,,,,,,,,,,,1,
2023-03-13,ORH,20,0,0,0,0,,,,,,,,,,,0,
2023-03-14,ORH,0,0,0,0,0,,,,,,,,,,,0,
2023-03-15,ORH,11,0,0,0,0,,,,,,,,,,,0,
2023-03-16,ORH,84,0,0,0,0,,,,,,,,,,,0,
2023-03-17,ORH,73,0,0,0,0,,,,,,,,,,,0,
2023-03-18,ORH,89,1,1,2,0,,,,,,,,,,,2,
2023-03-19,ORH,26,0,0,0,0,,,,,,,,,,,0,
2023-03-20,ORH,105,4,4,8,0,,,,,,,,,,,8,
2023-03-21,ORH,71,0,0,0,0,,,,,,,,,,,0,
2023-03-22,ORH,96,0,0,0,0,,,,,,,,,,,0,
2023-03-23,ORH,21,0,0,0,0,,,,,,,,,,,0,
2023-03-24,ORH,84,0,0,0,0,,,,,,,,,,,0,
2023-03-25,ORH,38,0,0,0,0,,,,,,,,,,,0,
2023-03-26,ORH,46,0,0,0,0,,,,,,,,,,,0,
2023-03-27,ORH,103,0,0,0,0,,,,,,,,,,,0,
2023-03-28,ORH,25,0,0,0,0,,,,,,,,,,,0,
2023-03-29,ORH,107,0,1,1,0,,,,,,,,,,,1,
2023-03-30,ORH,43,0,0,0,0,,,,,,,,,,,0,
2023-03-31,ORH,39,0,0,0,0,,,,,,,,,,,0,
2023-04-01,ORH,25,0,0,0,0,,,,,,,,,,,0,
2023-04-02,ORH,42,0,0,0,0,,,,,,,,,,,0,
2023-04-03,ORH,27,0,0,0,0,,,,,,,,,,,0,
2023-04-04,ORH,72,0,0,0,0,,,,,,,,,,,0,
2023-04-05,ORH,34,0,0,0,0,,,,,,,,,,,0,
2023-04-06,ORH,37,0,0,0,0,,,,,,,,,,,0,
2023-04-07,ORH,28,0,0,0,0,,,,,,,,,,,0,
2023-04-08,ORH,95,0,0,0,0,,,,,,,,,,,0,
2023-04-09,ORH,62,0,0,0,0,,,,,,,,,,,0,
2023-04-10,ORH,100,0,1,1,0,,,,,,,,,,,1,
2023-04-11,ORH,52,1,1,2,0,,,,,,,,,,,2,
2023-04-12,ORH,23,0,0,0,0,,,,,,,,,,,0,
2023-04-13,ORH,87,0,0,0,0,,,,,,,,,,,0,
2023-04-14,ORH,70,0,1,1,0,,,,,,,,,,,1,
2023-04-15,ORH,70,0,0,0,0,,,,,,,,,,,0,
2023-04-16,ORH,27,0,0,0,0,,,,,,,,,,,0,
2023-04-17,ORH,5,0,0,0,0,,,,,,,,,,,0,
2023-04-18,ORH,86,0,0,0,0,,,,,,,,,,,0,
2023-04-19,ORH,85,0,0,0,0,,,,,,,,,,,0,
2023-04-20,ORH,133,0,0,0,0,,,,,,,,,,,0,
2023-04-21,ORH,69,0,0,0,0,,,,,,,,,,,0,
2023-04-22,ORH,42,0,0,0,0,,,,,,,,,,,0,
2023-04-23,ORH,18,0,0,0,0,,,,,,,,,,,0,
2023-04-24,ORH,30,0,0,0,0,,,,,,,,,,,0,
2023-04-25,ORH,60,0,0,0,0,,,,,,,,,,,0,
2023-04-26,ORH,44,1,1,2,0,,,,,,,,,,,2,
2023-04-27,ORH,60,0,0,0,0,,,,,,,,,,,0,
2023-04-28,ORH,121,3,2,5,0,,,,,,,,,,,5,
2023-04-29,ORH,23,0,0,0,0,,,,,,,,,,,0,
2023-04-30,ORH,7,0,0,0,0,,,,,,,,,,,0,
2023-05-01,ORH,33,0,0,0,0,,,,,,,,,,,0,
2023-05-02,ORH,21,0,0,0,0,,,,,,,,,,,0,
2023-05-03,ORH,29,0,0,0,0,,,,,,,,,,,0,
2023-05-04,ORH,25,0,0,0,0,,,,,,,,,,,0,
2023-05-05,ORH,65,0,0,0,0,,,,,,,,,,,0,
2023-05-06,ORH,165,0,1,1,0,,,,,,,,,,,1,
2023-05-07,ORH,64,2,1,3,0,,,,,,,,,,,3,
2023-05-08,ORH,67,0,0,0,0,,,,,,,,,,,0,
2023-05-09,ORH,144,1,1,2,0,,,,,,,,,,,2,
2023-05-10,ORH,145,0,0,0,0,,,,,,,,,,,0,
2023-05-11,ORH,170,4,4,8,0,,,,,,,,,,,8,
2023-05-12,ORH,47,0,0,0,0,,,,,,,,,,,0,
2023-05-13,ORH,89,0,1,1,0,,,,,,,,,,,1,
2023-05-14,ORH,84,1,2,3,0,,,,,,,,,,,3,
2023-05-15,ORH,88,1,0,1,0,,,,,,,,,,,1,
2023-05-16,ORH,65,0,0,0,0,,,,,,,,,,,0,
2023-05-17,ORH,35,0,0,0,0,,,,,,,,,,,0,
2023-05-18,ORH,173,1,0,1,0,,,,,,,,,,,1,
2023-05-19,ORH,58,0,0,0,0,,,,,,,,,,,0,
2023-05-20,ORH,36,0,0,0,0,,,,,,,,,,,0,
2023-05-21,ORH,73,0,0,0,0,,,,,,,,,,,0,
2023-05-22,ORH,43,0,0,0,0,,,,,,,,,,,0,
2023-05-23,ORH,87,0,1,1,0,,,,,,,,,,,1,
2023-05-24,ORH,123,0,0,0,0,,,,,,,,,,,0,
2023-05-25,ORH,119,0,1,1,0,,,,,,,,,,,1,
2023-05-26,ORH,77,0,0,0,0,,,,,,,,,,,0,
2023-05-27,ORH,88,0,0,0,0,,,,,,,,,,,0,
2023-05-28,ORH,83,5,4,9,0,,,,,,,,,,,9,
2023-05-29,ORH,65,0,0,0,0,,,,,,,,,,,0,
2023-05-30,ORH,81,0,0,0,0,,,,,,,,,,,0,
2023-05-31,ORH,126,0,0,0,0,,,,,,,,,,,0,
2023-06-01,ORH,118,0,0,0,0,,,,,,,,,,,0,
2023-06-02,ORH,63,0,0,0,0,,,,,,,,,,,0,
2023-06-03,ORH,38,0,0,0,0,,,,,,,,,,,0,
2023-06-04,ORH,19,0,0,0,0,,,,,,,,,,,0,
2023-06-05,ORH,54,0,1,1,0,,,,,,,,,,,1,
2023-06-06,ORH,47,0,0,0,0,,,,,,,,,,,0,
2023-06-07,ORH,151,0,0,0,0,,,,,,,,,,,0,
2023-06-08,ORH,59,0,0,0,0,,,,,,,,,,,0,
2023-06-09,ORH,50,0,0,0,0,,,,,,,,,,,0,
2023-06-10,ORH,114,1,1,2,0,,,,,,,,,,,2,
2023-06-11,ORH,118,4,4,8,0,,,,,,,,,,,8,
2023-06-12,ORH,75,0,0,0,0,,,,,,,,,,,0,
2023-06-13,ORH,49,0,0,0,0,,,,,,,,,,,0,
2023-06-14,ORH,77,0,0,0,0,,,,,,,,,,,0,
2023-06-15,ORH,67,0,0,0,0,,,,,,,,,,,0,
2023-06-16,ORH,38,0,0,0,0,,,,,,,,,,,0,
2023-06-17,ORH,16,0,0,0,0,,,,,,,,,,,0,
2023-06-18,ORH,57,0,0,0,0,,,,,,,,,,,0,
2023-06-19,ORH,80,1,1,2,0,,,,,,,,,,,2,
2023-06-20,ORH,90,0,1,1,0,,,,,,,,,,,1,
2023-06-21,ORH,124,0,1,1,0,,,,,,,,,,,1,
2023-06-22,ORH,141,0,0,0,0,,,,,,,,,,,0,
2023-06-23,ORH,50,0,0,0,0,,,,,,,,,,,0,
2023-06-24,ORH,18,0,0,0,0,,,,,,,,,,,0,
2023-06-25,ORH,45,0,0,0,0,,,,,,,,,,,0,
2023-06-26,ORH,37,0,0,0,0,,,,,,,,,,,0,
2023-06-27,ORH,39,0,0,0,0,,,,,,,,,,,0,
2023-06-28,ORH,21,0,0,0,0,,,,,,,,,,,0,
2023-06-29,ORH,102,0,0,0,0,,,,,,,,,,,0,
2023-06-30,ORH,108,1,0,1,0,,,,,,,,,,,1,
2023-07-01,ORH,38,0,0,0,0,,,,,,,,,,,0,
2023-07-02,ORH,19,0,0,0,0,,,,,,,,,,,0,
2023-07-03,ORH,34,0,0,0,0,,,,,,,,,,,0,
2023-07-04,ORH,11,0,0,0,0,,,,,,,,,,,0,
2023-07-05,ORH,94,2,3,5,0,,,,,,,,,,,5,
2023-07-06,ORH,83,3,2,5,0,,,,,,,,,,,5,
2023-07-07,ORH,132,0,1,1,0,,,,,,,,,,,1,
2023-07-08,ORH,31,0,0,0,0,,,,,,,,,,,0,
2023-07-09,ORH,28,0,0,0,0,,,,,,,,,,,0,
2023-07-10,ORH,27,0,0,0,0,,,,,,,,,,,0,
2023-07-11,ORH,103,2,0,2,0,,,,,,,,,,,2,
2023-07-12,ORH,116,3,2,5,0,,,,,,,,,,,5,
2023-07-17,ORH,52,1,2,3,0,,,,,,,,,,,3,
2023-07-18,ORH,28,0,0,0,0,,,,,,,,,,,0,
2023-07-19,ORH,115,0,1,1,0,,,,,,,,,,,1,
2023-07-20,ORH,117,1,1,2,0,,,,,,,,,,,2,
2023-07-21,ORH,31,0,0,0,0,,,,,,,,,,,0,
2023-07-22,ORH,107,0,1,1,0,,,,,,,,,,,1,
2023-07-23,ORH,130,2,2,4,0,,,,,,,,,,,4,
2023-07-24,ORH,112,1,1,2,0,,,,,,,,,,,2,
2023-07-25,ORH,35,0,0,0,0,,,,,,,,,,,0,
2023-07-26,ORH,126,0,0,0,0,,,,,,,,,,,0,
2023-07-27,ORH,19,0,0,0,0,,,,,,,,,,,0,
2023-07-28,ORH,72,0,0,0,0,,,,,,,,,,,0,
2023-07-29,ORH,36,0,0,0,0,,,,,,,,,,,0,
2023-07-30,ORH,79,0,0,0,0,,,,,,,,,,,0,
2023-07-31,ORH,83,1,2,3,0,,,,,,,,,,,3,
2023-08-01,ORH,101,1,2,3,0,,,,,,,,,,,3,
2023-08-02,ORH,184,2,3,5,0,,,,,,,,,,,5,
2023-08-03,ORH,120,0,0,0,0,,,,,,,,,,,0,
2023-08-04,ORH,27,0,0,0,0,,,,,,,,,,,0,
2023-08-05,ORH,55,0,0,0,0,,,,,,,,,,,0,
2023-08-06,ORH,166,2,1,3,0,,,,,,,,,,,3,
2023-08-07,ORH,16,0,1,1,0,,,,,,,,,,,1,
2023-08-08,ORH,14,1,0,1,0,,,,,,,,,,,1,
2023-08-09,ORH,85,3,3,6,0,,,,,,,,,,,6,
2023-08-10,ORH,75,0,1,1,0,,,,,,,,,,,1,
2023-08-11,ORH,62,0,0,0,0,,,,,,,,,,,0,
2023-08-12,ORH,76,3,0,3,0,,,,,,,,,,,3,
2023-08-13,ORH,81,2,4,6,0,,,,,,,,,,,6,
2023-08-14,ORH,101,0,0,0,0,,,,,,,,,,,0,
2023-08-15,ORH,18,0,0,0,0,,,,,,,,,,,0,
2023-08-18,ORH,35,2,2,4,0,,,,,,,,,,,4,
2023-08-19,ORH,72,1,1,2,0,,,,,,,,,,,2,
2023-08-20,ORH,109,2,0,2,0,,,,,,,,,,,2,
2023-08-21,ORH,68,0,1,1,0,,,,,,,,,,,1,
2023-08-22,ORH,94,2,4,6,0,,,,,,,,,,,6,
2023-08-23,ORH,144,2,1,3,0,,,,,,,,,,,3,
2023-08-24,ORH,97,5,4,9,0,,,,,,,,,,,9,
2023-08-25,ORH,9,0,0,0,0,,,,,,,,,,,0,
2023-08-26,ORH,125,0,0,0,0,,,,,,,,,,,0,
2023-08-27,ORH,57,0,0,0,0,,,,,,,,,,,0,
2023-08-28,ORH,65,0,0,0,0,,,,,,,,,,,0,
2023-08-29,ORH,42,0,0,0,0,,,,,,,,,,,0,
2023-08-30,ORH,32,0,0,0,0,,,,,,,,,,,0,
2023-08-31,ORH,69,1,1,2,0,,,,,,,,,,,2,
2023-09-01,ORH,50,0,0,0,0,,,,,,,,,,,0,
2023-09-02,ORH,80,1,0,1,0,,,,,,,,,,,1,
2023-09-03,ORH,100,4,2,6,0,,,,,,,,,,,6,
2023-09-04,ORH,98,0,1,1,1,,,,,,,,,,,1,
2023-09-05,ORH,112,2,1,3,0,,,,,,,,,,,3,
2023-09-06,ORH,117,2,2,4,1,,,,,,,,,,,4,
2023-09-07,ORH,61,0,0,0,0,,,,,,,,,,,0,
2023-09-08,ORH,19,1,0,1,0,,,,,,,,,,,1,
2023-09-09,ORH,29,0,0,0,0,,,,,,,,,,,0,
2023-09-10,ORH,12,0,0,0,0,,,,,,,,,,,0,
2023-09-11,ORH,12,0,0,0,0,,,,,,,,,,,0,
2023-09-12,ORH,27,0,0,0,0,,,,,,,,,,,0,
2023-09-13,ORH,9,0,0,0,0,,,,,,,,,,,0,
2023-09-14,ORH,116,0,0,0,0,,,,,,,,,,,0,
2023-09-15,ORH,29,0,0,0,0,,,,,,,,,,,0,
2023-09-16,ORH,18,0,0,0,0,,,,,,,,,,,0,
2023-09-17,ORH,87,0,0,0,0,,,,,,,,,,,0,
2023-09-18,ORH,9,0,0,0,0,,,,,,,,,,,0,
2023-09-19,ORH,90,1,2,3,0,,,,,,,,,,,3,
2023-09-20,ORH,86,0,2,2,0,,,,,,,,,,,2,
2023-09-21,ORH,126,0,0,0,0,,,,,,,,,,,0,
2023-09-22,ORH,132,1,1,2,0,,,,,,,,,,,2,
2023-09-23,ORH,38,0,0,0,0,,,,,,,,,,,0,
2023-09-24,ORH,23,0,0,0,0,,,,,,,,,,,0,
2023-09-25,ORH,22,0,0,0,0,,,,,,,,,,,0,
2023-09-26,ORH,36,0,0,0,0,,,,,,,,,,,0,
2023-09-27,ORH,117,2,3,5,0,,,,,,,,,,,5,
2023-09-28,ORH,75,0,0,0,0,,,,,,,,,,,0,
2023-09-30,ORH,54,0,0,0,0,,,,,,,,,,,0,
2023-10-01,ORH,117,0,1,1,0,,,,,,,,,,,1,
2023-10-02,ORH,95,0,2,2,0,,,,,,,,,,,2,
2023-10-03,ORH,86,0,0,0,0,,,,,,,,,,,0,
2023-10-04,ORH,97,0,0,0,0,,,,,,,,,,,0,
2023-10-05,ORH,93,0,1,1,0,,,,,,,,,,,1,
2023-10-06,ORH,16,0,0,0,0,,,,,,,,,,,0,
2023-10-07,ORH,24,0,0,0,0,,,,,,,,,,,0,
2023-10-08,ORH,61,0,0,0,0,,,,,,,,,,,0,
2023-10-09,ORH,135,0,0,0,0,,,,,,,,,,,0,
2023-10-10,ORH,129,2,1,3,0,,,,,,,,,,,3,
2023-10-11,ORH,173,0,0,0,0,,,,,,,,,,,0,
2023-10-12,ORH,121,0,2,2,0,,,,,,,,,,,2,
2023-10-13,ORH,75,0,2,2,0,,,,,,,,,,,2,
2023-10-14,ORH,121,0,1,1,0,,,,,,,,,,,1,
2023-10-15,ORH,70,0,0,0,0,,,,,,,,,,,0,
2023-10-16,ORH,43,0,1,1,0,,,,,,,,,,,1,
2023-10-17,ORH,54,0,0,0,0,,,,,,,,,,,0,
2023-10-18,ORH,115,1,4,5,0,,,,,,,,,,,5,
2023-10-19,ORH,97,0,0,0,0,,,,,,,,,,,0,
2023-10-20,ORH,33,0,0,0,0,,,,,,,,,,,0,
2023-10-21,ORH,15,0,0,0,0,,,,,,,,,,,0,
2023-10-22,ORH,57,0,0,0,0,,,,,,,,,,,0,
2023-10-23,ORH,117,0,0,0,0,,,,,,,,,,,0,
2023-10-24,ORH,127,1,0,1,0,,,,,,,,,,,1,
2023-10-25,ORH,75,1,0,1,0,,,,,,,,,,,1,
2023-10-26,ORH,202,4,4,8,0,,,,,,,,,,,8,
2023-10-27,ORH,169,8,4,12,0,,,,,,,,,,,12,
2023-10-28,ORH,136,0,0,0,0,,,,,,,,,,,0,
2023-10-29,ORH,38,0,0,0,0,,,,,,,,,,,0,
2023-10-30,ORH,9,0,0,0,0,,,,,,,,,,,0,
2023-10-31,ORH,159,1,3,4,0,,,,,,,,,,,4,
2023-11-01,ORH,27,0,0,0,0,,,,,,,,,,,0,
2023-11-02,ORH,154,0,1,1,0,,,,,,,,,,,1,
2023-11-03,ORH,44,0,0,0,0,,,,,,,,,,,0,
2023-11-04,ORH,251,2,3,5,0,,,,,,,,,,,5,
2023-11-05,ORH,131,0,0,0,0,,,,,,,,,,,0,
2023-11-06,ORH,64,0,0,0,0,,,,,,,,,,,0,
2023-11-07,ORH,49,0,0,0,0,,,,,,,,,,,0,
2023-11-08,ORH,39,0,0,0,0,,,,,,,,,,,0,
2023-11-09,ORH,7,0,0,0,0,,,,,,,,,,,0,
2023-11-10,ORH,122,1,1,2,0,,,,,,,,,,,2,
2023-11-11,ORH,106,1,1,2,0,,,,,,,,,,,2,
2023-11-12,ORH,163,1,1,2,0,,,,,,,,,,,2,
2023-11-13,ORH,121,1,1,2,0,,,,,,,,,,,2,
2023-11-14,ORH,39,0,0,0,0,,,,,,,,,,,0,
2023-11-15,ORH,99,0,0,0,0,,,,,,,,,,,0,
2023-11-16,ORH,214,2,2,4,0,,,,,,,,,,,4,
2023-11-17,ORH,63,0,1,1,0,,,,,,,,,,,1,
2023-11-18,ORH,51,1,1,2,0,,,,,,,,,,,2,
2023-11-19,ORH,96,0,0,0,0,,,,,,,,,,,0,
2023-11-20,ORH,98,2,2,4,0,,,,,,,,,,,4,
2023-11-21,ORH,114,0,0,0,0,,,,,,,,,,,0,
2023-11-22,ORH,17,0,0,0,0,,,,,,,,,,,0,
2023-11-23,ORH,26,0,0,0,0,,,,,,,,,,,0,
2023-11-24,ORH,75,1,0,1,0,,,,,,,,,,,1,
2023-11-25,ORH,95,3,2,5,0,,,,,,,,,,,5,
2023-11-26,ORH,96,1,0,1,0,,,,,,,,,,,1,
2023-11-27,ORH,49,0,0,0,0,,,,,,,,,,,0,
2023-11-28,ORH,55,1,0,1,0,,,,,,,,,,,1,
2023-11-29,ORH,97,1,1,2,1,,,,,,,,,,,2,
2023-11-30,ORH,93,0,0,0,0,,,,,,,,,,,0,
2023-12-01,ORH,42,2,2,4,0,,,,,,,,,,,4,
2023-12-02,ORH,17,0,0,0,0,,,,,,,,,,,0,
2023-12-03,ORH,18,0,0,0,0,,,,,,,,,,,0,
2023-12-04,ORH,25,0,0,0,0,,,,,,,,,,,0,
2023-12-05,ORH,21,0,0,0,0,,,,,,,,,,,0,
2023-12-06,ORH,33,0,0,0,0,,,,,,,,,,,0,
2023-12-07,ORH,96,4,3,7,0,,,,,,,,,,,7,
2023-12-08,ORH,68,2,1,3,0,,,,,,,,,,,3,
2023-12-09,ORH,35,0,0,0,0,,,,,,,,,,,0,
2023-12-10,ORH,8,0,0,0,0,,,,,,,,,,,0,
2023-12-11,ORH,30,0,0,0,0,,,,,,,,,,,0,
2023-12-12,ORH,147,0,0,0,0,,,,,,,,,,,0,
2023-12-13,ORH,113,0,0,0,0,,,,,,,,,,,0,
2023-12-14,ORH,129,1,3,4,0,,,,,,,,,,,4,
2023-12-15,ORH,87,0,0,0,0,,,,,,,,,,,0,
2023-12-16,ORH,130,0,1,1,0,,,,,,,,,,,1,
2023-12-17,ORH,24,0,0,0,0,,,,,,,,,,,0,
2023-12-18,ORH,11,0,0,0,0,,,,,,,,,,,0,
2023-12-19,ORH,65,0,0,0,0,,,,,,,,,,,0,
2023-12-20,ORH,103,1,2,3,0,,,,,,,,,,,3,
2023-12-22,ORH,81,0,0,0,0,,,,,,,,,,,0,
2023-12-23,ORH,125,0,0,0,0,,,,,,,,,,,0,
2023-12-24,ORH,19,0,0,0,0,,,,,,,,,,,0,
2023-12-25,ORH,10,0,0,0,0,,,,,,,,,,,0,
2023-12-26,ORH,35,0,0,0,0,,,,,,,,,,,0,
2023-12-27,ORH,23,2,2,4,0,,,,,,,,,,,4,
2023-12-28,ORH,12,0,0,0,0,,,,,,,,,,,0,
2023-12-29,ORH,18,0,0,0,0,,,,,,,,,,,0,
2023-12-30,ORH,21,0,0,0,0,,,,,,,,,,,0,
2023-12-31,ORH,63,0,0,0,0,,,,,,,,,,,0,
2024-01-01,ORH,61,0,0,0,0,,,,,,,,,,,0,
2024-01-02,ORH,155,0,0,0,0,,,,,,,,,,,0,
2024-01-03,ORH,73,0,0,0,0,,,,,,,,,,,0,
2024-01-04,ORH,61,0,0,0,0,,,,,,,,,,,0,
2024-01-05,ORH,46,0,0,0,0,,,,,,,,,,,0,
2024-01-06,ORH,54,0,0,0,1,,,,,,,,,,,0,
2024-01-07,ORH,0,0,0,0,0,,,,,,,,,,,0,
2024-01-08,ORH,77,0,1,1,0,,,,,,,,,,,1,
2024-01-09,ORH,53,0,0,0,0,,,,,,,,,,,0,
2024-01-10,ORH,19,0,0,0,0,,,,,,,,,,,0,
2024-01-11,ORH,110,1,0,1,0,,,,,,,,,,,1,
2024-01-12,ORH,212,0,0,0,0,,,,,,,,,,,0,
2024-01-13,ORH,13,0,0,0,0,,,,,,,,,,,0,
2024-01-14,ORH,17,0,0,0,0,,,,,,,,,,,0,
2024-01-15,ORH,136,0,0,0,0,,,,,,,,,,,0,
2024-01-16,ORH,4,0,0,0,0,,,,,,,,,,,0,
2024-01-17,ORH,71,1,0,1,0,,,,,,,,,,,1,
2024-01-18,ORH,76,0,0,0,0,,,,,,,,,,,0,
2024-01-19,ORH,54,0,0,0,0,,,,,,,,,,,0,
2024-01-20,ORH,67,0,0,0,0,,,,,,,,,,,0,
2024-01-21,ORH,77,1,3,4,0,,,,,,,,,,,4,
2024-01-22,ORH,126,2,2,4,0,,,,,,,,,,,4,
2024-01-23,ORH,52,0,0,0,0,,,,,,,,,,,0,
2024-01-24,ORH,4,0,0,0,0,,,,,,,,,,,0,
2024-01-25,ORH,63,0,1,1,0,,,,,,,,,,,1,
2024-01-26,ORH,7,0,0,0,0,,,,,,,,,,,0,
2024-01-27,ORH,21,0,0,0,0,,,,,,,,,,,0,
2024-01-28,ORH,11,0,0,0,0,,,,,,,,,,,0,
2024-01-29,ORH,11,0,0,0,0,,,,,,,,,,,0,
2024-01-30,ORH,9,0,0,0,0,,,,,,,,,,,0,
2024-01-31,ORH,26,0,0,0,0,,,,,,,,,,,0,
2024-02-01,ORH,57,0,0,0,0,,,,,,,,,,,0,
2024-02-02,ORH,22,0,0,0,0,,,,,,,,,,,0,
2024-02-03,ORH,90,0,0,0,0,,,,,,,,,,,0,
2024-02-04,ORH,84,1,2,3,0,,,,,,,,,,,3,
2024-02-05,ORH,60,0,0,0,0,,,,,,,,,,,0,
2024-02-06,ORH,58,0,0,0,0,,,,,,,,,,,0,
2024-02-07,ORH,112,2,2,4,0,,,,,,,,,,,4,
2024-02-08,ORH,117,0,4,4,0,,,,,,,,,,,4,
2024-02-09,ORH,45,1,0,1,0,,,,,,,,,,,1,
2024-02-10,ORH,90,0,1,1,0,,,,,,,,,,,1,
2024-02-11,ORH,102,0,0,0,0,,,,,,,,,,,0,
2024-02-12,ORH,91,0,0,0,0,,,,,,,,,,,0,
2024-02-13,ORH,4,0,0,0,0,,,,,,,,,,,0,
2024-02-14,ORH,13,0,0,0,0,,,,,,,,,,,0,
2024-02-15,ORH,65,1,0,1,0,,,,,,,,,,,1,
2024-02-16,ORH,25,0,0,0,0,,,,,,,,,,,0,
2024-02-17,ORH,23,0,0,0,0,,,,,,,,,,,0,
2024-02-18,ORH,46,0,0,0,0,,,,,,,,,,,0,
2024-02-19,ORH,118,0,0,0,0,,,,,,,,,,,0,
2024-02-20,ORH,92,0,0,0,0,,,,,,,,,,,0,
2024-02-21,ORH,95,0,0,0,0,,,,,,,,,,,0,
2024-02-22,ORH,126,0,0,0,0,,,,,,,,,,,0,
2024-02-23,ORH,18,0,0,0,0,,,,,,,,,,,0,
2024-02-24,ORH,40,0,0,0,0,,,,,,,,,,,0,
2024-02-25,ORH,186,0,2,2,0,,,,,,,,,,,2,
2024-02-26,ORH,84,0,0,0,0,,,,,,,,,,,0,
2024-02-27,ORH,74,0,1,1,0,,,,,,,,,,,1,
2024-02-28,ORH,21,0,0,0,0,,,,,,,,,,,0,
2024-03-01,ORH,172,2,2,4,0,,,,,,,,,,,4,
2024-03-02,ORH,12,0,0,0,0,,,,,,,,,,,0,
2024-03-03,ORH,26,0,0,0,0,,,,,,,,,,,0,
2024-03-04,ORH,65,0,0,0,0,,,,,,,,,,,0,
2024-03-05,ORH,10,0,0,0,0,,,,,,,,,,,0,
2024-03-06,ORH,22,0,0,0,0,,,,,,,,,,,0,
2024-03-07,ORH,31,0,0,0,0,,,,,,,,,,,0,
2024-03-08,ORH,141,0,0,0,0,,,,,,,,,,,0,
2024-03-09,ORH,20,0,0,0,0,,,,,,,,,,,0,
2024-03-10,ORH,31,0,0,0,0,,,,,,,,,,,0,
2024-03-11,ORH,18,0,0,0,0,,,,,,,,,,,0,
2024-03-12,ORH,32,0,0,0,0,,,,,,,,,,,0,
2024-03-13,ORH,286,6,0,6,0,,,,,,,,,,,6,
2024-03-14,ORH,201,0,0,0,0,,,,,,,,,,,0,
2024-03-15,ORH,24,0,0,0,0,,,,,,,,,,,0,
2024-03-16,ORH,175,2,0,2,0,,,,,,,,,,,2,
2024-03-17,ORH,40,0,0,0,0,,,,,,,,,,,0,
2024-03-18,ORH,67,0,0,0,0,,,,,,,,,,,0,
2024-03-19,ORH,62,0,0,0,0,,,,,,,,,,,0,
2024-03-20,ORH,66,0,0,0,0,,,,,,,,,,,0,
2024-03-21,ORH,39,0,0,0,0,,,,,,,,,,,0,
2024-03-22,ORH,136,0,0,0,0,,,,,,,,,,,0,
2024-03-23,ORH,16,0,0,0,0,,,,,,,,,,,0,
2024-03-24,ORH,82,0,0,0,0,,,,,,,,,,,0,
2024-03-25,ORH,48,0,3,3,0,,,,,,,,,,,3,
2024-03-26,ORH,22,1,6,7,0,,,,,,,,,,,7,
2024-03-27,ORH,23,1,7,8,0,,,,,,,,,,,8,
2024-03-28,ORH,14,6,6,12,1,,,,,,,,,,,12,
2024-03-29,ORH,55,11,9,20,0,,,,,,,,,,,20,
2024-03-30,ORH,65,18,11,29,0,,,,,,,,,,,29,
2024-03-31,ORH,76,27,23,50,0,,,,,,,,,,,50,
2024-04-01,ORH,143,40,34,74,0,,,,,,,,,,,74,
2024-04-02,ORH,71,2,15,17,0,,,,,,,,,,,17,
2024-04-03,ORH,8,0,3,3,0,,,,,,,,,,,3,
2024-04-04,ORH,13,1,5,6,0,,,,,,,,,,,6,
2024-04-05,ORH,51,26,26,52,1,,,,,,,,,,,52,
2024-04-06,ORH,15,8,2,10,0,,,,,,,,,,,10,
2024-04-07,ORH,81,15,11,26,0,,,,,,,,,,,26,
2024-04-08,ORH,78,12,8,20,1,,,,,,,,,,,20,
2024-04-09,ORH,87,8,20,28,0,,,,,,,,,,,28,
2024-04-10,ORH,100,3,9,12,0,,,,,,,,,,,12,
2024-04-11,ORH,3,0,1,1,0,,,,,,,,,,,1,
2024-04-12,ORH,16,3,6,9,0,,,,,,,,,,,9,
2024-04-13,ORH,75,23,18,41,0,,,,,,,,,,,41,
2024-04-14,ORH,67,10,3,13,0,,,,,,,,,,,13,
2024-04-15,ORH,69,6,3,9,0,,,,,,,,,,,9,
2024-04-16,ORH,88,18,11,29,0,,,,,,,,,,,29,
2024-04-17,ORH,175,24,35,59,0,,,,,,,,,,,59,
2024-04-18,ORH,18,0,9,9,0,,,,,,,,,,,9,
2024-04-19,ORH,140,17,32,49,0,,,,,,,,,,,49,
2024-04-20,ORH,60,13,11,24,1,,,,,,,,,,,24,
2024-04-21,ORH,180,50,45,95,1,,,,,,,,,,,95,
2024-04-22,ORH,73,20,14,34,0,,,,,,,,,,,34,
2024-04-23,ORH,166,30,35,65,0,,,,,,,,,,,65,
2024-04-24,ORH,70,17,15,32,3,,,,,,,,,,,32,
2024-04-25,ORH,200,22,26,48,4,,,,,,,,,,,48,
2024-04-26,ORH,162,33,33,66,1,,,,,,,,,,,66,
2024-04-27,ORH,140,42,26,68,0,,,,,,,,,,,68,
2024-04-28,ORH,78,32,29,61,0,,,,,,,,,,,61,
2024-04-29,ORH,80,5,0,5,0,,,,,,,,,,,5,
2024-04-30,ORH,42,0,3,3,0,,,,,,,,,,,3,
2024-05-01,ORH,32,0,1,1,0,,,,,,,,,,,1,
2024-05-02,ORH,61,16,12,28,0,,,,,,,,,,,28,
2024-05-03,ORH,43,0,7,7,0,,,,,,,,,,,7,
2024-05-04,ORH,183,12,28,40,0,,,,,,,,,,,40,
2024-05-05,ORH,27,1,7,8,0,,,,,,,,,,,8,
2024-05-06,ORH,27,5,6,11,0,,,,,,,,,,,11,
2024-05-07,ORH,215,17,20,37,0,,,,,,,,,,,37,
2024-05-08,ORH,15,0,1,1,0,,,,,,,,,,,1,
2024-05-09,ORH,119,12,6,18,2,,,,,,,,,,,18,
2024-05-10,ORH,62,0,4,4,0,,,,,,,,,,,4,
2024-05-11,ORH,154,0,10,10,0,,,,,,,,,,,10,
2024-05-12,ORH,78,14,10,24,0,,,,,,,,,,,24,
2024-05-13,ORH,113,27,20,47,1,,,,,,,,,,,47,
2024-05-14,ORH,78,14,15,29,0,,,,,,,,,,,29,
2024-05-15,ORH,22,0,1,1,0,,,,,,,,,,,1,
2024-05-16,ORH,26,1,0,1,0,,,,,,,,,,,1,
2024-05-17,ORH,130,0,5,5,0,,,,,,,,,,,5,
2024-05-18,ORH,16,1,3,4,0,,,,,,,,,,,4,
2024-05-19,ORH,60,0,8,8,0,,,,,,,,,,,8,
2024-05-20,ORH,121,7,18,25,1,,,,,,,,,,,25,
2024-05-21,ORH,107,29,27,56,0,,,,,,,,,,,56,
2024-05-22,ORH,158,28,17,45,1,,,,,,,,,,,45,
2024-05-23,ORH,52,23,19,42,0,,,,,,,,,,,42,
2024-05-24,ORH,196,47,44,91,1,,,,,,,,,,,91,
2024-05-25,ORH,182,10,4,14,0,,,,,,,,,,,14,
2024-05-26,ORH,129,0,0,0,0,,,,,,,,,,,0,
2024-05-27,ORH,10,0,1,1,0,,,,,,,,,,,1,
2024-05-28,ORH,102,8,1,9,0,,,,,,,,,,,9,
2024-05-29,ORH,206,1,0,1,0,,,,,,,,,,,1,
2024-05-30,ORH,32,9,15,24,0,,,,,,,,,,,24,
2024-05-31,ORH,144,22,16,38,0,,,,,,,,,,,38,
2024-06-01,ORH,212,2,2,4,0,,,,,,,,,,,4,
2024-06-02,ORH,147,33,36,69,0,,,,,,,,,,,69,
2024-06-03,ORH,73,7,14,21,0,,,,,,,,,,,21,
2024-06-04,ORH,139,10,10,20,1,,,,,,,,,,,20,
2024-06-05,ORH,131,15,8,23,0,,,,,,,,,,,23,
2024-06-06,ORH,22,0,0,0,0,,,,,,,,,,,0,
2024-06-07,ORH,64,1,0,1,0,,,,,,,,,,,1,
2024-06-08,ORH,101,1,0,1,0,,,,,,,,,,,1,
2024-06-09,ORH,24,2,2,4,0,,,,,,,,,,,4,
2024-06-10,ORH,93,5,0,5,0,,,,,,,,,,,5,
2024-06-11,ORH,128,12,5,17,0,,,,,,,,,,,17,
2024-06-12,ORH,154,18,11,29,0,,,,,,,,,,,29,
2024-06-13,ORH,169,14,11,25,0,,,,,,,,,,,25,
2024-06-14,ORH,77,4,1,5,0,,,,,,,,,,,5,
2024-06-15,ORH,133,13,9,22,0,,,,,,,,,,,22,
2024-06-16,ORH,107,1,5,6,0,,,,,,,,,,,6,
2024-06-17,ORH,85,3,2,5,0,,,,,,,,,,,5,
2024-06-18,ORH,145,6,3,9,0,,,,,,,,,,,9,
2024-06-19,ORH,159,5,4,9,0,,,,,,,,,,,9,
2024-06-20,ORH,94,11,2,13,0,,,,,,,,,,,13,
2024-06-21,ORH,96,5,3,8,0,,,,,,,,,,,8,
2024-06-22,ORH,25,0,6,6,0,,,,,,,,,,,6,
2024-06-23,ORH,54,3,0,3,0,,,,,,,,,,,3,
2024-06-24,ORH,112,7,1,8,0,,,,,,,,,,,8,
2024-06-25,ORH,157,22,12,34,0,,,,,,,,,,,34,
2024-06-26,ORH,138,9,6,15,0,,,,,,,,,,,15,
2024-06-27,ORH,188,15,9,24,0,,,,,,,,,,,24,
2024-06-28,ORH,138,11,3,14,0,,,,,,,,,,,14,
2024-06-29,ORH,64,9,3,12,0,,,,,,,,,,,12,
2024-06-30,ORH,55,14,5,19,1,,,,,,,,,,,19,
2024-07-01,ORH,98,5,2,7,0,,,,,,,,,,,7,
2024-07-02,ORH,131,7,9,16,0,,,,,,,,,,,16,
2024-07-03,ORH,75,7,2,9,0,,,,,,,,,,,9,
2024-07-04,ORH,29,4,0,4,0,,,,,,,,,,,4,
2024-07-05,ORH,11,1,1,2,0,,,,,,,,,,,2,
2024-07-06,ORH,23,0,0,0,0,,,,,,,,,,,0,
2024-07-07,ORH,138,10,4,14,0,,,,,,,,,,,14,
2024-07-08,ORH,113,9,4,13,0,,,,,,,,,,,13,
2024-07-09,ORH,68,4,1,5,0,,,,,,,,,,,5,
2024-07-10,ORH,22,2,0,2,0,,,,,,,,,,,2,
2024-07-11,ORH,72,0,1,1,0,,,,,,,,,,,1,
2024-07-12,ORH,133,2,0,2,0,,,,,,,,,,,2,
2024-07-13,ORH,41,3,1,4,0,,,,,,,,,,,4,
2024-07-14,ORH,146,8,4,12,0,,,,,,,,,,,12,
2024-07-15,ORH,48,1,0,1,0,,,,,,,,,,,1,
2024-07-16,ORH,131,2,0,2,0,,,,,,,,,,,2,
2024-07-17,ORH,99,1,1,2,0,,,,,,,,,,,2,
2024-07-18,ORH,167,5,1,6,0,,,,,,,,,,,6,
2024-07-19,ORH,121,3,1,4,0,,,,,,,,,,,4,
2024-07-20,ORH,131,28,22,50,0,,,,,,,,,,,50,
2024-07-21,ORH,187,28,22,50,0,,,,,,,,,,,50,
2024-07-22,ORH,121,6,12,18,0,,,,,,,,,,,18,
2024-07-23,ORH,63,5,2,7,0,,,,,,,,,,,7,
2024-07-24,ORH,31,0,0,0,0,,,,,,,,,,,0,
2024-07-25,ORH,38,0,0,0,0,,,,,,,,,,,0,
2024-07-26,ORH,102,5,4,9,0,,,,,,,,,,,9,
2024-07-27,ORH,127,14,10,24,0,,,,,,,,,,,24,
2024-07-28,ORH,164,8,19,27,0,,,,,,,,,,,27,
2024-07-29,ORH,35,4,2,6,0,,,,,,,,,,,6,
2024-07-30,ORH,36,6,4,10,0,,,,,,,,,,,10,
2024-07-31,ORH,21,2,2,4,0,,,,,,,,,,,4,
2024-08-01,ORH,114,12,6,18,0,,,,,,,,,,,18,
2024-08-02,ORH,63,1,3,4,0,,,,,,,,,,,4,
2024-08-03,ORH,40,7,6,13,0,,,,,,,,,,,13,
2024-08-04,ORH,11,1,3,4,0,,,,,,,,,,,4,
2024-08-05,ORH,150,21,17,38,0,,,,,,,,,,,38,
2024-08-06,ORH,30,0,0,0,0,,,,,,,,,,,0,
2024-08-07,ORH,63,0,0,0,0,,,,,,,,,,,0,
2024-08-08,ORH,125,0,2,2,0,,,,,,,,,,,2,
2024-08-09,ORH,9,0,1,1,0,,,,,,,,,,,1,
2024-08-10,ORH,105,4,3,7,0,,,,,,,,,,,7,
2024-08-11,ORH,147,19,13,32,0,,,,,,,,,,,32,
2024-08-12,ORH,105,13,8,21,0,,,,,,,,,,,21,
2024-08-13,ORH,210,26,19,45,0,,,,,,,,,,,45,
2024-08-14,ORH,50,13,9,22,1,,,,,,,,,,,22,
2024-08-15,ORH,85,10,7,17,0,,,,,,,,,,,17,
2024-08-16,ORH,27,1,8,9,0,,,,,,,,,,,9,
2024-08-17,ORH,67,1,6,7,0,,,,,,,,,,,7,
2024-08-18,ORH,17,0,1,1,0,,,,,,,,,,,1,
2024-08-19,ORH,19,2,3,5,0,,,,,,,,,,,5,
2024-08-20,ORH,70,1,1,2,0,,,,,,,,,,,2,
2024-08-21,ORH,159,10,11,21,0,,,,,,,,,,,21,
2024-08-22,ORH,182,22,16,38,0,,,,,,,,,,,38,
2024-08-23,ORH,148,26,19,45,0,,,,,,,,,,,45,
2024-08-24,ORH,108,9,4,13,0,,,,,,,,,,,13,
2024-08-25,ORH,117,16,3,19,0,,,,,,,,,,,19,
2024-08-26,ORH,41,4,6,10,0,,,,,,,,,,,10,
2024-08-27,ORH,193,18,9,27,0,,,,,,,,,,,27,
2024-08-28,ORH,99,4,5,9,0,,,,,,,,,,,9,
2024-08-29,ORH,73,2,10,12,0,,,,,,,,,,,12,
2024-08-30,ORH,100,0,11,11,0,,,,,,,,,,,11,
2024-08-31,ORH,47,7,7,14,0,,,,,,,,,,,14,
2024-09-01,ORH,31,15,11,26,0,,,,,,,,,,,26,
2024-09-02,ORH,193,22,12,34,0,,,,,,,,,,,34,
2024-09-03,ORH,118,23,18,41,1,,,,,,,,,,,41,
2024-09-04,ORH,106,22,21,43,1,,,,,,,,,,,43,
2024-09-05,ORH,146,2,4,6,0,,,,,,,,,,,6,
2024-09-06,ORH,49,2,6,8,0,,,,,,,,,,,8,
2024-09-07,ORH,108,9,7,16,0,,,,,,,,,,,16,
2024-09-08,ORH,151,12,3,15,0,,,,,,,,,,,15,
2024-09-09,ORH,52,4,7,11,0,,,,,,,,,,,11,
2024-09-10,ORH,116,16,11,27,1,,,,,,,,,,,27,
2024-09-11,ORH,81,6,6,12,0,,,,,,,,,,,12,
2024-09-12,ORH,135,21,25,46,0,,,,,,,,,,,46,
2024-09-13,ORH,165,21,16,37,0,,,,,,,,,,,37,
2024-09-14,ORH,151,20,25,45,1,,,,,,,,,,,45,
2024-09-15,ORH,122,4,11,15,0,,,,,,,,,,,15,
2024-09-16,ORH,135,3,2,5,1,,,,,,,,,,,5,
2024-09-17,ORH,133,11,9,20,1,,,,,,,,,,,20,
2024-09-18,ORH,82,4,10,14,3,,,,,,,,,,,14,
2024-09-19,ORH,85,4,7,11,0,,,,,,,,,,,11,
2024-09-20,ORH,30,2,1,3,0,,,,,,,,,,,3,
2024-09-21,ORH,16,0,0,0,0,,,,,,,,,,,0,
2024-09-22,ORH,42,1,0,1,0,,,,,,,,,,,1,
2024-09-23,ORH,55,1,2,3,0,,,,,,,,,,,3,
2024-09-24,ORH,58,1,0,1,0,,,,,,,,,,,1,
2024-09-25,ORH,33,7,7,14,0,,,,,,,,,,,14,
2024-09-26,ORH,19,5,7,12,0,,,,,,,,,,,12,
2024-09-27,ORH,155,34,22,56,0,,,,,,,,,,,56,
2024-09-28,ORH,96,7,14,21,0,,,,,,,,,,,21,
2024-09-29,ORH,38,0,9,9,0,,,,,,,,,,,9,
2024-09-30,ORH,130,25,34,59,0,,,,,,,,,,,59,
2024-10-01,ORH,40,1,4,5,0,,,,,,,,,,,5,
2024-10-02,ORH,133,7,12,19,1,,,,,,,,,,,19,
2024-10-03,ORH,123,23,23,46,0,,,,,,,,,,,46,
2024-10-04,ORH,99,19,19,38,0,,,,,,,,,,,38,
2024-10-05,ORH,68,23,15,38,0,,,,,,,,,,,38,
2024-10-06,ORH,137,9,16,25,0,,,,,,,,,,,25,
2024-10-07,ORH,22,2,8,10,0,,,,,,,,,,,10,
2024-10-08,ORH,83,19,18,37,1,,,,,,,,,,,37,
2024-10-09,ORH,118,13,14,27,1,,,,,,,,,,,27,
2024-10-10,ORH,132,12,1,13,0,,,,,,,,,,,13,
2024-10-11,ORH,119,15,17,32,0,,,,,,,,,,,32,
2024-10-12,ORH,43,2,2,4,0,,,,,,,,,,,4,
2024-10-13,ORH,57,11,9,20,0,,,,,,,,,,,20,
2024-10-14,ORH,20,1,2,3,0,,,,,,,,,,,3,
2024-10-15,ORH,105,10,6,16,0,,,,,,,,,,,16,
2024-10-16,ORH,84,12,12,24,0,,,,,,,,,,,24,
2024-10-17,ORH,192,41,50,91,0,,,,,,,,,,,91,
2024-10-18,ORH,117,20,32,52,0,,,,,,,,,,,52,
2024-10-19,ORH,104,30,23,53,0,,,,,,,,,,,53,
2024-10-20,ORH,149,32,33,65,0,,,,,,,,,,,65,
2024-10-21,ORH,134,39,35,74,0,,,,,,,,,,,74,
2024-10-22,ORH,150,12,25,37,0,,,,,,,,,,,37,
2024-10-23,ORH,88,15,11,26,0,,,,,,,,,,,26,
2024-10-24,ORH,135,32,26,58,0,,,,,,,,,,,58,
2024-10-25,ORH,100,18,16,34,0,,,,,,,,,,,34,
2024-10-26,ORH,77,9,6,15,0,,,,,,,,,,,15,
2024-10-27,ORH,95,9,6,15,0,,,,,,,,,,,15,
2024-10-28,ORH,142,13,15,28,0,,,,,,,,,,,28,
2024-10-29,ORH,130,1,4,5,0,,,,,,,,,,,5,
2024-10-30,ORH,88,13,12,25,2,,,,,,,,,,,25,
2024-10-31,ORH,129,23,16,39,0,,,,,,,,,,,39,
2024-11-01,ORH,74,15,12,27,0,,,,,,,,,,,27,
2024-11-02,ORH,118,41,31,72,0,,,,,,,,,,,72,
2024-11-03,ORH,176,45,38,83,0,,,,,,,,,,,83,
2024-11-04,ORH,134,35,39,74,0,,,,,,,,,,,74,
2024-11-05,ORH,67,16,14,30,1,,,,,,,,,,,30,
2024-11-06,ORH,82,6,2,8,3,,,,,,,,,,,8,
2024-11-07,ORH,101,28,21,49,1,,,,,,,,,,,49,
2024-11-08,ORH,47,11,9,20,0,,,,,,,,,,,20,
2024-11-09,ORH,92,26,24,50,0,,,,,,,,,,,50,
2024-11-10,ORH,86,21,17,38,0,,,,,,,,,,,38,
2024-11-11,ORH,50,20,15,35,0,,,,,,,,,,,35,
2024-11-12,ORH,39,8,3,11,0,,,,,,,,,,,11,
2024-11-13,ORH,175,23,28,51,1,,,,,,,,,,,51,
2024-11-14,ORH,148,17,34,51,0,,,,,,,,,,,51,
2024-11-15,ORH,128,35,29,64,0,,,,,,,,,,,64,
2024-11-16,ORH,56,26,19,45,0,,,,,,,,,,,45,
2024-11-17,ORH,125,33,25,58,0,,,,,,,,,,,58,
2024-11-18,ORH,89,31,27,58,0,,,,,,,,,,,58,
2024-11-19,ORH,125,46,36,82,0,,,,,,,,,,,82,
2024-11-20,ORH,112,28,35,63,1,,,,,,,,,,,63,
2024-11-21,ORH,31,9,13,22,0,,,,,,,,,,,22,
2024-11-22,ORH,24,10,12,22,0,,,,,,,,,,,22,
2024-11-23,ORH,16,7,7,14,0,,,,,,,,,,,14,
2024-11-24,ORH,39,15,9,24,0,,,,,,,,,,,24,
2024-11-25,ORH,86,28,27,55,1,,,,,,,,,,,55,
2024-11-26,ORH,54,14,19,33,0,,,,,,,,,,,33,
2024-11-27,ORH,96,31,30,61,0,,,,,,,,,,,61,
2024-11-28,ORH,9,5,5,10,0,,,,,,,,,,,10,
2024-11-29,ORH,28,10,7,17,0,,,,,,,,,,,17,
2024-11-30,ORH,97,32,31,63,0,,,,,,,,,,,63,
2024-12-01,ORH,140,46,39,85,0,,,,,,,,,,,85,
2024-12-02,ORH,138,40,34,74,0,,,,,,,,,,,74,
2024-12-03,ORH,118,24,19,43,1,,,,,,,,,,,43,
2024-12-04,ORH,105,35,37,72,0,,,,,,,,,,,72,
2024-12-05,ORH,18,8,8,16,0,,,,,,,,,,,16,
2024-12-06,ORH,21,7,6,13,0,,,,,,,,,,,13,
2024-12-07,ORH,129,27,22,49,3,,,,,,,,,,,49,
2024-12-08,ORH,54,16,12,28,0,,,,,,,,,,,28,
2024-12-09,ORH,73,9,11,20,0,,,,,,,,,,,20,
2024-12-10,ORH,5,1,1,2,0,,,,,,,,,,,2,
2024-12-12,ORH,31,11,9,20,2,,,,,,,,,,,20,
2024-12-13,ORH,99,35,29,64,0,,,,,,,,,,,64,
2024-12-14,ORH,210,66,61,127,1,,,,,,,,,,,127,
2024-12-15,ORH,137,29,42,71,0,,,,,,,,,,,71,
2024-12-16,ORH,13,3,4,7,0,,,,,,,,,,,7,
2024-12-17,ORH,57,13,10,23,1,,,,,,,,,,,23,
2024-12-18,ORH,61,21,21,42,0,,,,,,,,,,,42,
2024-12-19,ORH,120,34,23,57,1,,,,,,,,,,,57,
2024-12-20,ORH,17,1,8,9,0,,,,,,,,,,,9,
2024-12-21,ORH,21,6,5,11,0,,,,,,,,,,,11,
2024-12-22,ORH,73,28,25,53,0,,,,,,,,,,,53,
2024-12-23,ORH,119,32,27,59,1,,,,,,,,,,,59,
2024-12-24,ORH,17,4,4,8,1,,,,,,,,,,,8,
2024-12-25,ORH,75,10,11,21,0,,,,,,,,,,,21,
2024-12-26,ORH,127,32,31,63,0,,,,,,,,,,,63,
2024-12-27,ORH,109,32,33,65,0,,,,,,,,,,,65,
2024-12-29,ORH,18,10,11,21,0,,,,,,,,,,,21,
2024-12-31,ORH,149,46,52,98,0,,,,,,,,,,,98,
2025-01-01,ORH,6,3,3,6,0,,,,,,,,,,,6,
2025-01-02,ORH,11,6,3,9,0,,,,,,,,,,,9,
2025-01-03,ORH,20,7,6,13,0,,,,,,,,,,,13,
2025-01-04,ORH,34,7,8,15,1,,,,,,,,,,,15,
2025-01-05,ORH,51,16,13,29,0,,,,,,,,,,,29,
2025-01-06,ORH,61,21,18,39,0,,,,,,,,,,,39,
2025-01-07,ORH,43,9,7,16,1,,,,,,,,,,,16,
2025-01-08,ORH,16,5,8,13,0,,,,,,,,,,,13,
2025-01-09,ORH,26,12,7,19,0,,,,,,,,,,,19,
2025-01-10,ORH,127,35,33,68,1,,,,,,,,,,,68,
2025-01-11,ORH,11,0,6,6,0,,,,,,,,,,,6,
2025-01-12,ORH,157,24,22,46,0,,,,,,,,,,,46,
2025-01-13,ORH,82,22,22,44,0,,,,,,,,,,,44,
2025-01-14,ORH,48,5,3,8,4,,,,,,,,,,,8,
2025-01-15,ORH,53,10,10,20,3,,,,,,,,,,,20,
2025-01-16,ORH,156,47,41,88,0,,,,,,,,,,,88,
2025-01-17,ORH,131,37,39,76,0,,,,,,,,,,,76,
2025-01-18,ORH,22,6,5,11,0,,,,,,,,,,,11,
2025-01-19,ORH,18,5,6,11,0,,,,,,,,,,,11,
2025-01-20,ORH,35,6,4,10,0,,,,,,,,,,,10,
2025-01-21,ORH,119,29,30,59,2,,,,,,,,,,,59,
2025-01-22,ORH,48,8,6,14,3,,,,,,,,,,,14,
2025-01-23,ORH,53,14,12,26,1,,,,,,,,,,,26,
2025-01-24,ORH,85,17,14,31,0,,,,,,,,,,,31,
2025-01-25,ORH,97,30,29,59,0,,,,,,,,,,,59,
2025-01-26,ORH,32,13,8,21,0,,,,,,,,,,,21,
2025-01-27,ORH,32,11,8,19,1,,,,,,,,,,,19,
2025-01-28,ORH,29,7,6,13,2,,,,,,,,,,,13,
2025-01-29,ORH,8,4,3,7,0,,,,,,,,,,,7,
2025-01-30,ORH,34,10,8,18,3,,,,,,,,,,,18,
2025-01-31,ORH,11,4,5,9,0,,,,,,,,,,,9,
2025-02-01,ORH,22,7,3,10,0,,,,,,,,,,,10,
2025-02-02,ORH,130,17,32,49,1,,,,,,,,,,,49,
2025-02-03,ORH,76,12,10,22,2,,,,,,,,,,,22,
2025-02-04,ORH,49,10,6,16,1,,,,,,,,,,,16,
2025-02-05,ORH,92,25,21,46,0,,,,,,,,,,,46,
2025-02-06,ORH,13,0,2,2,0,,,,,,,,,,,2,
2025-02-07,ORH,38,9,3,12,0,,,,,,,,,,,12,
2025-02-08,ORH,122,39,39,78,0,,,,,,,,,,,78,
2025-02-09,ORH,25,5,5,10,0,,,,,,,,,,,10,
2025-02-10,ORH,71,20,13,33,2,,,,,,,,,,,33,
2025-02-11,ORH,90,15,12,27,3,,,,,,,,,,,27,
2025-02-12,ORH,14,5,6,11,0,,,,,,,,,,,11,
2025-02-13,ORH,13,3,6,9,0,,,,,,,,,,,9,
2025-02-14,ORH,34,10,13,23,0,,,,,,,,,,,23,
2025-02-15,ORH,112,27,36,63,0,,,,,,,,,,,63,
2025-02-16,ORH,0,0,0,0,0,,,,,,,,,,,0,
2025-02-17,ORH,27,9,6,15,0,,,,,,,,,,,15,
2025-02-18,ORH,35,10,9,19,0,,,,,,,,,,,19,
2025-02-19,ORH,71,17,15,32,0,,,,,,,,,,,32,
2025-02-20,ORH,42,2,9,11,1,,,,,,,,,,,11,
2025-02-21,ORH,52,12,11,23,0,,,,,,,,,,,23,
2025-02-22,ORH,195,52,51,103,1,,,,,,,,,,,103,
2025-02-23,ORH,110,28,26,54,0,,,,,,,,,,,54,
2025-02-24,ORH,133,43,34,77,0,,,,,,,,,,,77,
2025-02-25,ORH,85,17,17,34,1,,,,,,,,,,,34,
2025-02-26,ORH,156,44,42,86,0,,,,,,,,,,,86,
2025-02-27,ORH,21,2,12,14,0,,,,,,,,,,,14,
2025-02-28,ORH,84,19,19,38,0,,,,,,,,,,,38,
2025-03-01,ORH,36,14,10,24,0,,,,,,,,,,,24,
2025-03-02,ORH,39,13,14,27,0,,,,,,,,,,,27,
2025-03-03,ORH,127,40,38,78,0,,,,,,,,,,,78,
2025-03-04,ORH,54,15,14,29,1,,,,,,,,,,,29,
2025-03-05,ORH,19,9,10,19,0,,,,,,,,,,,19,
2025-03-06,ORH,18,9,10,19,0,,,,,,,,,,,19,
2025-03-07,ORH,17,8,7,15,0,,,,,,,,,,,15,
2025-03-08,ORH,23,9,11,20,0,,,,,,,,,,,20,
2025-03-09,ORH,55,12,13,25,1,,,,,,,,,,,25,
2025-03-10,ORH,55,15,13,28,0,,,,,,,,,,,28,
2025-03-11,ORH,60,11,11,22,3,,,,,,,,,,,22,
2025-03-12,ORH,121,19,23,42,4,,,,,,,,,,,42,
2025-03-13,ORH,75,20,30,50,0,,,,,,,,,,,50,
2025-03-14,ORH,115,29,40,69,1,,,,,,,,,,,69,
2025-03-15,ORH,49,14,17,31,1,,,,,,,,,,,31,
2025-03-16,ORH,19,10,9,19,0,,,,,,,,,,,19,
2025-03-17,ORH,16,8,8,16,0,,,,,,,,,,,16,
2025-03-18,ORH,73,15,26,41,1,,,,,,,,,,,41,
2025-03-19,ORH,129,32,41,73,1,,,,,,,,,,,73,
2025-03-20,ORH,19,6,13,19,0,,,,,,,,,,,19,
2025-03-21,ORH,39,16,14,30,0,,,,,,,,,,,30,
2025-03-22,ORH,98,21,18,39,0,,,,,,,,,,,39,
2025-03-23,ORH,121,32,32,64,0,,,,,,,,,,,64,
2025-03-24,ORH,15,7,11,18,0,,,,,,,,,,,18,
2025-03-25,ORH,106,19,18,37,4,,,,,,,,,,,37,
2025-03-26,ORH,95,28,31,59,1,,,,,,,,,,,59,
2025-03-27,ORH,132,43,41,84,3,,,,,,,,,,,84,
2025-03-28,ORH,92,23,19,42,0,,,,,,,,,,,42,
2025-03-29,ORH,16,7,10,17,0,,,,,,,,,,,17,
2025-03-30,ORH,23,11,13,24,0,,,,,,,,,,,24,
2025-03-31,ORH,12,5,9,14,0,,,,,,,,,,,14,
2025-04-01,ORH,45,18,15,33,1,,,,,,,,,,,33,
2025-04-02,ORH,197,38,53,91,1,,,,,,,,,,,91,
2025-04-03,ORH,14,8,6,14,0,,,,,,,,,,,14,
2025-04-04,ORH,124,31,31,62,0,,,,,,,,,,,62,
2025-04-05,ORH,91,25,31,56,0,,,,,,,,,,,56,
2025-04-06,ORH,54,20,21,41,0,,,,,,,,,,,41,
2025-04-07,ORH,18,8,17,25,0,,,,,,,,,,,25,
2025-04-08,ORH,44,12,14,26,0,,,,,,,,,,,26,
2025-04-09,ORH,154,44,42,86,2,,,,,,,,,,,86,
2025-04-11,ORH,37,10,21,31,0,,,,,,,,,,,31,
2025-04-12,ORH,11,4,10,14,0,,,,,,,,,,,14,
2025-04-13,ORH,27,9,10,19,1,,,,,,,,,,,19,
2025-04-14,ORH,208,52,46,98,0,,,,,,,,,,,98,
2025-04-15,ORH,84,16,18,34,0,,,,,,,,,,,34,
2025-04-16,ORH,75,13,13,26,1,,,,,,,,,,,26,
2025-04-17,ORH,116,29,27,56,3,,,,,,,,,,,56,
2025-04-18,ORH,185,42,39,81,0,,,,,,,,,,,81,
2025-04-19,ORH,84,17,19,36,0,,,,,,,,,,,36,
2025-04-20,ORH,53,18,16,34,0,,,,,,,,,,,34,
2025-04-21,ORH,228,52,52,104,2,,,,,,,,,,,104,
2025-04-22,ORH,87,27,27,54,2,,,,,,,,,,,54,
2025-04-23,ORH,135,24,25,49,1,,,,,,,,,,,49,
2025-04-24,ORH,171,46,55,101,0,,,,,,,,,,,101,
2025-04-25,ORH,117,31,35,66,0,,,,,,,,,,,66,
2025-04-26,ORH,17,9,11,20,0,,,,,,,,,,,20,
2025-04-27,ORH,40,12,12,24,0,,,,,,,,,,,24,
2025-04-28,ORH,126,36,34,70,0,,,,,,,,,,,70,
2025-04-29,ORH,48,8,9,17,0,,,,,,,,,,,17,
2025-04-30,ORH,48,10,13,23,5,,,,,,,,,,,23,
2025-05-01,ORH,157,43,45,88,1,,,,,,,,,,,88,
2025-05-02,ORH,44,14,12,26,0,,,,,,,,,,,26,
2025-05-03,ORH,161,39,40,79,0,,,,,,,,,,,79,
2025-05-04,ORH,38,7,4,11,0,,,,,,,,,,,11,
2025-05-05,ORH,15,0,2,2,0,,,,,,,,,,,2,
2025-05-06,ORH,14,0,0,0,0,,,,,,,,,,,0,
2025-05-07,ORH,54,10,3,13,0,,,,,,,,,,,13,
2025-05-09,ORH,8,0,0,0,0,,,,,,,,,,,0,
2025-05-10,ORH,32,6,2,8,1,,,,,,,,,,,8,
2025-05-11,ORH,86,12,10,22,0,,,,,,,,,,,22,
2025-05-12,ORH,82,14,8,22,0,,,,,,,,,,,22,
2025-05-13,ORH,152,14,23,37,0,,,,,,,,,,,37,
2025-05-14,ORH,50,1,1,2,0,,,,,,,,,,,2,
2025-05-15,ORH,20,0,2,2,0,,,,,,,,,,,2,
2025-05-16,ORH,74,11,8,19,0,,,,,,,,,,,19,
2025-05-17,ORH,38,14,15,29,0,,,,,,,,,,,29,
2025-05-18,ORH,90,20,22,42,3,,,,,,,,,,,42,
2025-05-19,ORH,62,12,10,22,0,,,,,,,,,,,22,
2025-05-20,ORH,110,19,22,41,0,,,,,,,,,,,41,
2025-05-21,ORH,59,17,23,40,1,,,,,,,,,,,40,
2025-05-22,ORH,23,11,22,33,0,,,,,,,,,,,33,
2025-05-23,ORH,70,29,27,56,0,,,,,,,,,,,56,
2025-05-24,ORH,53,10,12,22,0,,,,,,,,,,,22,
2025-05-25,ORH,59,24,24,48,0,,,,,,,,,,,48,
2025-05-26,ORH,131,32,37,69,1,,,,,,,,,,,69,
2025-05-27,ORH,242,56,58,114,2,,,,,,,,,,,114,
2025-05-28,ORH,183,25,27,52,1,,,,,,,,,,,52,
2025-05-29,ORH,48,0,1,1,0,,,,,,,,,,,1,
2025-05-30,ORH,128,2,3,5,1,,,,,,,,,,,5,
2025-05-31,ORH,23,3,0,3,1,,,,,,,,,,,3,
2025-06-01,ORH,55,4,3,7,0,,,,,,,,,,,7,
2025-06-02,ORH,152,47,45,92,0,,,,,,,,,,,92,
2025-06-03,ORH,206,71,71,142,0,,,,,,,,,,,142,
2025-06-04,ORH,140,40,46,86,0,,,,,,,,,,,86,
2025-06-05,ORH,96,14,6,20,1,,,,,,,,,,,20,
2025-06-06,ORH,68,1,8,9,0,,,,,,,,,,,9,
2025-06-07,ORH,12,3,4,7,0,,,,,,,,,,,7,
2025-06-08,ORH,90,24,34,58,0,,,,,,,,,,,58,
2025-06-09,ORH,40,10,18,28,1,,,,,,,,,,,28,
2025-06-10,ORH,15,8,12,20,0,,,,,,,,,,,20,
2025-06-11,ORH,136,39,38,77,2,,,,,,,,,,,77,
2025-06-12,ORH,91,25,24,49,4,,,,,,,,,,,49,
2025-06-13,ORH,177,46,47,93,6,,,,,,,,,,,93,
2025-06-14,ORH,37,12,18,30,1,,,,,,,,,,,30,
2025-06-15,ORH,126,22,33,55,11,,,,,,,,,,,55,
2025-06-16,ORH,185,43,51,94,5,,,,,,,,,,,94,
2025-06-18,ORH,29,7,5,12,0,,,,,,,,,,,12,
2025-06-19,ORH,56,22,19,41,0,,,,,,,,,,,41,
2025-06-20,ORH,41,13,13,26,0,,,,,,,,,,,26,
2025-06-21,ORH,193,44,42,86,0,,,,,,,,,,,86,
2025-06-22,ORH,44,14,14,28,0,,,,,,,,,,,28,
2025-06-23,ORH,224,59,59,118,4,,,,,,,,,,,118,
2025-06-24,ORH,78,25,26,51,1,,,,,,,,,,,51,
2025-06-25,ORH,140,35,30,65,0,,,,,,,,,,,65,
2025-06-26,ORH,67,2,11,13,1,,,,,,,,,,,13,
2025-06-27,ORH,154,8,25,33,0,,,,,,,,,,,33,
2025-06-28,ORH,25,10,15,25,0,,,,,,,,,,,25,
2025-06-29,ORH,120,36,33,69,0,,,,,,,,,,,69,
2025-06-30,ORH,138,45,45,90,0,,,,,,,,,,,90,
2025-07-01,ORH,24,8,7,15,0,,,,,,,,,,,15,
2025-07-02,ORH,72,25,22,47,3,,,,,,,,,,,47,
2025-07-03,ORH,87,20,20,40,1,,,,,,,,,,,40,
2025-07-04,ORH,85,18,22,40,1,,,,,,,,,,,40,
2025-07-05,ORH,127,27,17,44,0,,,,,,,,,,,44,
2025-07-06,ORH,86,23,21,44,0,,,,,,,,,,,44,
2025-07-07,ORH,47,14,12,26,0,,,,,,,,,,,26,
2025-07-08,ORH,144,42,42,84,2,,,,,,,,,,,84,
2025-07-09,ORH,20,9,14,23,0,,,,,,,,,,,23,
2025-07-10,ORH,21,7,17,24,1,,,,,,,,,,,24,
2025-07-11,ORH,56,11,9,20,0,,,,,,,,,,,20,
2025-07-12,ORH,60,15,18,33,2,,,,,,,,,,,33,
2025-07-13,ORH,83,26,25,51,0,,,,,,,,,,,51,
2025-07-14,ORH,24,13,13,26,0,,,,,,,,,,,26,
2025-07-15,ORH,163,41,39,80,3,,,,,,,,,,,80,
2025-07-16,ORH,132,40,39,79,2,,,,,,,,,,,79,
2025-07-17,ORH,42,14,12,26,0,,,,,,,,,,,26,
2025-07-18,ORH,159,24,23,47,0,,,,,,,,,,,47,
2025-07-19,ORH,116,34,39,73,0,,,,,,,,,,,73,
2025-07-20,ORH,30,13,14,27,0,,,,,,,,,,,27,
2025-07-21,ORH,109,18,15,33,0,,,,,,,,,,,33,
2025-07-22,ORH,105,36,35,71,1,,,,,,,,,,,71,
2025-07-23,ORH,186,39,40,79,1,,,,,,,,,,,79,
2025-07-24,ORH,86,28,27,55,2,,,,,,,,,,,55,
2025-07-25,ORH,60,14,13,27,0,,,,,,,,,,,27,
2025-07-26,ORH,64,18,19,37,0,,,,,,,,,,,37,
2025-07-27,ORH,22,11,9,20,0,,,,,,,,,,,20,
2025-07-28,ORH,108,25,26,51,1,,,,,,,,,,,51,
2025-07-29,ORH,140,32,29,61,1,,,,,,,,,,,61,
2025-07-30,ORH,175,36,36,72,1,,,,,,,,,,,72,
2025-07-31,ORH,17,9,15,24,0,,,,,,,,,,,24,
2025-08-01,ORH,83,20,28,48,0,,,,,,,,,,,48,
2025-08-02,ORH,169,33,35,68,4,,,,,,,,,,,68,
2025-08-03,ORH,176,52,50,102,4,,,,,,,,,,,102,
2025-08-04,ORH,104,24,22,46,0,,,,,,,,,,,46,
2025-08-05,ORH,120,25,34,59,1,,,,,,,,,,,59,
2025-08-06,ORH,132,32,37,69,1,,,,,,,,,,,69,
2025-08-07,ORH,138,31,38,69,2,,,,,,,,,,,69,
2025-08-08,ORH,201,53,48,101,0,,,,,,,,,,,101,
2025-08-09,ORH,165,33,35,68,0,,,,,,,,,,,68,
2025-08-10,ORH,140,26,27,53,0,,,,,,,,,,,53,
2025-08-11,ORH,124,21,21,42,0,,,,,,,,,,,42,
2025-08-12,ORH,126,30,35,65,2,,,,,,,,,,,65,
2025-08-13,ORH,149,39,43,82,11,,,,,,,,,,,82,
2025-08-14,ORH,95,22,23,45,3,,,,,,,,,,,45,
2025-08-15,ORH,93,16,27,43,0,,,,,,,,,,,43,
2025-08-16,ORH,153,43,42,85,1,,,,,,,,,,,85,
2025-08-17,ORH,86,24,23,47,0,,,,,,,,,,,47,
2025-08-18,ORH,81,32,36,68,0,,,,,,,,,,,68,
2025-08-19,ORH,173,50,56,106,2,,,,,,,,,,,106,
2025-08-20,ORH,34,10,15,25,1,,,,,,,,,,,25,
2025-08-21,ORH,60,16,23,39,1,,,,,,,,,,,39,
2025-08-22,ORH,99,16,18,34,0,,,,,,,,,,,34,
2025-08-23,ORH,189,39,38,77,7,,,,,,,,,,,77,
2025-08-24,ORH,91,23,20,43,0,,,,,,,,,,,43,
2025-08-25,ORH,35,10,12,22,0,,,,,,,,,,,22,
2025-08-26,ORH,181,58,58,116,3,,,,,,,,,,,116,
2025-08-27,ORH,68,12,14,26,1,,,,,,,,,,,26,
2025-08-28,ORH,257,38,37,75,9,,,,,,,,,,,75,
2025-08-29,ORH,80,20,21,41,0,,,,,,,,,,,41,
2025-08-30,ORH,171,35,35,70,0,,,,,,,,,,,70,
2025-08-31,ORH,109,29,33,62,0,,,,,,,,,,,62,
2025-09-01,ORH,73,22,26,48,1,,,,,,,,,,,48,
2025-09-02,ORH,93,34,41,75,1,,,,,,,,,,,75,
2025-09-03,ORH,91,30,28,58,2,,,,,,,,,,,58,
2025-09-04,ORH,101,31,30,61,1,,,,,,,,,,,61,
2025-09-05,ORH,73,14,12,26,1,,,,,,,,,,,26,
2025-09-06,ORH,24,11,12,23,0,,,,,,,,,,,23,
2025-09-07,ORH,41,18,20,38,0,,,,,,,,,,,38,
2025-09-08,ORH,136,30,32,62,2,,,,,,,,,,,62,
2025-09-09,ORH,160,57,62,119,1,,,,,,,,,,,119,
2025-09-10,ORH,53,15,24,39,0,,,,,,,,,,,39,
2025-09-11,ORH,127,37,41,78,1,,,,,,,,,,,78,
2025-09-12,ORH,104,27,32,59,0,,,,,,,,,,,59,
2025-09-13,ORH,152,35,35,70,1,,,,,,,,,,,70,
2025-09-14,ORH,159,36,41,77,4,,,,,,,,,,,77,
2025-09-15,ORH,97,29,30,59,0,,,,,,,,,,,59,
2025-09-18,ORH,89,31,24,55,0,,,,,,,,,,,55,
2025-09-19,ORH,184,33,34,67,1,,,,,,,,,,,67,
2025-09-20,ORH,137,29,33,62,0,,,,,,,,,,,62,
2025-09-21,ORH,119,39,46,85,1,,,,,,,,,,,85,
2025-09-22,ORH,77,17,17,34,0,,,,,,,,,,,34,
2025-09-23,ORH,72,22,19,41,0,,,,,,,,,,,41,
2025-09-24,ORH,17,6,12,18,0,,,,,,,,,,,18,
2025-09-25,ORH,14,6,13,19,0,,,,,,,,,,,19,
2025-09-28,ORH,131,46,39,85,0,,,,,,,,,,,85,
2025-09-30,ORH,82,23,32,55,0,,,,,,,,,,,55,
2025-10-01,ORH,78,18,20,38,4,,,,,,,,,,,38,
2025-10-02,ORH,92,32,35,67,0,,,,,,,,,,,67,
2025-10-03,ORH,161,27,30,57,2,,,,,,,,,,,57,
2025-10-04,ORH,202,32,31,63,0,,,,,,,,,,,63,
2025-10-05,ORH,174,46,52,98,1,,,,,,,,,,,98,
2025-10-06,ORH,107,32,29,61,0,,,,,,,,,,,61,
2025-10-07,ORH,56,12,12,24,0,,,,,,,,,,,24,
2025-10-08,ORH,45,10,7,17,3,,,,,,,,,,,17,
2025-10-09,ORH,117,31,36,67,0,,,,,,,,,,,67,
2025-10-10,ORH,177,39,42,81,1,,,,,,,,,,,81,
2025-10-11,ORH,168,43,45,88,0,,,,,,,,,,,88,
2025-10-12,ORH,19,6,11,17,0,,,,,,,,,,,17,
2025-10-13,ORH,9,6,7,13,0,,,,,,,,,,,13,
2025-10-14,ORH,26,7,13,20,0,,,,,,,,,,,20,
2025-10-15,ORH,42,12,16,28,0,,,,,,,,,,,28,
2025-10-16,ORH,73,25,24,49,0,,,,,,,,,,,49,
2025-10-17,ORH,130,39,40,79,0,,,,,,,,,,,79,
2025-10-18,ORH,265,77,71,148,2,,,,,,,,,,,148,
2025-10-19,ORH,119,32,29,61,5,,,,,,,,,,,61,
2025-10-20,ORH,30,13,15,28,0,,,,,,,,,,,28,
2025-10-21,ORH,89,24,26,50,2,,,,,,,,,,,50,
2025-10-22,ORH,33,14,14,28,0,,,,,,,,,,,28,
2025-10-23,ORH,149,43,47,90,1,,,,,,,,,,,90,
2025-10-24,ORH,196,55,55,110,0,,,,,,,,,,,110,
2025-10-25,ORH,209,50,50,100,1,,,,,,,,,,,100,
2025-10-26,ORH,110,36,35,71,0,,,,,,,,,,,71,
2025-10-27,ORH,106,33,40,73,0,,,,,,,,,,,73,
2025-10-28,ORH,97,18,26,44,0,,,,,,,,,,,44,
2025-10-29,ORH,45,14,18,32,1,,,,,,,,,,,32,
2025-10-30,ORH,14,7,10,17,0,,,,,,,,,,,17,
2025-10-31,ORH,24,12,7,19,1,,,,,,,,,,,19,
2025-11-01,ORH,50,13,13,26,1,,,,,,,,,,,26,
2025-11-02,ORH,154,48,49,97,0,,,,,,,,,,,97,
2025-11-03,ORH,80,23,22,45,0,,,,,,,,,,,45,
2025-11-04,ORH,40,6,5,11,0,,,,,,,,,,,11,
2025-11-05,ORH,150,38,40,78,1,,,,,,,,,,,78,
2025-11-06,ORH,70,11,12,23,1,,,,,,,,,,,23,
2025-11-07,ORH,92,26,27,53,1,,,,,,,,,,,53,
2025-11-08,ORH,117,34,33,67,0,,,,,,,,,,,67,
2025-11-09,ORH,64,20,28,48,0,,,,,,,,,,,48,
2025-11-10,ORH,29,12,16,28,0,,,,,,,,,,,28,
2025-11-11,ORH,50,7,5,12,1,,,,,,,,,,,12,
2025-11-12,ORH,122,15,17,32,1,,,,,,,,,,,32,
2025-11-13,ORH,68,16,16,32,1,,,,,,,,,,,32,
2025-11-14,ORH,120,36,35,71,1,,,,,,,,,,,71,
2025-11-15,ORH,265,72,70,142,0,,,,,,,,,,,142,
2025-11-16,ORH,19,10,11,21,0,,,,,,,,,,,21,
2025-11-17,ORH,47,17,16,33,1,,,,,,,,,,,33,
2025-11-18,ORH,104,30,33,63,2,,,,,,,,,,,63,
2025-11-19,ORH,200,46,46,92,3,,,,,,,,,,,92,
2025-11-20,ORH,204,56,59,115,4,,,,,,,,,,,115,
2025-11-21,ORH,42,13,15,28,0,,,,,,,,,,,28,
2025-11-22,ORH,124,31,30,61,0,,,,,,,,,,,61,
2025-11-23,ORH,83,22,24,46,1,,,,,,,,,,,46,
2025-11-24,ORH,112,28,30,58,2,,,,,,,,,,,58,
2025-11-25,ORH,176,41,42,83,4,,,,,,,,,,,83,
2025-11-26,ORH,29,15,14,29,0,,,,,,,,,,,29,
2025-11-27,ORH,25,6,3,9,0,,,,,,,,,,,9,
2025-11-28,ORH,35,6,9,15,0,,,,,,,,,,,15,
2025-11-29,ORH,51,21,17,38,0,,,,,,,,,,,38,
2025-11-30,ORH,41,19,18,37,0,,,,,,,,,,,37,
2025-12-01,ORH,104,25,25,50,2,,,,,,,,,,,50,
2025-12-02,ORH,3,1,2,3,0,,,,,,,,,,,3,
2025-12-03,ORH,136,35,30,65,4,,,,,,,,,,,65,
2025-12-04,ORH,71,23,24,47,4,,,,,,,,,,,47,
2025-12-05,ORH,168,55,52,107,0,,,,,,,,,,,107,
2025-12-06,ORH,14,5,8,13,0,,,,,,,,,,,13,
2025-12-07,ORH,173,50,51,101,0,,,,,,,,,,,101,
2025-12-08,ORH,36,12,11,23,1,,,,,,,,,,,23,
2025-12-09,ORH,168,37,41,78,1,,,,,,,,,,,78,
2025-12-10,ORH,61,15,14,29,2,,,,,,,,,,,29,
2025-12-11,ORH,28,11,11,22,2,,,,,,,,,,,22,
2025-12-12,ORH,61,10,9,19,0,,,,,,,,,,,19,
2025-12-13,ORH,74,28,26,54,0,,,,,,,,,,,54,
2025-12-15,ORH,29,9,9,18,0,,,,,,,,,,,18,
2025-12-16,ORH,135,49,46,95,4,,,,,,,,,,,95,
2025-12-17,ORH,87,20,22,42,3,,,,,,,,,,,42,
2025-12-18,ORH,191,51,54,105,3,,,,,,,,,,,105,
2025-12-19,ORH,16,6,8,14,0,,,,,,,,,,,14,
2025-12-20,ORH,131,43,44,87,0,,,,,,,,,,,87,
2025-12-21,ORH,28,8,8,16,0,,,,,,,,,,,16,
2025-12-22,ORH,146,32,28,60,2,,,,,,,,,,,60,
2025-12-23,ORH,28,10,9,19,0,,,,,,,,,,,19,
2025-12-24,ORH,26,6,7,13,2,,,,,,,,,,,13,
2025-12-25,ORH,18,7,7,14,0,,,,,,,,,,,14,
2025-12-26,ORH,51,17,18,35,2,,,,,,,,,,,35,
2025-12-27,ORH,44,17,18,35,0,,,,,,,,,,,35,
2025-12-29,ORH,10,4,5,9,0,,,,,,,,,,,9,
2025-12-30,ORH,14,7,7,14,0,,,,,,,,,,,14,
2025-12-31,ORH,81,24,26,50,0,,,,,,,,,,,50,
2026-01-01,ORH,9,4,3,7,0,,,,,,,,,,,7,
2026-01-02,ORH,82,24,22,46,0,,,,,,,,,,,46,
2026-01-03,ORH,163,35,34,69,0,,,,,,,,,,,69,
2026-01-04,ORH,78,28,23,51,0,,,,,,,,,,,51,
2026-01-05,ORH,69,20,19,39,1,,,,,,,,,,,39,
2026-01-06,ORH,25,11,11,22,0,,,,,,,,,,,22,
2026-01-07,ORH,13,5,4,9,1,,,,,,,,,,,9,
2026-01-08,ORH,112,31,32,63,0,,,,,,,,,,,63,
2026-01-09,ORH,35,11,11,22,0,,,,,,,,,,,22,
2026-01-10,ORH,166,43,43,86,0,,,,,,,,,,,86,
2026-01-11,ORH,36,15,15,30,0,,,,,,,,,,,30,
2026-01-12,ORH,77,24,25,49,0,,,,,,,,,,,49,
2026-01-13,ORH,140,40,37,77,0,,,,,,,,,,,77,
2026-01-14,ORH,100,16,17,33,3,,,,,,,,,,,33,
2026-01-15,ORH,120,11,10,21,4,,,,,,,,,,,21,
2026-01-16,ORH,40,8,10,18,0,,,,,,,,,,,18,
2026-01-17,ORH,17,6,6,12,0,,,,,,,,,,,12,
2026-01-18,ORH,17,8,10,18,0,,,,,,,,,,,18,
2026-01-19,ORH,57,14,12,26,0,,,,,,,,,,,26,
2026-01-20,ORH,105,28,29,57,2,,,,,,,,,,,57,
2026-01-21,ORH,101,28,27,55,1,,,,,,,,,,,55,
2026-01-23,ORH,110,17,22,39,1,,,,,,,,,,,39,
2026-01-24,ORH,69,21,21,42,1,,,,,,,,,,,42,
2026-01-25,ORH,1,1,0,1,0,,,,,,,,,,,1,
2026-01-26,ORH,7,2,3,5,0,,,,,,,,,,,5,
2026-01-27,ORH,50,19,14,33,0,,,,,,,,,,,33,
2026-01-28,ORH,90,27,29,56,2,,,,,,,,,,,56,
2026-01-30,ORH,50,13,12,25,2,,,,,,,,,,,25,
2026-01-31,ORH,80,25,26,51,0,,,,,,,,,,,51,
2026-02-01,ORH,20,9,9,18,0,,,,,,,,,,,18,
2026-02-02,ORH,56,19,17,36,0,,,,,,,,,,,36,
2026-02-03,ORH,114,31,31,62,1,,,,,,,,,,,62,
2026-02-04,ORH,104,20,20,40,2,,,,,,,,,,,40,
2026-02-05,ORH,206,44,38,82,3,,,,,,,,,,,82,
2026-02-06,ORH,68,14,19,33,2,,,,,,,,,,,33,
2026-02-07,ORH,18,6,4,10,0,,,,,,,,,,,10,
2026-02-08,ORH,37,9,10,19,2,,,,,,,,,,,19,
2026-02-09,ORH,58,15,15,30,0,,,,,,,,,,,30,
2026-02-10,ORH,79,24,22,46,3,,,,,,,,,,,46,
2026-02-11,ORH,88,23,27,50,4,,,,,,,,,,,50,
2026-02-12,ORH,91,18,19,37,3,,,,,,,,,,,37,
2026-02-13,ORH,166,53,50,103,0,,,,,,,,,,,103,
2026-02-14,ORH,140,37,37,74,0,,,,,,,,,,,74,
2026-02-15,ORH,134,52,59,111,0,,,,,,,,,,,111,
2026-02-16,ORH,120,23,22,45,2,,,,,,,,,,,45,
2026-02-17,ORH,13,7,6,13,0,,,,,,,,,,,13,
2026-02-18,ORH,26,12,11,23,2,,,,,,,,,,,23,
2026-02-19,ORH,157,43,42,85,3,,,,,,,,,,,85,
2026-02-20,ORH,24,8,11,19,1,,,,,,,,,,,19,
2026-02-21,ORH,14,8,6,14,0,,,,,,,,,,,14,
2026-02-22,ORH,27,12,12,24,0,,,,,,,,,,,24,
2026-02-23,ORH,0,0,0,0,0,,,,,,,,,,,0,
2026-02-24,ORH,53,20,17,37,0,,,,,,,,,,,37,
2026-02-25,ORH,20,6,8,14,2,,,,,,,,,,,14,
2026-02-26,ORH,120,35,34,69,3,,,,,,,,,,,69,
2026-02-27,ORH,173,46,43,89,0,,,,,,,,,,,89,
2026-02-28,ORH,75,24,24,48,0,,,,,,,,,,,48,
2026-03-01,ORH,38,13,13,26,2,,,,,,,,,,,26,
2026-03-02,ORH,116,38,39,77,1,,,,,,,,,,,77,
2026-03-03,ORH,42,6,6,12,2,,,,,,,,,,,12,
2026-03-04,ORH,133,38,35,73,2,,,,,,,,,,,73,
2026-03-05,ORH,23,10,14,24,0,,,,,,,,,,,24,
2026-03-06,ORH,10,5,5,10,0,,,,,,,,,,,10,
2026-03-07,ORH,18,10,9,19,0,,,,,,,,,,,19,
2026-03-08,ORH,39,20,16,36,1,,,,,,,,,,,36,
2026-03-09,ORH,157,35,38,73,0,,,,,,,,,,,73,
2026-03-10,ORH,156,47,43,90,4,,,,,,,,,,,90,
2026-03-11,ORH,66,15,19,34,1,,,,,,,,,,,34,
2026-03-12,ORH,20,8,7,15,1,,,,,,,,,,,15,
2026-03-13,ORH,131,32,31,63,0,,,,,,,,,,,63,
2026-03-14,ORH,29,11,11,22,0,,,,,,,,,,,22,
2026-03-15,ORH,242,75,76,151,0,,,,,,,,,,,151,
2026-03-16,ORH,5,2,4,6,0,,,,,,,,,,,6,
2026-03-17,ORH,51,10,9,19,0,,,,,,,,,,,19,
2026-03-18,ORH,80,23,24,47,2,,,,,,,,,,,47,
2026-03-19,ORH,78,28,29,57,0,,,,,,,,,,,57,
2026-03-20,ORH,119,34,33,67,0,,,,,,,,,,,67,
2026-03-21,ORH,86,20,20,40,2,,,,,,,,,,,40,
2026-03-22,ORH,17,11,8,19,1,,,,,,,,,,,19,
2026-03-23,ORH,12,5,5,10,0,,,,,,,,,,,10,
2026-03-24,ORH,102,40,37,77,2,,,,,,,,,,,77,
2026-03-25,ORH,142,38,36,74,2,,,,,,,,,,,74,
2026-03-26,ORH,86,26,29,55,4,,,,,,,,,,,55,
2026-03-27,ORH,180,33,33,66,1,,,,,,,,,,,66,
2026-03-28,ORH,94,30,27,57,5,,,,,,,,,,,57,
2026-03-29,ORH,98,43,43,86,1,,,,,,,,,,,86,
2026-03-30,ORH,37,15,14,29,0,,,,,,,,,,,29,
2026-03-31,ORH,42,15,16,31,1,,,,,,,,,,,31,
2026-04-01,ORH,67,15,14,29,0,,,,,,,,,,,29,
2026-04-02,ORH,12,5,8,13,0,,,,,,,,,,,13,
2026-04-03,ORH,52,16,13,29,0,,,,,,,,,,,29,
2026-04-04,ORH,192,48,55,103,0,,,,,,,,,,,103,
2026-04-05,ORH,20,10,12,22,0,,,,,,,,,,,22,
2026-04-06,ORH,49,18,16,34,0,,,,,,,,,,,34,
2026-04-07,ORH,23,11,12,23,0,,,,,,,,,,,23,
2026-04-08,ORH,231,69,74,143,2,,,,,,,,,,,143,
2026-04-09,ORH,121,32,33,65,0,,,,,,,,,,,65,
2026-04-10,ORH,161,37,39,76,0,,,,,,,,,,,76,
2026-04-11,ORH,62,15,15,30,2,,,,,,,,,,,30,
2026-04-12,ORH,165,46,46,92,4,,,,,,,,,,,92,
2026-04-13,ORH,28,11,11,22,0,,,,,,,,,,,22,
2026-04-14,ORH,100,22,20,42,0,,,,,,,,,,,42,
2026-04-15,ORH,193,60,63,123,1,,,,,,,,,,,123,
2026-04-16,ORH,53,15,17,32,3,,,,,,,,,,,32,
2026-04-17,ORH,38,13,14,27,0,,,,,,,,,,,27,
2026-04-18,ORH,55,21,26,47,0,,,,,,,,,,,47,
2026-04-19,ORH,29,11,11,22,0,,,,,,,,,,,22,
2026-04-20,ORH,69,16,16,32,0,,,,,,,,,,,32,
2026-04-21,ORH,149,54,49,103,2,,,,,,,,,,,103,
2026-04-22,ORH,27,7,7,14,0,,,,,,,,,,,14,
2026-04-23,ORH,88,15,14,29,0,,,,,,,,,,,29,
2026-04-24,ORH,187,46,46,92,1,,,,,,,,,,,92,
2026-04-25,ORH,239,59,63,122,1,,,,,,,,,,,122,
2026-04-26,ORH,139,40,41,81,5,,,,,,,,,,,81,
2026-04-27,ORH,149,39,42,81,2,,,,,,,,,,,81,
2026-04-28,ORH,197,65,68,133,1,,,,,,,,,,,133,
2026-04-29,ORH,105,27,35,62,1,,,,,,,,,,,62,
2026-04-30,ORH,40,15,15,30,2,,,,,,,,,,,30,
2026-05-01,ORH,135,41,39,80,0,,,,,,,,,,,80,
2026-05-02,ORH,44,14,15,29,0,,,,,,,,,,,29,
2026-05-03,ORH,72,22,20,42,1,,,,,,,,,,,42,
2026-05-04,ORH,32,8,9,17,0,,,,,,,,,,,17,
2026-05-07,ORH,84,10,7,17,2,,,,,,,,,,,17,
2026-05-08,ORH,119,23,27,50,3,,,,,,,,,,,50,
2026-05-09,ORH,36,14,16,30,0,,,,,,,,,,,30,
2026-05-10,ORH,57,17,16,33,0,,,,,,,,,,,33,
2026-05-11,ORH,182,53,51,104,0,,,,,,,,,,,104,
2026-05-12,ORH,232,73,70,143,4,,,,,,,,,,,143,
2026-05-13,ORH,77,25,22,47,6,,,,,,,,,,,47,
2026-05-14,ORH,28,14,13,27,0,,,,,,,,,,,27,
2026-05-15,ORH,46,15,20,35,0,,,,,,,,,,,35,
2026-05-16,ORH,190,44,42,86,0,,,,,,,,,,,86,
2026-05-17,ORH,135,44,43,87,0,,,,,,,,,,,87,
2026-05-18,ORH,148,37,40,77,0,,,,,,,,,,,77,
2026-05-19,ORH,85,25,26,51,0,,,,,,,,,,,51,
2026-05-20,ORH,118,38,35,73,0,,,,,,,,,,,73,
2026-05-21,ORH,152,38,37,75,1,,,,,,,,,,,75,
2026-05-22,ORH,129,40,44,84,0,,,,,,,,,,,84,
2026-05-23,ORH,148,45,52,97,0,,,,,,,,,,,97,
2026-05-24,ORH,13,7,7,14,0,,,,,,,,,,,14,
2026-05-25,ORH,26,12,12,24,0,,,,,,,,,,,24,
2026-05-26,ORH,168,47,46,93,4,,,,,,,,,,,93,
2026-05-27,ORH,116,30,31,61,0,,,,,,,,,,,61,
2026-05-28,ORH,61,21,18,39,0,,,,,,,,,,,39,
2026-05-29,ORH,133,27,27,54,0,,,,,,,,,,,54,
2026-05-30,ORH,24,9,13,22,0,,,,,,,,,,,22,
2026-05-31,ORH,150,45,44,89,0,,,,,,,,,,,89,
2026-06-01,ORH,88,20,22,42,0,,,,,,,,,,,42,
2026-06-02,ORH,152,37,38,75,4,,,,,,,,,,,75,
2026-06-03,ORH,202,61,61,122,1,,,,,,,,,,,122,
2026-06-04,ORH,198,63,59,122,0,,,,,,,,,,,122,
2026-06-05,ORH,182,47,46,93,0,,,,,,,,,,,93,
2026-06-06,ORH,151,33,32,65,2,,,,,,,,,,,65,
2026-06-07,ORH,60,14,15,29,0,,,,,,,,,,,29,
2026-06-08,ORH,143,38,43,81,0,,,,,,,,,,,81,
2026-06-09,ORH,154,57,59,116,3,,,,,,,,,,,116,
2026-06-10,ORH,237,48,45,93,9,,,,,,,,,,,93,
2026-06-11,ORH,147,0,0,0,0,,,,,,,,,,,0,
2026-06-12,ORH,102,27,27,54,1,,,,,,,,,,,54,
2026-06-13,ORH,179,53,52,105,3,,,,,,,,,,,105,
2026-06-14,ORH,61,26,22,48,0,,,,,,,,,,,48,
2026-06-15,ORH,55,22,25,47,0,,,,,,,,,,,47,
2026-06-16,ORH,204,50,49,99,4,,,,,,,,,,,99,
2026-06-17,ORH,154,40,41,81,0,,,,,,,,,,,81,
2026-06-18,ORH,25,13,15,28,0,,,,,,,,,,,28,
2026-06-19,ORH,84,24,26,50,1,,,,,,,,,,,50,
2026-06-20,ORH,67,13,13,26,0,,,,,,,,,,,26,
2026-06-21,ORH,121,34,36,70,0,,,,,,,,,,,70,
2026-06-22,ORH,58,27,26,53,1,,,,,,,,,,,53,
2026-06-23,ORH,49,10,12,22,0,,,,,,,,,,,22,
2026-06-24,ORH,181,60,60,120,2,,,,,,,,,,,120,
2026-06-25,ORH,198,15,15,30,0,,,,,,,,,,,30,
2026-06-26,ORH,71,24,30,54,1,,,,,,,,,,,54,
2026-06-27,ORH,120,28,29,57,0,,,,,,,,,,,57,
2026-06-28,ORH,99,33,39,72,0,,,,,,,,,,,72,
2026-06-29,ORH,161,46,60,106,1,,,,,,,,,,,106,
2026-06-30,ORH,163,57,55,112,0,,,,,,,,,,,112,
2026-07-01,ORH,106,37,38,75,1,,,,,,,,,,,75,
2026-07-02,ORH,74,29,28,57,0,,,,,,,,,,,57,
2026-07-03,ORH,66,20,22,42,0,,,,,,,,,,,42,
2026-07-04,ORH,46,6,6,12,0,,,,,,,,,,,12,
2026-07-05,ORH,138,37,45,82,0,,,,,,,,,,,82,
2026-07-06,ORH,25,11,13,24,0,,,,,,,,,,,24,
2026-07-07,ORH,11,6,12,18,0,,,,,,,,,,,18,
2026-07-08,ORH,46,27,37,64,6,,,,,,,,,,,64,
2026-07-09,ORH,126,24,23,47,2,,,,,,,,,,,47,
2026-07-10,ORH,108,31,32,63,0,,,,,,,,,,,63,
2026-07-11,ORH,98,29,37,66,2,,,,,,,,,,,66,
2026-07-12,ORH,183,46,48,94,0,,,,,,,,,,,94,
2026-07-13,ORH,97,31,28,59,3,,,,,,,,,,,59,
2026-07-14,ORH,120,32,33,65,4,,,,,,,,,,,65,
2026-07-15,ORH,163,44,44,88,1,,,,,,,,,,,88,
2026-07-16,ORH,166,48,45,93,2,,,,,,,,,,,93,
2026-07-17,ORH,188,67,68,135,2,,,,,,,,,,,135,
2026-07-18,ORH,23,8,9,17,0,,,,,,,,,,,17,
2026-07-19,ORH,91,32,28,60,1,,,,,,,,,,,60,
2026-07-20,ORH,139,40,38,78,4,,,,,,,,,,,78,
2026-07-21,ORH,25,10,13,23,0,,,,,,,,,,,23,
2026-07-22,ORH,104,29,26,55,3,,,,,,,,,,,55,
2026-07-23,ORH,155,54,54,108,3,,,,,,,,,,,108,
2026-07-24,ORH,116,36,39,75,0,,,,,,,,,,,75,
2026-07-25,ORH,156,32,35,67,1,,,,,,,,,,,67,
2026-07-26,ORH,120,30,35,65,1,,,,,,,,,,,65,
2026-07-27,ORH,132,29,32,61,0,,,,,,,,,,,61,
2026-07-28,ORH,31,10,12,22,0,,,,,,,,,,,22,
2026-07-29,ORH,14,9,14,23,0,,,,,,,,,,,23,
2026-07-30,ORH,30,13,18,31,1,,,,,,,,,,,31,
2026-07-31,ORH,126,24,23,47,2,,,,,,,,,,,47,
2026-08-01,ORH,184,20,19,39,0,,,,,,,,,,,39,
2026-08-02,ORH,52,21,20,41,0,,,,,,,,,,,41,
2026-08-03,ORH,25,10,8,18,0,,,,,,,,,,,18,
2026-08-04,ORH,155,51,50,101,0,,,,,,,,,,,101,
2026-08-05,ORH,138,36,38,74,2,,,,,,,,,,,74,
2026-08-06,ORH,49,21,21,42,0,,,,,,,,,,,42,
2026-08-07,ORH,116,26,29,55,1,,,,,,,,,,,55,
2026-08-08,ORH,76,26,26,52,0,,,,,,,,,,,52,
2026-08-09,ORH,122,12,10,22,0,,,,,,,,,,,22,
2026-08-10,ORH,134,38,35,73,0,,,,,,,,,,,73,
2026-08-11,ORH,76,18,16,34,1,,,,,,,,,,,34,
2026-08-12,ORH,176,16,9,25,0,,,,,,,,,,,25,
2026-08-13,ORH,123,24,24,48,0,,,,,,,,,,,48,
2026-08-14,ORH,169,47,52,99,2,,,,,,,,,,,99,
2026-08-15,ORH,104,26,27,53,0,,,,,,,,,,,53,
2026-08-16,ORH,146,48,48,96,0,,,,,,,,,,,96,
2026-08-17,ORH,36,16,15,31,1,,,,,,,,,,,31,
2026-08-18,ORH,129,25,22,47,3,,,,,,,,,,,47,
2026-08-19,ORH,169,49,46,95,4,,,,,,,,,,,95,
2026-08-20,ORH,156,47,45,92,4,,,,,,,,,,,92,
2026-08-21,ORH,107,25,36,61,1,,,,,,,,,,,61,
2026-08-22,ORH,66,11,21,32,0,,,,,,,,,,,32,
2026-08-23,ORH,24,7,12,19,0,,,,,,,,,,,19,
2026-08-24,ORH,144,39,38,77,3,,,,,,,,,,,77,
2026-08-25,ORH,123,32,30,62,0,,,,,,,,,,,62,
2026-08-26,ORH,172,51,51,102,2,,,,,,,,,,,102,
2026-08-27,ORH,67,14,17,31,0,,,,,,,,,,,31,
2026-08-28,ORH,61,19,20,39,0,,,,,,,,,,,39,
2026-08-29,ORH,149,48,50,98,0,,,,,,,,,,,98,
2026-08-30,ORH,37,29,24,53,0,,,,,,,,,,,53,
2026-08-31,ORH,101,34,39,73,0,,,,,,,,,,,73,
2023-02-16,OWD,221,9,3,12,1,,,,,,,,,,,,12
2023-02-17,OWD,7,0,4,4,0,,,,,,,,,,,,4
2023-02-18,OWD,201,17,11,28,0,,,,,,,,,,,,28
2023-02-19,OWD,332,4,10,14,1,,,,,,,,,,,,14
2023-02-20,OWD,174,12,10,22,0,,,,,,,,,,,,22
2023-02-21,OWD,5,0,1,1,0,,,,,,,,,,,,1
2023-02-22,OWD,225,27,20,47,1,,,,,,,,,,,,47
2023-02-23,OWD,1,0,0,0,0,,,,,,,,,,,,0
2023-02-24,OWD,25,2,4,6,3,,,,,,,,,,,,6
2023-02-25,OWD,83,40,40,80,0,,,,,,,,,,,,80
2023-02-26,OWD,143,54,45,99,1,,,,,,,,,,,,99
2023-02-27,OWD,299,59,86,145,5,,,,,,,,,,,,145
2023-02-28,OWD,0,0,0,0,0,,,,,,,,,,,,0
2023-03-01,OWD,266,66,90,156,4,,,,,,,,,,,,156
2023-03-02,OWD,28,3,7,10,1,,,,,,,,,,,,10
2023-03-03,OWD,269,86,109,195,4,,,,,,,,,,,,195
2023-03-04,OWD,0,0,0,0,0,,,,,,,,,,,,0
2023-03-05,OWD,209,78,52,130,1,,,,,,,,,,,,130
2023-03-06,OWD,105,27,30,57,3,,,,,,,,,,,,57
2023-03-07,OWD,172,36,47,83,1,,,,,,,,,,,,83
2023-03-08,OWD,216,40,61,101,2,,,,,,,,,,,,101
2023-03-09,OWD,246,25,33,58,2,,,,,,,,,,,,58
2023-03-10,OWD,369,99,130,229,9,,,,,,,,,,,,229
2023-03-11,OWD,10,0,1,1,0,,,,,,,,,,,,1
2023-03-12,OWD,389,101,153,254,1,,,,,,,,,,,,254
2023-03-13,OWD,141,36,58,94,3,,,,,,,,,,,,94
2023-03-14,OWD,1,0,1,1,0,,,,,,,,,,,,1
2023-03-15,OWD,11,0,1,1,1,,,,,,,,,,,,1
2023-03-16,OWD,179,62,45,107,2,,,,,,,,,,,,107
2023-03-17,OWD,210,68,53,121,6,,,,,,,,,,,,121
2023-03-18,OWD,200,72,47,119,5,,,,,,,,,,,,119
2023-03-19,OWD,82,23,26,49,1,,,,,,,,,,,,49
2023-03-20,OWD,158,60,34,94,3,,,,,,,,,,,,94
2023-03-21,OWD,262,79,54,133,8,,,,,,,,,,,,133
2023-03-22,OWD,259,50,77,127,8,,,,,,,,,,,,127
2023-03-23,OWD,98,39,32,71,5,,,,,,,,,,,,71
2023-03-24,OWD,137,102,78,180,3,,,,,,,,,,,,180
2023-03-25,OWD,85,49,58,107,3,,,,,,,,,,,,107
2023-03-26,OWD,148,36,27,63,6,,,,,,,,,,,,63
2023-03-27,OWD,288,96,87,183,2,,,,,,,,,,,,183
2023-03-28,OWD,64,16,18,34,1,,,,,,,,,,,,34
2023-03-29,OWD,327,90,104,194,6,,,,,,,,,,,,194
2023-03-30,OWD,100,23,25,48,4,,,,,,,,,,,,48
2023-03-31,OWD,288,0,0,0,0,,,,,,,,,,,,0
2023-04-01,OWD,10,2,1,3,0,,,,,,,,,,,,3
2023-04-02,OWD,123,4,11,15,6,,,,,,,,,,,,15
2023-04-03,OWD,223,7,6,13,2,,,,,,,,,,,,13
2023-04-04,OWD,358,93,116,209,6,,,,,,,,,,,,209
2023-04-05,OWD,72,15,22,37,4,,,,,,,,,,,,37
2023-04-06,OWD,113,48,42,90,2,,,,,,,,,,,,90
2023-04-07,OWD,194,79,62,141,5,,,,,,,,,,,,141
2023-04-08,OWD,337,86,113,199,5,,,,,,,,,,,,199
2023-04-09,OWD,339,90,123,213,7,,,,,,,,,,,,213
2023-04-10,OWD,419,151,113,264,3,,,,,,,,,,,,264
2023-04-11,OWD,188,67,53,120,4,,,,,,,,,,,,120
2023-04-12,OWD,68,9,9,18,2,,,,,,,,,,,,18
2023-04-13,OWD,251,81,55,136,11,,,,,,,,,,,,136
2023-04-14,OWD,330,80,114,194,14,,,,,,,,,,,,194
2023-04-15,OWD,316,103,121,224,9,,,,,,,,,,,,224
2023-04-16,OWD,19,1,6,7,0,,,,,,,,,,,,7
2023-04-17,OWD,19,3,6,9,0,,,,,,,,,,,,9
2023-04-18,OWD,169,48,45,93,5,,,,,,,,,,,,93
2023-04-19,OWD,233,80,66,146,6,,,,,,,,,,,,146
2023-04-20,OWD,267,109,82,191,11,,,,,,,,,,,,191
2023-04-21,OWD,298,77,105,182,8,,,,,,,,,,,,182
2023-04-22,OWD,343,110,153,263,7,,,,,,,,,,,,263
2023-04-23,OWD,21,3,7,10,0,,,,,,,,,,,,10
2023-04-24,OWD,334,99,108,207,6,,,,,,,,,,,,207
2023-04-25,OWD,339,78,117,195,5,,,,,,,,,,,,195
2023-04-26,OWD,349,110,163,273,5,,,,,,,,,,,,273
2023-04-27,OWD,341,137,115,252,7,,,,,,,,,,,,252
2023-04-28,OWD,370,136,142,278,11,,,,,,,,,,,,278
2023-04-29,OWD,305,132,168,300,1,,,,,,,,,,,,300
2023-04-30,OWD,10,0,2,2,0,,,,,,,,,,,,2
2023-05-01,OWD,218,75,70,145,7,,,,,,,,,,,,145
2023-05-02,OWD,133,62,50,112,2,,,,,,,,,,,,112
2023-05-03,OWD,208,56,66,122,1,,,,,,,,,,,,122
2023-05-04,OWD,89,3,14,17,4,,,,,,,,,,,,17
2023-05-05,OWD,159,42,57,99,5,,,,,,,,,,,,99
2023-05-06,OWD,366,102,134,236,15,,,,,,,,,,,,236
2023-05-07,OWD,281,105,107,212,10,,,,,,,,,,,,212
2023-05-08,OWD,237,52,72,124,11,,,,,,,,,,,,124
2023-05-09,OWD,217,70,97,167,19,,,,,,,,,,,,167
2023-05-10,OWD,265,109,82,191,5,,,,,,,,,,,,191
2023-05-11,OWD,265,105,85,190,8,,,,,,,,,,,,190
2023-05-12,OWD,253,88,77,165,7,,,,,,,,,,,,165
2023-05-13,OWD,321,79,106,185,11,,,,,,,,,,,,185
2023-05-14,OWD,271,65,92,157,9,,,,,,,,,,,,157
2023-05-15,OWD,325,107,98,205,11,,,,,,,,,,,,205
2023-05-16,OWD,211,76,66,142,3,,,,,,,,,,,,142
2023-05-17,OWD,207,28,57,85,9,,,,,,,,,,,,85
2023-05-18,OWD,276,99,108,207,10,,,,,,,,,,,,207
2023-05-19,OWD,325,87,93,180,9,,,,,,,,,,,,180
2023-05-20,OWD,108,51,39,90,2,,,,,,,,,,,,90
2023-05-21,OWD,314,122,116,238,14,,,,,,,,,,,,238
2023-05-23,OWD,299,99,106,205,4,,,,,,,,,,,,205
2023-05-24,OWD,289,75,66,141,2,,,,,,,,,,,,141
2023-05-25,OWD,316,70,100,170,7,,,,,,,,,,,,170
2023-05-26,OWD,314,62,108,170,14,,,,,,,,,,,,170
2023-05-27,OWD,372,105,122,227,2,,,,,,,,,,,,227
2023-05-28,OWD,56,89,86,175,3,,,,,,,,,,,,175
2023-05-29,OWD,166,34,69,103,6,,,,,,,,,,,,103
2023-05-30,OWD,251,89,91,180,1,,,,,,,,,,,,180
2023-05-31,OWD,339,99,88,187,9,,,,,,,,,,,,187
2023-06-01,OWD,391,123,108,231,13,,,,,,,,,,,,231
2023-06-02,OWD,196,66,55,121,5,,,,,,,,,,,,121
2023-06-03,OWD,34,4,11,15,0,,,,,,,,,,,,15
2023-06-04,OWD,173,27,45,72,4,,,,,,,,,,,,72
2023-06-05,OWD,134,37,41,78,3,,,,,,,,,,,,78
2023-06-06,OWD,199,45,58,103,8,,,,,,,,,,,,103
2023-06-07,OWD,310,75,100,175,10,,,,,,,,,,,,175
2023-06-08,OWD,486,94,127,221,7,,,,,,,,,,,,221
2023-06-09,OWD,317,98,105,203,4,,,,,,,,,,,,203
2023-06-10,OWD,286,71,79,150,4,,,,,,,,,,,,150
2023-06-11,OWD,357,98,105,203,17,,,,,,,,,,,,203
2023-06-12,OWD,288,94,91,185,4,,,,,,,,,,,,185
2023-06-13,OWD,133,28,34,62,1,,,,,,,,,,,,62
2023-06-14,OWD,247,72,68,140,6,,,,,,,,,,,,140
2023-06-15,OWD,439,83,83,166,12,,,,,,,,,,,,166
2023-06-16,OWD,324,130,121,251,6,,,,,,,,,,,,251
2023-06-17,OWD,45,9,11,20,0,,,,,,,,,,,,20
2023-06-18,OWD,305,79,118,197,2,,,,,,,,,,,,197
2023-06-19,OWD,325,65,91,156,11,,,,,,,,,,,,156
2023-06-20,OWD,328,92,83,175,6,,,,,,,,,,,,175
2023-06-22,OWD,319,44,65,109,8,,,,,,,,,,,,109
2023-06-23,OWD,233,45,67,112,4,,,,,,,,,,,,112
2023-06-24,OWD,73,20,20,40,1,,,,,,,,,,,,40
2023-06-25,OWD,311,105,94,199,4,,,,,,,,,,,,199
2023-06-26,OWD,258,78,77,155,3,,,,,,,,,,,,155
2023-06-27,OWD,129,28,21,49,0,,,,,,,,,,,,49
2023-06-28,OWD,227,43,39,82,8,,,,,,,,,,,,82
2023-06-29,OWD,360,85,91,176,9,,,,,,,,,,,,176
2023-06-30,OWD,441,106,114,220,6,,,,,,,,,,,,220
2023-07-01,OWD,354,92,104,196,4,,,,,,,,,,,,196
2023-07-02,OWD,38,5,6,11,1,,,,,,,,,,,,11
2023-07-03,OWD,89,17,20,37,2,,,,,,,,,,,,37
2023-07-04,OWD,14,1,3,4,0,,,,,,,,,,,,4
2023-07-05,OWD,385,77,97,174,7,,,,,,,,,,,,174
2023-07-06,OWD,361,61,60,121,9,,,,,,,,,,,,121
2023-07-07,OWD,457,121,105,226,5,,,,,,,,,,,,226
2023-07-08,OWD,379,80,98,178,3,,,,,,,,,,,,178
2023-07-09,OWD,214,56,61,117,4,,,,,,,,,,,,117
2023-07-10,OWD,13,0,3,3,0,,,,,,,,,,,,3
2023-07-11,OWD,364,82,104,186,8,,,,,,,,,,,,186
2023-07-12,OWD,407,100,91,191,18,,,,,,,,,,,,191
2023-07-13,OWD,415,99,96,195,7,,,,,,,,,,,,195
2023-07-14,OWD,337,108,90,198,1,,,,,,,,,,,,198
2023-07-15,OWD,358,103,82,185,5,,,,,,,,,,,,185
2023-07-16,OWD,27,8,12,20,0,,,,,,,,,,,,20
2023-07-17,OWD,422,73,95,168,8,,,,,,,,,,,,168
2023-07-18,OWD,224,56,52,108,4,,,,,,,,,,,,108
2023-07-19,OWD,386,91,95,186,12,,,,,,,,,,,,186
2023-07-20,OWD,507,97,122,219,13,,,,,,,,,,,,219
2023-07-21,OWD,411,117,103,220,9,,,,,,,,,,,,220
2023-07-22,OWD,418,86,99,185,14,,,,,,,,,,,,185
2023-07-23,OWD,328,86,108,194,15,,,,,,,,,,,,194
2023-07-24,OWD,294,78,70,148,7,,,,,,,,,,,,148
2023-07-25,OWD,251,72,72,144,2,,,,,,,,,,,,144
2023-07-26,OWD,254,70,65,135,5,,,,,,,,,,,,135
2023-07-27,OWD,81,11,13,24,8,,,,,,,,,,,,24
2023-07-28,OWD,547,122,139,261,14,,,,,,,,,,,,261
2023-07-29,OWD,214,50,41,91,6,,,,,,,,,,,,91
2023-07-30,OWD,351,67,111,178,5,,,,,,,,,,,,178
2023-07-31,OWD,304,60,81,141,10,,,,,,,,,,,,141
2023-08-01,OWD,332,64,110,174,5,,,,,,,,,,,,174
2023-08-02,OWD,289,46,62,108,15,,,,,,,,,,,,108
2023-08-03,OWD,211,61,53,114,6,,,,,,,,,,,,114
2023-08-04,OWD,268,72,72,144,4,,,,,,,,,,,,144
2023-08-05,OWD,285,58,80,138,12,,,,,,,,,,,,138
2023-08-06,OWD,310,70,82,152,12,,,,,,,,,,,,152
2023-08-07,OWD,212,56,49,105,3,,,,,,,,,,,,105
2023-08-08,OWD,128,45,40,85,2,,,,,,,,,,,,85
2023-08-09,OWD,250,29,51,80,9,,,,,,,,,,,,80
2023-08-10,OWD,317,105,94,199,8,,,,,,,,,,,,199
2023-08-11,OWD,222,34,60,94,14,,,,,,,,,,,,94
2023-08-12,OWD,339,99,97,196,15,,,,,,,,,,,,196
2023-08-13,OWD,181,70,78,148,5,,,,,,,,,,,,148
2023-08-14,OWD,128,9,10,19,10,,,,,,,,,,,,19
2023-08-15,OWD,47,3,12,15,0,,,,,,,,,,,,15
2023-08-16,OWD,115,5,7,12,7,,,,,,,,,,,,12
2023-08-17,OWD,156,15,24,39,3,,,,,,,,,,,,39
2023-08-18,OWD,136,31,32,63,2,,,,,,,,,,,,63
2023-08-19,OWD,164,37,47,84,15,,,,,,,,,,,,84
2023-08-20,OWD,252,96,75,171,5,,,,,,,,,,,,171
2023-08-21,OWD,315,72,93,165,5,,,,,,,,,,,,165
2023-08-22,OWD,243,25,44,69,13,,,,,,,,,,,,69
2023-08-23,OWD,358,78,115,193,8,,,,,,,,,,,,193
2023-08-24,OWD,215,54,55,109,5,,,,,,,,,,,,109
2023-08-25,OWD,21,7,6,13,0,,,,,,,,,,,,13
2023-08-26,OWD,278,31,43,74,9,,,,,,,,,,,,74
2023-08-27,OWD,360,67,84,151,7,,,,,,,,,,,,151
2023-08-29,OWD,103,11,19,30,1,,,,,,,,,,,,30
2023-08-30,OWD,85,25,31,56,0,,,,,,,,,,,,56
2023-08-31,OWD,315,37,77,114,13,,,,,,,,,,,,114
2023-09-01,OWD,307,66,80,146,18,,,,,,,,,,,,146
2023-09-02,OWD,297,78,72,150,13,,,,,,,,,,,,150
2023-09-03,OWD,275,74,84,158,17,,,,,,,,,,,,158
2023-09-04,OWD,304,56,76,132,8,,,,,,,,,,,,132
2023-09-05,OWD,136,45,42,87,7,,,,,,,,,,,,87
2023-09-06,OWD,247,39,53,92,4,,,,,,,,,,,,92
2023-09-07,OWD,224,72,82,154,6,,,,,,,,,,,,154
2023-09-08,OWD,91,18,19,37,1,,,,,,,,,,,,37
2023-09-09,OWD,327,79,71,150,5,,,,,,,,,,,,150
2023-09-10,OWD,81,5,16,21,1,,,,,,,,,,,,21
2023-09-11,OWD,23,1,3,4,0,,,,,,,,,,,,4
2023-09-12,OWD,155,36,35,71,3,,,,,,,,,,,,71
2023-09-13,OWD,49,14,14,28,3,,,,,,,,,,,,28
2023-09-14,OWD,214,36,48,84,10,,,,,,,,,,,,84
2023-09-15,OWD,125,16,24,40,1,,,,,,,,,,,,40
2023-09-16,OWD,11,1,2,3,0,,,,,,,,,,,,3
2023-09-17,OWD,491,138,105,243,31,,,,,,,,,,,,243
2023-09-18,OWD,24,1,2,3,0,,,,,,,,,,,,3
2023-09-19,OWD,241,74,62,136,14,,,,,,,,,,,,136
2023-09-20,OWD,388,96,115,211,16,,,,,,,,,,,,211
2023-09-21,OWD,369,86,98,184,13,,,,,,,,,,,,184
2023-09-22,OWD,306,52,75,127,16,,,,,,,,,,,,127
2023-09-23,OWD,206,42,52,94,0,,,,,,,,,,,,94
2023-09-24,OWD,26,0,4,4,0,,,,,,,,,,,,4
2023-09-25,OWD,48,10,9,19,0,,,,,,,,,,,,19
2023-09-26,OWD,97,14,21,35,4,,,,,,,,,,,,35
2023-09-27,OWD,397,95,113,208,5,,,,,,,,,,,,208
2023-09-28,OWD,289,71,92,163,15,,,,,,,,,,,,163
2023-09-29,OWD,131,36,49,85,0,,,,,,,,,,,,85
2023-09-30,OWD,365,70,87,157,2,,,,,,,,,,,,157
2023-10-01,OWD,423,113,139,252,14,,,,,,,,,,,,252
2023-10-02,OWD,288,56,75,131,6,,,,,,,,,,,,131
2023-10-03,OWD,310,118,103,221,11,,,,,,,,,,,,221
2023-10-04,OWD,368,88,102,190,9,,,,,,,,,,,,190
2023-10-05,OWD,177,76,67,143,7,,,,,,,,,,,,143
2023-10-06,OWD,244,51,61,112,6,,,,,,,,,,,,112
2023-10-07,OWD,19,1,3,4,0,,,,,,,,,,,,4
2023-10-08,OWD,280,77,63,140,5,,,,,,,,,,,,140
2023-10-10,OWD,302,90,84,174,8,,,,,,,,,,,,174
2023-10-11,OWD,241,74,67,141,4,,,,,,,,,,,,141
2023-10-12,OWD,278,100,101,201,10,,,,,,,,,,,,201
2023-10-13,OWD,202,48,67,115,5,,,,,,,,,,,,115
2023-10-14,OWD,312,55,82,137,7,,,,,,,,,,,,137
2023-10-15,OWD,196,34,60,94,3,,,,,,,,,,,,94
2023-10-16,OWD,350,82,114,196,7,,,,,,,,,,,,196
2023-10-17,OWD,325,60,83,143,3,,,,,,,,,,,,143
2023-10-18,OWD,299,91,95,186,14,,,,,,,,,,,,186
2023-10-19,OWD,313,93,83,176,8,,,,,,,,,,,,176
2023-10-20,OWD,215,66,64,130,4,,,,,,,,,,,,130
2023-10-21,OWD,15,1,1,2,0,,,,,,,,,,,,2
2023-10-22,OWD,223,76,47,123,4,,,,,,,,,,,,123
2023-10-23,OWD,437,56,94,150,12,,,,,,,,,,,,150
2023-10-24,OWD,342,99,100,199,6,,,,,,,,,,,,199
2023-10-25,OWD,350,86,79,165,12,,,,,,,,,,,,165
2023-10-26,OWD,240,65,59,124,11,,,,,,,,,,,,124
2023-10-27,OWD,327,111,86,197,13,,,,,,,,,,,,197
2023-10-28,OWD,280,80,67,147,15,,,,,,,,,,,,147
2023-10-29,OWD,82,21,34,55,0,,,,,,,,,,,,55
2023-10-30,OWD,5,0,0,0,0,,,,,,,,,,,,0
2023-10-31,OWD,305,48,61,109,3,,,,,,,,,,,,109
2023-11-01,OWD,193,39,58,97,3,,,,,,,,,,,,97
2023-11-02,OWD,348,83,104,187,10,,,,,,,,,,,,187
2023-11-03,OWD,185,52,49,101,5,,,,,,,,,,,,101
2023-11-04,OWD,313,123,102,225,21,,,,,,,,,,,,225
2023-11-05,OWD,365,85,94,179,9,,,,,,,,,,,,179
2023-11-06,OWD,218,55,63,118,4,,,,,,,,,,,,118
2023-11-07,OWD,133,42,49,91,4,,,,,,,,,,,,91
2023-11-08,OWD,186,26,49,75,11,,,,,,,,,,,,75
2023-11-09,OWD,33,5,8,13,0,,,,,,,,,,,,13
2023-11-10,OWD,169,62,56,118,6,,,,,,,,,,,,118
2023-11-11,OWD,181,35,55,90,5,,,,,,,,,,,,90
2023-11-12,OWD,251,60,81,141,6,,,,,,,,,,,,141
2023-11-13,OWD,310,63,88,151,9,,,,,,,,,,,,151
2023-11-14,OWD,199,45,61,106,3,,,,,,,,,,,,106
2023-11-15,OWD,317,71,70,141,9,,,,,,,,,,,,141
2023-11-16,OWD,282,96,89,185,5,,,,,,,,,,,,185
2023-11-17,OWD,174,41,34,75,4,,,,,,,,,,,,75
2023-11-18,OWD,115,19,31,50,0,,,,,,,,,,,,50
2023-11-19,OWD,244,79,70,149,4,,,,,,,,,,,,149
2023-11-20,OWD,171,35,61,96,3,,,,,,,,,,,,96
2023-11-21,OWD,293,76,91,167,4,,,,,,,,,,,,167
2023-11-22,OWD,16,1,4,5,0,,,,,,,,,,,,5
2023-11-23,OWD,35,3,9,12,7,,,,,,,,,,,,12
2023-11-24,OWD,164,42,31,73,0,,,,,,,,,,,,73
2023-11-25,OWD,335,71,96,167,8,,,,,,,,,,,,167
2023-11-26,OWD,295,90,85,175,8,,,,,,,,,,,,175
2023-11-27,OWD,106,23,23,46,3,,,,,,,,,,,,46
2023-11-28,OWD,151,25,26,51,2,,,,,,,,,,,,51
2023-11-29,OWD,192,46,30,76,8,,,,,,,,,,,,76
2023-11-30,OWD,262,97,91,188,2,,,,,,,,,,,,188
2023-12-01,OWD,232,85,77,162,6,,,,,,,,,,,,162
2023-12-02,OWD,48,2,7,9,5,,,,,,,,,,,,9
2023-12-03,OWD,62,0,1,1,1,,,,,,,,,,,,1
2023-12-04,OWD,150,30,31,61,0,,,,,,,,,,,,61
2023-12-05,OWD,100,16,19,35,1,,,,,,,,,,,,35
2023-12-06,OWD,229,52,61,113,2,,,,,,,,,,,,113
2023-12-07,OWD,262,65,87,152,3,,,,,,,,,,,,152
2023-12-08,OWD,243,50,59,109,5,,,,,,,,,,,,109
2023-12-09,OWD,292,51,52,103,7,,,,,,,,,,,,103
2023-12-10,OWD,50,6,8,14,1,,,,,,,,,,,,14
2023-12-11,OWD,68,17,16,33,4,,,,,,,,,,,,33
2023-12-12,OWD,201,65,43,108,3,,,,,,,,,,,,108
2023-12-13,OWD,215,53,43,96,6,,,,,,,,,,,,96
2023-12-14,OWD,241,44,63,107,6,,,,,,,,,,,,107
2023-12-15,OWD,286,81,68,149,13,,,,,,,,,,,,149
2023-12-16,OWD,274,58,56,114,7,,,,,,,,,,,,114
2023-12-17,OWD,297,65,76,141,2,,,,,,,,,,,,141
2023-12-18,OWD,1,0,0,0,0,,,,,,,,,,,,0
2023-12-19,OWD,186,56,53,109,12,,,,,,,,,,,,109
2023-12-20,OWD,251,57,75,132,6,,,,,,,,,,,,132
2023-12-21,OWD,195,57,73,130,3,,,,,,,,,,,,130
2023-12-22,OWD,175,44,62,106,9,,,,,,,,,,,,106
2023-12-23,OWD,187,85,74,159,5,,,,,,,,,,,,159
2023-12-24,OWD,176,56,68,124,1,,,,,,,,,,,,124
2023-12-25,OWD,19,5,6,11,0,,,,,,,,,,,,11
2023-12-26,OWD,32,8,10,18,1,,,,,,,,,,,,18
2023-12-27,OWD,21,1,6,7,1,,,,,,,,,,,,7
2023-12-28,OWD,4,0,2,2,0,,,,,,,,,,,,2
2023-12-29,OWD,14,1,4,5,0,,,,,,,,,,,,5
2023-12-30,OWD,51,11,13,24,0,,,,,,,,,,,,24
2023-12-31,OWD,322,88,115,203,9,,,,,,,,,,,,203
2024-01-01,OWD,124,14,26,40,1,,,,,,,,,,,,40
2024-01-02,OWD,189,61,47,108,7,,,,,,,,,,,,108
2024-01-03,OWD,195,48,65,113,5,,,,,,,,,,,,113
2024-01-04,OWD,161,23,34,57,3,,,,,,,,,,,,57
2024-01-05,OWD,138,20,25,45,6,,,,,,,,,,,,45
2024-01-06,OWD,328,75,87,162,10,,,,,,,,,,,,162
2024-01-07,OWD,1,0,0,0,0,,,,,,,,,,,,0
2024-01-08,OWD,124,20,27,47,7,,,,,,,,,,,,47
2024-01-09,OWD,126,19,22,41,1,,,,,,,,,,,,41
2024-01-10,OWD,86,23,18,41,6,,,,,,,,,,,,41
2024-01-11,OWD,274,81,74,155,5,,,,,,,,,,,,155
2024-01-12,OWD,283,52,58,110,17,,,,,,,,,,,,110
2024-01-13,OWD,11,1,1,2,1,,,,,,,,,,,,2
2024-01-14,OWD,115,12,10,22,4,,,,,,,,,,,,22
2024-01-15,OWD,285,83,71,154,5,,,,,,,,,,,,154
2024-01-16,OWD,1,0,0,0,0,,,,,,,,,,,,0
2024-01-17,OWD,168,26,19,45,7,,,,,,,,,,,,45
2024-01-18,OWD,226,74,62,136,6,,,,,,,,,,,,136
2024-01-19,OWD,145,56,71,127,0,,,,,,,,,,,,127
2024-01-20,OWD,246,43,55,98,9,,,,,,,,,,,,98
2024-01-21,OWD,301,60,72,132,8,,,,,,,,,,,,132
2024-01-22,OWD,193,55,42,97,4,,,,,,,,,,,,97
2024-01-23,OWD,174,67,65,132,1,,,,,,,,,,,,132
2024-01-24,OWD,7,0,0,0,0,,,,,,,,,,,,0
2024-01-25,OWD,195,58,75,133,4,,,,,,,,,,,,133
2024-01-26,OWD,14,1,3,4,0,,,,,,,,,,,,4
2024-01-27,OWD,164,23,23,46,6,,,,,,,,,,,,46
2024-01-28,OWD,50,4,5,9,4,,,,,,,,,,,,9
2024-01-29,OWD,174,38,49,87,3,,,,,,,,,,,,87
2024-01-30,OWD,201,41,45,86,11,,,,,,,,,,,,86
2024-01-31,OWD,257,59,71,130,4,,,,,,,,,,,,130
2024-02-01,OWD,325,111,110,221,5,,,,,,,,,,,,221
2024-02-02,OWD,244,64,90,154,6,,,,,,,,,,,,154
2024-02-03,OWD,256,37,72,109,2,,,,,,,,,,,,109
2024-02-04,OWD,336,57,95,152,5,,,,,,,,,,,,152
2024-02-05,OWD,263,47,60,107,5,,,,,,,,,,,,107
2024-02-06,OWD,284,38,66,104,3,,,,,,,,,,,,104
2024-02-07,OWD,217,40,53,93,8,,,,,,,,,,,,93
2024-02-08,OWD,246,62,87,149,11,,,,,,,,,,,,149
2024-02-09,OWD,241,55,56,111,12,,,,,,,,,,,,111
2024-02-10,OWD,243,70,67,137,12,,,,,,,,,,,,137
2024-02-11,OWD,282,24,33,57,3,,,,,,,,,,,,57
2024-02-12,OWD,299,57,70,127,6,,,,,,,,,,,,127
2024-02-13,OWD,0,0,0,0,0,,,,,,,,,,,,0
2024-02-14,OWD,96,5,4,9,21,,,,,,,,,,,,9
2024-02-15,OWD,199,42,31,73,12,,,,,,,,,,,,73
2024-02-16,OWD,50,3,5,8,3,,,,,,,,,,,,8
2024-02-17,OWD,151,29,23,52,7,,,,,,,,,,,,52
2024-02-18,OWD,91,24,16,40,4,,,,,,,,,,,,40
2024-02-19,OWD,266,54,72,126,5,,,,,,,,,,,,126
2024-02-20,OWD,293,38,63,101,6,,,,,,,,,,,,101
2024-02-21,OWD,198,52,48,100,5,,,,,,,,,,,,100
2024-02-22,OWD,298,71,70,141,10,,,,,,,,,,,,141
2024-02-23,OWD,7,0,1,1,0,,,,,,,,,,,,1
2024-02-24,OWD,251,53,82,135,7,,,,,,,,,,,,135
2024-02-25,OWD,348,113,109,222,3,,,,,,,,,,,,222
2024-02-26,OWD,273,45,48,93,5,,,,,,,,,,,,93
2024-02-27,OWD,215,44,54,98,4,,,,,,,,,,,,98
2024-02-28,OWD,4,0,0,0,0,,,,,,,,,,,,0
2024-02-29,OWD,68,2,3,5,6,,,,,,,,,,,,5
2024-03-01,OWD,252,63,43,106,7,,,,,,,,,,,,106
2024-03-02,OWD,102,25,26,51,2,,,,,,,,,,,,51
2024-03-03,OWD,260,44,58,102,8,,,,,,,,,,,,102
2024-03-04,OWD,156,12,21,33,5,,,,,,,,,,,,33
2024-03-05,OWD,5,1,1,2,0,,,,,,,,,,,,2
2024-03-06,OWD,190,6,11,17,6,,,,,,,,,,,,17
2024-03-07,OWD,10,1,2,3,2,,,,,,,,,,,,3
2024-03-08,OWD,318,37,73,110,2,,,,,,,,,,,,110
2024-03-09,OWD,341,83,95,178,9,,,,,,,,,,,,178
2024-03-10,OWD,93,25,14,39,0,,,,,,,,,,,,39
2024-03-11,OWD,20,0,1,1,5,,,,,,,,,,,,1
2024-03-12,OWD,174,25,28,53,5,,,,,,,,,,,,53
2024-03-13,OWD,280,55,72,127,9,,,,,,,,,,,,127
2024-03-14,OWD,262,52,68,120,8,,,,,,,,,,,,120
2024-03-15,OWD,53,3,4,7,1,,,,,,,,,,,,7
2024-03-16,OWD,226,72,60,132,3,,,,,,,,,,,,132
2024-03-17,OWD,129,40,39,79,2,,,,,,,,,,,,79
2024-03-18,OWD,111,20,37,57,4,,,,,,,,,,,,57
2024-03-19,OWD,150,28,46,74,8,,,,,,,,,,,,74
2024-03-20,OWD,188,46,51,97,7,,,,,,,,,,,,97
2024-03-21,OWD,22,3,5,8,3,,,,,,,,,,,,8
2024-03-22,OWD,252,3,4,7,4,,,,,,,,,,,,7
2024-03-23,OWD,0,0,0,0,0,,,,,,,,,,,,0
2024-03-24,OWD,135,34,48,82,1,,,,,,,,,,,,82
2024-03-25,OWD,60,4,13,17,3,,,,,,,,,,,,17
2024-03-26,OWD,10,1,2,3,1,,,,,,,,,,,,3
2024-03-27,OWD,90,11,14,25,0,,,,,,,,,,,,25
2024-03-28,OWD,11,2,2,4,0,,,,,,,,,,,,4
2024-03-29,OWD,116,5,12,17,4,,,,,,,,,,,,17
2024-03-30,OWD,131,15,19,34,5,,,,,,,,,,,,34
2024-03-31,OWD,255,49,74,123,0,,,,,,,,,,,,123
2024-04-01,OWD,362,71,91,162,4,,,,,,,,,,,,162
2024-04-02,OWD,285,43,66,109,3,,,,,,,,,,,,109
2024-04-03,OWD,52,3,5,8,0,,,,,,,,,,,,8
2024-04-04,OWD,2,0,0,0,0,,,,,,,,,,,,0
2024-04-05,OWD,189,31,43,74,8,,,,,,,,,,,,74
2024-04-06,OWD,162,13,23,36,2,,,,,,,,,,,,36
2024-04-07,OWD,298,45,90,135,7,,,,,,,,,,,,135
2024-04-08,OWD,385,42,81,123,9,,,,,,,,,,,,123
2024-04-09,OWD,378,63,82,145,7,,,,,,,,,,,,145
2024-04-10,OWD,302,60,81,141,9,,,,,,,,,,,,141
2024-04-11,OWD,18,2,4,6,0,,,,,,,,,,,,6
2024-04-12,OWD,6,2,1,3,1,,,,,,,,,,,,3
2024-04-13,OWD,111,22,28,50,7,,,,,,,,,,,,50
2024-04-14,OWD,156,36,41,77,3,,,,,,,,,,,,77
2024-04-15,OWD,364,70,79,149,12,,,,,,,,,,,,149
2024-04-16,OWD,244,44,79,123,12,,,,,,,,,,,,123
2024-04-17,OWD,379,84,103,187,10,,,,,,,,,,,,187
2024-04-18,OWD,300,49,78,127,4,,,,,,,,,,,,127
2024-04-19,OWD,394,75,83,158,8,,,,,,,,,,,,158
2024-04-20,OWD,84,15,17,32,5,,,,,,,,,,,,32
2024-04-21,OWD,308,62,82,144,8,,,,,,,,,,,,144
2024-04-22,OWD,272,41,65,106,6,,,,,,,,,,,,106
2024-04-23,OWD,303,73,84,157,8,,,,,,,,,,,,157
2024-04-24,OWD,298,75,79,154,9,,,,,,,,,,,,154
2024-04-25,OWD,256,46,75,121,7,,,,,,,,,,,,121
2024-04-26,OWD,306,41,67,108,7,,,,,,,,,,,,108
2024-04-27,OWD,403,93,114,207,14,,,,,,,,,,,,207
2024-04-28,OWD,266,93,96,189,5,,,,,,,,,,,,189
2024-04-29,OWD,174,21,41,62,6,,,,,,,,,,,,62
2024-04-30,OWD,210,62,74,136,5,,,,,,,,,,,,136
2024-05-01,OWD,140,18,32,50,5,,,,,,,,,,,,50
2024-05-02,OWD,157,38,49,87,3,,,,,,,,,,,,87
2024-05-03,OWD,156,20,36,56,6,,,,,,,,,,,,56
2024-05-04,OWD,277,51,80,131,6,,,,,,,,,,,,131
2024-05-05,OWD,153,46,46,92,1,,,,,,,,,,,,92
2024-05-06,OWD,154,36,43,79,7,,,,,,,,,,,,79
2024-05-07,OWD,274,62,75,137,10,,,,,,,,,,,,137
2024-05-08,OWD,19,3,4,7,1,,,,,,,,,,,,7
2024-05-09,OWD,258,36,64,100,4,,,,,,,,,,,,100
2024-05-10,OWD,197,30,54,84,9,,,,,,,,,,,,84
2024-05-11,OWD,196,21,43,64,3,,,,,,,,,,,,64
2024-05-12,OWD,300,102,115,217,0,,,,,,,,,,,,217
2024-05-13,OWD,374,83,102,185,9,,,,,,,,,,,,185
2024-05-14,OWD,255,54,58,112,7,,,,,,,,,,,,112
2024-05-15,OWD,272,62,68,130,3,,,,,,,,,,,,130
2024-05-16,OWD,20,0,2,2,1,,,,,,,,,,,,2
2024-05-17,OWD,406,41,77,118,2,,,,,,,,,,,,118
2024-05-18,OWD,173,15,30,45,4,,,,,,,,,,,,45
2024-05-19,OWD,69,4,9,13,3,,,,,,,,,,,,13
2024-05-20,OWD,385,107,123,230,8,,,,,,,,,,,,230
2024-05-21,OWD,288,64,82,146,1,,,,,,,,,,,,146
2024-05-22,OWD,292,78,69,147,9,,,,,,,,,,,,147
2024-05-23,OWD,236,67,73,140,7,,,,,,,,,,,,140
2024-05-24,OWD,260,55,55,110,12,,,,,,,,,,,,110
2024-05-25,OWD,344,88,109,197,6,,,,,,,,,,,,197
2024-05-26,OWD,391,92,100,192,9,,,,,,,,,,,,192
2024-05-27,OWD,81,17,21,38,3,,,,,,,,,,,,38
2024-05-28,OWD,228,85,86,171,7,,,,,,,,,,,,171
2024-05-29,OWD,338,61,105,166,6,,,,,,,,,,,,166
2024-05-30,OWD,257,40,62,102,3,,,,,,,,,,,,102
2024-05-31,OWD,322,53,108,161,7,,,,,,,,,,,,161
2024-06-01,OWD,386,61,93,154,13,,,,,,,,,,,,154
2024-06-02,OWD,414,117,120,237,10,,,,,,,,,,,,237
2024-06-03,OWD,313,97,139,236,4,,,,,,,,,,,,236
2024-06-04,OWD,250,66,74,140,0,,,,,,,,,,,,140
2024-06-05,OWD,197,58,54,112,12,,,,,,,,,,,,112
2024-06-06,OWD,50,20,23,43,2,,,,,,,,,,,,43
2024-06-07,OWD,281,48,73,121,10,,,,,,,,,,,,121
2024-06-08,OWD,197,41,69,110,12,,,,,,,,,,,,110
2024-06-09,OWD,256,83,91,174,6,,,,,,,,,,,,174
2024-06-10,OWD,300,68,122,190,8,,,,,,,,,,,,190
2024-06-11,OWD,113,27,42,69,5,,,,,,,,,,,,69
2024-06-12,OWD,297,78,105,183,7,,,,,,,,,,,,183
2024-06-13,OWD,243,97,80,177,9,,,,,,,,,,,,177
2024-06-14,OWD,141,70,49,119,4,,,,,,,,,,,,119
2024-06-15,OWD,300,55,116,171,8,,,,,,,,,,,,171
2024-06-16,OWD,388,109,129,238,10,,,,,,,,,,,,238
2024-06-17,OWD,276,112,88,200,7,,,,,,,,,,,,200
2024-06-18,OWD,219,78,60,138,1,,,,,,,,,,,,138
2024-06-19,OWD,296,97,78,175,12,,,,,,,,,,,,175
2024-06-20,OWD,201,87,72,159,3,,,,,,,,,,,,159
2024-06-21,OWD,232,66,89,155,11,,,,,,,,,,,,155
2024-06-22,OWD,32,4,14,18,0,,,,,,,,,,,,18
2024-06-23,OWD,118,40,32,72,2,,,,,,,,,,,,72
2024-06-24,OWD,363,134,142,276,1,,,,,,,,,,,,276
2024-06-25,OWD,286,64,123,187,7,,,,,,,,,,,,187
2024-06-26,OWD,189,70,62,132,8,,,,,,,,,,,,132
2024-06-27,OWD,352,119,88,207,7,,,,,,,,,,,,207
2024-06-28,OWD,328,80,98,178,12,,,,,,,,,,,,178
2024-06-29,OWD,303,105,94,199,7,,,,,,,,,,,,199
2024-06-30,OWD,190,52,48,100,4,,,,,,,,,,,,100
2024-07-01,OWD,228,64,67,131,8,,,,,,,,,,,,131
2024-07-02,OWD,297,81,116,197,8,,,,,,,,,,,,197
2024-07-03,OWD,372,103,113,216,9,,,,,,,,,,,,216
2024-07-04,OWD,90,27,22,49,4,,,,,,,,,,,,49
2024-07-05,OWD,118,23,28,51,6,,,,,,,,,,,,51
2024-07-06,OWD,25,6,3,9,1,,,,,,,,,,,,9
2024-07-07,OWD,377,57,82,139,11,,,,,,,,,,,,139
2024-07-08,OWD,329,75,75,150,3,,,,,,,,,,,,150
2024-07-09,OWD,257,55,45,100,4,,,,,,,,,,,,100
2024-07-10,OWD,173,30,25,55,8,,,,,,,,,,,,55
2024-07-11,OWD,108,23,20,43,3,,,,,,,,,,,,43
2024-07-12,OWD,128,60,41,101,8,,,,,,,,,,,,101
2024-07-13,OWD,64,24,27,51,1,,,,,,,,,,,,51
2024-07-14,OWD,325,90,91,181,5,,,,,,,,,,,,181
2024-07-15,OWD,302,82,70,152,6,,,,,,,,,,,,152
2024-07-16,OWD,219,56,31,87,4,,,,,,,,,,,,87
2024-07-17,OWD,325,75,63,138,9,,,,,,,,,,,,138
2024-07-18,OWD,199,81,93,174,3,,,,,,,,,,,,174
2024-07-19,OWD,336,64,88,152,15,,,,,,,,,,,,152
2024-07-20,OWD,299,93,90,183,5,,,,,,,,,,,,183
2024-07-21,OWD,276,89,106,195,8,,,,,,,,,,,,195
2024-07-23,OWD,186,76,72,148,2,,,,,,,,,,,,148
2024-07-24,OWD,91,4,14,18,7,,,,,,,,,,,,18
2024-07-25,OWD,137,66,65,131,1,,,,,,,,,,,,131
2024-07-27,OWD,273,59,91,150,4,,,,,,,,,,,,150
2024-07-28,OWD,251,79,94,173,5,,,,,,,,,,,,173
2024-07-29,OWD,91,16,28,44,2,,,,,,,,,,,,44
2024-07-30,OWD,311,99,90,189,3,,,,,,,,,,,,189
2024-07-31,OWD,116,25,26,51,2,,,,,,,,,,,,51
2024-08-01,OWD,355,109,103,212,10,,,,,,,,,,,,212
2024-08-02,OWD,325,83,77,160,7,,,,,,,,,,,,160
2024-08-03,OWD,229,67,60,127,1,,,,,,,,,,,,127
2024-08-04,OWD,247,121,122,243,8,,,,,,,,,,,,243
2024-08-05,OWD,188,60,75,135,3,,,,,,,,,,,,135
2024-08-06,OWD,64,12,26,38,0,,,,,,,,,,,,38
2024-08-07,OWD,230,29,44,73,6,,,,,,,,,,,,73
2024-08-08,OWD,408,116,129,245,3,,,,,,,,,,,,245
2024-08-09,OWD,25,9,6,15,1,,,,,,,,,,,,15
2024-08-10,OWD,251,100,102,202,2,,,,,,,,,,,,202
2024-08-11,OWD,260,106,89,195,16,,,,,,,,,,,,195
2024-08-12,OWD,285,111,102,213,17,,,,,,,,,,,,213
2024-08-13,OWD,254,75,118,193,5,,,,,,,,,,,,193
2024-08-14,OWD,459,65,120,185,16,,,,,,,,,,,,185
2024-08-15,OWD,342,56,104,160,7,,,,,,,,,,,,160
2024-08-16,OWD,342,69,121,190,7,,,,,,,,,,,,190
2024-08-17,OWD,227,78,85,163,10,,,,,,,,,,,,163
2024-08-18,OWD,123,18,27,45,4,,,,,,,,,,,,45
2024-08-19,OWD,137,57,63,120,5,,,,,,,,,,,,120
2024-08-20,OWD,258,55,108,163,11,,,,,,,,,,,,163
2024-08-21,OWD,261,111,88,199,5,,,,,,,,,,,,199
2024-08-22,OWD,472,120,128,248,11,,,,,,,,,,,,248
2024-08-23,OWD,313,42,85,127,7,,,,,,,,,,,,127
2024-08-24,OWD,259,55,103,158,3,,,,,,,,,,,,158
2024-08-25,OWD,307,51,89,140,6,,,,,,,,,,,,140
2024-08-26,OWD,240,44,79,123,1,,,,,,,,,,,,123
2024-08-27,OWD,267,44,84,128,1,,,,,,,,,,,,128
2024-08-28,OWD,231,50,48,98,0,,,,,,,,,,,,98
2024-08-29,OWD,372,104,130,234,3,,,,,,,,,,,,234
2024-08-30,OWD,298,68,93,161,6,,,,,,,,,,,,161
2024-08-31,OWD,256,84,80,164,7,,,,,,,,,,,,164
2024-09-01,OWD,230,44,48,92,7,,,,,,,,,,,,92
2024-09-02,OWD,305,52,75,127,15,,,,,,,,,,,,127
2024-09-03,OWD,358,61,119,180,8,,,,,,,,,,,,180
2024-09-04,OWD,351,86,95,181,5,,,,,,,,,,,,181
2024-09-05,OWD,397,106,95,201,11,,,,,,,,,,,,201
2024-09-06,OWD,205,35,55,90,6,,,,,,,,,,,,90
2024-09-07,OWD,341,117,110,227,13,,,,,,,,,,,,227
2024-09-08,OWD,175,51,45,96,4,,,,,,,,,,,,96
2024-09-09,OWD,356,126,117,243,5,,,,,,,,,,,,243
2024-09-10,OWD,300,48,93,141,14,,,,,,,,,,,,141
2024-09-11,OWD,271,78,109,187,7,,,,,,,,,,,,187
2024-09-12,OWD,376,113,103,216,26,,,,,,,,,,,,216
2024-09-13,OWD,506,162,103,265,29,,,,,,,,,,,,265
2024-09-14,OWD,372,87,130,217,28,,,,,,,,,,,,217
2024-09-15,OWD,362,131,149,280,16,,,,,,,,,,,,280
2024-09-16,OWD,252,8,7,15,4,,,,,,,,,,,,15
2024-09-17,OWD,198,57,84,141,17,,,,,,,,,,,,141
2024-09-18,OWD,289,110,83,193,6,,,,,,,,,,,,193
2024-09-19,OWD,64,3,14,17,8,,,,,,,,,,,,17
2024-09-20,OWD,28,5,12,17,2,,,,,,,,,,,,17
2024-09-21,OWD,10,1,5,6,0,,,,,,,,,,,,6
2024-09-22,OWD,190,37,62,99,10,,,,,,,,,,,,99
2024-09-24,OWD,311,89,120,209,11,,,,,,,,,,,,209
2024-09-25,OWD,236,81,87,168,5,,,,,,,,,,,,168
2024-09-26,OWD,38,12,11,23,4,,,,,,,,,,,,23
2024-09-27,OWD,335,76,127,203,25,,,,,,,,,,,,203
2024-09-28,OWD,308,75,114,189,19,,,,,,,,,,,,189
2024-09-29,OWD,398,98,154,252,19,,,,,,,,,,,,252
2024-09-30,OWD,264,45,81,126,17,,,,,,,,,,,,126
2024-10-01,OWD,191,68,77,145,11,,,,,,,,,,,,145
2024-10-02,OWD,231,64,94,158,10,,,,,,,,,,,,158
2024-10-03,OWD,287,121,114,235,19,,,,,,,,,,,,235
2024-10-04,OWD,341,97,78,175,25,,,,,,,,,,,,175
2024-10-05,OWD,359,75,125,200,26,,,,,,,,,,,,200
2024-10-06,OWD,294,51,104,155,16,,,,,,,,,,,,155
2024-10-07,OWD,27,3,12,15,3,,,,,,,,,,,,15
2024-10-08,OWD,248,73,103,176,19,,,,,,,,,,,,176
2024-10-09,OWD,278,71,90,161,13,,,,,,,,,,,,161
2024-10-10,OWD,247,44,83,127,13,,,,,,,,,,,,127
2024-10-11,OWD,380,107,119,226,9,,,,,,,,,,,,226
2024-10-12,OWD,169,23,36,59,27,,,,,,,,,,,,59
2024-10-13,OWD,224,34,57,91,13,,,,,,,,,,,,91
2024-10-14,OWD,32,3,17,20,0,,,,,,,,,,,,20
2024-10-15,OWD,221,59,68,127,15,,,,,,,,,,,,127
2024-10-16,OWD,150,55,58,113,22,,,,,,,,,,,,113
2024-10-17,OWD,346,63,102,165,15,,,,,,,,,,,,165
2024-10-18,OWD,309,36,75,111,18,,,,,,,,,,,,111
2024-10-19,OWD,421,115,107,222,36,,,,,,,,,,,,222
2024-10-20,OWD,301,103,100,203,28,,,,,,,,,,,,203
2024-10-21,OWD,298,85,105,190,19,,,,,,,,,,,,190
2024-10-22,OWD,261,75,114,189,24,,,,,,,,,,,,189
2024-10-23,OWD,199,71,68,139,20,,,,,,,,,,,,139
2024-10-24,OWD,179,55,83,138,16,,,,,,,,,,,,138
2024-10-25,OWD,405,81,129,210,19,,,,,,,,,,,,210
2024-10-26,OWD,166,57,58,115,13,,,,,,,,,,,,115
2024-10-27,OWD,237,68,87,155,13,,,,,,,,,,,,155
2024-10-28,OWD,292,49,100,149,18,,,,,,,,,,,,149
2024-10-29,OWD,245,87,80,167,12,,,,,,,,,,,,167
2024-10-30,OWD,158,47,48,95,15,,,,,,,,,,,,95
2024-10-31,OWD,304,92,87,179,18,,,,,,,,,,,,179
2024-11-01,OWD,151,24,24,48,18,,,,,,,,,,,,48
2024-11-02,OWD,304,96,118,214,17,,,,,,,,,,,,214
2024-11-03,OWD,298,72,98,170,12,,,,,,,,,,,,170
2024-11-04,OWD,261,87,83,170,16,,,,,,,,,,,,170
2024-11-05,OWD,182,53,43,96,13,,,,,,,,,,,,96
2024-11-06,OWD,115,31,35,66,5,,,,,,,,,,,,66
2024-11-07,OWD,136,50,49,99,10,,,,,,,,,,,,99
2024-11-08,OWD,156,35,39,74,17,,,,,,,,,,,,74
2024-11-09,OWD,278,46,72,118,14,,,,,,,,,,,,118
2024-11-10,OWD,297,91,81,172,28,,,,,,,,,,,,172
2024-11-11,OWD,126,31,37,68,11,,,,,,,,,,,,68
2024-11-12,OWD,45,7,15,22,2,,,,,,,,,,,,22
2024-11-13,OWD,246,29,75,104,12,,,,,,,,,,,,104
2024-11-14,OWD,297,64,101,165,15,,,,,,,,,,,,165
2024-11-15,OWD,275,73,100,173,14,,,,,,,,,,,,173
2024-11-16,OWD,251,56,74,130,23,,,,,,,,,,,,130
2024-11-17,OWD,417,122,144,266,23,,,,,,,,,,,,266
2024-11-18,OWD,284,77,102,179,11,,,,,,,,,,,,179
2024-11-19,OWD,192,47,81,128,12,,,,,,,,,,,,128
2024-11-20,OWD,247,51,70,121,17,,,,,,,,,,,,121
2024-11-21,OWD,7,0,4,4,0,,,,,,,,,,,,4
2024-11-22,OWD,292,63,55,118,4,,,,,,,,,,,,118
2024-11-23,OWD,14,3,3,6,6,,,,,,,,,,,,6
2024-11-24,OWD,76,17,18,35,14,,,,,,,,,,,,35
2024-11-25,OWD,236,59,66,125,26,,,,,,,,,,,,125
2024-11-26,OWD,84,20,32,52,2,,,,,,,,,,,,52
2024-11-27,OWD,261,80,85,165,29,,,,,,,,,,,,165
2024-11-28,OWD,0,0,0,0,0,,,,,,,,,,,,0
2024-11-29,OWD,114,41,45,86,9,,,,,,,,,,,,86
2024-11-30,OWD,265,94,98,192,13,,,,,,,,,,,,192
2024-12-01,OWD,274,93,84,177,14,,,,,,,,,,,,177
2024-12-02,OWD,228,54,73,127,23,,,,,,,,,,,,127
2024-12-03,OWD,224,75,78,153,13,,,,,,,,,,,,153
2024-12-04,OWD,214,90,79,169,11,,,,,,,,,,,,169
2024-12-05,OWD,19,7,8,15,2,,,,,,,,,,,,15
2024-12-06,OWD,161,19,42,61,15,,,,,,,,,,,,61
2024-12-07,OWD,280,87,88,175,22,,,,,,,,,,,,175
2024-12-08,OWD,134,49,51,100,9,,,,,,,,,,,,100
2024-12-09,OWD,202,59,73,132,12,,,,,,,,,,,,132
2024-12-10,OWD,7,2,5,7,0,,,,,,,,,,,,7
2024-12-12,OWD,163,27,31,58,17,,,,,,,,,,,,58
2024-12-13,OWD,190,54,65,119,20,,,,,,,,,,,,119
2024-12-14,OWD,259,77,92,169,19,,,,,,,,,,,,169
2024-12-15,OWD,205,62,75,137,16,,,,,,,,,,,,137
2024-12-16,OWD,292,81,80,161,10,,,,,,,,,,,,161
2024-12-17,OWD,181,42,40,82,17,,,,,,,,,,,,82
2024-12-18,OWD,256,79,79,158,16,,,,,,,,,,,,158
2024-12-19,OWD,174,37,52,89,14,,,,,,,,,,,,89
2024-12-20,OWD,25,1,2,3,3,,,,,,,,,,,,3
2024-12-21,OWD,71,4,7,11,10,,,,,,,,,,,,11
2024-12-22,OWD,138,29,38,67,14,,,,,,,,,,,,67
2024-12-23,OWD,173,48,49,97,15,,,,,,,,,,,,97
2024-12-24,OWD,49,2,4,6,4,,,,,,,,,,,,6
2024-12-25,OWD,11,3,6,9,2,,,,,,,,,,,,9
2024-12-26,OWD,251,55,72,127,14,,,,,,,,,,,,127
2024-12-27,OWD,291,72,70,142,18,,,,,,,,,,,,142
2024-12-28,OWD,12,0,2,2,0,,,,,,,,,,,,2
2024-12-29,OWD,7,1,4,5,0,,,,,,,,,,,,5
2024-12-30,OWD,127,29,25,54,7,,,,,,,,,,,,54
2024-12-31,OWD,202,80,81,161,14,,,,,,,,,,,,161
2025-01-01,OWD,8,2,6,8,0,,,,,,,,,,,,8
2025-01-02,OWD,8,3,2,5,0,,,,,,,,,,,,5
2025-01-03,OWD,112,37,32,69,9,,,,,,,,,,,,69
2025-01-04,OWD,76,28,32,60,6,,,,,,,,,,,,60
2025-01-05,OWD,144,50,52,102,5,,,,,,,,,,,,102
2025-01-06,OWD,209,71,80,151,9,,,,,,,,,,,,151
2025-01-07,OWD,37,10,13,23,4,,,,,,,,,,,,23
2025-01-08,OWD,27,10,8,18,1,,,,,,,,,,,,18
2025-01-09,OWD,7,1,7,8,0,,,,,,,,,,,,8
2025-01-10,OWD,287,82,92,174,14,,,,,,,,,,,,174
2025-01-11,OWD,0,0,0,0,0,,,,,,,,,,,,0
2025-01-12,OWD,203,47,61,108,8,,,,,,,,,,,,108
2025-01-13,OWD,282,72,62,134,5,,,,,,,,,,,,134
2025-01-14,OWD,104,32,29,61,10,,,,,,,,,,,,61
2025-01-15,OWD,108,32,47,79,3,,,,,,,,,,,,79
2025-01-16,OWD,235,52,46,98,11,,,,,,,,,,,,98
2025-01-17,OWD,347,62,86,148,10,,,,,,,,,,,,148
2025-01-18,OWD,247,66,66,132,6,,,,,,,,,,,,132
2025-01-19,OWD,181,58,70,128,6,,,,,,,,,,,,128
2025-01-20,OWD,38,5,5,10,4,,,,,,,,,,,,10
2025-01-21,OWD,134,52,50,102,6,,,,,,,,,,,,102
2025-01-22,OWD,165,33,47,80,6,,,,,,,,,,,,80
2025-01-23,OWD,428,80,82,162,12,,,,,,,,,,,,162
2025-01-24,OWD,391,84,104,188,12,,,,,,,,,,,,188
2025-01-25,OWD,297,79,89,168,4,,,,,,,,,,,,168
2025-01-26,OWD,100,36,24,60,4,,,,,,,,,,,,60
2025-01-27,OWD,122,36,42,78,7,,,,,,,,,,,,78
2025-01-28,OWD,15,3,3,6,3,,,,,,,,,,,,6
2025-01-29,OWD,76,8,5,13,1,,,,,,,,,,,,13
2025-01-30,OWD,243,34,40,74,2,,,,,,,,,,,,74
2025-01-31,OWD,153,31,28,59,1,,,,,,,,,,,,59
2025-02-01,OWD,48,0,0,0,1,,,,,,,,,,,,0
2025-02-02,OWD,241,35,32,67,5,,,,,,,,,,,,67
2025-02-03,OWD,246,38,27,65,6,,,,,,,,,,,,65
2025-02-05,OWD,315,44,67,111,5,,,,,,,,,,,,111
2025-02-06,OWD,0,0,0,0,0,,,,,,,,,,,,0
2025-02-07,OWD,43,5,9,14,2,,,,,,,,,,,,14
2025-02-08,OWD,355,63,74,137,16,,,,,,,,,,,,137
2025-02-09,OWD,58,0,0,0,2,,,,,,,,,,,,0
2025-02-10,OWD,260,23,32,55,6,,,,,,,,,,,,55
2025-02-11,OWD,238,42,52,94,3,,,,,,,,,,,,94
2025-02-12,OWD,85,16,16,32,2,,,,,,,,,,,,32
2025-02-13,OWD,1,1,0,1,0,,,,,,,,,,,,1
2025-02-14,OWD,110,7,4,11,5,,,,,,,,,,,,11
2025-02-15,OWD,353,81,99,180,12,,,,,,,,,,,,180
2025-02-16,OWD,2,0,1,1,0,,,,,,,,,,,,1
2025-02-17,OWD,5,0,2,2,0,,,,,,,,,,,,2
2025-02-18,OWD,9,3,1,4,2,,,,,,,,,,,,4
2025-02-19,OWD,213,34,64,98,3,,,,,,,,,,,,98
2025-02-20,OWD,224,20,54,74,2,,,,,,,,,,,,74
2025-02-21,OWD,173,14,38,52,3,,,,,,,,,,,,52
2025-02-22,OWD,335,64,96,160,12,,,,,,,,,,,,160
2025-02-23,OWD,271,53,71,124,10,,,,,,,,,,,,124
2025-02-24,OWD,263,85,69,154,16,,,,,,,,,,,,154
2025-02-25,OWD,283,64,40,104,7,,,,,,,,,,,,104
2025-02-26,OWD,268,44,54,98,8,,,,,,,,,,,,98
2025-02-27,OWD,130,8,5,13,1,,,,,,,,,,,,13
2025-02-28,OWD,130,15,24,39,13,,,,,,,,,,,,39
2025-03-01,OWD,206,50,34,84,4,,,,,,,,,,,,84
2025-03-02,OWD,202,29,23,52,10,,,,,,,,,,,,52
2025-03-03,OWD,266,33,30,63,10,,,,,,,,,,,,63
2025-03-04,OWD,204,42,24,66,9,,,,,,,,,,,,66
2025-03-05,OWD,147,14,12,26,4,,,,,,,,,,,,26
2025-03-06,OWD,100,0,0,0,1,,,,,,,,,,,,0
2025-03-07,OWD,13,1,1,2,0,,,,,,,,,,,,2
2025-03-08,OWD,50,1,8,9,1,,,,,,,,,,,,9
2025-03-09,OWD,206,38,42,80,5,,,,,,,,,,,,80
2025-03-10,OWD,167,23,31,54,4,,,,,,,,,,,,54
2025-03-11,OWD,214,62,38,100,8,,,,,,,,,,,,100
2025-03-12,OWD,272,48,48,96,8,,,,,,,,,,,,96
2025-03-13,OWD,211,61,27,88,3,,,,,,,,,,,,88
2025-03-14,OWD,454,43,65,108,5,,,,,,,,,,,,108
2025-03-15,OWD,296,49,35,84,7,,,,,,,,,,,,84
2025-03-16,OWD,12,4,4,8,1,,,,,,,,,,,,8
2025-03-17,OWD,9,0,3,3,1,,,,,,,,,,,,3
2025-03-18,OWD,248,68,86,154,21,,,,,,,,,,,,154
2025-03-19,OWD,243,79,95,174,16,,,,,,,,,,,,174
2025-03-20,OWD,12,6,8,14,0,,,,,,,,,,,,14
2025-03-21,OWD,22,6,8,14,8,,,,,,,,,,,,14
2025-03-22,OWD,305,88,87,175,20,,,,,,,,,,,,175
2025-03-23,OWD,178,53,59,112,8,,,,,,,,,,,,112
2025-03-24,OWD,152,36,35,71,3,,,,,,,,,,,,71
2025-03-25,OWD,311,86,94,180,17,,,,,,,,,,,,180
2025-03-26,OWD,318,118,126,244,22,,,,,,,,,,,,244
2025-03-27,OWD,340,64,82,146,30,,,,,,,,,,,,146
2025-03-28,OWD,271,62,61,123,28,,,,,,,,,,,,123
2025-03-29,OWD,15,1,2,3,1,,,,,,,,,,,,3
2025-03-30,OWD,186,48,55,103,5,,,,,,,,,,,,103
2025-03-31,OWD,5,4,3,7,0,,,,,,,,,,,,7
2025-04-01,OWD,165,39,70,109,17,,,,,,,,,,,,109
2025-04-02,OWD,350,118,134,252,11,,,,,,,,,,,,252
2025-04-03,OWD,8,3,4,7,1,,,,,,,,,,,,7
2025-04-04,OWD,424,96,101,197,29,,,,,,,,,,,,197
2025-04-05,OWD,277,66,70,136,19,,,,,,,,,,,,136
2025-04-06,OWD,165,23,37,60,13,,,,,,,,,,,,60
2025-04-07,OWD,19,7,9,16,0,,,,,,,,,,,,16
2025-04-08,OWD,119,13,18,31,12,,,,,,,,,,,,31
2025-04-09,OWD,284,110,108,218,27,,,,,,,,,,,,218
2025-04-10,OWD,349,107,120,227,21,,,,,,,,,,,,227
2025-04-11,OWD,196,51,60,111,13,,,,,,,,,,,,111
2025-04-12,OWD,10,3,6,9,0,,,,,,,,,,,,9
2025-04-13,OWD,56,3,7,10,2,,,,,,,,,,,,10
2025-04-14,OWD,247,79,87,166,27,,,,,,,,,,,,166
2025-04-15,OWD,281,114,111,225,16,,,,,,,,,,,,225
2025-04-16,OWD,59,20,20,40,14,,,,,,,,,,,,40
2025-04-17,OWD,284,59,72,131,22,,,,,,,,,,,,131
2025-04-18,OWD,325,112,112,224,18,,,,,,,,,,,,224
2025-04-19,OWD,190,74,65,139,19,,,,,,,,,,,,139
2025-04-20,OWD,49,8,18,26,9,,,,,,,,,,,,26
2025-04-21,OWD,335,129,141,270,30,,,,,,,,,,,,270
2025-04-22,OWD,278,79,97,176,10,,,,,,,,,,,,176
2025-04-23,OWD,375,112,127,239,28,,,,,,,,,,,,239
2025-04-24,OWD,336,97,92,189,23,,,,,,,,,,,,189
2025-04-25,OWD,398,86,80,166,23,,,,,,,,,,,,166
2025-04-26,OWD,9,5,5,10,2,,,,,,,,,,,,10
2025-04-27,OWD,125,44,46,90,13,,,,,,,,,,,,90
2025-04-28,OWD,296,86,110,196,13,,,,,,,,,,,,196
2025-04-29,OWD,95,36,34,70,17,,,,,,,,,,,,70
2025-04-30,OWD,194,64,80,144,20,,,,,,,,,,,,144
2025-05-01,OWD,454,119,128,247,21,,,,,,,,,,,,247
2025-05-02,OWD,212,79,76,155,9,,,,,,,,,,,,155
2025-05-03,OWD,260,94,87,181,11,,,,,,,,,,,,181
2025-05-04,OWD,248,71,69,140,9,,,,,,,,,,,,140
2025-05-05,OWD,11,3,7,10,0,,,,,,,,,,,,10
2025-05-06,OWD,9,4,4,8,1,,,,,,,,,,,,8
2025-05-07,OWD,274,103,96,199,17,,,,,,,,,,,,199
2025-05-08,OWD,276,76,100,176,16,,,,,,,,,,,,176
2025-05-09,OWD,10,2,5,7,0,,,,,,,,,,,,7
2025-05-10,OWD,28,5,12,17,8,,,,,,,,,,,,17
2025-05-11,OWD,267,66,94,160,17,,,,,,,,,,,,160
2025-05-12,OWD,252,95,90,185,22,,,,,,,,,,,,185
2025-05-13,OWD,311,114,121,235,20,,,,,,,,,,,,235
2025-05-14,OWD,233,55,83,138,13,,,,,,,,,,,,138
2025-05-15,OWD,36,9,5,14,6,,,,,,,,,,,,14
2025-05-16,OWD,333,110,112,222,18,,,,,,,,,,,,222
2025-05-17,OWD,64,20,22,42,8,,,,,,,,,,,,42
2025-05-18,OWD,229,91,89,180,21,,,,,,,,,,,,180
2025-05-19,OWD,195,45,58,103,19,,,,,,,,,,,,103
2025-05-20,OWD,312,102,126,228,20,,,,,,,,,,,,228
2025-05-21,OWD,240,88,85,173,11,,,,,,,,,,,,173
2025-05-22,OWD,5,2,2,4,0,,,,,,,,,,,,4
2025-05-23,OWD,394,103,143,246,6,,,,,,,,,,,,246
2025-05-24,OWD,259,82,105,187,0,,,,,,,,,,,,187
2025-05-25,OWD,273,96,102,198,3,,,,,,,,,,,,198
2025-05-26,OWD,330,70,107,177,6,,,,,,,,,,,,177
2025-05-27,OWD,404,141,128,269,16,,,,,,,,,,,,269
2025-05-29,OWD,306,82,94,176,18,,,,,,,,,,,,176
2025-05-30,OWD,341,85,85,170,10,,,,,,,,,,,,170
2025-05-31,OWD,48,14,12,26,0,,,,,,,,,,,,26
2025-06-01,OWD,216,75,75,150,11,,,,,,,,,,,,150
2025-06-02,OWD,331,92,83,175,17,,,,,,,,,,,,175
2025-06-03,OWD,285,83,101,184,4,,,,,,,,,,,,184
2025-06-04,OWD,250,85,82,167,6,,,,,,,,,,,,167
2025-06-05,OWD,355,57,81,138,11,,,,,,,,,,,,138
2025-06-06,OWD,223,44,70,114,7,,,,,,,,,,,,114
2025-06-07,OWD,41,7,9,16,3,,,,,,,,,,,,16
2025-06-08,OWD,383,98,112,210,10,,,,,,,,,,,,210
2025-06-09,OWD,119,6,16,22,5,,,,,,,,,,,,22
2025-06-10,OWD,20,4,12,16,0,,,,,,,,,,,,16
2025-06-11,OWD,256,110,90,200,22,,,,,,,,,,,,200
2025-06-12,OWD,85,70,70,140,27,,,,,,,,,,,,140
2025-06-13,OWD,403,120,141,261,20,,,,,,,,,,,,261
2025-06-14,OWD,142,43,43,86,6,,,,,,,,,,,,86
2025-06-15,OWD,239,82,88,170,27,,,,,,,,,,,,170
2025-06-16,OWD,304,101,108,209,14,,,,,,,,,,,,209
2025-06-18,OWD,174,72,65,137,17,,,,,,,,,,,,137
2025-06-19,OWD,288,92,88,180,24,,,,,,,,,,,,180
2025-06-20,OWD,164,40,39,79,20,,,,,,,,,,,,79
2025-06-21,OWD,321,102,109,211,23,,,,,,,,,,,,211
2025-06-22,OWD,126,48,48,96,12,,,,,,,,,,,,96
2025-06-23,OWD,370,126,138,264,33,,,,,,,,,,,,264
2025-06-24,OWD,154,49,50,99,23,,,,,,,,,,,,99
2025-06-25,OWD,259,63,81,144,22,,,,,,,,,,,,144
2025-06-26,OWD,155,82,96,178,27,,,,,,,,,,,,178
2025-06-27,OWD,360,89,106,195,28,,,,,,,,,,,,195
2025-06-28,OWD,30,15,12,27,0,,,,,,,,,,,,27
2025-06-29,OWD,239,82,101,183,19,,,,,,,,,,,,183
2025-06-30,OWD,356,130,126,256,28,,,,,,,,,,,,256
2025-07-01,OWD,128,50,46,96,16,,,,,,,,,,,,96
2025-07-02,OWD,281,120,116,236,26,,,,,,,,,,,,236
2025-07-03,OWD,318,85,84,169,19,,,,,,,,,,,,169
2025-07-04,OWD,172,25,22,47,11,,,,,,,,,,,,47
2025-07-05,OWD,320,106,113,219,13,,,,,,,,,,,,219
2025-07-06,OWD,210,87,83,170,10,,,,,,,,,,,,170
2025-07-07,OWD,237,75,69,144,15,,,,,,,,,,,,144
2025-07-08,OWD,261,84,84,168,17,,,,,,,,,,,,168
2025-07-09,OWD,41,12,20,32,2,,,,,,,,,,,,32
2025-07-10,OWD,27,11,13,24,0,,,,,,,,,,,,24
2025-07-11,OWD,256,74,90,164,11,,,,,,,,,,,,164
2025-07-12,OWD,257,77,79,156,15,,,,,,,,,,,,156
2025-07-13,OWD,424,106,106,212,23,,,,,,,,,,,,212
2025-07-14,OWD,337,135,133,268,14,,,,,,,,,,,,268
2025-07-15,OWD,327,114,103,217,17,,,,,,,,,,,,217
2025-07-16,OWD,381,142,132,274,24,,,,,,,,,,,,274
2025-07-17,OWD,374,102,91,193,21,,,,,,,,,,,,193
2025-07-18,OWD,290,84,93,177,19,,,,,,,,,,,,177
2025-07-19,OWD,396,113,134,247,25,,,,,,,,,,,,247
2025-07-20,OWD,247,104,104,208,7,,,,,,,,,,,,208
2025-07-21,OWD,318,69,87,156,29,,,,,,,,,,,,156
2025-07-22,OWD,295,80,86,166,31,,,,,,,,,,,,166
2025-07-23,OWD,311,126,125,251,20,,,,,,,,,,,,251
2025-07-24,OWD,167,116,113,229,41,,,,,,,,,,,,229
2025-07-25,OWD,182,61,63,124,12,,,,,,,,,,,,124
2025-07-26,OWD,284,104,122,226,32,,,,,,,,,,,,226
2025-07-27,OWD,149,63,60,123,18,,,,,,,,,,,,123
2025-07-28,OWD,310,93,115,208,16,,,,,,,,,,,,208
2025-07-29,OWD,202,72,71,143,24,,,,,,,,,,,,143
2025-07-30,OWD,297,100,92,192,33,,,,,,,,,,,,192
2025-07-31,OWD,157,50,47,97,6,,,,,,,,,,,,97
2025-08-01,OWD,161,41,57,98,12,,,,,,,,,,,,98
2025-08-02,OWD,420,133,155,288,38,,,,,,,,,,,,288
2025-08-03,OWD,345,126,140,266,17,,,,,,,,,,,,266
2025-08-04,OWD,443,145,143,288,24,,,,,,,,,,,,288
2025-08-05,OWD,257,89,99,188,15,,,,,,,,,,,,188
2025-08-06,OWD,258,92,97,189,28,,,,,,,,,,,,189
2025-08-07,OWD,293,118,126,244,29,,,,,,,,,,,,244
2025-08-08,OWD,340,117,111,228,30,,,,,,,,,,,,228
2025-08-09,OWD,330,136,133,269,10,,,,,,,,,,,,269
2025-08-10,OWD,264,121,112,233,15,,,,,,,,,,,,233
2025-08-11,OWD,366,123,120,243,26,,,,,,,,,,,,243
2025-08-12,OWD,248,82,79,161,24,,,,,,,,,,,,161
2025-08-13,OWD,193,111,104,215,22,,,,,,,,,,,,215
2025-08-14,OWD,290,80,102,182,22,,,,,,,,,,,,182
2025-08-15,OWD,297,106,122,228,14,,,,,,,,,,,,228
2025-08-16,OWD,227,84,94,178,19,,,,,,,,,,,,178
2025-08-17,OWD,215,78,73,151,17,,,,,,,,,,,,151
2025-08-18,OWD,160,39,49,88,24,,,,,,,,,,,,88
2025-08-20,OWD,159,51,62,113,13,,,,,,,,,,,,113
2025-08-21,OWD,150,78,82,160,18,,,,,,,,,,,,160
2025-08-22,OWD,145,104,106,210,26,,,,,,,,,,,,210
2025-08-23,OWD,330,147,147,294,33,,,,,,,,,,,,294
2025-08-24,OWD,208,93,85,178,18,,,,,,,,,,,,178
2025-08-25,OWD,300,104,106,210,24,,,,,,,,,,,,210
2025-08-26,OWD,236,91,92,183,25,,,,,,,,,,,,183
2025-08-27,OWD,274,99,99,198,51,,,,,,,,,,,,198
2025-08-28,OWD,311,122,126,248,32,,,,,,,,,,,,248
2025-08-29,OWD,175,81,76,157,9,,,,,,,,,,,,157
2025-08-30,OWD,318,100,99,199,21,,,,,,,,,,,,199
2025-08-31,OWD,171,75,78,153,14,,,,,,,,,,,,153
2025-09-01,OWD,172,57,57,114,20,,,,,,,,,,,,114
2025-09-02,OWD,202,84,84,168,9,,,,,,,,,,,,168
2025-09-03,OWD,259,102,104,206,26,,,,,,,,,,,,206
2025-09-04,OWD,433,142,139,281,29,,,,,,,,,,,,281
2025-09-05,OWD,162,92,85,177,8,,,,,,,,,,,,177
2025-09-06,OWD,225,66,61,127,13,,,,,,,,,,,,127
2025-09-07,OWD,52,24,27,51,1,,,,,,,,,,,,51
2025-09-08,OWD,349,124,133,257,24,,,,,,,,,,,,257
2025-09-09,OWD,128,52,61,113,21,,,,,,,,,,,,113
2025-09-10,OWD,197,64,59,123,21,,,,,,,,,,,,123
2025-09-11,OWD,199,71,72,143,26,,,,,,,,,,,,143
2025-09-12,OWD,281,106,104,210,19,,,,,,,,,,,,210
2025-09-13,OWD,300,129,126,255,13,,,,,,,,,,,,255
2025-09-14,OWD,355,157,163,320,16,,,,,,,,,,,,320
2025-09-15,OWD,484,94,95,189,27,,,,,,,,,,,,189
2025-09-16,OWD,233,94,96,190,21,,,,,,,,,,,,190
2025-09-17,OWD,223,74,77,151,18,,,,,,,,,,,,151
2025-09-19,OWD,276,109,105,214,27,,,,,,,,,,,,214
2025-09-20,OWD,300,102,106,208,37,,,,,,,,,,,,208
2025-09-21,OWD,246,114,112,226,20,,,,,,,,,,,,226
2025-09-22,OWD,444,162,171,333,29,,,,,,,,,,,,333
2025-09-23,OWD,283,110,101,211,31,,,,,,,,,,,,211
2025-09-24,OWD,33,17,18,35,0,,,,,,,,,,,,35
2025-09-25,OWD,17,9,9,18,0,,,,,,,,,,,,18
2025-09-26,OWD,116,131,118,249,7,,,,,,,,,,,,249
2025-09-27,OWD,312,118,119,237,22,,,,,,,,,,,,237
2025-09-28,OWD,327,126,121,247,25,,,,,,,,,,,,247
2025-09-29,OWD,273,104,104,208,21,,,,,,,,,,,,208
2025-09-30,OWD,281,112,118,230,8,,,,,,,,,,,,230
2025-10-01,OWD,180,68,75,143,19,,,,,,,,,,,,143
2025-10-02,OWD,105,88,85,173,19,,,,,,,,,,,,173
2025-10-03,OWD,336,118,118,236,25,,,,,,,,,,,,236
2025-10-04,OWD,304,129,126,255,21,,,,,,,,,,,,255
2025-10-05,OWD,256,108,111,219,16,,,,,,,,,,,,219
2025-10-06,OWD,246,85,81,166,24,,,,,,,,,,,,166
2025-10-07,OWD,199,81,78,159,21,,,,,,,,,,,,159
2025-10-08,OWD,48,18,20,38,8,,,,,,,,,,,,38
2025-10-09,OWD,259,84,91,175,20,,,,,,,,,,,,175
2025-10-10,OWD,437,130,131,261,39,,,,,,,,,,,,261
2025-10-11,OWD,333,148,147,295,26,,,,,,,,,,,,295
2025-10-12,OWD,42,21,20,41,2,,,,,,,,,,,,41
2025-10-13,OWD,2,1,1,2,0,,,,,,,,,,,,2
2025-10-14,OWD,23,9,9,18,0,,,,,,,,,,,,18
2025-10-15,OWD,165,66,63,129,25,,,,,,,,,,,,129
2025-10-16,OWD,24,39,36,75,19,,,,,,,,,,,,75
2025-10-17,OWD,354,125,114,239,15,,,,,,,,,,,,239
2025-10-18,OWD,400,147,150,297,25,,,,,,,,,,,,297
2025-10-19,OWD,347,118,113,231,34,,,,,,,,,,,,231
2025-10-20,OWD,30,14,18,32,4,,,,,,,,,,,,32
2025-10-21,OWD,352,117,113,230,19,,,,,,,,,,,,230
2025-10-22,OWD,183,79,76,155,9,,,,,,,,,,,,155
2025-10-23,OWD,245,90,90,180,17,,,,,,,,,,,,180
2025-10-24,OWD,453,128,115,243,49,,,,,,,,,,,,243
2025-10-25,OWD,338,136,133,269,19,,,,,,,,,,,,269
2025-10-26,OWD,301,105,110,215,21,,,,,,,,,,,,215
2025-10-27,OWD,320,134,132,266,21,,,,,,,,,,,,266
2025-10-28,OWD,307,110,111,221,19,,,,,,,,,,,,221
2025-10-29,OWD,165,58,61,119,6,,,,,,,,,,,,119
2025-10-30,OWD,15,6,10,16,0,,,,,,,,,,,,16
2025-10-31,OWD,31,19,15,34,4,,,,,,,,,,,,34
2025-11-01,OWD,88,46,36,82,11,,,,,,,,,,,,82
2025-11-02,OWD,382,128,129,257,20,,,,,,,,,,,,257
2025-11-03,OWD,313,123,123,246,18,,,,,,,,,,,,246
2025-11-04,OWD,23,8,13,21,3,,,,,,,,,,,,21
2025-11-05,OWD,342,146,141,287,25,,,,,,,,,,,,287
2025-11-06,OWD,121,17,15,32,22,,,,,,,,,,,,32
2025-11-07,OWD,423,139,137,276,18,,,,,,,,,,,,276
2025-11-08,OWD,360,118,118,236,22,,,,,,,,,,,,236
2025-11-09,OWD,183,57,53,110,14,,,,,,,,,,,,110
2025-11-10,OWD,16,8,8,16,0,,,,,,,,,,,,16
2025-11-11,OWD,117,50,52,102,7,,,,,,,,,,,,102
2025-11-12,OWD,294,110,111,221,20,,,,,,,,,,,,221
2025-11-13,OWD,148,81,77,158,24,,,,,,,,,,,,158
2025-11-14,OWD,175,115,116,231,13,,,,,,,,,,,,231
2025-11-15,OWD,469,160,159,319,31,,,,,,,,,,,,319
2025-11-16,OWD,45,14,14,28,6,,,,,,,,,,,,28
2025-11-17,OWD,37,11,13,24,9,,,,,,,,,,,,24
2025-11-18,OWD,200,85,82,167,16,,,,,,,,,,,,167
2025-11-19,OWD,346,146,144,290,17,,,,,,,,,,,,290
2025-11-20,OWD,333,126,126,252,22,,,,,,,,,,,,252
2025-11-22,OWD,78,22,19,41,11,,,,,,,,,,,,41
2025-11-23,OWD,343,130,128,258,22,,,,,,,,,,,,258
2025-11-24,OWD,265,114,114,228,13,,,,,,,,,,,,228
2025-11-25,OWD,297,111,115,226,14,,,,,,,,,,,,226
2025-11-26,OWD,66,17,14,31,7,,,,,,,,,,,,31
2025-11-27,OWD,46,21,21,42,2,,,,,,,,,,,,42
2025-11-28,OWD,84,31,28,59,12,,,,,,,,,,,,59
2025-11-29,OWD,253,104,102,206,13,,,,,,,,,,,,206
2025-11-30,OWD,304,100,97,197,4,,,,,,,,,,,,197
2025-12-01,OWD,256,97,96,193,17,,,,,,,,,,,,193
2025-12-02,OWD,41,10,12,22,1,,,,,,,,,,,,22
2025-12-03,OWD,240,108,113,221,16,,,,,,,,,,,,221
2025-12-04,OWD,162,63,62,125,9,,,,,,,,,,,,125
2025-12-05,OWD,210,151,148,299,19,,,,,,,,,,,,299
2025-12-06,OWD,180,65,68,133,14,,,,,,,,,,,,133
2025-12-07,OWD,284,83,84,167,19,,,,,,,,,,,,167
2025-12-08,OWD,189,83,87,170,7,,,,,,,,,,,,170
2025-12-10,OWD,108,52,49,101,4,,,,,,,,,,,,101
2025-12-11,OWD,12,16,13,29,3,,,,,,,,,,,,29
2025-12-12,OWD,66,33,35,68,6,,,,,,,,,,,,68
2025-12-13,OWD,233,88,86,174,15,,,,,,,,,,,,174
2025-12-14,OWD,8,6,2,8,0,,,,,,,,,,,,8
2025-12-15,OWD,104,33,37,70,17,,,,,,,,,,,,70
2025-12-16,OWD,253,113,107,220,20,,,,,,,,,,,,220
2025-12-17,OWD,87,46,46,92,10,,,,,,,,,,,,92
2025-12-18,OWD,260,125,124,249,27,,,,,,,,,,,,249
2025-12-19,OWD,4,2,0,2,2,,,,,,,,,,,,2
2025-12-20,OWD,332,119,118,237,24,,,,,,,,,,,,237
2025-12-21,OWD,107,40,38,78,17,,,,,,,,,,,,78
2025-12-22,OWD,212,80,80,160,18,,,,,,,,,,,,160
2025-12-23,OWD,91,41,41,82,1,,,,,,,,,,,,82
2025-12-24,OWD,13,6,8,14,0,,,,,,,,,,,,14
2025-12-25,OWD,9,6,4,10,0,,,,,,,,,,,,10
2025-12-26,OWD,151,51,50,101,14,,,,,,,,,,,,101
2025-12-27,OWD,37,8,14,22,12,,,,,,,,,,,,22
2025-12-28,OWD,159,55,53,108,26,,,,,,,,,,,,108
2025-12-29,OWD,2,1,1,2,0,,,,,,,,,,,,2
2025-12-30,OWD,4,0,2,2,2,,,,,,,,,,,,2
2025-12-31,OWD,142,50,48,98,13,,,,,,,,,,,,98
2026-01-01,OWD,1,1,1,2,4,,,,,,,,,,,,2
2026-01-02,OWD,133,56,56,112,11,,,,,,,,,,,,112
2026-01-03,OWD,279,88,84,172,20,,,,,,,,,,,,172
2026-01-04,OWD,126,46,46,92,12,,,,,,,,,,,,92
2026-01-05,OWD,220,86,86,172,14,,,,,,,,,,,,172
2026-01-06,OWD,69,9,8,17,7,,,,,,,,,,,,17
2026-01-07,OWD,4,1,3,4,0,,,,,,,,,,,,4
2026-01-08,OWD,214,85,82,167,18,,,,,,,,,,,,167
2026-01-09,OWD,197,68,65,133,8,,,,,,,,,,,,133
2026-01-10,OWD,253,76,75,151,10,,,,,,,,,,,,151
2026-01-11,OWD,80,26,26,52,5,,,,,,,,,,,,52
2026-01-12,OWD,196,75,77,152,13,,,,,,,,,,,,152
2026-01-13,OWD,258,102,100,202,25,,,,,,,,,,,,202
2026-01-14,OWD,310,84,83,167,20,,,,,,,,,,,,167
2026-01-15,OWD,42,28,29,57,14,,,,,,,,,,,,57
2026-01-16,OWD,28,12,14,26,2,,,,,,,,,,,,26
2026-01-17,OWD,151,39,39,78,12,,,,,,,,,,,,78
2026-01-18,OWD,6,2,1,3,1,,,,,,,,,,,,3
2026-01-19,OWD,95,35,38,73,9,,,,,,,,,,,,73
2026-01-20,OWD,189,68,64,132,14,,,,,,,,,,,,132
2026-01-21,OWD,270,100,101,201,11,,,,,,,,,,,,201
2026-01-22,OWD,168,64,64,128,14,,,,,,,,,,,,128
2026-01-23,OWD,216,80,73,153,10,,,,,,,,,,,,153
2026-01-24,OWD,184,52,56,108,8,,,,,,,,,,,,108
2026-01-25,OWD,30,11,9,20,0,,,,,,,,,,,,20
2026-01-26,OWD,0,0,0,0,0,,,,,,,,,,,,0
2026-01-27,OWD,12,0,0,0,11,,,,,,,,,,,,0
2026-01-28,OWD,19,0,0,0,16,,,,,,,,,,,,0
2026-01-29,OWD,84,19,20,39,16,,,,,,,,,,,,39
2026-01-30,OWD,107,32,31,63,17,,,,,,,,,,,,63
2026-01-31,OWD,133,59,58,117,15,,,,,,,,,,,,117
2026-02-01,OWD,53,22,19,41,6,,,,,,,,,,,,41
2026-02-02,OWD,234,84,88,172,17,,,,,,,,,,,,172
2026-02-03,OWD,251,80,78,158,11,,,,,,,,,,,,158
2026-02-04,OWD,177,43,45,88,14,,,,,,,,,,,,88
2026-02-05,OWD,266,119,123,242,12,,,,,,,,,,,,242
2026-02-06,OWD,151,46,47,93,13,,,,,,,,,,,,93
2026-02-07,OWD,1,0,1,1,0,,,,,,,,,,,,1
2026-02-08,OWD,69,21,20,41,6,,,,,,,,,,,,41
2026-02-09,OWD,163,47,46,93,18,,,,,,,,,,,,93
2026-02-10,OWD,224,106,105,211,17,,,,,,,,,,,,211
2026-02-11,OWD,89,45,38,83,4,,,,,,,,,,,,83
2026-02-12,OWD,178,74,79,153,12,,,,,,,,,,,,153
2026-02-13,OWD,361,135,128,263,18,,,,,,,,,,,,263
2026-02-14,OWD,272,113,115,228,19,,,,,,,,,,,,228
2026-02-15,OWD,159,63,68,131,32,,,,,,,,,,,,131
2026-02-16,OWD,200,77,74,151,16,,,,,,,,,,,,151
2026-02-17,OWD,53,4,4,8,4,,,,,,,,,,,,8
2026-02-18,OWD,9,1,0,1,1,,,,,,,,,,,,1
2026-02-19,OWD,191,77,77,154,15,,,,,,,,,,,,154
2026-02-20,OWD,133,50,53,103,7,,,,,,,,,,,,103
2026-02-21,OWD,26,3,2,5,6,,,,,,,,,,,,5
2026-02-22,OWD,146,42,41,83,14,,,,,,,,,,,,83
2026-02-23,OWD,0,0,0,0,0,,,,,,,,,,,,0
2026-02-24,OWD,0,0,0,0,10,,,,,,,,,,,,0
2026-02-25,OWD,10,0,0,0,10,,,,,,,,,,,,0
2026-02-26,OWD,117,43,48,91,13,,,,,,,,,,,,91
2026-02-27,OWD,275,97,96,193,20,,,,,,,,,,,,193
2026-02-28,OWD,280,112,110,222,24,,,,,,,,,,,,222
2026-03-01,OWD,123,33,35,68,6,,,,,,,,,,,,68
2026-03-02,OWD,311,125,125,250,25,,,,,,,,,,,,250
2026-03-03,OWD,175,61,58,119,5,,,,,,,,,,,,119
2026-03-04,OWD,258,101,102,203,12,,,,,,,,,,,,203
2026-03-05,OWD,36,19,15,34,0,,,,,,,,,,,,34
2026-03-06,OWD,16,9,8,17,0,,,,,,,,,,,,17
2026-03-07,OWD,37,8,8,16,5,,,,,,,,,,,,16
2026-03-08,OWD,158,57,58,115,7,,,,,,,,,,,,115
2026-03-09,OWD,200,87,87,174,9,,,,,,,,,,,,174
2026-03-10,OWD,228,100,93,193,17,,,,,,,,,,,,193
2026-03-11,OWD,146,54,58,112,2,,,,,,,,,,,,112
2026-03-12,OWD,30,6,8,14,5,,,,,,,,,,,,14
2026-03-13,OWD,353,122,121,243,22,,,,,,,,,,,,243
2026-03-14,OWD,33,19,20,39,0,,,,,,,,,,,,39
2026-03-15,OWD,287,114,108,222,25,,,,,,,,,,,,222
2026-03-16,OWD,1,0,1,1,0,,,,,,,,,,,,1
2026-03-17,OWD,69,8,10,18,11,,,,,,,,,,,,18
2026-03-18,OWD,432,148,141,289,28,,,,,,,,,,,,289
2026-03-19,OWD,309,120,123,243,23,,,,,,,,,,,,243
2026-03-20,OWD,206,68,67,135,12,,,,,,,,,,,,135
2026-03-21,OWD,190,63,63,126,22,,,,,,,,,,,,126
2026-03-22,OWD,90,35,35,70,2,,,,,,,,,,,,70
2026-03-23,OWD,4,4,0,4,0,,,,,,,,,,,,4
2026-03-24,OWD,408,113,116,229,26,,,,,,,,,,,,229
2026-03-25,OWD,357,110,110,220,22,,,,,,,,,,,,220
2026-03-26,OWD,214,63,61,124,15,,,,,,,,,,,,124
2026-03-27,OWD,302,86,84,170,18,,,,,,,,,,,,170
2026-03-28,OWD,320,104,99,203,18,,,,,,,,,,,,203
2026-03-29,OWD,215,93,94,187,10,,,,,,,,,,,,187
2026-03-30,OWD,186,75,73,148,10,,,,,,,,,,,,148
2026-03-31,OWD,88,22,24,46,4,,,,,,,,,,,,46
2026-04-01,OWD,197,69,69,138,5,,,,,,,,,,,,138
2026-04-02,OWD,18,7,8,15,1,,,,,,,,,,,,15
2026-04-03,OWD,149,34,40,74,11,,,,,,,,,,,,74
2026-04-04,OWD,197,58,54,112,10,,,,,,,,,,,,112
2026-04-05,OWD,9,4,6,10,0,,,,,,,,,,,,10
2026-04-06,OWD,129,33,32,65,12,,,,,,,,,,,,65
2026-04-07,OWD,239,37,35,72,16,,,,,,,,,,,,72
2026-04-08,OWD,374,133,138,271,18,,,,,,,,,,,,271
2026-04-09,OWD,188,74,71,145,23,,,,,,,,,,,,145
2026-04-10,OWD,319,104,102,206,19,,,,,,,,,,,,206
2026-04-11,OWD,169,55,54,109,13,,,,,,,,,,,,109
2026-04-12,OWD,277,110,112,222,19,,,,,,,,,,,,222
2026-04-13,OWD,64,26,25,51,12,,,,,,,,,,,,51
2026-04-14,OWD,249,84,86,170,13,,,,,,,,,,,,170
2026-04-15,OWD,305,112,116,228,11,,,,,,,,,,,,228
2026-04-16,OWD,318,58,68,126,10,,,,,,,,,,,,126
2026-04-17,OWD,66,15,20,35,4,,,,,,,,,,,,35
2026-04-18,OWD,81,20,17,37,9,,,,,,,,,,,,37
2026-04-19,OWD,15,5,4,9,0,,,,,,,,,,,,9
2026-04-20,OWD,297,111,111,222,26,,,,,,,,,,,,222
2026-04-21,OWD,365,126,131,257,19,,,,,,,,,,,,257
2026-04-22,OWD,232,56,58,114,14,,,,,,,,,,,,114
2026-04-23,OWD,144,50,48,98,14,,,,,,,,,,,,98
2026-04-24,OWD,315,132,142,274,17,,,,,,,,,,,,274
2026-04-25,OWD,261,94,92,186,35,,,,,,,,,,,,186
2026-04-26,OWD,277,114,111,225,15,,,,,,,,,,,,225
2026-04-27,OWD,261,109,112,221,8,,,,,,,,,,,,221
2026-04-28,OWD,238,104,106,210,17,,,,,,,,,,,,210
2026-04-29,OWD,97,19,23,42,6,,,,,,,,,,,,42
2026-04-30,OWD,66,18,20,38,4,,,,,,,,,,,,38
2026-05-01,OWD,293,100,100,200,22,,,,,,,,,,,,200
2026-05-02,OWD,318,109,109,218,18,,,,,,,,,,,,218
2026-05-03,OWD,138,61,61,122,15,,,,,,,,,,,,122
2026-05-04,OWD,95,36,38,74,11,,,,,,,,,,,,74
2026-05-07,OWD,265,42,40,82,7,,,,,,,,,,,,82
2026-05-08,OWD,247,105,96,201,11,,,,,,,,,,,,201
2026-05-09,OWD,208,51,49,100,12,,,,,,,,,,,,100
2026-05-10,OWD,256,111,112,223,12,,,,,,,,,,,,223
2026-05-11,OWD,239,120,120,240,23,,,,,,,,,,,,240
2026-05-12,OWD,301,119,118,237,22,,,,,,,,,,,,237
2026-05-13,OWD,234,93,95,188,10,,,,,,,,,,,,188
2026-05-14,OWD,133,63,63,126,1,,,,,,,,,,,,126
2026-05-15,OWD,50,18,17,35,1,,,,,,,,,,,,35
2026-05-16,OWD,243,96,87,183,18,,,,,,,,,,,,183
2026-05-17,OWD,248,101,96,197,21,,,,,,,,,,,,197
2026-05-18,OWD,299,140,131,271,26,,,,,,,,,,,,271
2026-05-19,OWD,164,67,60,127,18,,,,,,,,,,,,127
2026-05-20,OWD,156,63,65,128,12,,,,,,,,,,,,128
2026-05-21,OWD,342,140,138,278,21,,,,,,,,,,,,278
2026-05-22,OWD,300,125,123,248,21,,,,,,,,,,,,248
2026-05-23,OWD,383,162,158,320,24,,,,,,,,,,,,320
2026-05-24,OWD,91,44,45,89,0,,,,,,,,,,,,89
2026-05-25,OWD,146,44,45,89,5,,,,,,,,,,,,89
2026-05-26,OWD,342,145,140,285,16,,,,,,,,,,,,285
2026-05-27,OWD,303,132,130,262,16,,,,,,,,,,,,262
2026-05-28,OWD,256,108,107,215,18,,,,,,,,,,,,215
2026-05-30,OWD,14,8,4,12,0,,,,,,,,,,,,12
2026-05-31,OWD,315,131,132,263,15,,,,,,,,,,,,263
2026-06-01,OWD,177,76,78,154,18,,,,,,,,,,,,154
2026-06-02,OWD,294,129,136,265,12,,,,,,,,,,,,265
2026-06-03,OWD,371,145,141,286,17,,,,,,,,,,,,286
2026-06-04,OWD,275,114,107,221,20,,,,,,,,,,,,221
2026-06-05,OWD,220,93,93,186,18,,,,,,,,,,,,186
2026-06-06,OWD,277,109,107,216,13,,,,,,,,,,,,216
2026-06-07,OWD,164,71,73,144,0,,,,,,,,,,,,144
2026-06-08,OWD,253,87,92,179,27,,,,,,,,,,,,179
2026-06-09,OWD,250,105,104,209,8,,,,,,,,,,,,209
2026-06-10,OWD,251,104,99,203,16,,,,,,,,,,,,203
2026-06-11,OWD,298,98,90,188,9,,,,,,,,,,,,188
2026-06-12,OWD,200,98,94,192,13,,,,,,,,,,,,192
2026-06-13,OWD,300,98,103,201,23,,,,,,,,,,,,201
2026-06-14,OWD,241,106,105,211,10,,,,,,,,,,,,211
2026-06-15,OWD,312,108,107,215,26,,,,,,,,,,,,215
2026-06-16,OWD,233,80,74,154,20,,,,,,,,,,,,154
2026-06-17,OWD,388,142,137,279,28,,,,,,,,,,,,279
2026-06-18,OWD,91,44,42,86,0,,,,,,,,,,,,86
2026-06-19,OWD,157,69,68,137,13,,,,,,,,,,,,137
2026-06-20,OWD,96,45,42,87,3,,,,,,,,,,,,87
2026-06-21,OWD,305,107,108,215,36,,,,,,,,,,,,215
2026-06-22,OWD,212,95,96,191,16,,,,,,,,,,,,191
2026-06-23,OWD,44,12,10,22,10,,,,,,,,,,,,22
2026-06-24,OWD,419,173,174,347,26,,,,,,,,,,,,347
2026-06-25,OWD,267,55,56,111,8,,,,,,,,,,,,111
2026-06-26,OWD,247,88,87,175,29,,,,,,,,,,,,175
2026-06-27,OWD,338,121,131,252,27,,,,,,,,,,,,252
2026-06-28,OWD,199,81,84,165,14,,,,,,,,,,,,165
2026-06-29,OWD,246,119,115,234,19,,,,,,,,,,,,234
2026-06-30,OWD,238,118,127,245,17,,,,,,,,,,,,245
2026-07-01,OWD,272,128,125,253,13,,,,,,,,,,,,253
2026-07-02,OWD,195,75,70,145,25,,,,,,,,,,,,145
2026-07-03,OWD,140,59,63,122,13,,,,,,,,,,,,122
2026-07-04,OWD,85,28,28,56,18,,,,,,,,,,,,56
2026-07-05,OWD,275,115,102,217,20,,,,,,,,,,,,217
2026-07-06,OWD,258,112,115,227,15,,,,,,,,,,,,227
2026-07-07,OWD,35,14,11,25,2,,,,,,,,,,,,25
2026-07-08,OWD,374,145,149,294,19,,,,,,,,,,,,294
2026-07-09,OWD,416,162,165,327,32,,,,,,,,,,,,327
2026-07-10,OWD,286,119,120,239,29,,,,,,,,,,,,239
2026-07-11,OWD,285,123,127,250,33,,,,,,,,,,,,250
2026-07-12,OWD,308,144,134,278,18,,,,,,,,,,,,278
2026-07-13,OWD,267,113,112,225,27,,,,,,,,,,,,225
2026-07-14,OWD,166,89,90,179,11,,,,,,,,,,,,179
2026-07-15,OWD,288,123,119,242,16,,,,,,,,,,,,242
2026-07-16,OWD,248,108,103,211,29,,,,,,,,,,,,211
2026-07-17,OWD,205,112,120,232,12,,,,,,,,,,,,232
2026-07-18,OWD,149,58,64,122,5,,,,,,,,,,,,122
2026-07-19,OWD,207,87,89,176,23,,,,,,,,,,,,176
2026-07-20,OWD,220,99,96,195,20,,,,,,,,,,,,195
2026-07-21,OWD,129,64,58,122,4,,,,,,,,,,,,122
2026-07-22,OWD,145,72,67,139,7,,,,,,,,,,,,139
2026-07-23,OWD,329,135,132,267,26,,,,,,,,,,,,267
2026-07-24,OWD,300,136,140,276,32,,,,,,,,,,,,276
2026-07-25,OWD,330,133,137,270,24,,,,,,,,,,,,270
2026-07-26,OWD,307,126,126,252,19,,,,,,,,,,,,252
2026-07-27,OWD,283,125,125,250,25,,,,,,,,,,,,250
2026-07-28,OWD,241,107,108,215,8,,,,,,,,,,,,215
2026-07-29,OWD,74,34,33,67,0,,,,,,,,,,,,67
2026-07-30,OWD,111,44,43,87,4,,,,,,,,,,,,87
2026-07-31,OWD,263,125,135,260,17,,,,,,,,,,,,260
2026-08-01,OWD,367,44,56,100,7,,,,,,,,,,,,100
2026-08-02,OWD,277,138,127,265,12,,,,,,,,,,,,265
2026-08-03,OWD,36,17,16,33,2,,,,,,,,,,,,33
2026-08-04,OWD,312,125,124,249,19,,,,,,,,,,,,249
2026-08-05,OWD,300,111,107,218,23,,,,,,,,,,,,218
2026-08-06,OWD,141,61,62,123,14,,,,,,,,,,,,123
2026-08-07,OWD,191,77,79,156,20,,,,,,,,,,,,156
2026-08-08,OWD,241,86,92,178,16,,,,,,,,,,,,178
2026-08-09,OWD,343,66,59,125,15,,,,,,,,,,,,125
2026-08-10,OWD,278,111,118,229,26,,,,,,,,,,,,229
2026-08-11,OWD,158,62,60,122,16,,,,,,,,,,,,122
2026-08-12,OWD,209,42,49,91,7,,,,,,,,,,,,91
2026-08-13,OWD,278,118,123,241,19,,,,,,,,,,,,241
2026-08-14,OWD,261,112,116,228,23,,,,,,,,,,,,228
2026-08-15,OWD,282,123,122,245,13,,,,,,,,,,,,245
2026-08-16,OWD,302,107,103,210,25,,,,,,,,,,,,210
2026-08-17,OWD,136,44,39,83,11,,,,,,,,,,,,83
2026-08-18,OWD,183,55,56,111,14,,,,,,,,,,,,111
2026-08-19,OWD,370,127,113,240,32,,,,,,,,,,,,240
2026-08-20,OWD,281,73,72,145,25,,,,,,,,,,,,145
2026-08-21,OWD,122,50,53,103,6,,,,,,,,,,,,103
2026-08-22,OWD,50,22,18,40,9,,,,,,,,,,,,40
2026-08-23,OWD,88,17,21,38,9,,,,,,,,,,,,38
2026-08-24,OWD,385,117,123,240,21,,,,,,,,,,,,240
2026-08-25,OWD,317,138,137,275,9,,,,,,,,,,,,275
2026-08-26,OWD,348,142,145,287,14,,,,,,,,,,,,287
2026-08-27,OWD,272,119,112,231,22,,,,,,,,,,,,231
2026-08-28,OWD,196,68,65,133,11,,,,,,,,,,,,133
2026-08-29,OWD,275,116,113,229,20,,,,,,,,,,,,229
2026-08-30,OWD,315,98,95,193,17,,,,,,,,,,,,193
2026-08-31,OWD,305,103,102,205,29,,,,,,,,,,,,205
