date,facility,tower_ops,detected_approaches,detected_climbs,detected_ops,included
2025-10-01,SUS,448,172,180,352,1
2025-10-01,IXD,316,162,163,325,1
2025-10-01,SLN,207,117,113,230,1
2025-10-01,FRG,689,286,284,570,1
2025-10-01,TTN,325,158,182,340,1
2025-10-01,LNS,502,261,244,505,1
2025-10-01,GFK,168,79,82,161,1
2025-10-01,DPA,524,275,259,534,1
2025-10-01,FCM,586,289,298,587,1
2025-10-01,APA,1219,589,663,1252,1
2025-10-01,HIO,363,198,193,391,1
2025-10-01,PAE,338,165,162,327,1
2025-10-01,DAB,1352,653,622,1275,1
2025-10-01,HWO,1079,548,545,1093,1
2025-10-01,FXE,643,259,269,528,1
2025-10-01,DTO,767,367,393,760,1
2025-10-01,GKY,340,152,160,312,1
2025-10-01,FTW,751,326,332,658,1
2025-10-01,FFZ,1588,795,792,1587,1
2025-10-01,SDL,495,248,242,490,1
2025-10-02,SUS,547,232,251,483,1
2025-10-02,IXD,312,144,148,292,1
2025-10-02,SLN,261,163,153,316,1
2025-10-02,FRG,1035,408,391,799,1
2025-10-02,LNS,466,245,241,486,1
2025-10-02,GFK,1978,951,934,1885,1
2025-10-02,DPA,521,276,276,552,1
2025-10-02,FCM,547,274,286,560,1
2025-10-02,APA,1405,639,713,1352,1
2025-10-02,HIO,688,419,414,833,1
2025-10-02,PAE,701,332,341,673,1
2025-10-02,DAB,901,462,447,909,1
2025-10-02,HWO,766,368,368,736,1
2025-10-02,FXE,465,227,220,447,1
2025-10-02,DTO,574,282,306,588,1
2025-10-02,GKY,357,157,162,319,1
2025-10-02,FTW,873,305,296,601,1
2025-10-02,FFZ,1593,779,792,1571,1
2025-10-02,SDL,580,284,292,576,1
2025-10-03,SUS,537,202,191,393,1
2025-10-03,IXD,282,135,135,270,1
2025-10-03,SLN,217,122,135,257,1
2025-10-03,FRG,932,384,408,792,1
2025-10-03,TTN,404,190,206,396,1
2025-10-03,LNS,387,201,199,400,1
2025-10-03,GFK,1385,685,679,1364,1
2025-10-03,DPA,532,274,275,549,1
2025-10-03,FCM,669,346,349,695,1
2025-10-03,APA,997,478,572,1050,1
2025-10-03,HIO,475,250,247,497,1
2025-10-03,PAE,561,294,280,574,1
2025-10-03,DAB,987,509,491,1000,1
2025-10-03,HWO,528,297,300,597,1
2025-10-03,FXE,577,279,286,565,1
2025-10-03,DTO,707,346,364,710,1
2025-10-03,GKY,214,105,100,205,1
2025-10-03,FTW,855,371,360,731,1
2025-10-03,FFZ,1377,662,646,1308,1
2025-10-03,SDL,490,249,238,487,1
2025-10-04,SUS,373,127,124,251,1
2025-10-04,IXD,90,49,48,97,1
2025-10-04,SLN,89,13,62,75,1
2025-10-04,FRG,1091,421,414,835,1
2025-10-04,TTN,245,141,160,301,1
2025-10-04,LNS,311,155,140,295,1
2025-10-04,GFK,943,468,450,918,1
2025-10-04,DPA,548,283,281,564,1
2025-10-04,FCM,100,51,51,102,1
2025-10-04,APA,332,139,163,302,1
2025-10-04,HIO,758,387,384,771,1
2025-10-04,PAE,436,225,229,454,1
2025-10-04,DAB,463,255,249,504,1
2025-10-04,HWO,975,470,478,948,1
2025-10-04,FXE,527,242,248,490,1
2025-10-04,DTO,547,264,281,545,1
2025-10-04,GKY,199,99,108,207,1
2025-10-04,FTW,640,287,271,558,1
2025-10-04,FFZ,1357,639,643,1282,1
2025-10-04,SDL,413,192,188,380,1
2025-10-05,SUS,229,102,109,211,1
2025-10-05,IXD,105,51,48,99,1
2025-10-05,SLN,42,18,20,38,1
2025-10-05,FRG,889,383,378,761,1
2025-10-05,TTN,279,123,152,275,1
2025-10-05,LNS,280,128,118,246,1
2025-10-05,GFK,30,15,14,29,1
2025-10-05,DPA,407,217,195,412,1
2025-10-05,FCM,78,46,35,81,1
2025-10-05,APA,844,457,462,919,1
2025-10-05,HIO,590,325,313,638,1
2025-10-05,PAE,764,377,377,754,1
2025-10-05,DAB,519,270,258,528,1
2025-10-05,HWO,824,377,371,748,1
2025-10-05,FXE,412,212,173,385,1
2025-10-05,DTO,561,276,278,554,1
2025-10-05,GKY,289,142,135,277,1
2025-10-05,FTW,405,188,188,376,1
2025-10-05,FFZ,1054,538,526,1064,1
2025-10-05,SDL,491,245,234,479,1
2025-10-06,SUS,470,213,225,438,1
2025-10-06,IXD,226,109,114,223,1
2025-10-06,SLN,19,10,9,19,1
2025-10-06,FRG,819,323,339,662,1
2025-10-06,TTN,225,112,146,258,1
2025-10-06,LNS,358,195,183,378,1
2025-10-06,GFK,1904,919,910,1829,1
2025-10-06,DPA,368,193,197,390,1
2025-10-06,FCM,685,349,341,690,1
2025-10-06,APA,395,165,196,361,1
2025-10-06,HIO,527,288,278,566,1
2025-10-06,PAE,507,227,250,477,1
2025-10-06,DAB,933,479,466,945,1
2025-10-06,HWO,991,468,467,935,1
2025-10-06,FXE,531,254,262,516,1
2025-10-06,DTO,595,255,273,528,1
2025-10-06,GKY,391,166,162,328,1
2025-10-06,FTW,807,361,353,714,1
2025-10-06,FFZ,1608,825,844,1669,1
2025-10-06,SDL,509,254,263,517,1
2025-10-07,SUS,327,128,119,247,1
2025-10-07,IXD,139,59,60,119,1
2025-10-07,SLN,334,172,171,343,1
2025-10-07,FRG,709,300,294,594,1
2025-10-07,TTN,326,138,153,291,1
2025-10-07,LNS,316,138,138,276,1
2025-10-07,GFK,1924,941,932,1873,1
2025-10-07,DPA,422,223,218,441,1
2025-10-07,FCM,628,311,312,623,1
2025-10-07,APA,795,413,459,872,1
2025-10-07,HIO,809,409,404,813,1
2025-10-07,PAE,801,393,395,788,1
2025-10-07,DAB,1221,619,617,1236,1
2025-10-07,HWO,888,426,438,864,1
2025-10-07,FXE,597,315,302,617,1
2025-10-07,DTO,553,225,231,456,1
2025-10-07,GKY,393,158,167,325,1
2025-10-07,FTW,802,283,294,577,1
2025-10-07,FFZ,1636,861,843,1704,1
2025-10-07,SDL,559,260,278,538,1
2025-10-08,SUS,533,199,198,397,1
2025-10-08,IXD,227,115,114,229,1
2025-10-08,SLN,536,268,272,540,1
2025-10-08,FRG,178,77,70,147,1
2025-10-08,TTN,193,92,107,199,1
2025-10-08,LNS,213,113,111,224,1
2025-10-08,GFK,1711,830,822,1652,1
2025-10-08,DPA,523,277,266,543,1
2025-10-08,FCM,806,396,405,801,1
2025-10-08,APA,1339,694,802,1496,1
2025-10-08,HIO,678,362,359,721,1
2025-10-08,PAE,539,271,281,552,1
2025-10-08,DAB,1311,675,645,1320,1
2025-10-08,HWO,711,344,351,695,1
2025-10-08,FXE,551,336,322,658,1
2025-10-08,DTO,702,325,335,660,1
2025-10-08,GKY,430,208,209,417,1
2025-10-08,FTW,816,299,295,594,1
2025-10-08,FFZ,1632,831,812,1643,1
2025-10-08,SDL,513,242,266,508,1
2025-10-09,SUS,479,191,208,399,1
2025-10-09,IXD,278,144,140,284,1
2025-10-09,SLN,231,118,119,237,1
2025-10-09,FRG,751,338,323,661,1
2025-10-09,TTN,373,194,211,405,1
2025-10-09,LNS,365,191,180,371,1
2025-10-09,GFK,1639,796,796,1592,1
2025-10-09,DPA,619,327,320,647,1
2025-10-09,FCM,406,212,207,419,1
2025-10-09,APA,1152,569,668,1237,1
2025-10-09,HIO,629,337,341,678,1
2025-10-09,PAE,624,322,323,645,1
2025-10-09,DAB,758,384,366,750,1
2025-10-09,HWO,1120,524,525,1049,1
2025-10-09,FXE,630,292,287,579,1
2025-10-09,DTO,642,294,313,607,1
2025-10-09,GKY,365,176,181,357,1
2025-10-09,FTW,855,376,365,741,1
2025-10-09,FFZ,1277,602,595,1197,1
2025-10-09,SDL,463,249,257,506,1
2025-10-10,SUS,586,237,243,480,1
2025-10-10,IXD,291,143,139,282,1
2025-10-10,SLN,275,131,135,266,1
2025-10-10,FRG,977,392,400,792,1
2025-10-10,LNS,406,199,185,384,1
2025-10-10,GFK,1754,841,835,1676,1
2025-10-10,DPA,530,279,266,545,1
2025-10-10,FCM,487,259,258,517,1
2025-10-10,APA,884,442,573,1015,1
2025-10-10,HIO,244,132,126,258,1
2025-10-10,PAE,582,297,305,602,1
2025-10-10,DAB,309,157,165,322,1
2025-10-10,HWO,556,290,299,589,1
2025-10-10,FXE,415,212,182,394,1
2025-10-10,DTO,551,263,263,526,1
2025-10-10,GKY,308,153,148,301,1
2025-10-10,FTW,893,363,367,730,1
2025-10-10,FFZ,1042,454,443,897,1
2025-10-10,SDL,360,177,170,347,1
2025-10-11,SUS,308,103,118,221,1
2025-10-11,IXD,123,54,52,106,1
2025-10-11,SLN,200,111,111,222,1
2025-10-11,FRG,728,279,258,537,1
2025-10-11,TTN,105,43,51,94,1
2025-10-11,LNS,177,100,95,195,1
2025-10-11,GFK,448,215,216,431,1
2025-10-11,DPA,444,240,238,478,1
2025-10-11,FCM,489,251,257,508,1
2025-10-11,APA,643,321,345,666,1
2025-10-11,HIO,274,147,138,285,1
2025-10-11,PAE,156,79,71,150,1
2025-10-11,DAB,231,115,119,234,1
2025-10-11,HWO,363,225,234,459,1
2025-10-11,FXE,313,166,157,323,1
2025-10-11,DTO,541,258,268,526,1
2025-10-11,GKY,177,84,81,165,1
2025-10-11,FTW,432,200,198,398,1
2025-10-11,FFZ,555,276,270,546,1
2025-10-11,SDL,347,168,173,341,1
2025-10-12,SUS,296,122,121,243,1
2025-10-12,IXD,105,50,53,103,1
2025-10-12,SLN,25,12,13,25,1
2025-10-12,FRG,55,26,20,46,1
2025-10-12,TTN,38,17,20,37,1
2025-10-12,LNS,54,28,27,55,1
2025-10-12,GFK,20,9,12,21,1
2025-10-12,DPA,451,256,240,496,1
2025-10-12,FCM,92,47,40,87,1
2025-10-12,APA,571,276,305,581,1
2025-10-12,HIO,123,62,60,122,1
2025-10-12,PAE,435,221,218,439,1
2025-10-12,DAB,1187,583,596,1179,1
2025-10-12,HWO,396,194,194,388,1
2025-10-12,FXE,429,218,189,407,1
2025-10-12,DTO,448,233,227,460,1
2025-10-12,GKY,122,65,58,123,1
2025-10-12,FTW,301,150,129,279,1
2025-10-12,FFZ,456,234,232,466,1
2025-10-12,SDL,365,177,164,341,1
2025-10-13,SUS,663,259,254,513,1
2025-10-13,IXD,247,119,121,240,1
2025-10-13,SLN,70,34,34,68,1
2025-10-13,FRG,47,21,23,44,1
2025-10-13,TTN,21,12,11,23,1
2025-10-13,LNS,56,29,26,55,1
2025-10-13,GFK,1575,744,749,1493,1
2025-10-13,DPA,484,261,252,513,1
2025-10-13,FCM,814,393,401,794,1
2025-10-13,APA,559,260,324,584,1
2025-10-13,HIO,553,297,292,589,1
2025-10-13,PAE,499,223,236,459,1
2025-10-13,DAB,1483,713,709,1422,1
2025-10-13,HWO,957,522,530,1052,1
2025-10-13,FXE,701,333,323,656,1
2025-10-13,DTO,666,315,321,636,1
2025-10-13,GKY,316,150,152,302,1
2025-10-13,FTW,846,333,313,646,1
2025-10-13,FFZ,988,509,503,1012,1
2025-10-13,SDL,391,167,169,336,1
2025-10-14,SUS,542,182,194,376,1
2025-10-14,IXD,230,84,85,169,1
2025-10-14,SLN,117,24,22,46,1
2025-10-14,FRG,80,33,25,58,1
2025-10-14,LNS,244,105,107,212,1
2025-10-14,GFK,1790,720,719,1439,1
2025-10-14,DPA,522,232,217,449,1
2025-10-14,FCM,387,136,148,284,1
2025-10-14,APA,719,328,375,703,1
2025-10-14,HIO,515,222,210,432,1
2025-10-14,PAE,846,360,360,720,1
2025-10-14,DAB,1545,602,588,1190,1
2025-10-14,HWO,1070,452,461,913,1
2025-10-14,FXE,438,225,218,443,1
2025-10-14,DTO,724,214,218,432,1
2025-10-14,GKY,414,160,155,315,1
2025-10-14,FTW,637,177,174,351,1
2025-10-14,FFZ,1694,686,678,1364,1
2025-10-14,SDL,594,231,230,461,1
2025-10-15,SUS,559,242,238,480,1
2025-10-15,IXD,234,117,121,238,1
2025-10-15,SLN,399,201,202,403,1
2025-10-15,FRG,968,373,370,743,1
2025-10-15,TTN,444,189,221,410,1
2025-10-15,LNS,454,222,207,429,1
2025-10-15,GFK,813,397,397,794,1
2025-10-15,DPA,256,137,129,266,1
2025-10-15,FCM,106,55,57,112,1
2025-10-15,APA,794,393,476,869,1
2025-10-15,HIO,850,442,433,875,1
2025-10-15,PAE,587,283,293,576,1
2025-10-15,DAB,907,480,471,951,1
2025-10-15,HWO,1044,602,613,1215,1
2025-10-15,FXE,647,353,326,679,1
2025-10-15,DTO,665,307,329,636,1
2025-10-15,GKY,355,162,165,327,1
2025-10-15,FTW,906,324,327,651,1
2025-10-15,FFZ,1688,864,871,1735,1
2025-10-15,SDL,609,290,288,578,1
2025-10-16,SUS,398,172,176,348,1
2025-10-16,IXD,265,125,127,252,1
2025-10-16,SLN,359,159,155,314,1
2025-10-16,FRG,539,223,207,430,1
2025-10-16,TTN,232,108,115,223,1
2025-10-16,LNS,385,127,131,258,1
2025-10-16,GFK,81,40,42,82,1
2025-10-16,DPA,712,381,375,756,1
2025-10-16,FCM,152,72,68,140,1
2025-10-16,APA,806,394,469,863,1
2025-10-16,HIO,797,416,416,832,1
2025-10-16,PAE,535,277,269,546,1
2025-10-16,DAB,1279,653,640,1293,1
2025-10-16,HWO,1108,543,563,1106,1
2025-10-16,FXE,675,366,333,699,1
2025-10-16,DTO,604,288,302,590,1
2025-10-16,GKY,387,175,180,355,1
2025-10-16,FTW,913,350,343,693,1
2025-10-16,FFZ,1759,853,847,1700,1
2025-10-16,SDL,484,239,235,474,1
2025-10-17,SUS,530,218,225,443,1
2025-10-17,IXD,203,89,94,183,1
2025-10-17,SLN,90,42,37,79,1
2025-10-17,FRG,1101,443,446,889,1
2025-10-17,TTN,336,202,225,427,1
2025-10-17,LNS,536,232,235,467,1
2025-10-17,GFK,867,429,418,847,1
2025-10-17,DPA,602,325,321,646,1
2025-10-17,FCM,507,251,264,515,1
2025-10-17,APA,1103,567,657,1224,1
2025-10-17,HIO,681,342,336,678,1
2025-10-17,PAE,557,293,307,600,1
2025-10-17,DAB,1391,698,681,1379,1
2025-10-17,HWO,992,463,470,933,1
2025-10-17,FXE,576,266,265,531,1
2025-10-17,DTO,656,282,277,559,1
2025-10-17,GKY,340,158,159,317,1
2025-10-17,FTW,610,296,290,586,1
2025-10-17,FFZ,1750,874,871,1745,1
2025-10-17,SDL,530,253,268,521,1
2025-10-18,SUS,64,25,31,56,1
2025-10-18,IXD,128,68,68,136,1
2025-10-18,SLN,139,71,72,143,1
2025-10-18,FRG,971,353,353,706,1
2025-10-18,LNS,331,160,149,309,1
2025-10-18,GFK,1138,550,550,1100,1
2025-10-18,DPA,615,304,331,635,1
2025-10-18,FCM,581,304,299,603,1
2025-10-18,APA,561,293,332,625,1
2025-10-18,HIO,571,270,266,536,1
2025-10-18,PAE,640,346,337,683,1
2025-10-18,DAB,1195,601,581,1182,1
2025-10-18,HWO,1015,468,475,943,1
2025-10-18,FXE,299,130,136,266,1
2025-10-18,DTO,250,127,119,246,1
2025-10-18,GKY,45,21,22,43,1
2025-10-18,FTW,253,116,103,219,1
2025-10-18,FFZ,1454,755,757,1512,1
2025-10-18,SDL,449,229,226,455,1
2025-10-19,SUS,285,92,74,166,1
2025-10-19,IXD,99,47,45,92,1
2025-10-19,SLN,53,33,26,59,1
2025-10-19,FRG,762,246,254,500,1
2025-10-19,LNS,153,74,71,145,1
2025-10-19,GFK,865,407,409,816,1
2025-10-19,DPA,267,141,130,271,1
2025-10-19,FCM,386,210,199,409,1
2025-10-19,APA,686,367,437,804,1
2025-10-19,HIO,216,119,104,223,1
2025-10-19,PAE,59,55,54,109,1
2025-10-19,DAB,875,436,435,871,1
2025-10-19,HWO,575,320,318,638,1
2025-10-19,FXE,302,161,132,293,1
2025-10-19,DTO,530,243,243,486,1
2025-10-19,GKY,257,121,117,238,1
2025-10-19,FTW,739,259,281,540,1
2025-10-19,FFZ,1180,601,591,1192,1
2025-10-19,SDL,509,239,244,483,1
2025-10-20,SUS,342,93,100,193,1
2025-10-20,IXD,89,43,42,85,1
2025-10-20,SLN,101,40,39,79,1
2025-10-20,FRG,115,37,38,75,1
2025-10-20,LNS,238,106,110,216,1
2025-10-20,GFK,642,297,297,594,1
2025-10-20,DPA,474,241,238,479,1
2025-10-20,FCM,151,69,79,148,1
2025-10-20,APA,347,160,197,357,1
2025-10-20,HIO,876,488,475,963,1
2025-10-20,PAE,232,117,123,240,1
2025-10-20,DAB,1226,610,611,1221,1
2025-10-20,HWO,927,469,485,954,1
2025-10-20,FXE,623,354,329,683,1
2025-10-20,DTO,349,168,169,337,1
2025-10-20,GKY,152,56,58,114,1
2025-10-20,FTW,360,111,108,219,1
2025-10-20,FFZ,1703,841,840,1681,1
2025-10-20,SDL,569,253,247,500,1
2025-10-21,SUS,264,91,91,182,1
2025-10-21,IXD,74,34,35,69,1
2025-10-21,SLN,290,128,135,263,1
2025-10-21,FRG,882,330,346,676,1
2025-10-21,LNS,413,193,184,377,1
2025-10-21,GFK,91,47,44,91,1
2025-10-21,DPA,300,161,191,352,1
2025-10-21,FCM,78,42,36,78,1
2025-10-21,APA,1316,676,790,1466,1
2025-10-21,HIO,679,386,382,768,1
2025-10-21,PAE,573,293,291,584,1
2025-10-21,DAB,1441,712,703,1415,1
2025-10-21,HWO,1130,586,596,1182,1
2025-10-21,FXE,654,378,348,726,1
2025-10-21,DTO,610,298,295,593,1
2025-10-21,GKY,257,120,122,242,1
2025-10-21,FTW,520,181,179,360,1
2025-10-21,FFZ,1680,782,784,1566,1
2025-10-21,SDL,522,253,261,514,1
2025-10-22,SUS,455,188,183,371,1
2025-10-22,IXD,332,164,173,337,1
2025-10-22,SLN,416,180,183,363,1
2025-10-22,FRG,394,136,143,279,1
2025-10-22,TTN,231,102,115,217,1
2025-10-22,LNS,409,190,188,378,1
2025-10-22,GFK,1841,896,885,1781,1
2025-10-22,DPA,294,153,143,296,1
2025-10-22,FCM,644,317,322,639,1
2025-10-22,APA,1274,651,765,1416,1
2025-10-22,HIO,550,327,324,651,1
2025-10-22,PAE,238,101,101,202,1
2025-10-22,DAB,1372,681,676,1357,1
2025-10-22,HWO,1009,546,560,1106,1
2025-10-22,FXE,674,388,361,749,1
2025-10-22,DTO,765,380,374,754,1
2025-10-22,GKY,386,189,191,380,1
2025-10-22,FTW,950,339,321,660,1
2025-10-22,FFZ,1386,703,697,1400,1
2025-10-22,SDL,512,231,247,478,1
2025-10-23,SUS,619,282,269,551,1
2025-10-23,IXD,367,190,186,376,1
2025-10-23,SLN,232,109,99,208,1
2025-10-23,FRG,750,271,274,545,1
2025-10-23,TTN,404,200,221,421,1
2025-10-23,LNS,290,134,130,264,1
2025-10-23,GFK,1536,702,701,1403,1
2025-10-23,DPA,680,365,378,743,1
2025-10-23,FCM,703,367,371,738,1
2025-10-23,APA,1108,568,637,1205,1
2025-10-23,HIO,750,404,400,804,1
2025-10-23,PAE,536,267,271,538,1
2025-10-23,DAB,1317,666,667,1333,1
2025-10-23,HWO,980,487,492,979,1
2025-10-23,FXE,651,360,308,668,0
2025-10-23,DTO,503,233,245,478,1
2025-10-23,GKY,321,137,147,284,1
2025-10-23,FTW,625,237,226,463,1
2025-10-23,FFZ,1692,822,830,1652,1
2025-10-23,SDL,553,255,268,523,1
2025-10-24,SUS,468,191,210,401,1
2025-10-24,IXD,64,28,35,63,1
2025-10-24,SLN,24,11,13,24,1
2025-10-24,FRG,934,352,362,714,1
2025-10-24,TTN,448,224,241,465,1
2025-10-24,LNS,510,220,223,443,1
2025-10-24,GFK,1664,811,804,1615,1
2025-10-24,DPA,643,341,329,670,1
2025-10-24,FCM,697,367,384,751,1
2025-10-24,APA,977,501,550,1051,1
2025-10-24,HIO,116,55,50,105,1
2025-10-24,PAE,97,51,53,104,1
2025-10-24,DAB,1194,609,592,1201,1
2025-10-24,HWO,513,278,276,554,1
2025-10-24,FXE,591,265,220,485,0
2025-10-24,DTO,461,195,195,390,1
2025-10-24,GKY,156,78,76,154,1
2025-10-24,FTW,386,150,149,299,1
2025-10-24,FFZ,950,433,438,871,1
2025-10-24,SDL,527,260,260,520,1
2025-10-25,SUS,424,179,179,358,1
2025-10-25,IXD,36,19,18,37,1
2025-10-25,SLN,10,5,5,10,1
2025-10-25,FRG,100,370,367,737,1
2025-10-25,LNS,320,150,143,293,1
2025-10-25,GFK,950,460,460,920,1
2025-10-25,DPA,492,252,246,498,1
2025-10-25,FCM,431,249,239,488,1
2025-10-25,APA,705,376,416,792,1
2025-10-25,HIO,65,27,32,59,1
2025-10-25,PAE,122,77,68,145,1
2025-10-25,DAB,1313,672,661,1333,1
2025-10-25,HWO,238,139,130,269,1
2025-10-25,FXE,409,180,144,324,0
2025-10-25,DTO,313,137,142,279,1
2025-10-25,GKY,75,38,39,77,1
2025-10-25,FTW,163,74,73,147,1
2025-10-25,FFZ,1381,727,715,1442,1
2025-10-25,SDL,431,201,203,404,1
2025-10-26,SUS,183,88,87,175,1
2025-10-26,IXD,33,16,17,33,1
2025-10-26,SLN,19,10,9,19,1
2025-10-26,FRG,761,354,317,671,1
2025-10-26,TTN,350,161,182,343,1
2025-10-26,LNS,308,144,139,283,1
2025-10-26,GFK,18,8,9,17,1
2025-10-26,DPA,423,237,216,453,1
2025-10-26,FCM,432,209,207,416,1
2025-10-26,APA,813,435,492,927,1
2025-10-26,HIO,209,113,109,222,1
2025-10-26,PAE,67,32,35,67,1
2025-10-26,DAB,402,210,205,415,1
2025-10-26,HWO,352,159,150,309,1
2025-10-26,FXE,339,181,165,346,1
2025-10-26,DTO,338,144,144,288,1
2025-10-26,GKY,158,73,77,150,1
2025-10-26,FTW,365,173,178,351,1
2025-10-26,FFZ,1097,561,555,1116,1
2025-10-26,SDL,434,206,209,415,1
2025-10-27,SUS,179,85,89,174,1
2025-10-27,IXD,47,27,17,44,1
2025-10-27,SLN,16,9,8,17,1
2025-10-27,FRG,823,376,362,738,1
2025-10-27,TTN,357,176,206,382,1
2025-10-27,LNS,424,226,203,429,1
2025-10-27,GFK,313,155,153,308,1
2025-10-27,DPA,512,271,257,528,1
2025-10-27,FCM,326,218,216,434,1
2025-10-27,APA,690,320,364,684,1
2025-10-27,HIO,505,300,304,604,1
2025-10-27,PAE,470,213,220,433,1
2025-10-27,DAB,817,414,416,830,1
2025-10-27,HWO,1041,583,592,1175,1
2025-10-27,FXE,681,337,327,664,1
2025-10-27,DTO,713,304,280,584,1
2025-10-27,GKY,451,219,213,432,1
2025-10-27,FTW,654,248,234,482,1
2025-10-27,FFZ,1380,688,699,1387,1
2025-10-27,SDL,496,234,231,465,1
2025-10-28,SUS,130,65,67,132,1
2025-10-28,IXD,55,23,31,54,1
2025-10-28,SLN,53,27,23,50,1
2025-10-28,FRG,548,200,190,390,1
2025-10-28,LNS,442,189,188,377,1
2025-10-28,GFK,1276,610,603,1213,1
2025-10-28,DPA,524,270,267,537,1
2025-10-28,FCM,310,140,145,285,1
2025-10-28,APA,932,441,504,945,1
2025-10-28,HIO,775,419,406,825,1
2025-10-28,PAE,411,214,207,421,1
2025-10-28,DAB,646,322,325,647,1
2025-10-28,HWO,1152,632,647,1279,1
2025-10-28,FXE,653,358,353,711,1
2025-10-28,DTO,131,55,55,110,1
2025-10-28,GKY,57,32,35,67,1
2025-10-28,FTW,381,91,90,181,1
2025-10-28,FFZ,1476,779,764,1543,1
2025-10-28,SDL,508,228,246,474,1
2025-10-29,SUS,183,71,69,140,1
2025-10-29,IXD,39,17,21,38,1
2025-10-29,SLN,117,58,65,123,1
2025-10-29,FRG,732,250,258,508,1
2025-10-29,TTN,319,146,177,323,1
2025-10-29,LNS,400,191,186,377,1
2025-10-29,GFK,1825,856,854,1710,1
2025-10-29,DPA,298,148,141,289,1
2025-10-29,FCM,519,264,271,535,1
2025-10-29,APA,1282,644,741,1385,1
2025-10-29,HIO,547,293,281,574,1
2025-10-29,PAE,575,283,297,580,1
2025-10-29,DAB,1477,724,737,1461,1
2025-10-29,HWO,923,465,473,938,1
2025-10-29,FXE,553,285,268,553,1
2025-10-29,DTO,96,35,51,86,1
2025-10-29,GKY,44,20,22,42,1
2025-10-29,FTW,195,60,56,116,1
2025-10-29,FFZ,1461,743,742,1485,1
2025-10-29,SDL,511,244,249,493,1
2025-10-30,SUS,543,258,252,510,1
2025-10-30,IXD,280,141,135,276,1
2025-10-30,SLN,410,180,183,363,1
2025-10-30,FRG,53,26,27,53,1
2025-10-30,TTN,53,26,28,54,1
2025-10-30,LNS,41,19,22,41,1
2025-10-30,GFK,1619,780,772,1552,1
2025-10-30,DPA,446,260,242,502,1
2025-10-30,FCM,418,223,220,443,1
2025-10-30,APA,1160,581,643,1224,1
2025-10-30,HIO,605,333,317,650,1
2025-10-30,PAE,613,306,326,632,1
2025-10-30,DAB,1163,585,580,1165,1
2025-10-30,HWO,835,366,371,737,1
2025-10-30,FXE,670,320,326,646,1
2025-10-30,DTO,809,342,372,714,1
2025-10-30,GKY,449,205,206,411,1
2025-10-30,FTW,1024,440,438,878,1
2025-10-30,FFZ,1431,680,677,1357,1
2025-10-30,SDL,503,250,252,502,1
2025-10-31,SUS,521,190,195,385,1
2025-10-31,IXD,186,89,92,181,1
2025-10-31,SLN,430,228,231,459,1
2025-10-31,FRG,65,30,33,63,1
2025-10-31,TTN,48,21,23,44,1
2025-10-31,LNS,71,35,33,68,1
2025-10-31,GFK,163,73,73,146,1
2025-10-31,DPA,466,229,228,457,1
2025-10-31,FCM,333,155,158,313,1
2025-10-31,APA,708,417,470,887,1
2025-10-31,HIO,307,152,151,303,1
2025-10-31,PAE,329,184,172,356,1
2025-10-31,DAB,1347,671,668,1339,1
2025-10-31,HWO,1055,521,526,1047,1
2025-10-31,FXE,531,253,261,514,1
2025-10-31,DTO,733,331,314,645,1
2025-10-31,GKY,433,200,197,397,1
2025-10-31,FTW,666,274,275,549,1
2025-10-31,FFZ,1161,608,625,1233,1
2025-10-31,SDL,423,201,214,415,1
2025-11-01,SUS,428,185,181,366,1
2025-11-01,IXD,117,63,67,130,1
2025-11-01,SLN,244,124,122,246,1
2025-11-01,FRG,313,123,130,253,1
2025-11-01,TTN,124,64,74,138,1
2025-11-01,LNS,204,87,89,176,1
2025-11-01,GFK,1054,514,509,1023,1
2025-11-01,DPA,389,206,203,409,1
2025-11-01,FCM,338,174,178,352,1
2025-11-01,APA,474,244,295,539,1
2025-11-01,HIO,197,104,100,204,1
2025-11-01,PAE,70,32,37,69,1
2025-11-01,DAB,1204,600,593,1193,1
2025-11-01,HWO,933,473,485,958,1
2025-11-01,FXE,354,176,163,339,1
2025-11-01,DTO,366,153,158,311,1
2025-11-01,GKY,268,122,127,249,1
2025-11-01,FTW,327,161,173,334,1
2025-11-01,FFZ,1054,544,536,1080,1
2025-11-01,SDL,393,179,169,348,1
2025-11-02,SUS,297,142,144,286,1
2025-11-02,IXD,155,80,72,152,1
2025-11-02,SLN,101,38,37,75,1
2025-11-02,FRG,907,360,357,717,1
2025-11-02,TTN,290,155,172,327,1
2025-11-02,LNS,328,162,145,307,1
2025-11-02,GFK,30,14,17,31,1
2025-11-02,DPA,500,258,243,501,1
2025-11-02,FCM,122,59,60,119,1
2025-11-02,APA,730,392,431,823,1
2025-11-02,HIO,448,244,238,482,1
2025-11-02,PAE,595,299,290,589,1
2025-11-02,DAB,737,363,362,725,1
2025-11-02,HWO,940,444,443,887,1
2025-11-02,FXE,414,195,223,418,1
2025-11-02,DTO,695,306,291,597,1
2025-11-02,GKY,315,143,133,276,1
2025-11-02,FTW,358,182,164,346,1
2025-11-02,FFZ,915,490,453,943,1
2025-11-02,SDL,446,202,217,419,1
2025-11-03,SUS,523,241,232,473,1
2025-11-03,IXD,272,128,132,260,1
2025-11-03,SLN,260,122,123,245,1
2025-11-03,FRG,797,321,323,644,1
2025-11-03,TTN,359,170,192,362,1
2025-11-03,LNS,420,180,177,357,1
2025-11-03,GFK,1015,488,487,975,1
2025-11-03,DPA,473,242,236,478,1
2025-11-03,FCM,512,229,232,461,1
2025-11-03,APA,781,417,452,869,1
2025-11-03,HIO,427,222,221,443,1
2025-11-03,PAE,467,219,229,448,1
2025-11-03,DAB,1018,559,548,1107,1
2025-11-03,HWO,875,444,448,892,1
2025-11-03,FXE,599,330,333,663,1
2025-11-03,DTO,722,309,301,610,1
2025-11-03,GKY,365,181,139,320,1
2025-11-03,FTW,706,300,278,578,1
2025-11-03,FFZ,1536,786,791,1577,1
2025-11-03,SDL,487,249,236,485,1
2025-11-04,SUS,563,241,236,477,1
2025-11-04,IXD,177,93,90,183,1
2025-11-04,SLN,290,142,136,278,1
2025-11-04,FRG,484,181,178,359,1
2025-11-04,TTN,216,73,90,163,1
2025-11-04,LNS,369,157,155,312,1
2025-11-04,GFK,1489,727,723,1450,1
2025-11-04,DPA,606,329,317,646,1
2025-11-04,FCM,538,284,281,565,1
2025-11-04,APA,920,505,582,1087,1
2025-11-04,HIO,404,220,201,421,1
2025-11-04,PAE,623,299,305,604,1
2025-11-04,DAB,1370,707,687,1394,1
2025-11-04,HWO,965,509,516,1025,1
2025-11-04,FXE,707,355,337,692,1
2025-11-04,DTO,729,285,287,572,1
2025-11-04,GKY,356,163,175,338,1
2025-11-04,FTW,741,270,273,543,1
2025-11-04,FFZ,1459,762,755,1517,1
2025-11-04,SDL,528,248,253,501,1
2025-11-05,SUS,462,172,180,352,1
2025-11-05,IXD,236,131,134,265,1
2025-11-05,SLN,377,206,203,409,1
2025-11-05,FRG,548,217,227,444,1
2025-11-05,TTN,279,131,148,279,1
2025-11-05,LNS,331,170,166,336,1
2025-11-05,GFK,1715,828,811,1639,1
2025-11-05,DPA,477,263,251,514,1
2025-11-05,FCM,560,263,259,522,1
2025-11-05,APA,1048,517,622,1139,1
2025-11-05,HIO,33,18,15,33,1
2025-11-05,PAE,147,67,80,147,1
2025-11-05,DAB,1520,765,745,1510,1
2025-11-05,HWO,725,341,339,680,1
2025-11-05,FXE,563,247,233,480,1
2025-11-05,DTO,739,302,306,608,1
2025-11-05,GKY,376,161,156,317,1
2025-11-05,FTW,894,360,349,709,1
2025-11-05,FFZ,1548,793,781,1574,1
2025-11-05,SDL,594,290,299,589,1
2025-11-06,SUS,484,195,201,396,1
2025-11-06,IXD,186,90,94,184,1
2025-11-06,SLN,345,165,165,330,1
2025-11-06,FRG,356,140,149,289,1
2025-11-06,TTN,264,114,121,235,1
2025-11-06,LNS,321,166,169,335,1
2025-11-06,GFK,1577,755,744,1499,1
2025-11-06,DPA,601,311,302,613,1
2025-11-06,FCM,268,139,139,278,1
2025-11-06,APA,522,253,309,562,1
2025-11-06,HIO,52,21,26,47,1
2025-11-06,PAE,92,51,48,99,1
2025-11-06,DAB,1449,715,717,1432,1
2025-11-06,HWO,1172,554,546,1100,1
2025-11-06,FXE,751,343,333,676,1
2025-11-06,DTO,735,292,286,578,1
2025-11-06,GKY,432,185,181,366,1
2025-11-06,FTW,700,283,271,554,1
2025-11-06,FFZ,1622,797,799,1596,1
2025-11-06,SDL,558,283,288,571,1
2025-11-07,SUS,478,190,193,383,1
2025-11-07,IXD,244,132,134,266,1
2025-11-07,SLN,357,200,191,391,1
2025-11-07,FRG,513,211,223,434,1
2025-11-07,TTN,257,118,128,246,1
2025-11-07,LNS,193,93,91,184,1
2025-11-07,GFK,764,349,340,689,1
2025-11-07,DPA,427,206,247,453,1
2025-11-07,FCM,406,190,185,375,1
2025-11-07,APA,783,396,489,885,1
2025-11-07,HIO,999,494,482,976,1
2025-11-07,PAE,725,361,370,731,1
2025-11-07,DAB,1434,735,701,1436,1
2025-11-07,HWO,1050,556,564,1120,1
2025-11-07,FXE,598,317,308,625,1
2025-11-07,DTO,684,264,280,544,1
2025-11-07,GKY,318,157,148,305,1
2025-11-07,FTW,779,301,277,578,1
2025-11-07,FFZ,1532,792,796,1588,1
2025-11-07,SDL,505,256,248,504,1
2025-11-08,SUS,677,252,259,511,1
2025-11-08,IXD,84,47,44,91,1
2025-11-08,SLN,39,25,22,47,1
2025-11-08,FRG,746,327,323,650,1
2025-11-08,TTN,215,118,134,252,1
2025-11-08,LNS,297,138,132,270,1
2025-11-08,GFK,641,313,310,623,1
2025-11-08,DPA,169,79,71,150,1
2025-11-08,FCM,557,296,297,593,1
2025-11-08,APA,459,237,276,513,1
2025-11-08,HIO,502,269,266,535,1
2025-11-08,PAE,735,372,369,741,1
2025-11-08,DAB,1134,571,558,1129,1
2025-11-08,HWO,768,396,407,803,1
2025-11-08,FXE,351,162,154,316,1
2025-11-08,DTO,595,238,274,512,1
2025-11-08,GKY,291,142,136,278,1
2025-11-08,FTW,537,238,228,466,1
2025-11-08,FFZ,1255,647,636,1283,1
2025-11-08,SDL,421,199,211,410,1
2025-11-09,SUS,138,57,51,108,1
2025-11-09,IXD,42,24,18,42,1
2025-11-09,SLN,71,31,31,62,1
2025-11-09,FRG,356,178,150,328,1
2025-11-09,TTN,77,43,35,78,1
2025-11-09,LNS,84,45,46,91,1
2025-11-09,GFK,42,20,20,40,1
2025-11-09,DPA,211,113,104,217,1
2025-11-09,FCM,118,55,54,109,1
2025-11-09,APA,554,318,385,703,1
2025-11-09,HIO,655,316,307,623,1
2025-11-09,PAE,666,335,317,652,1
2025-11-09,DAB,266,133,146,279,1
2025-11-09,HWO,512,287,277,564,1
2025-11-09,FXE,378,195,174,369,1
2025-11-09,DTO,411,157,167,324,1
2025-11-09,GKY,139,69,67,136,1
2025-11-09,FTW,307,107,139,246,1
2025-11-09,FFZ,1103,562,558,1120,1
2025-11-09,SDL,487,212,248,460,1
2025-11-10,SUS,253,90,86,176,1
2025-11-10,IXD,260,138,137,275,1
2025-11-10,SLN,292,160,155,315,1
2025-11-10,FRG,103,44,58,102,1
2025-11-10,LNS,272,135,128,263,1
2025-11-10,GFK,233,118,112,230,1
2025-11-10,DPA,424,228,217,445,1
2025-11-10,FCM,601,319,315,634,1
2025-11-10,APA,869,435,555,990,1
2025-11-10,HIO,596,301,304,605,1
2025-11-10,PAE,96,44,49,93,1
2025-11-10,DAB,975,494,488,982,1
2025-11-10,HWO,659,320,328,648,1
2025-11-10,FXE,643,273,279,552,1
2025-11-10,DTO,726,300,315,615,1
2025-11-10,GKY,461,222,227,449,1
2025-11-10,FTW,789,280,280,560,1
2025-11-10,FFZ,1497,746,738,1484,1
2025-11-10,SDL,471,228,238,466,1
2025-11-11,SUS,427,144,151,295,1
2025-11-11,IXD,200,93,99,192,1
2025-11-11,SLN,380,194,185,379,1
2025-11-11,FRG,162,79,63,142,1
2025-11-11,TTN,128,43,47,90,1
2025-11-11,LNS,109,53,53,106,1
2025-11-11,GFK,990,474,472,946,1
2025-11-11,DPA,496,261,273,534,1
2025-11-11,FCM,426,217,225,442,1
2025-11-11,APA,746,380,464,844,1
2025-11-11,HIO,637,334,328,662,1
2025-11-11,PAE,730,366,364,730,1
2025-11-11,DAB,596,326,320,646,1
2025-11-11,HWO,761,368,357,725,1
2025-11-11,FXE,515,274,242,516,1
2025-11-11,DTO,496,214,219,433,1
2025-11-11,GKY,249,115,109,224,1
2025-11-11,FTW,369,125,123,248,1
2025-11-11,FFZ,1522,755,759,1514,1
2025-11-11,SDL,574,281,257,538,1
2025-11-12,SUS,522,234,238,472,1
2025-11-12,IXD,306,165,162,327,1
2025-11-12,SLN,328,158,154,312,1
2025-11-12,FRG,683,269,280,549,1
2025-11-12,TTN,440,203,243,446,1
2025-11-12,LNS,429,182,186,368,1
2025-11-12,GFK,1452,704,697,1401,1
2025-11-12,DPA,442,217,213,430,1
2025-11-12,FCM,441,216,221,437,1
2025-11-12,APA,1067,563,647,1210,1
2025-11-12,HIO,684,328,321,649,1
2025-11-12,PAE,544,275,282,557,1
2025-11-12,DAB,1546,766,772,1538,1
2025-11-12,HWO,1296,673,678,1351,1
2025-11-12,FXE,659,310,307,617,1
2025-11-12,DTO,908,375,370,745,1
2025-11-12,GKY,356,154,154,308,1
2025-11-12,FTW,945,366,371,737,1
2025-11-12,FFZ,1520,814,822,1636,1
2025-11-12,SDL,572,277,293,570,1
2025-11-13,SUS,568,263,275,538,1
2025-11-13,IXD,259,130,124,254,1
2025-11-13,SLN,297,132,129,261,1
2025-11-13,FRG,541,225,225,450,1
2025-11-13,TTN,208,81,98,179,1
2025-11-13,LNS,209,97,96,193,1
2025-11-13,GFK,1730,831,824,1655,1
2025-11-13,DPA,603,324,315,639,1
2025-11-13,FCM,615,334,330,664,1
2025-11-13,APA,967,485,530,1015,1
2025-11-13,HIO,551,284,285,569,1
2025-11-13,PAE,117,60,55,115,1
2025-11-13,DAB,1426,717,703,1420,1
2025-11-13,HWO,1145,613,614,1227,1
2025-11-13,FXE,607,304,274,578,1
2025-11-13,DTO,633,277,266,543,1
2025-11-13,GKY,302,138,131,269,1
2025-11-13,FTW,751,330,326,656,1
2025-11-13,FFZ,1727,845,839,1684,1
2025-11-13,SDL,519,251,252,503,1
2025-11-14,SUS,327,118,114,232,1
2025-11-14,IXD,235,113,117,230,1
2025-11-14,SLN,262,123,119,242,1
2025-11-14,FRG,934,399,404,803,1
2025-11-14,TTN,425,195,214,409,1
2025-11-14,LNS,357,156,160,316,1
2025-11-14,GFK,1462,667,686,1353,1
2025-11-14,DPA,595,313,300,613,1
2025-11-14,FCM,495,249,261,510,1
2025-11-14,APA,1032,548,650,1198,1
2025-11-14,HIO,328,138,134,272,1
2025-11-14,PAE,86,41,46,87,1
2025-11-14,DAB,1502,765,737,1502,1
2025-11-14,HWO,1024,498,489,987,1
2025-11-14,FXE,624,292,298,590,1
2025-11-14,DTO,716,313,309,622,1
2025-11-14,GKY,187,91,92,183,1
2025-11-14,FTW,528,212,196,408,1
2025-11-14,FFZ,1535,764,757,1521,1
2025-11-14,SDL,520,261,271,532,1
2025-11-15,SUS,452,168,159,327,1
2025-11-15,IXD,118,43,47,90,1
2025-11-15,SLN,169,85,93,178,1
2025-11-15,FRG,847,365,372,737,1
2025-11-15,TTN,293,152,187,339,1
2025-11-15,LNS,297,141,134,275,1
2025-11-15,GFK,810,390,386,776,1
2025-11-15,DPA,400,194,225,419,1
2025-11-15,FCM,255,113,115,228,1
2025-11-15,APA,1017,491,536,1027,1
2025-11-15,HIO,412,204,203,407,1
2025-11-15,PAE,58,30,30,60,1
2025-11-15,DAB,1453,741,721,1462,1
2025-11-15,HWO,744,392,383,775,1
2025-11-15,FXE,361,159,155,314,1
2025-11-15,DTO,562,248,241,489,1
2025-11-15,GKY,171,90,82,172,1
2025-11-15,FTW,374,167,173,340,1
2025-11-15,FFZ,1520,772,759,1531,1
2025-11-15,SDL,424,208,200,408,1
2025-11-16,SUS,431,178,179,357,1
2025-11-16,IXD,150,79,73,152,1
2025-11-16,SLN,73,45,35,80,1
2025-11-16,FRG,121,61,57,118,1
2025-11-16,TTN,87,42,43,85,1
2025-11-16,LNS,21,10,8,18,1
2025-11-16,GFK,804,361,381,742,1
2025-11-16,DPA,366,187,173,360,1
2025-11-16,FCM,526,270,276,546,1
2025-11-16,APA,761,409,513,922,1
2025-11-16,HIO,35,21,17,38,1
2025-11-16,PAE,72,40,39,79,1
2025-11-16,DAB,1145,570,564,1134,1
2025-11-16,HWO,1159,464,461,925,1
2025-11-16,FXE,396,207,175,382,1
2025-11-16,DTO,642,315,310,625,1
2025-11-16,GKY,287,143,141,284,1
2025-11-16,FTW,494,223,207,430,1
2025-11-16,FFZ,827,426,430,856,1
2025-11-16,SDL,380,167,192,359,1
2025-11-17,SUS,525,195,201,396,1
2025-11-17,IXD,162,76,78,154,1
2025-11-17,SLN,156,75,78,153,1
2025-11-17,FRG,91,41,42,83,1
2025-11-17,TTN,114,45,63,108,1
2025-11-17,LNS,162,84,83,167,1
2025-11-17,GFK,1562,721,747,1468,1
2025-11-17,DPA,490,241,237,478,1
2025-11-17,FCM,412,218,222,440,1
2025-11-17,APA,645,347,392,739,1
2025-11-17,HIO,569,301,289,590,1
2025-11-17,PAE,64,62,71,133,1
2025-11-17,DAB,1268,636,629,1265,1
2025-11-17,HWO,1203,658,660,1318,1
2025-11-17,FXE,667,299,314,613,1
2025-11-17,DTO,827,400,393,793,1
2025-11-17,GKY,232,118,109,227,1
2025-11-17,FTW,855,335,331,666,1
2025-11-17,FFZ,1071,510,514,1024,1
2025-11-17,SDL,483,233,244,477,1
2025-11-18,SUS,505,224,225,449,1
2025-11-18,IXD,246,121,120,241,1
2025-11-18,SLN,305,166,161,327,1
2025-11-18,FRG,947,383,381,764,1
2025-11-18,TTN,394,185,198,383,1
2025-11-18,LNS,373,184,172,356,1
2025-11-18,GFK,1587,736,751,1487,1
2025-11-18,DPA,209,117,115,232,1
2025-11-18,FCM,302,156,161,317,1
2025-11-18,APA,1016,527,605,1132,1
2025-11-18,HIO,677,358,361,719,1
2025-11-18,PAE,355,180,180,360,1
2025-11-18,DAB,1463,745,727,1472,1
2025-11-18,HWO,1046,520,514,1034,1
2025-11-18,FXE,692,340,305,645,1
2025-11-18,DTO,617,272,283,555,1
2025-11-18,GKY,349,177,180,357,1
2025-11-18,FTW,698,249,256,505,1
2025-11-18,FFZ,946,504,503,1007,1
2025-11-18,SDL,343,162,165,327,1
2025-11-19,SUS,193,85,89,174,1
2025-11-19,IXD,173,76,82,158,1
2025-11-19,SLN,183,98,98,196,1
2025-11-19,FRG,631,281,265,546,1
2025-11-19,TTN,120,33,54,87,1
2025-11-19,LNS,155,60,62,122,1
2025-11-19,GFK,34,15,15,30,1
2025-11-19,DPA,429,243,236,479,1
2025-11-19,FCM,81,39,44,83,1
2025-11-19,APA,1354,673,804,1477,1
2025-11-19,HIO,560,305,294,599,1
2025-11-19,PAE,688,344,345,689,1
2025-11-19,DAB,1481,775,741,1516,1
2025-11-19,HWO,1026,601,588,1189,1
2025-11-19,FXE,760,337,311,648,1
2025-11-19,DTO,731,339,355,694,1
2025-11-19,GKY,282,139,133,272,1
2025-11-19,FTW,756,284,274,558,1
2025-11-19,FFZ,791,371,373,744,1
2025-11-19,SDL,355,173,173,346,1
2025-11-20,SUS,172,79,87,166,1
2025-11-20,IXD,82,35,30,65,1
2025-11-20,SLN,191,72,76,148,1
2025-11-20,FRG,1031,443,434,877,1
2025-11-20,TTN,474,224,245,469,1
2025-11-20,LNS,286,149,144,293,1
2025-11-20,GFK,1392,677,658,1335,1
2025-11-20,DPA,186,99,97,196,1
2025-11-20,FCM,281,139,134,273,1
2025-11-20,APA,849,441,523,964,1
2025-11-20,HIO,661,363,347,710,1
2025-11-20,PAE,669,356,350,706,1
2025-11-20,DAB,1340,683,658,1341,1
2025-11-20,HWO,1136,55,51,106,0
2025-11-20,FXE,736,327,255,582,1
2025-11-20,DTO,27,12,13,25,1
2025-11-20,GKY,42,10,12,22,1
2025-11-20,FTW,115,46,46,92,1
2025-11-20,FFZ,837,413,415,828,1
2025-11-20,SDL,345,161,170,331,1
2025-11-21,SUS,117,43,66,109,1
2025-11-21,IXD,38,20,18,38,1
2025-11-21,SLN,15,9,9,18,1
2025-11-21,FRG,815,388,390,778,1
2025-11-21,TTN,184,71,82,153,1
2025-11-21,LNS,96,53,52,105,1
2025-11-21,GFK,1432,610,645,1255,1
2025-11-21,DPA,487,266,258,524,1
2025-11-21,FCM,707,342,338,680,1
2025-11-21,APA,374,177,219,396,1
2025-11-21,HIO,439,231,230,461,1
2025-11-21,PAE,516,262,267,529,1
2025-11-21,DAB,1378,680,661,1341,1
2025-11-21,HWO,1245,56,53,109,0
2025-11-21,FXE,742,322,341,663,1
2025-11-21,DTO,532,241,256,497,1
2025-11-21,GKY,321,139,147,286,1
2025-11-21,FTW,817,290,304,594,1
2025-11-21,FFZ,1690,834,829,1663,1
2025-11-21,SDL,493,240,243,483,1
2025-11-22,SUS,420,141,126,267,1
2025-11-22,IXD,187,97,96,193,1
2025-11-22,SLN,190,98,93,191,1
2025-11-22,FRG,637,257,253,510,1
2025-11-22,TTN,141,84,109,193,1
2025-11-22,LNS,322,141,139,280,1
2025-11-22,GFK,712,343,344,687,1
2025-11-22,DPA,477,246,244,490,1
2025-11-22,FCM,481,238,234,472,1
2025-11-22,APA,641,346,423,769,1
2025-11-22,HIO,19,11,9,20,1
2025-11-22,PAE,245,147,152,299,1
2025-11-22,DAB,1252,608,612,1220,1
2025-11-22,HWO,796,67,71,138,0
2025-11-22,FXE,632,312,315,627,1
2025-11-22,DTO,692,328,341,669,1
2025-11-22,GKY,330,160,165,325,1
2025-11-22,FTW,471,172,186,358,1
2025-11-22,FFZ,971,509,507,1016,1
2025-11-22,SDL,365,183,168,351,1
2025-11-23,SUS,139,69,60,129,1
2025-11-23,IXD,37,18,19,37,1
2025-11-23,SLN,58,24,25,49,1
2025-11-23,FRG,851,381,394,775,1
2025-11-23,TTN,312,138,162,300,1
2025-11-23,LNS,311,135,131,266,1
2025-11-23,GFK,622,312,313,625,1
2025-11-23,DPA,430,220,203,423,1
2025-11-23,FCM,520,260,270,530,1
2025-11-23,APA,400,208,271,479,1
2025-11-23,HIO,25,13,12,25,1
2025-11-23,PAE,429,224,227,451,1
2025-11-23,DAB,771,393,378,771,1
2025-11-23,HWO,716,264,223,487,0
2025-11-23,FXE,658,314,320,634,1
2025-11-23,DTO,360,174,171,345,1
2025-11-23,GKY,291,136,131,267,1
2025-11-23,FTW,288,128,111,239,1
2025-11-23,FFZ,917,443,442,885,1
2025-11-23,SDL,319,154,149,303,1
2025-11-24,SUS,282,106,126,232,1
2025-11-24,IXD,47,24,22,46,1
2025-11-24,SLN,30,10,9,19,1
2025-11-24,FRG,866,391,382,773,1
2025-11-24,TTN,386,188,202,390,1
2025-11-24,LNS,564,269,251,520,1
2025-11-24,GFK,1360,642,642,1284,1
2025-11-24,DPA,425,228,217,445,1
2025-11-24,FCM,132,62,66,128,1
2025-11-24,APA,803,416,478,894,1
2025-11-24,HIO,140,71,70,141,1
2025-11-24,PAE,219,137,137,274,1
2025-11-24,DAB,1383,714,704,1418,1
2025-11-24,HWO,962,606,600,1206,1
2025-11-24,FXE,705,326,321,647,1
2025-11-24,DTO,69,35,37,72,1
2025-11-24,GKY,38,19,22,41,1
2025-11-24,FTW,306,86,93,179,1
2025-11-24,FFZ,1597,801,807,1608,1
2025-11-24,SDL,535,255,255,510,1
2025-11-25,SUS,286,135,128,263,1
2025-11-25,IXD,70,30,32,62,1
2025-11-25,SLN,78,25,23,48,1
2025-11-25,FRG,575,278,261,539,1
2025-11-25,TTN,266,145,159,304,1
2025-11-25,LNS,265,137,132,269,1
2025-11-25,GFK,12,2,2,4,0
2025-11-25,DPA,197,100,105,205,1
2025-11-25,FCM,26,15,15,30,1
2025-11-25,APA,779,386,477,863,1
2025-11-25,HIO,187,104,99,203,1
2025-11-25,PAE,83,163,160,323,1
2025-11-25,DAB,1400,716,696,1412,1
2025-11-25,HWO,1097,571,570,1141,1
2025-11-25,FXE,664,355,335,690,1
2025-11-25,DTO,670,314,324,638,1
2025-11-25,GKY,416,195,201,396,1
2025-11-25,FTW,812,354,345,699,1
2025-11-25,FFZ,1602,855,859,1714,1
2025-11-25,SDL,545,249,261,510,1
2025-11-26,SUS,156,72,73,145,1
2025-11-26,IXD,164,73,77,150,1
2025-11-26,SLN,89,42,41,83,1
2025-11-26,FRG,105,42,60,102,1
2025-11-26,TTN,50,25,29,54,1
2025-11-26,LNS,47,23,23,46,1
2025-11-26,GFK,146,0,0,0,0
2025-11-26,DPA,31,18,17,35,1
2025-11-26,FCM,37,18,22,40,1
2025-11-26,APA,903,483,544,1027,1
2025-11-26,HIO,43,23,18,41,1
2025-11-26,PAE,87,43,46,89,1
2025-11-26,DAB,1146,549,540,1089,1
2025-11-26,HWO,1127,496,500,996,1
2025-11-26,FXE,429,225,212,437,1
2025-11-26,DTO,577,276,278,554,1
2025-11-26,GKY,300,151,139,290,1
2025-11-26,FTW,527,253,231,484,1
2025-11-26,FFZ,1197,675,661,1336,1
2025-11-26,SDL,483,243,232,475,1
2025-11-27,SUS,64,21,25,46,1
2025-11-27,IXD,12,4,5,9,1
2025-11-27,SLN,10,7,6,13,1
2025-11-27,FRG,155,61,65,126,1
2025-11-27,TTN,26,11,12,23,1
2025-11-27,LNS,23,10,9,19,1
2025-11-27,GFK,28,0,0,0,0
2025-11-27,DPA,43,23,19,42,1
2025-11-27,FCM,41,20,22,42,1
2025-11-27,APA,368,187,207,394,1
2025-11-27,HIO,14,8,8,16,1
2025-11-27,PAE,106,49,48,97,1
2025-11-27,DAB,81,26,24,50,1
2025-11-27,HWO,338,132,133,265,1
2025-11-27,FXE,141,68,64,132,1
2025-11-27,DTO,134,58,57,115,1
2025-11-27,GKY,103,51,45,96,1
2025-11-27,FTW,176,76,82,158,1
2025-11-27,FFZ,198,84,80,164,1
2025-11-27,SDL,166,78,69,147,1
2025-11-28,SUS,320,139,142,281,1
2025-11-28,IXD,91,44,43,87,1
2025-11-28,SLN,18,11,8,19,1
2025-11-28,FRG,53,46,53,99,1
2025-11-28,TTN,97,30,40,70,1
2025-11-28,LNS,85,37,41,78,1
2025-11-28,GFK,138,2,2,4,0
2025-11-28,DPA,461,244,236,480,1
2025-11-28,FCM,433,218,228,446,1
2025-11-28,APA,707,333,384,717,1
2025-11-28,HIO,146,73,76,149,1
2025-11-28,PAE,685,337,348,685,1
2025-11-28,DAB,434,230,211,441,1
2025-11-28,HWO,791,397,405,802,1
2025-11-28,FXE,322,167,155,322,1
2025-11-28,DTO,307,147,153,300,1
2025-11-28,GKY,121,62,65,127,1
2025-11-28,FTW,353,151,147,298,1
2025-11-28,FFZ,908,471,460,931,1
2025-11-28,SDL,374,181,185,366,1
2025-11-29,SUS,59,27,32,59,1
2025-11-29,IXD,19,7,10,17,1
2025-11-29,SLN,6,4,2,6,1
2025-11-29,FRG,776,333,344,677,1
2025-11-29,TTN,332,171,191,362,1
2025-11-29,LNS,448,233,226,459,1
2025-11-29,GFK,38,19,18,37,1
2025-11-29,DPA,28,16,13,29,1
2025-11-29,FCM,14,8,6,14,1
2025-11-29,APA,540,292,338,630,1
2025-11-29,HIO,503,295,278,573,1
2025-11-29,PAE,531,246,253,499,1
2025-11-29,DAB,755,392,369,761,1
2025-11-29,HWO,507,204,210,414,1
2025-11-29,FXE,356,178,176,354,1
2025-11-29,DTO,61,27,29,56,1
2025-11-29,GKY,41,19,22,41,1
2025-11-29,FTW,147,67,67,134,1
2025-11-29,FFZ,1063,527,529,1056,1
2025-11-29,SDL,436,207,219,426,1
2025-11-30,SUS,148,70,71,141,1
2025-11-30,IXD,120,51,48,99,1
2025-11-30,SLN,48,22,24,46,1
2025-11-30,FRG,340,184,130,314,1
2025-11-30,TTN,105,46,46,92,1
2025-11-30,LNS,63,25,25,50,1
2025-11-30,GFK,452,224,219,443,1
2025-11-30,DPA,144,79,65,144,1
2025-11-30,FCM,306,154,141,295,1
2025-11-30,APA,599,320,392,712,1
2025-11-30,HIO,582,332,322,654,1
2025-11-30,PAE,536,280,266,546,1
2025-11-30,DAB,1049,546,535,1081,1
2025-11-30,HWO,243,111,98,209,1
2025-11-30,FXE,399,195,200,395,1
2025-11-30,DTO,468,232,229,461,1
2025-11-30,GKY,173,85,87,172,1
2025-11-30,FTW,417,181,188,369,1
2025-11-30,FFZ,1079,576,571,1147,1
2025-11-30,SDL,535,245,274,519,1
2025-12-01,SUS,129,60,65,125,1
2025-12-01,IXD,29,14,13,27,1
2025-12-01,SLN,46,39,39,78,1
2025-12-01,FRG,795,323,329,652,1
2025-12-01,TTN,350,185,205,390,1
2025-12-01,LNS,381,181,185,366,1
2025-12-01,GFK,1321,625,620,1245,1
2025-12-01,DPA,253,132,129,261,1
2025-12-01,FCM,116,50,55,105,1
2025-12-01,APA,1018,462,570,1032,1
2025-12-01,HIO,710,371,354,725,1
2025-12-01,PAE,443,224,233,457,1
2025-12-01,DAB,1213,620,604,1224,1
2025-12-01,HWO,764,392,401,793,1
2025-12-01,FXE,676,352,326,678,1
2025-12-01,DTO,61,41,40,81,1
2025-12-01,GKY,25,13,11,24,1
2025-12-01,FTW,348,99,96,195,1
2025-12-01,FFZ,1346,658,654,1312,1
2025-12-01,SDL,577,262,275,537,1
2025-12-02,SUS,339,131,124,255,1
2025-12-02,IXD,140,65,74,139,1
2025-12-02,SLN,291,135,135,270,1
2025-12-02,FRG,149,71,78,149,1
2025-12-02,TTN,25,11,14,25,1
2025-12-02,LNS,12,7,4,11,1
2025-12-02,GFK,633,313,320,633,1
2025-12-02,DPA,74,38,37,75,1
2025-12-02,FCM,364,162,158,320,1
2025-12-02,APA,1025,516,616,1132,1
2025-12-02,HIO,96,48,48,96,1
2025-12-02,PAE,76,37,40,77,1
2025-12-02,DAB,610,324,315,639,1
2025-12-02,HWO,895,508,508,1016,1
2025-12-02,FXE,595,279,270,549,1
2025-12-02,DTO,658,316,331,647,1
2025-12-02,GKY,487,241,230,471,1
2025-12-02,FTW,692,265,265,530,1
2025-12-02,FFZ,1662,866,882,1748,1
2025-12-02,SDL,550,260,271,531,1
2025-12-03,SUS,500,188,199,387,1
2025-12-03,IXD,117,54,52,106,1
2025-12-03,SLN,190,68,70,138,1
2025-12-03,FRG,935,368,356,724,1
2025-12-03,TTN,388,197,221,418,1
2025-12-03,LNS,400,175,171,346,1
2025-12-03,GFK,1510,746,758,1504,1
2025-12-03,DPA,175,89,90,179,1
2025-12-03,FCM,359,149,158,307,1
2025-12-03,APA,145,74,97,171,1
2025-12-03,HIO,386,202,203,405,1
2025-12-03,PAE,503,260,255,515,1
2025-12-03,DAB,1488,745,731,1476,1
2025-12-03,HWO,753,471,471,942,1
2025-12-03,FXE,551,290,289,579,1
2025-12-03,DTO,655,296,296,592,1
2025-12-03,GKY,371,179,171,350,1
2025-12-03,FTW,787,286,276,562,1
2025-12-03,FFZ,1647,784,787,1571,1
2025-12-03,SDL,566,261,270,531,1
2025-12-04,SUS,585,245,262,507,1
2025-12-04,IXD,227,109,112,221,1
2025-12-04,SLN,289,108,106,214,1
2025-12-04,FRG,729,262,270,532,1
2025-12-04,TTN,267,134,134,268,1
2025-12-04,LNS,282,132,127,259,1
2025-12-04,GFK,82,37,39,76,1
2025-12-04,DPA,475,247,244,491,1
2025-12-04,FCM,213,109,106,215,1
2025-12-04,APA,592,330,388,718,1
2025-12-04,HIO,50,27,23,50,1
2025-12-04,PAE,89,43,45,88,1
2025-12-04,DAB,1523,782,761,1543,1
2025-12-04,HWO,859,517,513,1030,1
2025-12-04,FXE,654,379,349,728,1
2025-12-04,DTO,106,52,50,102,1
2025-12-04,GKY,293,127,120,247,1
2025-12-04,FTW,462,117,114,231,1
2025-12-04,FFZ,1603,730,729,1459,1
2025-12-04,SDL,488,233,247,480,1
2025-12-05,SUS,553,218,221,439,1
2025-12-05,IXD,186,86,88,174,1
2025-12-05,SLN,348,177,175,352,1
2025-12-05,FRG,860,397,386,783,1
2025-12-05,TTN,275,118,123,241,1
2025-12-05,LNS,221,172,165,337,1
2025-12-05,GFK,172,81,81,162,1
2025-12-05,DPA,479,261,237,498,1
2025-12-05,FCM,53,29,27,56,1
2025-12-05,APA,916,476,579,1055,1
2025-12-05,HIO,67,37,32,69,1
2025-12-05,PAE,60,29,35,64,1
2025-12-05,DAB,1185,593,577,1170,1
2025-12-05,HWO,927,499,510,1009,1
2025-12-05,FXE,703,371,339,710,1
2025-12-05,DTO,644,287,291,578,1
2025-12-05,GKY,338,173,148,321,1
2025-12-05,FTW,872,357,322,679,1
2025-12-05,FFZ,1505,770,776,1546,1
2025-12-05,SDL,520,248,244,492,1
2025-12-06,SUS,515,167,192,359,1
2025-12-06,IXD,15,8,8,16,1
2025-12-06,SLN,190,106,106,212,1
2025-12-06,FRG,684,302,307,609,1
2025-12-06,TTN,171,81,94,175,1
2025-12-06,LNS,402,179,176,355,1
2025-12-06,GFK,1091,518,522,1040,1
2025-12-06,DPA,501,279,275,554,1
2025-12-06,FCM,466,260,257,517,1
2025-12-06,APA,417,219,247,466,1
2025-12-06,HIO,662,354,350,704,1
2025-12-06,PAE,350,190,188,378,1
2025-12-06,DAB,167,78,82,160,1
2025-12-06,HWO,948,485,492,977,1
2025-12-06,FXE,534,282,272,554,1
2025-12-06,DTO,18,8,12,20,1
2025-12-06,GKY,149,69,81,150,1
2025-12-06,FTW,262,141,154,295,1
2025-12-06,FFZ,1392,721,711,1432,1
2025-12-06,SDL,465,229,246,475,1
2025-12-07,SUS,89,42,36,78,1
2025-12-07,IXD,26,12,10,22,1
2025-12-07,SLN,28,15,14,29,1
2025-12-07,FRG,796,344,337,681,1
2025-12-07,TTN,278,134,142,276,1
2025-12-07,LNS,250,114,118,232,1
2025-12-07,GFK,748,366,372,738,1
2025-12-07,DPA,209,106,97,203,1
2025-12-07,FCM,361,171,178,349,1
2025-12-07,APA,730,370,451,821,1
2025-12-07,HIO,103,55,53,108,1
2025-12-07,PAE,47,24,22,46,1
2025-12-07,DAB,258,132,138,270,1
2025-12-07,HWO,696,400,388,788,1
2025-12-07,FXE,576,281,272,553,1
2025-12-07,DTO,211,89,95,184,1
2025-12-07,GKY,105,50,59,109,1
2025-12-07,FTW,260,113,130,243,1
2025-12-07,FFZ,1106,542,542,1084,1
2025-12-07,SDL,469,229,224,453,1
2025-12-08,SUS,571,212,223,435,1
2025-12-08,IXD,154,73,72,145,1
2025-12-08,SLN,187,86,87,173,1
2025-12-08,FRG,703,326,312,638,1
2025-12-08,TTN,269,119,129,248,1
2025-12-08,LNS,352,150,147,297,1
2025-12-08,GFK,17,9,8,17,1
2025-12-08,DPA,521,284,279,563,1
2025-12-08,FCM,60,29,34,63,1
2025-12-08,APA,737,349,401,750,1
2025-12-08,HIO,13,4,9,13,1
2025-12-08,PAE,25,13,13,26,1
2025-12-08,DAB,278,176,153,329,1
2025-12-08,HWO,647,325,328,653,1
2025-12-08,FXE,451,276,273,549,1
2025-12-08,DTO,739,350,354,704,1
2025-12-08,GKY,530,243,245,488,1
2025-12-08,FTW,812,283,275,558,1
2025-12-08,FFZ,1486,763,764,1527,1
2025-12-08,SDL,534,243,265,508,1
2025-12-09,SUS,595,232,231,463,1
2025-12-09,IXD,177,75,78,153,1
2025-12-09,SLN,240,99,100,199,1
2025-12-09,FRG,910,397,396,793,1
2025-12-09,TTN,303,162,180,342,1
2025-12-09,LNS,422,180,173,353,1
2025-12-09,GFK,9,6,4,10,1
2025-12-09,DPA,349,193,238,431,1
2025-12-09,FCM,34,19,16,35,1
2025-12-09,APA,459,227,245,472,1
2025-12-09,HIO,44,20,23,43,1
2025-12-09,PAE,431,213,196,409,1
2025-12-09,DAB,1166,591,594,1185,1
2025-12-09,HWO,285,144,147,291,1
2025-12-09,FXE,311,161,164,325,1
2025-12-09,DTO,614,291,297,588,1
2025-12-09,GKY,302,157,150,307,1
2025-12-09,FTW,729,178,186,364,1
2025-12-09,FFZ,1578,722,723,1445,1
2025-12-09,SDL,404,183,191,374,1
2025-12-10,SUS,176,62,59,121,1
2025-12-10,IXD,70,41,31,72,1
2025-12-10,SLN,252,121,118,239,1
2025-12-10,FRG,347,132,151,283,1
2025-12-10,TTN,137,69,78,147,1
2025-12-10,LNS,261,99,98,197,1
2025-12-10,GFK,110,43,43,86,1
2025-12-10,DPA,116,57,54,111,1
2025-12-10,FCM,73,38,35,73,1
2025-12-10,APA,1138,554,653,1207,1
2025-12-10,HIO,204,130,111,241,1
2025-12-10,PAE,46,25,23,48,1
2025-12-10,DAB,1089,583,543,1126,1
2025-12-10,HWO,932,504,518,1022,1
2025-12-10,FXE,623,377,355,732,1
2025-12-10,DTO,447,200,208,408,1
2025-12-10,GKY,161,70,70,140,1
2025-12-10,FTW,573,236,224,460,1
2025-12-10,FFZ,1452,784,776,1560,1
2025-12-10,SDL,453,214,216,430,1
2025-12-11,SUS,463,184,198,382,1
2025-12-11,IXD,242,121,123,244,1
2025-12-11,SLN,271,137,132,269,1
2025-12-11,FRG,159,63,58,121,1
2025-12-11,TTN,116,40,45,85,1
2025-12-11,LNS,196,89,95,184,1
2025-12-11,GFK,1325,652,643,1295,1
2025-12-11,DPA,545,289,295,584,1
2025-12-11,FCM,623,324,327,651,1
2025-12-11,APA,543,266,318,584,1
2025-12-11,HIO,489,285,262,547,1
2025-12-11,PAE,296,166,158,324,1
2025-12-11,DAB,1066,553,531,1084,1
2025-12-11,HWO,922,477,486,963,1
2025-12-11,FXE,615,351,341,692,1
2025-12-11,DTO,616,288,291,579,1
2025-12-11,GKY,416,186,174,360,1
2025-12-11,FTW,892,373,387,760,1
2025-12-11,FFZ,1505,778,787,1565,1
2025-12-11,SDL,478,244,231,475,1
2025-12-12,SUS,200,63,60,123,1
2025-12-12,IXD,154,79,74,153,1
2025-12-12,SLN,200,105,103,208,1
2025-12-12,FRG,779,354,357,711,1
2025-12-12,TTN,313,145,154,299,1
2025-12-12,LNS,402,191,185,376,1
2025-12-12,GFK,411,207,199,406,1
2025-12-12,DPA,394,211,207,418,1
2025-12-12,FCM,82,36,39,75,1
2025-12-12,APA,1068,566,660,1226,1
2025-12-12,HIO,46,26,25,51,1
2025-12-12,PAE,80,42,45,87,1
2025-12-12,DAB,1202,613,590,1203,1
2025-12-12,HWO,997,493,502,995,1
2025-12-12,FXE,600,345,330,675,1
2025-12-12,DTO,633,283,296,579,1
2025-12-12,GKY,432,206,212,418,1
2025-12-12,FTW,721,267,280,547,1
2025-12-12,FFZ,1322,710,701,1411,1
2025-12-12,SDL,461,239,250,489,1
2025-12-13,SUS,199,44,53,97,1
2025-12-13,IXD,59,32,30,62,1
2025-12-13,SLN,18,11,9,20,1
2025-12-13,FRG,146,319,326,645,1
2025-12-13,TTN,258,138,153,291,1
2025-12-13,LNS,290,117,105,222,1
2025-12-13,GFK,1171,571,560,1131,1
2025-12-13,DPA,195,96,91,187,1
2025-12-13,FCM,100,50,44,94,1
2025-12-13,APA,180,334,367,701,1
2025-12-13,HIO,52,162,163,325,1
2025-12-13,PAE,576,271,274,545,1
2025-12-13,DAB,1116,559,552,1111,1
2025-12-13,HWO,970,580,561,1141,1
2025-12-13,FXE,205,306,268,574,1
2025-12-13,DTO,230,100,107,207,1
2025-12-13,GKY,117,55,49,104,1
2025-12-13,FTW,164,60,61,121,1
2025-12-13,FFZ,1265,640,631,1271,1
2025-12-13,SDL,167,206,216,422,1
2025-12-14,SUS,295,101,100,201,1
2025-12-14,IXD,102,49,54,103,1
2025-12-14,SLN,47,26,24,50,1
2025-12-14,FRG,78,37,25,62,1
2025-12-14,TTN,35,10,13,23,1
2025-12-14,LNS,9,4,5,9,1
2025-12-14,GFK,368,169,173,342,1
2025-12-14,DPA,196,96,90,186,1
2025-12-14,FCM,135,67,77,144,1
2025-12-14,APA,875,440,565,1005,1
2025-12-14,HIO,167,91,83,174,1
2025-12-14,PAE,198,107,105,212,1
2025-12-14,DAB,770,390,370,760,1
2025-12-14,HWO,538,357,357,714,1
2025-12-14,FXE,498,283,271,554,1
2025-12-14,DTO,455,214,209,423,1
2025-12-14,GKY,151,77,48,125,1
2025-12-14,FTW,300,153,125,278,1
2025-12-14,FFZ,1047,526,523,1049,1
2025-12-14,SDL,484,214,204,418,1
2025-12-15,SUS,355,155,146,301,1
2025-12-15,IXD,127,53,56,109,1
2025-12-15,SLN,252,102,100,202,1
2025-12-15,FRG,263,100,110,210,1
2025-12-15,TTN,223,99,103,202,1
2025-12-15,LNS,211,69,61,130,1
2025-12-15,GFK,1233,586,580,1166,1
2025-12-15,DPA,464,235,221,456,1
2025-12-15,FCM,664,319,315,634,1
2025-12-15,APA,897,462,568,1030,1
2025-12-15,HIO,191,107,102,209,1
2025-12-15,PAE,48,27,27,54,1
2025-12-15,DAB,549,277,274,551,1
2025-12-15,HWO,226,83,87,170,1
2025-12-15,FXE,276,143,141,284,1
2025-12-15,DTO,684,312,322,634,1
2025-12-15,GKY,438,215,215,430,1
2025-12-15,FTW,610,245,232,477,1
2025-12-15,FFZ,1269,581,581,1162,1
2025-12-15,SDL,504,214,235,449,1
2025-12-16,SUS,496,199,196,395,1
2025-12-16,IXD,244,117,113,230,1
2025-12-16,SLN,296,161,155,316,1
2025-12-16,FRG,826,303,305,608,1
2025-12-16,TTN,220,115,126,241,1
2025-12-16,LNS,396,175,164,339,1
2025-12-16,GFK,17,6,9,15,1
2025-12-16,DPA,445,234,244,478,1
2025-12-16,FCM,433,207,214,421,1
2025-12-16,APA,796,394,474,868,1
2025-12-16,HIO,214,142,137,279,1
2025-12-16,PAE,54,27,24,51,1
2025-12-16,DAB,1131,594,576,1170,1
2025-12-16,HWO,682,374,357,731,1
2025-12-16,FXE,698,345,338,683,1
2025-12-16,DTO,628,301,298,599,1
2025-12-16,GKY,327,167,169,336,1
2025-12-16,FTW,554,208,216,424,1
2025-12-16,FFZ,1374,685,682,1367,1
2025-12-16,SDL,494,250,250,500,1
2025-12-17,SUS,530,219,232,451,1
2025-12-17,IXD,272,134,133,267,1
2025-12-17,SLN,269,106,106,212,1
2025-12-17,FRG,744,319,325,644,1
2025-12-17,TTN,248,121,125,246,1
2025-12-17,LNS,422,197,190,387,1
2025-12-17,GFK,609,303,303,606,1
2025-12-17,DPA,340,184,183,367,1
2025-12-17,FCM,395,196,203,399,1
2025-12-17,APA,362,169,204,373,1
2025-12-17,HIO,362,204,197,401,1
2025-12-17,PAE,459,228,227,455,1
2025-12-17,DAB,1380,703,684,1387,1
2025-12-17,HWO,876,533,528,1061,1
2025-12-17,FXE,659,340,320,660,1
2025-12-17,DTO,136,67,63,130,1
2025-12-17,GKY,53,25,23,48,1
2025-12-17,FTW,461,125,122,247,1
2025-12-17,FFZ,1371,689,688,1377,1
2025-12-17,SDL,517,255,257,512,1
2025-12-18,SUS,211,99,102,201,1
2025-12-18,IXD,47,25,22,47,1
2025-12-18,SLN,15,11,8,19,1
2025-12-18,FRG,786,308,294,602,1
2025-12-18,TTN,209,107,119,226,1
2025-12-18,LNS,301,162,153,315,1
2025-12-18,GFK,4,2,3,5,1
2025-12-18,DPA,65,40,42,82,1
2025-12-18,FCM,101,50,47,97,1
2025-12-18,APA,645,319,365,684,1
2025-12-18,HIO,25,9,13,22,1
2025-12-18,PAE,126,78,66,144,1
2025-12-18,DAB,488,249,243,492,1
2025-12-18,HWO,710,360,346,706,1
2025-12-18,FXE,713,325,319,644,1
2025-12-18,DTO,360,179,180,359,1
2025-12-18,GKY,184,89,88,177,1
2025-12-18,FTW,552,150,147,297,1
2025-12-18,FFZ,1290,652,648,1300,1
2025-12-18,SDL,497,239,212,451,1
2025-12-19,SUS,559,190,192,382,1
2025-12-19,IXD,159,81,87,168,1
2025-12-19,SLN,63,27,31,58,1
2025-12-19,FRG,70,30,32,62,1
2025-12-19,TTN,46,18,19,37,1
2025-12-19,LNS,47,16,19,35,1
2025-12-19,GFK,17,9,9,18,1
2025-12-19,DPA,397,202,207,409,1
2025-12-19,FCM,288,140,129,269,1
2025-12-19,APA,514,257,305,562,1
2025-12-19,HIO,494,275,265,540,1
2025-12-19,PAE,248,117,120,237,1
2025-12-19,DAB,797,427,403,830,1
2025-12-19,HWO,1132,586,601,1187,1
2025-12-19,FXE,517,273,271,544,1
2025-12-19,DTO,670,302,310,612,1
2025-12-19,GKY,454,199,198,397,1
2025-12-19,FTW,748,267,257,524,1
2025-12-19,FFZ,1464,748,757,1505,1
2025-12-19,SDL,544,253,269,522,1
2025-12-20,SUS,322,143,146,289,1
2025-12-20,IXD,127,62,67,129,1
2025-12-20,SLN,57,27,28,55,1
2025-12-20,FRG,777,316,338,654,1
2025-12-20,TTN,238,112,122,234,1
2025-12-20,LNS,336,157,152,309,1
2025-12-20,GFK,12,6,6,12,1
2025-12-20,DPA,348,171,189,360,1
2025-12-20,FCM,101,49,53,102,1
2025-12-20,APA,756,396,442,838,1
2025-12-20,HIO,314,197,186,383,1
2025-12-20,PAE,99,43,52,95,1
2025-12-20,DAB,767,393,384,777,1
2025-12-20,HWO,858,474,471,945,1
2025-12-20,FXE,489,262,215,477,1
2025-12-20,DTO,466,230,235,465,1
2025-12-20,GKY,173,87,79,166,1
2025-12-20,FTW,334,153,153,306,1
2025-12-20,FFZ,1373,698,677,1375,1
2025-12-20,SDL,473,225,226,451,1
2025-12-21,SUS,394,164,178,342,1
2025-12-21,IXD,117,63,63,126,1
2025-12-21,SLN,44,22,21,43,1
2025-12-21,FRG,421,176,157,333,1
2025-12-21,TTN,82,39,41,80,1
2025-12-21,LNS,84,42,43,85,1
2025-12-21,GFK,408,187,185,372,1
2025-12-21,DPA,501,261,252,513,1
2025-12-21,FCM,420,214,220,434,1
2025-12-21,APA,871,475,564,1039,1
2025-12-21,HIO,282,158,150,308,1
2025-12-21,PAE,218,106,104,210,1
2025-12-21,DAB,563,280,270,550,1
2025-12-21,HWO,508,259,247,506,1
2025-12-21,FXE,383,194,204,398,1
2025-12-21,DTO,389,196,194,390,1
2025-12-21,GKY,199,96,103,199,1
2025-12-21,FTW,379,175,180,355,1
2025-12-21,FFZ,1170,593,583,1176,1
2025-12-21,SDL,405,194,202,396,1
2025-12-22,SUS,419,189,184,373,1
2025-12-22,IXD,176,90,84,174,1
2025-12-22,SLN,130,63,61,124,1
2025-12-22,FRG,898,361,375,736,1
2025-12-22,TTN,241,117,121,238,1
2025-12-22,LNS,475,218,212,430,1
2025-12-22,GFK,362,156,152,308,1
2025-12-22,DPA,406,202,191,393,1
2025-12-22,FCM,522,269,266,535,1
2025-12-22,APA,789,412,494,906,1
2025-12-22,HIO,102,61,60,121,1
2025-12-22,PAE,98,84,79,163,1
2025-12-22,DAB,600,306,283,589,1
2025-12-22,HWO,446,272,257,529,1
2025-12-22,FXE,458,228,220,448,1
2025-12-22,DTO,555,271,269,540,1
2025-12-22,GKY,168,85,79,164,1
2025-12-22,FTW,404,193,190,383,1
2025-12-22,FFZ,1298,687,685,1372,1
2025-12-22,SDL,434,211,199,410,1
2025-12-23,SUS,402,177,167,344,1
2025-12-23,IXD,31,16,15,31,1
2025-12-23,SLN,25,10,13,23,1
2025-12-23,FRG,52,19,28,47,1
2025-12-23,TTN,38,21,19,40,1
2025-12-23,LNS,48,25,24,49,1
2025-12-23,GFK,50,27,25,52,1
2025-12-23,DPA,436,233,226,459,1
2025-12-23,FCM,639,314,308,622,1
2025-12-23,APA,733,396,484,880,1
2025-12-23,HIO,222,117,117,234,1
2025-12-23,PAE,490,251,261,512,1
2025-12-23,DAB,604,297,289,586,1
2025-12-23,HWO,515,249,259,508,1
2025-12-23,FXE,393,220,205,425,1
2025-12-23,DTO,471,213,215,428,1
2025-12-23,GKY,137,68,66,134,1
2025-12-23,FTW,473,207,198,405,1
2025-12-23,FFZ,1190,603,593,1196,1
2025-12-23,SDL,315,146,160,306,1
2025-12-24,SUS,46,25,17,42,1
2025-12-24,IXD,16,7,10,17,1
2025-12-24,SLN,20,10,8,18,1
2025-12-24,FRG,121,55,52,107,1
2025-12-24,TTN,62,26,23,49,1
2025-12-24,LNS,216,105,105,210,1
2025-12-24,GFK,24,12,12,24,1
2025-12-24,DPA,186,106,93,199,1
2025-12-24,FCM,172,85,91,176,1
2025-12-24,APA,646,319,360,679,1
2025-12-24,HIO,193,86,84,170,1
2025-12-24,PAE,21,9,14,23,1
2025-12-24,DAB,332,164,160,324,1
2025-12-24,HWO,588,317,322,639,1
2025-12-24,FXE,291,158,151,309,1
2025-12-24,DTO,221,111,110,221,1
2025-12-24,GKY,106,48,50,98,1
2025-12-24,FTW,166,82,71,153,1
2025-12-24,FFZ,813,406,405,811,1
2025-12-24,SDL,220,99,98,197,1
2025-12-25,SUS,59,26,29,55,1
2025-12-25,IXD,16,7,7,14,1
2025-12-25,SLN,5,3,1,4,1
2025-12-25,FRG,223,89,93,182,1
2025-12-25,TTN,23,13,12,25,1
2025-12-25,LNS,47,22,21,43,1
2025-12-25,GFK,4,3,2,5,1
2025-12-25,DPA,40,18,21,39,1
2025-12-25,FCM,30,14,16,30,1
2025-12-25,APA,144,67,84,151,1
2025-12-25,HIO,13,6,8,14,1
2025-12-25,PAE,17,6,11,17,1
2025-12-25,DAB,31,14,15,29,1
2025-12-25,HWO,309,134,138,272,1
2025-12-25,FXE,187,100,103,203,1
2025-12-25,DTO,40,20,15,35,1
2025-12-25,GKY,56,26,26,52,1
2025-12-25,FTW,65,28,26,54,1
2025-12-25,FFZ,88,42,41,83,1
2025-12-25,SDL,79,29,47,76,1
2025-12-26,SUS,345,135,159,294,1
2025-12-26,IXD,128,60,62,122,1
2025-12-26,SLN,57,27,26,53,1
2025-12-26,FRG,588,261,272,533,1
2025-12-26,TTN,185,82,105,187,1
2025-12-26,LNS,203,92,95,187,1
2025-12-26,GFK,11,5,5,10,1
2025-12-26,DPA,78,40,38,78,1
2025-12-26,FCM,72,28,43,71,1
2025-12-26,APA,639,348,438,786,1
2025-12-26,HIO,237,124,122,246,1
2025-12-26,PAE,43,18,23,41,1
2025-12-26,DAB,302,152,146,298,1
2025-12-26,HWO,846,449,451,900,1
2025-12-26,FXE,489,271,239,510,1
2025-12-26,DTO,496,240,251,491,1
2025-12-26,GKY,118,59,55,114,1
2025-12-26,FTW,379,189,188,377,1
2025-12-26,FFZ,1053,534,535,1069,1
2025-12-26,SDL,395,208,207,415,1
2025-12-27,SUS,92,41,49,90,1
2025-12-27,IXD,194,94,99,193,1
2025-12-27,SLN,31,20,19,39,1
2025-12-27,FRG,82,31,40,71,1
2025-12-27,TTN,61,30,37,67,1
2025-12-27,LNS,12,6,4,10,1
2025-12-27,GFK,11,5,5,10,1
2025-12-27,DPA,101,47,59,106,1
2025-12-27,FCM,60,27,31,58,1
2025-12-27,APA,541,277,330,607,1
2025-12-27,HIO,520,283,275,558,1
2025-12-27,PAE,511,246,251,497,1
2025-12-27,DAB,418,220,207,427,1
2025-12-27,HWO,693,422,435,857,1
2025-12-27,FXE,520,285,268,553,1
2025-12-27,DTO,490,230,233,463,1
2025-12-27,GKY,108,47,52,99,1
2025-12-27,FTW,494,207,213,420,1
2025-12-27,FFZ,1060,544,550,1094,1
2025-12-27,SDL,399,194,181,375,1
2025-12-28,SUS,87,31,45,76,1
2025-12-28,IXD,17,8,7,15,1
2025-12-28,SLN,17,8,8,16,1
2025-12-28,FRG,520,199,216,415,1
2025-12-28,TTN,49,22,27,49,1
2025-12-28,LNS,21,9,12,21,1
2025-12-28,GFK,1,0,0,0,1
2025-12-28,DPA,40,17,24,41,1
2025-12-28,FCM,15,6,10,16,1
2025-12-28,APA,499,262,305,567,1
2025-12-28,HIO,281,149,144,293,1
2025-12-28,PAE,388,205,210,415,1
2025-12-28,DAB,237,120,120,240,1
2025-12-28,HWO,492,268,261,529,1
2025-12-28,FXE,445,235,212,447,1
2025-12-28,DTO,247,128,127,255,1
2025-12-28,GKY,60,31,27,58,1
2025-12-28,FTW,142,67,76,143,1
2025-12-28,FFZ,904,466,461,927,1
2025-12-28,SDL,437,206,197,403,1
2025-12-29,SUS,95,48,43,91,1
2025-12-29,IXD,136,66,67,133,1
2025-12-29,SLN,33,18,20,38,1
2025-12-29,FRG,43,17,22,39,1
2025-12-29,TTN,34,16,17,33,1
2025-12-29,LNS,14,8,7,15,1
2025-12-29,GFK,57,25,31,56,1
2025-12-29,DPA,36,22,15,37,1
2025-12-29,FCM,163,72,82,154,1
2025-12-29,APA,866,467,551,1018,1
2025-12-29,HIO,538,289,280,569,1
2025-12-29,PAE,421,202,205,407,1
2025-12-29,DAB,278,138,132,270,1
2025-12-29,HWO,1017,424,450,874,1
2025-12-29,FXE,477,259,231,490,1
2025-12-29,DTO,458,222,227,449,1
2025-12-29,GKY,213,98,97,195,1
2025-12-29,FTW,406,150,138,288,1
2025-12-29,FFZ,912,453,445,898,1
2025-12-29,SDL,375,178,192,370,1
2025-12-30,SUS,351,146,150,296,1
2025-12-30,IXD,161,80,79,159,1
2025-12-30,SLN,75,39,39,78,1
2025-12-30,FRG,43,18,23,41,0
2025-12-30,TTN,35,17,20,37,1
2025-12-30,LNS,69,31,33,64,1
2025-12-30,GFK,7,5,2,7,1
2025-12-30,DPA,265,146,147,293,1
2025-12-30,FCM,117,51,45,96,1
2025-12-30,APA,990,520,613,1133,1
2025-12-30,HIO,583,313,299,612,1
2025-12-30,PAE,481,243,241,484,1
2025-12-30,DAB,570,285,280,565,1
2025-12-30,HWO,775,380,376,756,1
2025-12-30,FXE,507,263,243,506,1
2025-12-30,DTO,735,356,365,721,1
2025-12-30,GKY,409,193,189,382,1
2025-12-30,FTW,665,265,282,547,1
2025-12-30,FFZ,1211,630,630,1260,1
2025-12-30,SDL,360,179,171,350,1
2025-12-31,SUS,435,206,206,412,1
2025-12-31,IXD,111,57,56,113,1
2025-12-31,SLN,58,18,21,39,1
2025-12-31,FRG,497,180,203,383,0
2025-12-31,TTN,217,108,109,217,1
2025-12-31,LNS,307,118,113,231,1
2025-12-31,GFK,38,18,17,35,1
2025-12-31,DPA,282,152,149,301,1
2025-12-31,FCM,77,37,39,76,1
2025-12-31,APA,821,397,473,870,1
2025-12-31,HIO,550,296,287,583,1
2025-12-31,PAE,517,273,300,573,1
2025-12-31,DAB,381,176,175,351,1
2025-12-31,HWO,541,286,282,568,1
2025-12-31,FXE,361,132,181,313,0
2025-12-31,DTO,516,249,246,495,1
2025-12-31,GKY,266,136,117,253,1
2025-12-31,FTW,642,220,207,427,1
2025-12-31,FFZ,1091,554,551,1105,1
2025-12-31,SDL,334,153,166,319,1
2026-01-01,SUS,45,21,23,44,1
2026-01-01,IXD,8,4,4,8,1
2026-01-01,SLN,29,11,10,21,1
2026-01-01,FRG,79,35,36,71,1
2026-01-01,TTN,35,10,13,23,1
2026-01-01,LNS,131,60,59,119,1
2026-01-01,GFK,4,2,2,4,1
2026-01-01,DPA,70,33,33,66,1
2026-01-01,FCM,161,88,89,177,1
2026-01-01,APA,571,270,309,579,1
2026-01-01,HIO,58,29,31,60,1
2026-01-01,PAE,180,89,91,180,1
2026-01-01,DAB,93,47,48,95,1
2026-01-01,HWO,217,80,80,160,1
2026-01-01,FXE,259,86,102,188,0
2026-01-01,DTO,282,127,134,261,1
2026-01-01,GKY,286,135,132,267,1
2026-01-01,FTW,202,87,90,177,1
2026-01-01,FFZ,301,121,124,245,1
2026-01-01,SDL,154,72,82,154,1
2026-01-02,SUS,61,30,26,56,1
2026-01-02,IXD,14,8,6,14,1
2026-01-02,SLN,13,7,6,13,1
2026-01-02,FRG,756,288,280,568,1
2026-01-02,TTN,173,65,72,137,1
2026-01-02,LNS,368,167,160,327,1
2026-01-02,GFK,273,122,116,238,1
2026-01-02,DPA,546,287,271,558,1
2026-01-02,FCM,421,197,202,399,1
2026-01-02,APA,1060,530,610,1140,1
2026-01-02,HIO,21,10,12,22,1
2026-01-02,PAE,52,26,30,56,1
2026-01-02,DAB,545,266,269,535,1
2026-01-02,HWO,765,415,422,837,1
2026-01-02,FXE,496,127,217,344,0
2026-01-02,DTO,730,344,349,693,1
2026-01-02,GKY,292,129,136,265,1
2026-01-02,FTW,649,248,239,487,1
2026-01-02,FFZ,1371,718,723,1441,1
2026-01-02,SDL,352,171,168,339,1
2026-01-03,SUS,334,159,149,308,1
2026-01-03,IXD,63,32,31,63,1
2026-01-03,SLN,28,14,15,29,1
2026-01-03,FRG,857,317,325,642,1
2026-01-03,TTN,279,140,139,279,1
2026-01-03,LNS,436,198,189,387,1
2026-01-03,GFK,13,8,4,12,1
2026-01-03,DPA,383,202,190,392,1
2026-01-03,FCM,520,250,252,502,1
2026-01-03,APA,1204,574,685,1259,1
2026-01-03,HIO,338,191,179,370,1
2026-01-03,PAE,172,101,97,198,1
2026-01-03,DAB,470,232,230,462,1
2026-01-03,HWO,752,389,399,788,1
2026-01-03,FXE,479,132,201,333,0
2026-01-03,DTO,691,327,335,662,1
2026-01-03,GKY,388,175,176,351,1
2026-01-03,FTW,356,157,148,305,1
2026-01-03,FFZ,1202,625,628,1253,1
2026-01-03,SDL,472,228,226,454,1
2026-01-04,SUS,413,153,172,325,1
2026-01-04,IXD,61,31,30,61,1
2026-01-04,SLN,40,21,18,39,1
2026-01-04,FRG,705,297,276,573,1
2026-01-04,TTN,221,116,111,227,1
2026-01-04,LNS,227,97,98,195,1
2026-01-04,GFK,8,5,5,10,1
2026-01-04,DPA,443,231,215,446,1
2026-01-04,FCM,49,25,24,49,1
2026-01-04,APA,553,279,320,599,1
2026-01-04,HIO,216,109,107,216,1
2026-01-04,PAE,146,90,74,164,1
2026-01-04,DAB,234,120,117,237,1
2026-01-04,HWO,764,407,422,829,1
2026-01-04,FXE,468,145,189,334,0
2026-01-04,DTO,499,227,227,454,1
2026-01-04,GKY,194,98,91,189,1
2026-01-04,FTW,366,172,155,327,1
2026-01-04,FFZ,1315,671,665,1336,1
2026-01-04,SDL,384,175,189,364,1
2026-01-05,SUS,433,180,180,360,1
2026-01-05,IXD,83,40,41,81,1
2026-01-05,SLN,177,82,85,167,1
2026-01-05,FRG,912,376,395,771,1
2026-01-05,TTN,138,112,124,236,1
2026-01-05,LNS,286,96,96,192,1
2026-01-05,GFK,10,5,5,10,1
2026-01-05,DPA,400,217,215,432,1
2026-01-05,FCM,30,15,14,29,1
2026-01-05,APA,605,313,357,670,1
2026-01-05,HIO,358,186,178,364,1
2026-01-05,PAE,76,46,45,91,1
2026-01-05,DAB,777,402,389,791,1
2026-01-05,HWO,911,457,466,923,1
2026-01-05,FXE,771,354,285,639,0
2026-01-05,DTO,301,140,138,278,1
2026-01-05,GKY,196,84,86,170,1
2026-01-05,FTW,464,153,149,302,1
2026-01-05,FFZ,1445,709,726,1435,1
2026-01-05,SDL,462,220,217,437,1
2026-01-06,SUS,537,211,213,424,1
2026-01-06,IXD,164,82,87,169,1
2026-01-06,SLN,182,87,84,171,1
2026-01-06,FRG,836,357,353,710,1
2026-01-06,TTN,134,75,80,155,1
2026-01-06,LNS,319,132,122,254,1
2026-01-06,GFK,22,13,12,25,1
2026-01-06,DPA,139,73,79,152,1
2026-01-06,FCM,44,23,21,44,1
2026-01-06,APA,692,333,395,728,1
2026-01-06,HIO,63,33,31,64,1
2026-01-06,PAE,30,18,17,35,1
2026-01-06,DAB,951,481,478,959,1
2026-01-06,HWO,1279,587,595,1182,1
2026-01-06,FXE,651,356,256,612,0
2026-01-06,DTO,708,336,338,674,1
2026-01-06,GKY,347,171,175,346,1
2026-01-06,FTW,764,283,288,571,1
2026-01-06,FFZ,1548,792,793,1585,1
2026-01-06,SDL,440,219,209,428,1
2026-01-07,SUS,698,280,306,586,1
2026-01-07,IXD,236,101,109,210,1
2026-01-07,SLN,213,104,104,208,1
2026-01-07,FRG,241,104,96,200,1
2026-01-07,TTN,112,36,39,75,1
2026-01-07,LNS,210,95,94,189,1
2026-01-07,GFK,990,468,460,928,1
2026-01-07,DPA,316,170,163,333,1
2026-01-07,FCM,636,298,304,602,1
2026-01-07,APA,1300,656,695,1351,1
2026-01-07,HIO,95,47,49,96,1
2026-01-07,PAE,47,25,27,52,1
2026-01-07,DAB,816,417,410,827,1
2026-01-07,HWO,1202,484,502,986,1
2026-01-07,FXE,598,380,263,643,0
2026-01-07,DTO,695,316,329,645,1
2026-01-07,GKY,348,171,173,344,1
2026-01-07,FTW,910,286,293,579,1
2026-01-07,FFZ,1058,505,509,1014,1
2026-01-07,SDL,390,205,194,399,1
2026-01-08,SUS,142,57,59,116,1
2026-01-08,IXD,19,8,11,19,1
2026-01-08,SLN,17,9,8,17,1
2026-01-08,FRG,871,386,370,756,1
2026-01-08,TTN,279,147,152,299,1
2026-01-08,LNS,383,169,153,322,1
2026-01-08,GFK,921,440,439,879,1
2026-01-08,DPA,278,149,142,291,1
2026-01-08,FCM,303,150,155,305,1
2026-01-08,APA,141,69,84,153,1
2026-01-08,HIO,131,71,68,139,1
2026-01-08,PAE,215,110,110,220,1
2026-01-08,DAB,1119,577,558,1135,1
2026-01-08,HWO,1033,546,545,1091,1
2026-01-08,FXE,548,327,232,559,0
2026-01-08,DTO,182,78,89,167,1
2026-01-08,GKY,86,42,40,82,1
2026-01-08,FTW,312,106,103,209,1
2026-01-08,FFZ,502,224,227,451,1
2026-01-08,SDL,242,128,105,233,1
2026-01-09,SUS,447,161,173,334,1
2026-01-09,IXD,175,84,78,162,1
2026-01-09,SLN,93,39,35,74,1
2026-01-09,FRG,415,188,193,381,1
2026-01-09,TTN,136,62,61,123,1
2026-01-09,LNS,197,77,73,150,1
2026-01-09,GFK,949,451,438,889,1
2026-01-09,DPA,431,220,220,440,1
2026-01-09,FCM,643,303,313,616,1
2026-01-09,APA,224,106,129,235,1
2026-01-09,HIO,613,323,327,650,1
2026-01-09,PAE,445,228,240,468,1
2026-01-09,DAB,800,412,398,810,1
2026-01-09,HWO,960,515,514,1029,1
2026-01-09,FXE,546,313,220,533,0
2026-01-09,DTO,750,340,346,686,1
2026-01-09,GKY,284,121,124,245,1
2026-01-09,FTW,694,248,250,498,1
2026-01-09,FFZ,1499,803,803,1606,1
2026-01-09,SDL,497,222,276,498,1
2026-01-10,SUS,269,87,74,161,1
2026-01-10,IXD,151,72,69,141,1
2026-01-10,SLN,57,30,26,56,1
2026-01-10,FRG,573,259,256,515,1
2026-01-10,TTN,103,51,62,113,1
2026-01-10,LNS,112,40,38,78,1
2026-01-10,GFK,31,10,9,19,1
2026-01-10,DPA,121,61,58,119,1
2026-01-10,FCM,276,104,111,215,1
2026-01-10,APA,996,492,594,1086,1
2026-01-10,HIO,309,172,161,333,1
2026-01-10,PAE,236,200,205,405,1
2026-01-10,DAB,879,429,434,863,1
2026-01-10,HWO,933,567,557,1124,1
2026-01-10,FXE,394,185,142,327,0
2026-01-10,DTO,268,116,124,240,1
2026-01-10,GKY,175,89,90,179,1
2026-01-10,FTW,270,91,90,181,1
2026-01-10,FFZ,1207,623,655,1278,1
2026-01-10,SDL,388,201,175,376,1
2026-01-11,SUS,414,172,160,332,1
2026-01-11,IXD,146,67,67,134,1
2026-01-11,SLN,81,33,34,67,1
2026-01-11,FRG,490,222,217,439,1
2026-01-11,TTN,158,67,76,143,1
2026-01-11,LNS,142,56,57,113,1
2026-01-11,GFK,287,149,143,292,1
2026-01-11,DPA,396,213,212,425,1
2026-01-11,FCM,399,204,193,397,1
2026-01-11,APA,1002,502,604,1106,1
2026-01-11,HIO,394,232,223,455,1
2026-01-11,PAE,220,142,148,290,1
2026-01-11,DAB,294,139,141,280,1
2026-01-11,HWO,818,461,445,906,1
2026-01-11,FXE,433,205,153,358,0
2026-01-11,DTO,613,297,299,596,1
2026-01-11,GKY,218,105,108,213,1
2026-01-11,FTW,477,211,199,410,1
2026-01-11,FFZ,540,261,265,526,1
2026-01-11,SDL,421,192,214,406,1
2026-01-12,SUS,598,237,260,497,1
2026-01-12,IXD,221,109,104,213,1
2026-01-12,SLN,176,84,87,171,1
2026-01-12,FRG,670,240,244,484,1
2026-01-12,TTN,221,103,111,214,1
2026-01-12,LNS,439,172,166,338,1
2026-01-12,GFK,1243,602,599,1201,1
2026-01-12,DPA,479,261,248,509,1
2026-01-12,FCM,603,304,311,615,1
2026-01-12,APA,1081,556,658,1214,1
2026-01-12,HIO,606,316,303,619,1
2026-01-12,PAE,65,25,35,60,1
2026-01-12,DAB,462,256,235,491,1
2026-01-12,HWO,873,536,541,1077,1
2026-01-12,FXE,609,299,247,546,0
2026-01-12,DTO,506,245,238,483,1
2026-01-12,GKY,238,117,118,235,1
2026-01-12,FTW,759,270,273,543,1
2026-01-12,FFZ,1266,627,631,1258,1
2026-01-12,SDL,431,214,207,421,1
2026-01-13,SUS,357,130,126,256,1
2026-01-13,IXD,249,129,131,260,1
2026-01-13,SLN,290,126,123,249,1
2026-01-13,FRG,899,368,368,736,1
2026-01-13,TTN,248,132,141,273,1
2026-01-13,LNS,320,150,141,291,1
2026-01-13,GFK,32,16,16,32,1
2026-01-13,DPA,481,251,267,518,1
2026-01-13,FCM,188,66,72,138,1
2026-01-13,APA,1246,601,682,1283,1
2026-01-13,HIO,56,27,32,59,1
2026-01-13,PAE,57,29,29,58,1
2026-01-13,DAB,1374,673,668,1341,1
2026-01-13,HWO,466,303,287,590,1
2026-01-13,FXE,481,232,190,422,0
2026-01-13,DTO,468,217,223,440,1
2026-01-13,GKY,254,128,122,250,1
2026-01-13,FTW,629,186,181,367,1
2026-01-13,FFZ,1670,820,838,1658,1
2026-01-13,SDL,515,255,253,508,1
2026-01-14,SUS,147,50,56,106,1
2026-01-14,IXD,91,42,43,85,1
2026-01-14,SLN,119,29,28,57,1
2026-01-14,FRG,898,373,383,756,1
2026-01-14,TTN,233,130,153,283,1
2026-01-14,LNS,350,139,139,278,1
2026-01-14,GFK,1327,631,628,1259,1
2026-01-14,DPA,160,98,86,184,1
2026-01-14,FCM,289,141,142,283,1
2026-01-14,APA,995,495,578,1073,1
2026-01-14,HIO,11,6,5,11,1
2026-01-14,PAE,242,134,131,265,1
2026-01-14,DAB,1079,551,533,1084,1
2026-01-14,HWO,579,312,311,623,1
2026-01-14,FXE,562,170,247,417,0
2026-01-14,DTO,217,91,95,186,1
2026-01-14,GKY,169,70,70,140,1
2026-01-14,FTW,290,91,92,183,1
2026-01-14,FFZ,1423,723,743,1466,1
2026-01-14,SDL,528,267,273,540,1
2026-01-15,SUS,555,239,242,481,1
2026-01-15,IXD,266,123,121,244,1
2026-01-15,SLN,189,66,64,130,1
2026-01-15,FRG,263,105,120,225,1
2026-01-15,TTN,77,28,30,58,1
2026-01-15,LNS,123,52,50,102,1
2026-01-15,GFK,543,253,260,513,1
2026-01-15,DPA,594,328,328,656,1
2026-01-15,FCM,404,196,200,396,1
2026-01-15,APA,639,344,386,730,1
2026-01-15,HIO,582,324,310,634,1
2026-01-15,PAE,261,125,138,263,1
2026-01-15,DAB,531,268,254,522,1
2026-01-15,HWO,448,226,228,454,1
2026-01-15,FXE,416,173,176,349,1
2026-01-15,DTO,697,281,269,550,1
2026-01-15,GKY,504,222,219,441,1
2026-01-15,FTW,729,275,271,546,1
2026-01-15,FFZ,1665,844,861,1705,1
2026-01-15,SDL,588,276,294,570,1
2026-01-16,SUS,359,126,136,262,1
2026-01-16,IXD,40,20,17,37,1
2026-01-16,SLN,61,32,31,63,1
2026-01-16,FRG,316,125,148,273,1
2026-01-16,TTN,190,76,94,170,1
2026-01-16,LNS,446,190,180,370,1
2026-01-16,GFK,16,9,7,16,1
2026-01-16,DPA,161,89,98,187,1
2026-01-16,FCM,63,25,23,48,1
2026-01-16,APA,615,296,328,624,1
2026-01-16,HIO,374,235,211,446,1
2026-01-16,PAE,689,340,357,697,1
2026-01-16,DAB,1160,587,580,1167,1
2026-01-16,HWO,1086,590,595,1185,1
2026-01-16,FXE,574,316,287,603,1
2026-01-16,DTO,294,120,131,251,1
2026-01-16,GKY,168,76,75,151,1
2026-01-16,FTW,340,142,160,302,1
2026-01-16,FFZ,1662,814,845,1659,1
2026-01-16,SDL,476,238,236,474,1
2026-01-17,SUS,159,30,26,56,1
2026-01-17,IXD,31,15,15,30,1
2026-01-17,SLN,30,18,13,31,1
2026-01-17,FRG,318,141,150,291,1
2026-01-17,LNS,32,14,15,29,1
2026-01-17,GFK,84,38,36,74,1
2026-01-17,DPA,340,200,190,390,1
2026-01-17,FCM,126,40,41,81,1
2026-01-17,APA,982,489,537,1026,1
2026-01-17,HIO,709,368,367,735,1
2026-01-17,PAE,606,283,293,576,1
2026-01-17,DAB,1288,655,644,1299,1
2026-01-17,HWO,1181,604,611,1215,1
2026-01-17,FXE,398,205,191,396,1
2026-01-17,GKY,252,117,122,239,1
2026-01-17,FTW,578,216,209,425,1
2026-01-17,FFZ,1434,724,731,1455,1
2026-01-17,SDL,511,246,237,483,1
2026-01-18,SUS,283,101,102,203,1
2026-01-18,IXD,68,31,30,61,1
2026-01-18,SLN,66,44,39,83,1
2026-01-18,FRG,30,15,15,30,1
2026-01-18,TTN,22,6,12,18,1
2026-01-18,LNS,9,6,3,9,1
2026-01-18,GFK,6,2,4,6,1
2026-01-18,DPA,234,135,129,264,1
2026-01-18,FCM,25,13,14,27,1
2026-01-18,APA,930,475,554,1029,1
2026-01-18,HIO,563,299,288,587,1
2026-01-18,PAE,540,265,276,541,1
2026-01-18,DAB,480,232,237,469,1
2026-01-18,HWO,581,292,293,585,1
2026-01-18,FXE,300,136,142,278,1
2026-01-18,DTO,223,94,98,192,1
2026-01-18,GKY,204,98,94,192,1
2026-01-18,FTW,447,215,206,421,1
2026-01-18,FFZ,1174,601,589,1190,1
2026-01-18,SDL,393,179,185,364,1
2026-01-19,SUS,217,84,70,154,1
2026-01-19,IXD,139,63,64,127,1
2026-01-19,SLN,99,37,36,73,1
2026-01-19,FRG,242,103,86,189,1
2026-01-19,TTN,142,62,57,119,1
2026-01-19,LNS,109,43,43,86,1
2026-01-19,GFK,1104,540,521,1061,1
2026-01-19,DPA,82,39,42,81,1
2026-01-19,FCM,184,95,96,191,1
2026-01-19,APA,794,409,508,917,1
2026-01-19,HIO,759,395,393,788,1
2026-01-19,PAE,631,314,311,625,1
2026-01-19,DAB,625,339,332,671,1
2026-01-19,HWO,789,363,346,709,1
2026-01-19,FXE,537,264,247,511,1
2026-01-19,DTO,192,79,74,153,1
2026-01-19,GKY,316,144,140,284,1
2026-01-19,FTW,643,234,220,454,1
2026-01-19,FFZ,1421,697,716,1413,1
2026-01-19,SDL,501,225,256,481,1
2026-01-20,SUS,439,186,192,378,1
2026-01-20,IXD,206,103,106,209,1
2026-01-20,SLN,154,71,74,145,1
2026-01-20,FRG,556,225,229,454,1
2026-01-20,TTN,192,67,84,151,1
2026-01-20,LNS,345,138,132,270,1
2026-01-20,GFK,957,456,452,908,1
2026-01-20,DPA,496,275,259,534,1
2026-01-20,FCM,317,148,144,292,1
2026-01-20,APA,1028,504,546,1050,1
2026-01-20,HIO,569,305,296,601,1
2026-01-20,PAE,500,235,246,481,1
2026-01-20,DAB,912,473,460,933,1
2026-01-20,HWO,685,312,309,621,1
2026-01-20,FXE,560,298,331,629,1
2026-01-20,DTO,749,280,271,551,1
2026-01-20,GKY,446,217,215,432,1
2026-01-20,FTW,947,360,372,732,1
2026-01-20,FFZ,1539,769,782,1551,1
2026-01-20,SDL,510,249,241,490,1
2026-01-21,SUS,405,187,191,378,1
2026-01-21,IXD,216,103,97,200,1
2026-01-21,SLN,188,88,86,174,1
2026-01-21,FRG,778,279,293,572,1
2026-01-21,TTN,200,108,115,223,1
2026-01-21,LNS,387,163,159,322,1
2026-01-21,GFK,19,10,9,19,1
2026-01-21,DPA,440,211,203,414,1
2026-01-21,FCM,33,15,16,31,1
2026-01-21,APA,1085,646,750,1396,1
2026-01-21,HIO,410,256,251,507,1
2026-01-21,PAE,621,284,291,575,1
2026-01-21,DAB,1254,635,617,1252,1
2026-01-21,HWO,456,244,247,491,1
2026-01-21,FXE,503,259,236,495,1
2026-01-21,DTO,497,202,214,416,1
2026-01-21,GKY,331,149,151,300,1
2026-01-21,FTW,859,281,270,551,1
2026-01-21,FFZ,1508,748,762,1510,1
2026-01-21,SDL,589,281,277,558,1
2026-01-22,SUS,530,234,230,464,1
2026-01-22,IXD,381,179,183,362,1
2026-01-22,SLN,355,158,157,315,1
2026-01-22,FRG,442,158,179,337,1
2026-01-22,TTN,241,104,129,233,1
2026-01-22,LNS,328,149,152,301,1
2026-01-22,GFK,20,11,10,21,1
2026-01-22,DPA,300,146,143,289,1
2026-01-22,FCM,68,33,32,65,1
2026-01-22,APA,1224,653,743,1396,1
2026-01-22,HIO,449,221,221,442,1
2026-01-22,PAE,318,140,147,287,1
2026-01-22,DAB,1249,575,573,1148,1
2026-01-22,HWO,966,516,526,1042,1
2026-01-22,FXE,620,322,302,624,1
2026-01-22,DTO,570,230,233,463,1
2026-01-22,GKY,104,55,57,112,1
2026-01-22,FTW,678,258,272,530,1
2026-01-22,FFZ,1586,772,783,1555,1
2026-01-22,SDL,525,261,224,485,1
2026-01-23,SUS,112,33,30,63,1
2026-01-23,IXD,82,32,34,66,1
2026-01-23,SLN,7,4,3,7,1
2026-01-23,FRG,347,147,142,289,1
2026-01-23,TTN,195,64,54,118,1
2026-01-23,LNS,219,75,74,149,1
2026-01-23,GFK,23,7,3,10,1
2026-01-23,DPA,44,19,9,28,1
2026-01-23,FCM,70,26,20,46,1
2026-01-23,APA,172,65,66,131,1
2026-01-23,HIO,277,91,77,168,1
2026-01-23,PAE,567,171,156,327,1
2026-01-23,DAB,1226,420,353,773,1
2026-01-23,HWO,1110,430,426,856,1
2026-01-23,FXE,747,296,253,549,1
2026-01-23,DTO,10,3,3,6,0
2026-01-23,GKY,5,0,1,1,1
2026-01-23,FTW,96,40,38,78,1
2026-01-23,FFZ,1362,443,426,869,1
2026-01-23,SDL,406,133,127,260,1
2026-01-24,SUS,26,13,14,27,1
2026-01-24,IXD,2,1,1,2,1
2026-01-24,SLN,7,4,3,7,1
2026-01-24,FRG,543,246,242,488,1
2026-01-24,TTN,296,145,153,298,1
2026-01-24,LNS,315,129,121,250,1
2026-01-24,GFK,897,429,433,862,1
2026-01-24,DPA,114,60,55,115,1
2026-01-24,FCM,87,20,20,40,1
2026-01-24,APA,317,169,164,333,1
2026-01-24,HIO,589,304,302,606,1
2026-01-24,PAE,566,283,280,563,1
2026-01-24,DAB,884,418,404,822,1
2026-01-24,HWO,1019,542,552,1094,1
2026-01-24,FXE,709,335,327,662,1
2026-01-24,DTO,0,0,0,0,0
2026-01-24,GKY,0,0,0,0,0
2026-01-24,FTW,1,0,1,1,0
2026-01-24,FFZ,950,485,478,963,1
2026-01-24,SDL,320,148,147,295,1
2026-01-25,SUS,25,9,14,23,1
2026-01-25,IXD,14,8,6,14,1
2026-01-25,SLN,11,5,5,10,1
2026-01-25,FRG,2,1,1,2,1
2026-01-25,TTN,0,0,0,0,1
2026-01-25,LNS,0,0,0,0,1
2026-01-25,GFK,617,292,284,576,1
2026-01-25,DPA,38,18,18,36,1
2026-01-25,FCM,233,102,98,200,1
2026-01-25,APA,547,242,254,496,1
2026-01-25,HIO,429,224,218,442,1
2026-01-25,PAE,423,215,223,438,1
2026-01-25,DAB,446,207,236,443,1
2026-01-25,HWO,746,401,400,801,1
2026-01-25,FXE,440,232,211,443,1
2026-01-25,DTO,0,0,0,0,0
2026-01-25,GKY,0,0,0,0,0
2026-01-25,FTW,0,0,0,0,0
2026-01-25,FFZ,1295,608,622,1230,1
2026-01-25,SDL,479,216,249,465,1
2026-01-26,SUS,90,39,36,75,1
2026-01-26,IXD,75,38,35,73,1
2026-01-26,SLN,15,6,5,11,1
2026-01-26,FRG,24,16,8,24,1
2026-01-26,TTN,28,18,14,32,1
2026-01-26,LNS,10,5,5,10,1
2026-01-26,GFK,454,214,215,429,1
2026-01-26,DPA,240,123,113,236,1
2026-01-26,FCM,150,67,69,136,1
2026-01-26,APA,840,419,520,939,1
2026-01-26,HIO,626,315,311,626,1
2026-01-26,PAE,581,258,266,524,1
2026-01-26,DAB,778,388,398,786,1
2026-01-26,HWO,723,335,342,677,1
2026-01-26,FXE,517,254,272,526,1
2026-01-26,DTO,0,0,0,0,0
2026-01-26,FTW,45,8,9,17,1
2026-01-26,FFZ,1415,653,669,1322,1
2026-01-26,SDL,473,211,225,436,1
2026-01-27,SUS,143,60,58,118,1
2026-01-27,IXD,271,130,137,267,1
2026-01-27,SLN,32,16,13,29,1
2026-01-27,FRG,48,23,24,47,1
2026-01-27,TTN,67,27,25,52,1
2026-01-27,LNS,59,22,24,46,1
2026-01-27,GFK,1812,882,856,1738,1
2026-01-27,DPA,292,144,154,298,1
2026-01-27,FCM,271,131,131,262,1
2026-01-27,APA,1037,512,612,1124,1
2026-01-27,HIO,515,257,252,509,1
2026-01-27,PAE,502,236,233,469,1
2026-01-27,DAB,1010,520,516,1036,1
2026-01-27,HWO,913,526,521,1047,1
2026-01-27,FXE,604,274,288,562,1
2026-01-27,DTO,0,0,0,0,0
2026-01-27,GKY,10,5,5,10,1
2026-01-27,FTW,166,67,52,119,1
2026-01-27,FFZ,1447,761,774,1535,1
2026-01-27,SDL,502,222,243,465,1
2026-01-28,SUS,449,157,162,319,1
2026-01-28,IXD,268,119,114,233,1
2026-01-28,SLN,356,158,164,322,1
2026-01-28,FRG,246,109,112,221,1
2026-01-28,TTN,168,61,68,129,1
2026-01-28,LNS,336,123,128,251,1
2026-01-28,GFK,1118,491,488,979,1
2026-01-28,DPA,374,189,189,378,1
2026-01-28,FCM,361,157,152,309,1
2026-01-28,APA,1362,621,741,1362,1
2026-01-28,HIO,340,147,152,299,1
2026-01-28,PAE,336,153,160,313,1
2026-01-28,DAB,1450,650,637,1287,1
2026-01-28,HWO,1071,508,515,1023,1
2026-01-28,FXE,483,278,288,566,1
2026-01-28,DTO,0,0,0,0,0
2026-01-28,GKY,45,12,14,26,1
2026-01-28,FTW,184,61,69,130,1
2026-01-28,FFZ,1585,661,693,1354,1
2026-01-28,SDL,505,206,219,425,1
2026-01-29,SUS,436,121,124,245,1
2026-01-29,IXD,289,79,79,158,1
2026-01-29,SLN,252,65,58,123,1
2026-01-29,FRG,597,137,133,270,1
2026-01-29,TTN,249,49,56,105,1
2026-01-29,LNS,248,81,77,158,1
2026-01-29,GFK,1080,244,235,479,1
2026-01-29,DPA,507,178,175,353,1
2026-01-29,FCM,294,73,73,146,1
2026-01-29,APA,790,211,236,447,1
2026-01-29,HIO,348,81,80,161,1
2026-01-29,PAE,301,95,91,186,1
2026-01-29,DAB,1206,361,339,700,1
2026-01-29,HWO,1058,295,308,603,1
2026-01-29,FXE,659,204,170,374,1
2026-01-29,DTO,69,11,5,16,1
2026-01-29,GKY,133,38,34,72,1
2026-01-29,FTW,378,77,70,147,1
2026-01-29,FFZ,1466,390,393,783,1
2026-01-29,SDL,531,168,170,338,1
2026-01-30,SUS,518,207,214,421,1
2026-01-30,IXD,168,82,84,166,1
2026-01-30,SLN,74,41,40,81,1
2026-01-30,FRG,479,221,222,443,1
2026-01-30,TTN,86,94,110,204,1
2026-01-30,LNS,311,139,135,274,1
2026-01-30,GFK,1726,818,816,1634,1
2026-01-30,DPA,132,71,61,132,1
2026-01-30,FCM,211,104,98,202,1
2026-01-30,APA,1023,545,663,1208,1
2026-01-30,HIO,243,122,124,246,1
2026-01-30,PAE,101,43,51,94,1
2026-01-30,DAB,1417,714,690,1404,1
2026-01-30,HWO,1029,564,569,1133,1
2026-01-30,FXE,734,344,330,674,1
2026-01-30,DTO,340,147,144,291,1
2026-01-30,GKY,343,152,152,304,1
2026-01-30,FTW,868,319,321,640,1
2026-01-30,FFZ,1490,748,757,1505,1
2026-01-30,SDL,546,250,253,503,1
2026-01-31,SUS,383,125,115,240,1
2026-01-31,IXD,133,63,59,122,1
2026-01-31,SLN,145,80,80,160,1
2026-01-31,FRG,770,336,336,672,1
2026-01-31,TTN,86,118,121,239,1
2026-01-31,LNS,277,120,114,234,1
2026-01-31,GFK,56,26,30,56,1
2026-01-31,DPA,451,237,228,465,1
2026-01-31,FCM,484,238,243,481,1
2026-01-31,APA,694,360,397,757,1
2026-01-31,HIO,364,187,182,369,1
2026-01-31,PAE,457,229,230,459,1
2026-01-31,DAB,779,394,380,774,1
2026-01-31,HWO,416,247,245,492,1
2026-01-31,FXE,591,231,238,469,1
2026-01-31,DTO,308,158,160,318,1
2026-01-31,GKY,263,123,121,244,1
2026-01-31,FTW,509,155,156,311,1
2026-01-31,FFZ,1350,666,677,1343,1
2026-01-31,SDL,407,204,189,393,1
2026-02-01,SUS,365,143,141,284,1
2026-02-01,IXD,184,90,93,183,1
2026-02-01,SLN,107,47,44,91,1
2026-02-01,FRG,74,32,28,60,1
2026-02-01,TTN,102,46,45,91,1
2026-02-01,LNS,158,75,76,151,1
2026-02-01,GFK,10,5,5,10,1
2026-02-01,DPA,476,259,250,509,1
2026-02-01,FCM,46,15,19,34,1
2026-02-01,APA,1051,539,620,1159,1
2026-02-01,HIO,161,82,82,164,1
2026-02-01,PAE,55,27,31,58,1
2026-02-01,DAB,591,298,286,584,1
2026-02-01,HWO,198,114,117,231,1
2026-02-01,FXE,278,130,133,263,1
2026-02-01,DTO,377,174,180,354,1
2026-02-01,GKY,265,131,123,254,1
2026-02-01,FTW,375,174,171,345,1
2026-02-01,FFZ,1098,546,525,1071,1
2026-02-01,SDL,466,233,235,468,1
2026-02-02,SUS,482,212,219,431,1
2026-02-02,IXD,260,120,118,238,1
2026-02-02,SLN,243,115,116,231,1
2026-02-02,FRG,651,247,252,499,1
2026-02-02,TTN,0,129,141,270,1
2026-02-02,LNS,334,124,123,247,1
2026-02-02,GFK,1117,510,507,1017,1
2026-02-02,DPA,305,165,153,318,1
2026-02-02,FCM,449,206,217,423,1
2026-02-02,APA,909,467,514,981,1
2026-02-02,HIO,505,260,260,520,1
2026-02-02,PAE,182,89,92,181,1
2026-02-02,DAB,1280,650,630,1280,1
2026-02-02,HWO,654,339,337,676,1
2026-02-02,FXE,559,270,302,572,1
2026-02-02,DTO,587,276,283,559,1
2026-02-02,GKY,243,118,111,229,1
2026-02-02,FTW,788,242,240,482,1
2026-02-02,FFZ,1489,766,776,1542,1
2026-02-02,SDL,474,222,238,460,1
2026-02-03,SUS,413,139,144,283,1
2026-02-03,IXD,243,134,125,259,1
2026-02-03,SLN,327,148,149,297,1
2026-02-03,FRG,967,375,379,754,1
2026-02-03,TTN,0,167,188,355,1
2026-02-03,LNS,288,123,116,239,1
2026-02-03,GFK,1321,619,609,1228,1
2026-02-03,DPA,590,328,315,643,1
2026-02-03,FCM,496,236,241,477,1
2026-02-03,APA,646,307,355,662,1
2026-02-03,HIO,500,264,257,521,1
2026-02-03,PAE,560,275,274,549,1
2026-02-03,DAB,1321,667,658,1325,1
2026-02-03,HWO,864,490,495,985,1
2026-02-03,FXE,662,370,346,716,1
2026-02-03,DTO,482,216,229,445,1
2026-02-03,GKY,243,110,107,217,1
2026-02-03,FTW,701,198,186,384,1
2026-02-03,FFZ,1421,773,773,1546,1
2026-02-03,SDL,490,240,245,485,1
2026-02-04,SUS,481,178,194,372,1
2026-02-04,IXD,132,67,75,142,1
2026-02-04,SLN,216,84,83,167,1
2026-02-04,FRG,941,341,350,691,1
2026-02-04,TTN,0,164,181,345,1
2026-02-04,LNS,379,174,166,340,1
2026-02-04,GFK,1011,485,475,960,1
2026-02-04,DPA,549,304,304,608,1
2026-02-04,FCM,483,212,206,418,1
2026-02-04,APA,1320,674,774,1448,1
2026-02-04,HIO,542,290,274,564,1
2026-02-04,PAE,615,293,293,586,1
2026-02-04,DAB,1288,631,625,1256,1
2026-02-04,HWO,1081,548,549,1097,1
2026-02-04,FXE,705,384,377,761,1
2026-02-04,DTO,743,321,325,646,1
2026-02-04,GKY,300,145,141,286,1
2026-02-04,FTW,683,218,217,435,1
2026-02-04,FFZ,1100,558,564,1122,1
2026-02-04,SDL,473,232,220,452,1
2026-02-05,SUS,469,192,195,387,1
2026-02-05,IXD,255,116,112,228,1
2026-02-05,SLN,351,145,147,292,1
2026-02-05,FRG,931,381,383,764,1
2026-02-05,TTN,0,156,171,327,1
2026-02-05,LNS,401,160,155,315,1
2026-02-05,GFK,1621,782,778,1560,1
2026-02-05,DPA,520,259,267,526,1
2026-02-05,FCM,592,254,260,514,1
2026-02-05,APA,1331,685,791,1476,1
2026-02-05,HIO,564,304,303,607,1
2026-02-05,PAE,533,253,256,509,1
2026-02-05,DAB,354,172,169,341,1
2026-02-05,HWO,882,403,414,817,1
2026-02-05,FXE,429,245,220,465,1
2026-02-05,DTO,486,205,218,423,1
2026-02-05,GKY,277,133,121,254,1
2026-02-05,FTW,629,236,238,474,1
2026-02-05,FFZ,1603,832,823,1655,1
2026-02-05,SDL,543,250,255,505,1
2026-02-06,SUS,259,76,77,153,1
2026-02-06,IXD,150,81,79,160,1
2026-02-06,SLN,286,151,147,298,1
2026-02-06,FRG,819,368,370,738,1
2026-02-06,TTN,256,115,135,250,1
2026-02-06,LNS,137,51,48,99,1
2026-02-06,GFK,1451,712,701,1413,1
2026-02-06,DPA,366,186,187,373,1
2026-02-06,FCM,254,121,112,233,1
2026-02-06,APA,980,482,576,1058,1
2026-02-06,HIO,540,300,286,586,1
2026-02-06,PAE,663,331,329,660,1
2026-02-06,DAB,1078,552,536,1088,1
2026-02-06,HWO,948,509,509,1018,1
2026-02-06,FXE,502,290,294,584,1
2026-02-06,DTO,613,279,284,563,1
2026-02-06,GKY,318,144,151,295,1
2026-02-06,FTW,891,358,367,725,1
2026-02-06,FFZ,1244,619,651,1270,1
2026-02-06,SDL,457,219,218,437,1
2026-02-07,SUS,478,162,173,335,1
2026-02-07,IXD,231,115,117,232,1
2026-02-07,SLN,284,133,131,264,1
2026-02-07,FRG,33,16,18,34,1
2026-02-07,TTN,23,15,13,28,1
2026-02-07,LNS,6,4,4,8,1
2026-02-07,GFK,702,340,328,668,1
2026-02-07,DPA,648,340,324,664,1
2026-02-07,FCM,424,239,230,469,1
2026-02-07,APA,715,371,398,769,1
2026-02-07,HIO,30,14,16,30,1
2026-02-07,PAE,89,41,40,81,1
2026-02-07,DAB,1032,537,541,1078,1
2026-02-07,HWO,788,497,509,1006,1
2026-02-07,FXE,427,209,217,426,1
2026-02-07,DTO,613,299,302,601,1
2026-02-07,GKY,371,180,174,354,1
2026-02-07,FTW,508,218,213,431,1
2026-02-07,FFZ,1510,737,752,1489,1
2026-02-07,SDL,350,162,198,360,1
2026-02-08,SUS,244,102,99,201,1
2026-02-08,IXD,191,106,100,206,1
2026-02-08,SLN,41,25,20,45,1
2026-02-08,FRG,103,54,47,101,1
2026-02-08,TTN,100,40,37,77,1
2026-02-08,LNS,116,53,54,107,1
2026-02-08,GFK,533,263,255,518,1
2026-02-08,DPA,448,230,226,456,1
2026-02-08,FCM,437,206,197,403,1
2026-02-08,APA,866,422,486,908,1
2026-02-08,HIO,42,29,31,60,1
2026-02-08,PAE,278,143,152,295,1
2026-02-08,DAB,1249,630,611,1241,1
2026-02-08,HWO,700,367,362,729,1
2026-02-08,FXE,382,183,193,376,1
2026-02-08,DTO,594,273,278,551,1
2026-02-08,GKY,188,97,94,191,1
2026-02-08,FTW,326,134,142,276,1
2026-02-08,FFZ,916,481,473,954,1
2026-02-08,SDL,345,151,200,351,1
2026-02-09,SUS,364,144,138,282,1
2026-02-09,IXD,211,105,99,204,1
2026-02-09,SLN,140,71,63,134,1
2026-02-09,FRG,641,268,251,519,1
2026-02-09,TTN,352,174,186,360,1
2026-02-09,LNS,353,166,152,318,1
2026-02-09,GFK,1432,697,697,1394,1
2026-02-09,DPA,547,275,264,539,1
2026-02-09,FCM,594,263,269,532,1
2026-02-09,APA,909,452,521,973,1
2026-02-09,HIO,365,190,188,378,1
2026-02-09,PAE,150,78,79,157,1
2026-02-09,DAB,1432,718,714,1432,1
2026-02-09,HWO,934,509,524,1033,1
2026-02-09,FXE,744,382,368,750,1
2026-02-09,DTO,717,332,339,671,1
2026-02-09,GKY,292,140,131,271,1
2026-02-09,FTW,771,230,221,451,1
2026-02-09,FFZ,1499,746,769,1515,1
2026-02-09,SDL,506,219,251,470,1
2026-02-10,SUS,416,158,169,327,1
2026-02-10,IXD,195,111,111,222,1
2026-02-10,SLN,156,70,69,139,1
2026-02-10,FRG,925,378,380,758,1
2026-02-10,TTN,344,154,161,315,1
2026-02-10,LNS,324,178,166,344,1
2026-02-10,GFK,1424,684,674,1358,1
2026-02-10,DPA,613,308,309,617,1
2026-02-10,FCM,282,119,130,249,1
2026-02-10,APA,1100,575,655,1230,1
2026-02-10,HIO,545,284,275,559,1
2026-02-10,PAE,647,307,307,614,1
2026-02-10,DAB,1344,667,658,1325,1
2026-02-10,HWO,874,460,461,921,1
2026-02-10,FXE,622,358,344,702,1
2026-02-10,DTO,618,280,287,567,1
2026-02-10,GKY,316,163,155,318,1
2026-02-10,FTW,603,218,220,438,1
2026-02-10,FFZ,1612,782,813,1595,1
2026-02-10,SDL,521,263,244,507,1
2026-02-11,SUS,486,192,201,393,1
2026-02-11,IXD,270,125,125,250,1
2026-02-11,SLN,306,146,149,295,1
2026-02-11,FRG,596,234,226,460,1
2026-02-11,TTN,163,80,89,169,1
2026-02-11,LNS,347,138,134,272,1
2026-02-11,GFK,20,9,11,20,1
2026-02-11,DPA,446,224,220,444,1
2026-02-11,FCM,775,377,380,757,1
2026-02-11,APA,1164,598,671,1269,1
2026-02-11,HIO,600,336,315,651,1
2026-02-11,PAE,514,252,253,505,1
2026-02-11,DAB,1253,604,584,1188,1
2026-02-11,HWO,1010,568,585,1153,1
2026-02-11,FXE,692,356,337,693,1
2026-02-11,DTO,913,422,434,856,1
2026-02-11,GKY,393,171,173,344,1
2026-02-11,FTW,987,398,401,799,1
2026-02-11,FFZ,1272,627,638,1265,1
2026-02-11,SDL,557,255,253,508,1
2026-02-12,SUS,374,163,175,338,1
2026-02-12,IXD,266,130,136,266,1
2026-02-12,SLN,283,137,132,269,1
2026-02-12,FRG,614,241,245,486,1
2026-02-12,TTN,278,117,138,255,1
2026-02-12,LNS,201,86,88,174,1
2026-02-12,GFK,620,304,302,606,1
2026-02-12,DPA,601,308,299,607,1
2026-02-12,FCM,662,327,322,649,1
2026-02-12,APA,1172,572,649,1221,1
2026-02-12,HIO,729,391,380,771,1
2026-02-12,PAE,616,288,296,584,1
2026-02-12,DAB,675,322,289,611,1
2026-02-12,HWO,1114,580,596,1176,1
2026-02-12,FXE,720,362,349,711,1
2026-02-12,DTO,863,396,416,812,1
2026-02-12,GKY,326,142,137,279,1
2026-02-12,FTW,839,312,306,618,1
2026-02-12,FFZ,1341,659,663,1322,1
2026-02-12,SDL,497,246,246,492,1
2026-02-13,SUS,517,200,199,399,1
2026-02-13,IXD,321,168,170,338,1
2026-02-13,SLN,196,112,103,215,1
2026-02-13,FRG,876,334,347,681,1
2026-02-13,TTN,364,190,204,394,1
2026-02-13,LNS,430,202,192,394,1
2026-02-13,GFK,1489,716,716,1432,1
2026-02-13,DPA,467,238,233,471,1
2026-02-13,FCM,746,373,382,755,1
2026-02-13,APA,1034,510,569,1079,1
2026-02-13,HIO,308,164,166,330,1
2026-02-13,PAE,139,64,76,140,1
2026-02-13,DAB,968,456,437,893,1
2026-02-13,HWO,998,434,437,871,1
2026-02-13,FXE,540,264,235,499,1
2026-02-13,DTO,706,312,313,625,1
2026-02-13,GKY,315,157,146,303,1
2026-02-13,FTW,659,254,259,513,1
2026-02-13,FFZ,1268,571,576,1147,1
2026-02-13,SDL,472,227,231,458,1
2026-02-14,SUS,108,22,25,47,1
2026-02-14,IXD,21,11,9,20,1
2026-02-14,SLN,12,5,6,11,1
2026-02-14,FRG,770,304,317,621,1
2026-02-14,TTN,258,147,151,298,1
2026-02-14,LNS,395,194,187,381,1
2026-02-14,GFK,1230,588,583,1171,1
2026-02-14,DPA,505,252,237,489,1
2026-02-14,FCM,561,279,284,563,1
2026-02-14,APA,998,467,526,993,1
2026-02-14,HIO,115,56,54,110,1
2026-02-14,PAE,430,205,207,412,1
2026-02-14,DAB,934,414,428,842,1
2026-02-14,HWO,898,442,440,882,1
2026-02-14,FXE,524,230,205,435,1
2026-02-14,DTO,11,4,4,8,1
2026-02-14,GKY,3,1,2,3,1
2026-02-14,FTW,106,21,25,46,1
2026-02-14,FFZ,1405,716,725,1441,1
2026-02-14,SDL,391,190,187,377,1
2026-02-15,SUS,332,100,91,191,1
2026-02-15,IXD,81,44,33,77,1
2026-02-15,SLN,38,24,23,47,1
2026-02-15,FRG,743,360,341,701,1
2026-02-15,TTN,115,52,60,112,1
2026-02-15,LNS,79,42,38,80,1
2026-02-15,GFK,489,222,233,455,1
2026-02-15,DPA,441,230,224,454,1
2026-02-15,FCM,578,258,259,517,1
2026-02-15,APA,711,348,400,748,1
2026-02-15,HIO,523,277,263,540,1
2026-02-15,PAE,571,287,303,590,1
2026-02-15,DAB,450,145,164,309,1
2026-02-15,HWO,419,204,210,414,1
2026-02-15,FXE,383,160,176,336,1
2026-02-15,DTO,458,221,217,438,1
2026-02-15,GKY,194,80,84,164,1
2026-02-15,FTW,351,136,131,267,1
2026-02-15,FFZ,1186,624,618,1242,1
2026-02-15,SDL,398,181,197,378,1
2026-02-16,SUS,435,140,143,283,1
2026-02-16,IXD,192,86,88,174,1
2026-02-16,SLN,211,109,102,211,1
2026-02-16,FRG,491,240,217,457,1
2026-02-16,TTN,124,53,50,103,1
2026-02-16,LNS,45,20,20,40,1
2026-02-16,GFK,1138,555,546,1101,1
2026-02-16,DPA,367,167,165,332,1
2026-02-16,FCM,658,320,337,657,1
2026-02-16,APA,1197,593,669,1262,1
2026-02-16,HIO,108,43,50,93,1
2026-02-16,PAE,124,84,73,157,1
2026-02-16,DAB,361,188,201,389,1
2026-02-16,HWO,898,457,473,930,1
2026-02-16,FXE,457,234,262,496,1
2026-02-16,DTO,682,344,340,684,1
2026-02-16,GKY,321,153,144,297,1
2026-02-16,FTW,708,285,278,563,1
2026-02-16,FFZ,1176,591,593,1184,1
2026-02-16,SDL,522,252,263,515,1
2026-02-17,SUS,349,120,110,230,1
2026-02-17,IXD,64,26,25,51,1
2026-02-17,SLN,33,18,15,33,1
2026-02-17,FRG,194,88,82,170,1
2026-02-17,TTN,79,45,39,84,1
2026-02-17,LNS,157,78,80,158,1
2026-02-17,GFK,431,201,201,402,1
2026-02-17,DPA,503,248,251,499,1
2026-02-17,FCM,232,103,104,207,1
2026-02-17,APA,186,93,115,208,1
2026-02-17,HIO,197,102,95,197,1
2026-02-17,PAE,489,283,263,546,1
2026-02-17,DAB,1615,804,803,1607,1
2026-02-17,HWO,1044,516,532,1048,1
2026-02-17,FXE,591,372,344,716,1
2026-02-17,DTO,384,179,186,365,1
2026-02-17,GKY,104,80,82,162,1
2026-02-17,FTW,664,160,155,315,1
2026-02-17,FFZ,1506,746,758,1504,1
2026-02-17,SDL,580,252,274,526,1
2026-02-18,SUS,374,142,145,287,1
2026-02-18,IXD,337,162,165,327,1
2026-02-18,SLN,377,201,199,400,1
2026-02-18,FRG,56,29,27,56,1
2026-02-18,TTN,35,18,15,33,1
2026-02-18,LNS,43,23,21,44,1
2026-02-18,GFK,10,5,5,10,1
2026-02-18,DPA,289,151,215,366,1
2026-02-18,FCM,24,14,11,25,1
2026-02-18,APA,320,150,193,343,1
2026-02-18,HIO,23,12,14,26,1
2026-02-18,PAE,61,25,28,53,1
2026-02-18,DAB,1316,669,661,1330,1
2026-02-18,HWO,1190,581,589,1170,1
2026-02-18,FXE,637,310,295,605,1
2026-02-18,DTO,780,346,367,713,1
2026-02-18,GKY,366,165,173,338,1
2026-02-18,FTW,869,319,312,631,1
2026-02-18,FFZ,904,393,402,795,1
2026-02-18,SDL,394,196,192,388,1
2026-02-19,SUS,296,118,135,253,1
2026-02-19,IXD,111,51,48,99,1
2026-02-19,SLN,104,48,51,99,1
2026-02-19,FRG,847,384,372,756,1
2026-02-19,TTN,86,49,53,102,1
2026-02-19,LNS,40,21,19,40,1
2026-02-19,GFK,31,15,15,30,1
2026-02-19,DPA,453,245,345,590,1
2026-02-19,FCM,81,32,34,66,1
2026-02-19,APA,842,454,525,979,1
2026-02-19,HIO,258,122,124,246,1
2026-02-19,PAE,470,199,218,417,1
2026-02-19,DAB,1348,683,664,1347,1
2026-02-19,HWO,1091,513,523,1036,1
2026-02-19,FXE,685,356,345,701,1
2026-02-19,DTO,507,214,246,460,1
2026-02-19,GKY,281,133,124,257,1
2026-02-19,FTW,879,295,303,598,1
2026-02-19,FFZ,1710,812,818,1630,1
2026-02-19,SDL,591,285,288,573,1
2026-02-20,SUS,297,115,114,229,1
2026-02-20,IXD,180,84,87,171,1
2026-02-20,SLN,301,165,163,328,1
2026-02-20,FRG,41,22,17,39,1
2026-02-20,TTN,37,17,23,40,1
2026-02-20,LNS,23,10,13,23,1
2026-02-20,GFK,459,212,206,418,1
2026-02-20,DPA,36,21,19,40,1
2026-02-20,FCM,160,72,74,146,1
2026-02-20,APA,666,350,385,735,1
2026-02-20,HIO,237,130,130,260,1
2026-02-20,PAE,576,277,271,548,1
2026-02-20,DAB,1284,657,636,1293,1
2026-02-20,HWO,1170,565,583,1148,1
2026-02-20,FXE,802,392,385,777,1
2026-02-20,DTO,833,375,391,766,1
2026-02-20,GKY,283,126,119,245,1
2026-02-20,FTW,917,336,324,660,1
2026-02-20,FFZ,1570,790,799,1589,1
2026-02-20,SDL,546,265,264,529,1
2026-02-21,SUS,264,107,101,208,1
2026-02-21,IXD,128,59,59,118,1
2026-02-21,SLN,157,94,91,185,1
2026-02-21,FRG,854,404,371,775,1
2026-02-21,TTN,394,196,218,414,1
2026-02-21,LNS,413,205,187,392,1
2026-02-21,GFK,1230,601,584,1185,1
2026-02-21,DPA,551,278,270,548,1
2026-02-21,FCM,410,193,195,388,1
2026-02-21,APA,1003,524,627,1151,1
2026-02-21,HIO,88,50,43,93,1
2026-02-21,PAE,231,113,122,235,1
2026-02-21,DAB,1242,618,619,1237,1
2026-02-21,HWO,1090,584,608,1192,1
2026-02-21,FXE,508,292,270,562,1
2026-02-21,DTO,554,253,265,518,1
2026-02-21,GKY,272,136,129,265,1
2026-02-21,FTW,337,132,144,276,1
2026-02-21,FFZ,1421,702,702,1404,1
2026-02-21,SDL,502,248,245,493,1
2026-02-22,SUS,160,43,50,93,1
2026-02-22,IXD,49,27,22,49,1
2026-02-22,SLN,149,81,79,160,1
2026-02-22,FRG,31,13,18,31,1
2026-02-22,TTN,22,6,18,24,1
2026-02-22,LNS,7,2,4,6,1
2026-02-22,GFK,81,38,42,80,1
2026-02-22,DPA,331,176,166,342,1
2026-02-22,FCM,86,29,28,57,1
2026-02-22,APA,1021,532,614,1146,1
2026-02-22,HIO,117,59,62,121,1
2026-02-22,PAE,87,65,62,127,1
2026-02-22,DAB,316,159,153,312,1
2026-02-22,HWO,663,334,336,670,1
2026-02-22,FXE,452,249,234,483,1
2026-02-22,DTO,521,253,250,503,1
2026-02-22,GKY,190,87,95,182,1
2026-02-22,FTW,318,153,141,294,1
2026-02-22,FFZ,1318,662,652,1314,1
2026-02-22,SDL,498,236,234,470,1
2026-02-23,SUS,337,130,137,267,1
2026-02-23,IXD,194,93,99,192,1
2026-02-23,SLN,404,209,204,413,1
2026-02-23,FRG,0,0,0,0,1
2026-02-23,TTN,5,4,1,5,1
2026-02-23,LNS,32,6,2,8,1
2026-02-23,GFK,1277,552,589,1141,1
2026-02-23,DPA,545,275,272,547,1
2026-02-23,FCM,529,257,272,529,1
2026-02-23,APA,1175,597,686,1283,1
2026-02-23,HIO,22,11,12,23,1
2026-02-23,PAE,373,193,197,390,1
2026-02-23,DAB,606,310,298,608,1
2026-02-23,HWO,501,231,238,469,1
2026-02-23,FXE,462,245,249,494,1
2026-02-23,DTO,622,299,302,601,1
2026-02-23,GKY,302,141,141,282,1
2026-02-23,FTW,1157,411,410,821,1
2026-02-23,FFZ,1467,716,732,1448,1
2026-02-23,SDL,595,276,290,566,1
2026-02-24,SUS,177,64,61,125,1
2026-02-24,IXD,140,59,59,118,1
2026-02-24,SLN,292,141,139,280,1
2026-02-24,FRG,59,28,23,51,1
2026-02-24,TTN,135,58,67,125,1
2026-02-24,LNS,390,163,155,318,1
2026-02-24,GFK,346,170,163,333,1
2026-02-24,DPA,478,256,298,554,1
2026-02-24,FCM,225,101,114,215,1
2026-02-24,APA,726,354,406,760,1
2026-02-24,HIO,54,27,30,57,1
2026-02-24,PAE,407,202,213,415,1
2026-02-24,DAB,1459,727,729,1456,1
2026-02-24,HWO,1378,761,759,1520,1
2026-02-24,FXE,606,300,309,609,1
2026-02-24,DTO,287,131,132,263,1
2026-02-24,GKY,166,82,77,159,1
2026-02-24,FTW,382,106,99,205,1
2026-02-24,FFZ,1639,820,832,1652,1
2026-02-24,SDL,543,267,262,529,1
2026-02-25,SUS,539,244,247,491,1
2026-02-25,IXD,273,115,112,227,1
2026-02-25,SLN,399,193,192,385,1
2026-02-25,FRG,115,47,51,98,1
2026-02-25,TTN,181,88,120,208,1
2026-02-25,LNS,380,175,169,344,1
2026-02-25,GFK,1353,574,638,1212,1
2026-02-25,DPA,487,286,326,612,1
2026-02-25,FCM,658,318,330,648,1
2026-02-25,APA,441,229,259,488,1
2026-02-25,HIO,490,266,252,518,1
2026-02-25,PAE,474,220,228,448,1
2026-02-25,DAB,1445,733,705,1438,1
2026-02-25,HWO,1269,729,734,1463,1
2026-02-25,FXE,709,347,327,674,1
2026-02-25,DTO,726,334,343,677,1
2026-02-25,GKY,269,137,136,273,1
2026-02-25,FTW,929,349,360,709,1
2026-02-25,FFZ,1548,750,752,1502,1
2026-02-25,SDL,485,221,251,472,1
2026-02-26,SUS,413,183,199,382,1
2026-02-26,IXD,332,140,145,285,1
2026-02-26,SLN,203,108,105,213,1
2026-02-26,FRG,376,171,171,342,1
2026-02-26,TTN,343,181,202,383,1
2026-02-26,LNS,372,155,156,311,1
2026-02-26,GFK,1716,772,770,1542,1
2026-02-26,DPA,665,353,349,702,1
2026-02-26,FCM,611,301,299,600,1
2026-02-26,APA,611,307,363,670,1
2026-02-26,HIO,853,442,438,880,1
2026-02-26,PAE,421,197,201,398,1
2026-02-26,DAB,1203,616,599,1215,1
2026-02-26,HWO,1194,656,676,1332,1
2026-02-26,FXE,616,345,326,671,1
2026-02-26,DTO,524,237,247,484,1
2026-02-26,GKY,340,147,142,289,1
2026-02-26,FTW,802,279,292,571,1
2026-02-26,FFZ,1683,835,849,1684,1
2026-02-26,SDL,536,284,264,548,1
2026-02-27,SUS,354,139,144,283,1
2026-02-27,IXD,170,93,94,187,1
2026-02-27,FRG,808,381,375,756,1
2026-02-27,TTN,459,218,243,461,1
2026-02-27,LNS,366,158,149,307,1
2026-02-27,GFK,204,101,102,203,1
2026-02-27,DPA,558,287,293,580,1
2026-02-27,FCM,392,181,185,366,1
2026-02-27,APA,897,464,521,985,1
2026-02-27,HIO,536,299,299,598,1
2026-02-27,PAE,513,254,259,513,1
2026-02-27,DAB,856,438,419,857,1
2026-02-27,HWO,1081,601,609,1210,1
2026-02-27,FXE,755,327,322,649,1
2026-02-27,GKY,287,141,130,271,1
2026-02-27,FTW,898,361,353,714,1
2026-02-27,FFZ,1668,844,855,1699,1
2026-02-27,SDL,482,239,246,485,1
2026-02-28,SUS,464,163,167,330,1
2026-02-28,IXD,194,90,89,179,1
2026-02-28,SLN,300,141,140,281,1
2026-02-28,FRG,796,330,344,674,1
2026-02-28,TTN,216,129,143,272,1
2026-02-28,LNS,528,219,210,429,1
2026-02-28,GFK,1200,571,574,1145,1
2026-02-28,DPA,635,342,349,691,1
2026-02-28,FCM,272,119,125,244,1
2026-02-28,APA,938,452,502,954,1
2026-02-28,HIO,498,267,270,537,1
2026-02-28,PAE,519,245,250,495,1
2026-02-28,DAB,260,122,122,244,1
2026-02-28,HWO,830,487,491,978,1
2026-02-28,FXE,322,156,144,300,1
2026-02-28,DTO,696,310,318,628,1
2026-02-28,GKY,317,168,168,336,1
2026-02-28,FTW,555,186,181,367,1
2026-02-28,FFZ,1410,750,749,1499,1
2026-02-28,SDL,443,221,213,434,1
2026-03-01,SUS,249,112,104,216,1
2026-03-01,IXD,42,20,14,34,1
2026-03-01,SLN,22,14,8,22,1
2026-03-01,FRG,477,199,196,395,1
2026-03-01,TTN,222,97,108,205,1
2026-03-01,LNS,216,111,108,219,1
2026-03-01,GFK,846,412,410,822,1
2026-03-01,DPA,370,231,220,451,1
2026-03-01,FCM,654,337,343,680,1
2026-03-01,APA,899,489,542,1031,1
2026-03-01,HIO,502,273,266,539,1
2026-03-01,PAE,612,300,307,607,1
2026-03-01,DAB,1024,528,524,1052,1
2026-03-01,HWO,614,363,342,705,1
2026-03-01,FXE,391,181,187,368,1
2026-03-01,DTO,368,172,191,363,1
2026-03-01,GKY,184,101,96,197,1
2026-03-01,FTW,310,138,134,272,1
2026-03-01,FFZ,1243,650,648,1298,1
2026-03-01,SDL,432,198,228,426,1
2026-03-02,SUS,97,48,50,98,1
2026-03-02,IXD,45,24,21,45,1
2026-03-02,SLN,29,13,13,26,1
2026-03-02,FRG,919,401,396,797,1
2026-03-02,TTN,365,180,205,385,1
2026-03-02,LNS,413,183,174,357,1
2026-03-02,GFK,1831,860,861,1721,1
2026-03-02,DPA,655,365,346,711,1
2026-03-02,FCM,463,219,231,450,1
2026-03-02,APA,892,474,533,1007,1
2026-03-02,HIO,700,381,371,752,1
2026-03-02,PAE,635,320,315,635,1
2026-03-02,DAB,1513,742,750,1492,1
2026-03-02,HWO,1079,511,511,1022,1
2026-03-02,FXE,616,318,312,630,1
2026-03-02,DTO,376,182,191,373,1
2026-03-02,GKY,299,150,142,292,1
2026-03-02,FTW,914,332,338,670,1
2026-03-02,FFZ,1500,767,782,1549,1
2026-03-02,SDL,468,232,235,467,1
2026-03-03,SUS,168,68,78,146,1
2026-03-03,IXD,33,17,18,35,1
2026-03-03,SLN,25,12,10,22,1
2026-03-03,FRG,158,74,71,145,1
2026-03-03,TTN,35,18,18,36,1
2026-03-03,LNS,14,6,6,12,1
2026-03-03,GFK,14,7,7,14,1
2026-03-03,DPA,620,306,299,605,1
2026-03-03,FCM,747,361,371,732,1
2026-03-03,APA,463,238,254,492,1
2026-03-03,HIO,301,154,150,304,1
2026-03-03,PAE,104,45,52,97,1
2026-03-03,DAB,1294,655,631,1286,1
2026-03-03,HWO,1006,527,515,1042,1
2026-03-03,FXE,630,318,299,617,1
2026-03-03,DTO,487,223,227,450,1
2026-03-03,GKY,246,119,113,232,1
2026-03-03,FTW,441,165,162,327,1
2026-03-03,FFZ,1578,758,771,1529,1
2026-03-03,SDL,552,262,285,547,1
2026-03-04,SUS,94,47,47,94,1
2026-03-04,IXD,36,16,21,37,1
2026-03-04,SLN,131,58,55,113,1
2026-03-04,FRG,701,338,339,677,1
2026-03-04,TTN,150,61,71,132,1
2026-03-04,LNS,77,38,36,74,1
2026-03-04,GFK,11,5,4,9,1
2026-03-04,DPA,199,116,105,221,1
2026-03-04,FCM,131,68,60,128,1
2026-03-04,APA,1306,739,855,1594,1
2026-03-04,HIO,305,165,154,319,1
2026-03-04,PAE,61,28,35,63,1
2026-03-04,DAB,1483,742,723,1465,1
2026-03-04,HWO,987,476,476,952,1
2026-03-04,FXE,708,316,304,620,1
2026-03-04,DTO,485,231,229,460,1
2026-03-04,GKY,211,101,101,202,1
2026-03-04,FTW,536,169,171,340,1
2026-03-04,FFZ,1664,818,833,1651,1
2026-03-04,SDL,525,258,260,518,1
2026-03-05,SUS,197,76,76,152,1
2026-03-05,IXD,64,30,30,60,1
2026-03-05,SLN,60,25,27,52,1
2026-03-05,FRG,60,31,30,61,1
2026-03-05,TTN,39,21,25,46,1
2026-03-05,LNS,26,12,14,26,1
2026-03-05,GFK,16,7,7,14,1
2026-03-05,DPA,60,27,33,60,1
2026-03-05,FCM,544,294,292,586,1
2026-03-05,APA,970,509,616,1125,1
2026-03-05,HIO,735,378,381,759,1
2026-03-05,PAE,533,258,270,528,1
2026-03-05,DAB,1345,675,657,1332,1
2026-03-05,HWO,1065,563,564,1127,1
2026-03-05,FXE,630,324,326,650,1
2026-03-05,DTO,283,131,135,266,1
2026-03-05,GKY,159,76,75,151,1
2026-03-05,FTW,259,91,99,190,1
2026-03-05,FFZ,1255,613,613,1226,1
2026-03-05,SDL,433,222,205,427,1
2026-03-06,SUS,228,78,91,169,1
2026-03-06,IXD,49,22,24,46,1
2026-03-06,SLN,65,15,14,29,1
2026-03-06,FRG,76,30,39,69,1
2026-03-06,TTN,58,28,34,62,1
2026-03-06,LNS,51,26,24,50,1
2026-03-06,GFK,36,9,7,16,1
2026-03-06,DPA,76,41,37,78,1
2026-03-06,FCM,51,25,28,53,1
2026-03-06,APA,72,39,41,80,1
2026-03-06,HIO,51,28,28,56,1
2026-03-06,PAE,64,31,36,67,1
2026-03-06,DAB,1282,642,616,1258,1
2026-03-06,HWO,1094,576,557,1133,1
2026-03-06,FXE,537,275,259,534,1
2026-03-06,DTO,96,45,44,89,1
2026-03-06,GKY,23,10,12,22,1
2026-03-06,FTW,331,92,94,186,1
2026-03-06,FFZ,1446,689,706,1395,1
2026-03-06,SDL,503,262,246,508,1
2026-03-07,SUS,143,38,39,77,1
2026-03-07,IXD,147,67,67,134,1
2026-03-07,SLN,280,125,118,243,1
2026-03-07,FRG,40,17,20,37,1
2026-03-07,TTN,28,13,17,30,1
2026-03-07,LNS,44,17,19,36,1
2026-03-07,GFK,548,263,261,524,1
2026-03-07,DPA,178,90,97,187,1
2026-03-07,FCM,63,30,32,62,1
2026-03-07,APA,591,339,380,719,1
2026-03-07,HIO,414,234,227,461,1
2026-03-07,PAE,92,43,49,92,1
2026-03-07,DAB,1004,466,458,924,1
2026-03-07,HWO,317,200,191,391,1
2026-03-07,FXE,452,200,182,382,1
2026-03-07,DTO,62,18,20,38,1
2026-03-07,GKY,5,3,2,5,1
2026-03-07,FTW,133,54,57,111,1
2026-03-07,FFZ,1257,566,556,1122,1
2026-03-07,SDL,353,160,171,331,1
2026-03-08,SUS,504,242,231,473,1
2026-03-08,IXD,247,108,110,218,1
2026-03-08,SLN,137,61,63,124,1
2026-03-08,FRG,460,221,205,426,1
2026-03-08,TTN,250,120,141,261,1
2026-03-08,LNS,307,134,120,254,1
2026-03-08,GFK,692,350,337,687,1
2026-03-08,DPA,359,177,178,355,1
2026-03-08,FCM,350,179,181,360,1
2026-03-08,APA,1162,549,648,1197,1
2026-03-08,HIO,166,80,82,162,1
2026-03-08,PAE,90,37,46,83,1
2026-03-08,DAB,965,480,471,951,1
2026-03-08,HWO,72,46,34,80,0
2026-03-08,FXE,463,208,207,415,1
2026-03-08,DTO,708,334,351,685,1
2026-03-08,GKY,442,206,209,415,1
2026-03-08,FTW,659,291,289,580,1
2026-03-08,FFZ,1208,576,599,1175,1
2026-03-08,SDL,439,204,219,423,1
2026-03-09,SUS,326,114,122,236,1
2026-03-09,IXD,282,129,126,255,1
2026-03-09,SLN,490,215,207,422,1
2026-03-09,FRG,998,447,439,886,1
2026-03-09,TTN,427,199,247,446,1
2026-03-09,LNS,497,220,194,414,1
2026-03-09,GFK,585,276,272,548,1
2026-03-09,DPA,660,367,396,763,1
2026-03-09,FCM,565,264,277,541,1
2026-03-09,APA,973,500,593,1093,1
2026-03-09,HIO,753,384,383,767,1
2026-03-09,PAE,193,104,107,211,1
2026-03-09,DAB,1075,548,533,1081,1
2026-03-09,HWO,127,46,49,95,0
2026-03-09,FXE,460,205,211,416,1
2026-03-09,DTO,465,214,217,431,1
2026-03-09,GKY,319,157,161,318,1
2026-03-09,FTW,618,238,234,472,1
2026-03-09,FFZ,1458,739,744,1483,1
2026-03-09,SDL,465,218,234,452,1
2026-03-10,SUS,280,91,101,192,1
2026-03-10,IXD,123,67,62,129,1
2026-03-10,SLN,347,162,158,320,1
2026-03-10,FRG,793,342,338,680,1
2026-03-10,TTN,406,207,238,445,1
2026-03-10,LNS,546,241,227,468,1
2026-03-10,GFK,1316,617,618,1235,1
2026-03-10,DPA,100,53,50,103,1
2026-03-10,FCM,449,223,237,460,1
2026-03-10,APA,676,312,352,664,1
2026-03-10,HIO,232,128,126,254,1
2026-03-10,PAE,362,174,176,350,1
2026-03-10,DAB,1382,691,685,1376,1
2026-03-10,HWO,1548,649,682,1331,1
2026-03-10,FXE,642,336,333,669,1
2026-03-10,DTO,232,127,122,249,1
2026-03-10,GKY,52,26,26,52,1
2026-03-10,FTW,313,96,94,190,1
2026-03-10,FFZ,1768,830,849,1679,1
2026-03-10,SDL,496,236,246,482,1
2026-03-11,SUS,163,69,62,131,1
2026-03-11,IXD,99,44,44,88,1
2026-03-11,SLN,112,33,30,63,1
2026-03-11,FRG,586,252,256,508,1
2026-03-11,TTN,244,99,112,211,1
2026-03-11,LNS,382,153,146,299,1
2026-03-11,GFK,1062,487,477,964,1
2026-03-11,DPA,93,47,51,98,1
2026-03-11,FCM,418,220,221,441,1
2026-03-11,APA,901,503,566,1069,1
2026-03-11,HIO,28,17,11,28,1
2026-03-11,PAE,48,23,26,49,1
2026-03-11,DAB,1423,695,694,1389,1
2026-03-11,HWO,1201,624,624,1248,1
2026-03-11,FXE,727,350,343,693,1
2026-03-11,DTO,393,185,195,380,1
2026-03-11,GKY,166,81,75,156,1
2026-03-11,FTW,397,168,172,340,1
2026-03-11,FFZ,1783,890,894,1784,1
2026-03-11,SDL,582,273,288,561,1
2026-03-12,SUS,590,259,273,532,1
2026-03-12,IXD,165,77,79,156,1
2026-03-12,SLN,113,56,55,111,1
2026-03-12,FRG,99,42,43,85,1
2026-03-12,TTN,71,30,35,65,1
2026-03-12,LNS,177,47,44,91,1
2026-03-12,GFK,368,189,181,370,1
2026-03-12,DPA,699,358,350,708,1
2026-03-12,FCM,353,182,173,355,1
2026-03-12,APA,270,114,138,252,1
2026-03-12,HIO,34,14,17,31,1
2026-03-12,PAE,42,21,23,44,1
2026-03-12,DAB,563,262,260,522,1
2026-03-12,HWO,1164,621,578,1199,1
2026-03-12,FXE,669,361,345,706,1
2026-03-12,DTO,758,355,379,734,1
2026-03-12,GKY,408,204,197,401,1
2026-03-12,FTW,1142,443,442,885,1
2026-03-12,FFZ,1771,834,866,1700,1
2026-03-12,SDL,496,248,249,497,1
2026-03-13,SUS,318,133,133,266,1
2026-03-13,IXD,330,151,158,309,1
2026-03-13,SLN,446,208,198,406,1
2026-03-13,FRG,676,324,332,656,1
2026-03-13,TTN,266,112,117,229,1
2026-03-13,LNS,128,59,59,118,1
2026-03-13,GFK,359,172,173,345,1
2026-03-13,DPA,44,23,21,44,1
2026-03-13,FCM,114,61,59,120,1
2026-03-13,APA,599,318,364,682,1
2026-03-13,HIO,51,30,33,63,1
2026-03-13,PAE,27,14,15,29,1
2026-03-13,DAB,1383,688,677,1365,1
2026-03-13,HWO,694,338,350,688,1
2026-03-13,FXE,535,252,243,495,1
2026-03-13,DTO,695,317,335,652,1
2026-03-13,GKY,423,217,204,421,1
2026-03-13,FTW,868,331,338,669,1
2026-03-13,FFZ,1711,837,843,1680,1
2026-03-13,SDL,464,213,226,439,1
2026-03-14,SUS,383,147,165,312,1
2026-03-14,IXD,192,82,81,163,1
2026-03-14,SLN,206,104,111,215,1
2026-03-14,FRG,131,52,57,109,1
2026-03-14,TTN,121,32,45,77,1
2026-03-14,LNS,175,56,51,107,1
2026-03-14,GFK,1205,596,579,1175,1
2026-03-14,DPA,410,228,215,443,1
2026-03-14,FCM,424,213,213,426,0
2026-03-14,APA,406,210,246,456,1
2026-03-14,HIO,812,404,413,817,1
2026-03-14,PAE,428,223,233,456,1
2026-03-14,DAB,1229,632,614,1246,1
2026-03-14,HWO,1015,514,548,1062,1
2026-03-14,FXE,454,240,220,460,1
2026-03-14,DTO,521,237,250,487,1
2026-03-14,GKY,138,65,69,134,1
2026-03-14,FTW,591,217,229,446,1
2026-03-14,FFZ,1470,755,753,1508,1
2026-03-14,SDL,422,221,214,435,1
2026-03-15,SUS,77,28,31,59,1
2026-03-15,IXD,18,6,11,17,1
2026-03-15,SLN,12,6,5,11,1
2026-03-15,FRG,908,432,399,831,1
2026-03-15,TTN,307,126,148,274,1
2026-03-15,LNS,188,94,85,179,1
2026-03-15,GFK,34,15,16,31,1
2026-03-15,DPA,99,63,82,145,1
2026-03-15,FCM,0,0,0,0,0
2026-03-15,APA,140,79,66,145,1
2026-03-15,HIO,556,278,266,544,1
2026-03-15,PAE,627,293,301,594,1
2026-03-15,DAB,216,108,104,212,1
2026-03-15,HWO,254,137,143,280,1
2026-03-15,FXE,320,174,149,323,1
2026-03-15,DTO,86,38,43,81,1
2026-03-15,GKY,59,16,39,55,1
2026-03-15,FTW,102,46,58,104,1
2026-03-15,FFZ,1088,515,521,1036,1
2026-03-15,SDL,481,247,227,474,1
2026-03-16,SUS,127,43,41,84,1
2026-03-16,IXD,49,28,23,51,1
2026-03-16,SLN,40,23,19,42,1
2026-03-16,FRG,21,5,16,21,1
2026-03-16,TTN,41,19,24,43,1
2026-03-16,LNS,11,5,4,9,1
2026-03-16,GFK,1722,824,811,1635,1
2026-03-16,DPA,34,15,20,35,1
2026-03-16,FCM,70,36,37,73,1
2026-03-16,APA,804,425,519,944,1
2026-03-16,HIO,784,415,405,820,1
2026-03-16,PAE,152,75,74,149,1
2026-03-16,DAB,186,106,97,203,1
2026-03-16,HWO,1074,508,453,961,1
2026-03-16,FXE,443,234,238,472,1
2026-03-16,DTO,313,143,146,289,1
2026-03-16,GKY,188,89,94,183,1
2026-03-16,FTW,377,118,132,250,1
2026-03-16,FFZ,1576,731,746,1477,1
2026-03-16,SDL,482,215,242,457,1
2026-03-17,SUS,280,123,110,233,1
2026-03-17,IXD,167,82,86,168,1
2026-03-17,SLN,142,60,56,116,1
2026-03-17,FRG,100,37,33,70,1
2026-03-17,TTN,90,26,29,55,1
2026-03-17,LNS,212,82,86,168,1
2026-03-17,GFK,228,112,104,216,1
2026-03-17,DPA,684,371,340,711,1
2026-03-17,FCM,404,201,194,395,1
2026-03-17,APA,543,294,299,593,1
2026-03-17,HIO,764,397,392,789,1
2026-03-17,PAE,123,63,65,128,1
2026-03-17,DAB,1028,539,521,1060,1
2026-03-17,HWO,1024,485,509,994,0
2026-03-17,FXE,552,275,289,564,1
2026-03-17,DTO,586,274,290,564,1
2026-03-17,GKY,332,161,152,313,1
2026-03-17,FTW,972,341,333,674,1
2026-03-17,FFZ,1617,764,788,1552,1
2026-03-17,SDL,470,224,225,449,1
2026-03-18,SUS,414,173,183,356,1
2026-03-18,IXD,392,195,197,392,1
2026-03-18,SLN,306,128,128,256,1
2026-03-18,FRG,1099,469,464,933,1
2026-03-18,TTN,486,225,258,483,1
2026-03-18,LNS,543,239,225,464,1
2026-03-18,GFK,1601,766,780,1546,1
2026-03-18,DPA,541,306,285,591,1
2026-03-18,FCM,697,325,337,662,1
2026-03-18,APA,704,481,561,1042,1
2026-03-18,HIO,689,357,361,718,1
2026-03-18,PAE,86,41,46,87,1
2026-03-18,DAB,624,352,325,677,1
2026-03-18,HWO,29,10,12,22,0
2026-03-18,FXE,284,140,130,270,1
2026-03-18,DTO,667,310,322,632,1
2026-03-18,GKY,378,179,177,356,1
2026-03-18,FTW,788,311,311,622,1
2026-03-18,FFZ,1692,858,862,1720,1
2026-03-18,SDL,510,227,250,477,1
2026-03-19,SUS,606,259,243,502,1
2026-03-19,IXD,360,180,182,362,1
2026-03-19,SLN,287,107,106,213,1
2026-03-19,FRG,970,405,406,811,1
2026-03-19,TTN,443,209,251,460,1
2026-03-19,LNS,594,227,213,440,1
2026-03-19,GFK,137,68,66,134,1
2026-03-19,DPA,528,298,276,574,1
2026-03-19,FCM,570,291,289,580,1
2026-03-19,APA,914,473,538,1011,1
2026-03-19,HIO,735,359,346,705,1
2026-03-19,PAE,68,39,36,75,1
2026-03-19,DAB,376,213,198,411,1
2026-03-19,HWO,966,554,571,1125,1
2026-03-19,FXE,619,328,302,630,1
2026-03-19,DTO,633,289,298,587,1
2026-03-19,GKY,324,157,151,308,1
2026-03-19,FTW,825,355,337,692,1
2026-03-19,FFZ,1485,742,762,1504,1
2026-03-19,SDL,469,240,244,484,1
2026-03-20,SUS,390,174,168,342,1
2026-03-20,IXD,284,142,136,278,1
2026-03-20,SLN,83,60,54,114,1
2026-03-20,FRG,537,213,219,432,1
2026-03-20,TTN,224,120,132,252,1
2026-03-20,LNS,341,155,154,309,1
2026-03-20,GFK,1435,675,671,1346,1
2026-03-20,DPA,522,269,276,545,1
2026-03-20,FCM,659,322,318,640,1
2026-03-20,APA,965,521,623,1144,1
2026-03-20,HIO,757,343,348,691,1
2026-03-20,PAE,76,41,41,82,1
2026-03-20,DAB,588,347,335,682,1
2026-03-20,HWO,979,541,554,1095,1
2026-03-20,FXE,546,249,252,501,1
2026-03-20,DTO,558,245,251,496,1
2026-03-20,GKY,327,172,167,339,1
2026-03-20,FTW,964,420,422,842,1
2026-03-20,FFZ,1852,864,877,1741,1
2026-03-20,SDL,492,240,263,503,1
2026-03-21,SUS,394,162,183,345,1
2026-03-21,IXD,235,117,112,229,1
2026-03-21,SLN,56,27,29,56,1
2026-03-21,FRG,707,326,322,648,1
2026-03-21,TTN,227,125,146,271,1
2026-03-21,LNS,402,144,137,281,1
2026-03-21,GFK,130,64,67,131,1
2026-03-21,DPA,555,285,293,578,1
2026-03-21,FCM,436,190,203,393,1
2026-03-21,APA,652,372,490,862,1
2026-03-21,HIO,585,316,303,619,1
2026-03-21,PAE,659,313,318,631,1
2026-03-21,DAB,1204,615,591,1206,1
2026-03-21,HWO,1338,683,697,1380,1
2026-03-21,FXE,503,251,232,483,1
2026-03-21,DTO,663,325,327,652,1
2026-03-21,GKY,294,153,147,300,1
2026-03-21,FTW,673,286,280,566,1
2026-03-21,FFZ,1438,723,720,1443,1
2026-03-21,SDL,394,197,197,394,1
2026-03-22,SUS,215,95,102,197,1
2026-03-22,IXD,66,27,29,56,1
2026-03-22,SLN,25,16,10,26,1
2026-03-22,FRG,70,35,32,67,1
2026-03-22,TTN,176,84,84,168,1
2026-03-22,LNS,266,103,95,198,1
2026-03-22,GFK,576,296,286,582,1
2026-03-22,DPA,291,142,144,286,1
2026-03-22,FCM,250,117,129,246,1
2026-03-22,APA,803,399,454,853,1
2026-03-22,HIO,476,249,246,495,1
2026-03-22,PAE,700,335,351,686,1
2026-03-22,DAB,1005,503,500,1003,1
2026-03-22,HWO,1249,562,584,1146,1
2026-03-22,FXE,501,264,248,512,1
2026-03-22,DTO,349,172,168,340,1
2026-03-22,GKY,82,42,39,81,1
2026-03-22,FTW,350,146,130,276,1
2026-03-22,FFZ,1181,588,602,1190,1
2026-03-22,SDL,470,220,224,444,1
2026-03-23,SUS,308,117,136,253,1
2026-03-23,IXD,236,119,121,240,1
2026-03-23,SLN,230,108,104,212,1
2026-03-23,FRG,67,38,28,66,1
2026-03-23,TTN,48,26,33,59,1
2026-03-23,LNS,79,34,37,71,1
2026-03-23,GFK,1103,512,512,1024,1
2026-03-23,DPA,561,301,280,581,1
2026-03-23,FCM,522,255,253,508,1
2026-03-23,APA,874,475,575,1050,1
2026-03-23,HIO,608,289,286,575,1
2026-03-23,PAE,720,334,356,690,1
2026-03-23,DAB,1230,643,627,1270,1
2026-03-23,HWO,1368,665,706,1371,1
2026-03-23,FXE,574,330,330,660,1
2026-03-23,DTO,713,313,332,645,1
2026-03-23,GKY,371,180,180,360,1
2026-03-23,FTW,895,357,342,699,1
2026-03-23,FFZ,1505,774,784,1558,1
2026-03-23,SDL,499,256,242,498,1
2026-03-24,SUS,407,161,179,340,1
2026-03-24,IXD,298,150,149,299,1
2026-03-24,SLN,297,154,156,310,1
2026-03-24,FRG,1010,432,403,835,1
2026-03-24,TTN,386,197,225,422,1
2026-03-24,LNS,346,183,149,332,1
2026-03-24,GFK,1805,792,806,1598,1
2026-03-24,DPA,841,423,392,815,1
2026-03-24,FCM,514,245,243,488,1
2026-03-24,APA,1174,631,692,1323,1
2026-03-24,HIO,92,45,44,89,1
2026-03-24,PAE,57,28,23,51,1
2026-03-24,DAB,426,205,196,401,1
2026-03-24,HWO,1378,685,696,1381,1
2026-03-24,FXE,633,331,307,638,1
2026-03-24,DTO,624,278,278,556,1
2026-03-24,GKY,397,185,177,362,1
2026-03-24,FTW,1131,419,427,846,1
2026-03-24,FFZ,1703,818,836,1654,1
2026-03-24,SDL,460,221,225,446,1
2026-03-25,SUS,483,201,199,400,1
2026-03-25,IXD,302,146,146,292,1
2026-03-25,SLN,266,122,116,238,1
2026-03-25,FRG,1012,416,408,824,1
2026-03-25,TTN,369,196,224,420,1
2026-03-25,LNS,466,170,159,329,1
2026-03-25,GFK,49,22,23,45,1
2026-03-25,DPA,494,292,266,558,1
2026-03-25,FCM,639,290,288,578,1
2026-03-25,APA,1077,564,620,1184,1
2026-03-25,HIO,282,150,157,307,1
2026-03-25,PAE,108,49,55,104,1
2026-03-25,DAB,1201,587,581,1168,1
2026-03-25,HWO,1186,617,610,1227,1
2026-03-25,FXE,672,372,320,692,1
2026-03-25,DTO,614,283,287,570,1
2026-03-25,GKY,288,127,119,246,1
2026-03-25,FTW,891,389,383,772,1
2026-03-25,FFZ,1640,795,818,1613,1
2026-03-25,SDL,455,205,219,424,1
2026-03-26,SUS,186,82,83,165,1
2026-03-26,IXD,85,40,42,82,1
2026-03-26,SLN,113,32,32,64,1
2026-03-26,FRG,925,401,412,813,1
2026-03-26,TTN,338,168,188,356,1
2026-03-26,LNS,441,171,164,335,1
2026-03-26,GFK,756,375,372,747,1
2026-03-26,DPA,419,212,225,437,1
2026-03-26,FCM,250,122,118,240,1
2026-03-26,APA,810,421,463,884,1
2026-03-26,HIO,623,353,347,700,1
2026-03-26,PAE,678,335,335,670,1
2026-03-26,DAB,1328,668,665,1333,1
2026-03-26,HWO,1245,648,650,1298,1
2026-03-26,FXE,715,364,348,712,1
2026-03-26,DTO,475,201,221,422,1
2026-03-26,GKY,253,130,123,253,1
2026-03-26,FTW,537,230,227,457,1
2026-03-26,FFZ,1659,793,804,1597,1
2026-03-26,SDL,524,272,258,530,1
2026-03-27,SUS,272,107,120,227,1
2026-03-27,IXD,255,115,116,231,1
2026-03-27,SLN,112,66,63,129,1
2026-03-27,FRG,772,344,328,672,1
2026-03-27,TTN,315,156,182,338,1
2026-03-27,LNS,210,90,83,173,1
2026-03-27,GFK,1268,616,610,1226,1
2026-03-27,DPA,438,231,227,458,1
2026-03-27,FCM,190,88,98,186,1
2026-03-27,APA,782,415,471,886,1
2026-03-27,HIO,715,422,413,835,1
2026-03-27,PAE,752,354,368,722,1
2026-03-27,DAB,1309,672,647,1319,1
2026-03-27,HWO,983,484,478,962,1
2026-03-27,FXE,677,327,321,648,1
2026-03-27,DTO,423,197,199,396,1
2026-03-27,GKY,192,84,85,169,1
2026-03-27,FTW,584,211,207,418,1
2026-03-27,FFZ,1602,800,808,1608,1
2026-03-27,SDL,485,256,243,499,1
2026-03-28,SUS,559,231,242,473,1
2026-03-28,IXD,249,120,119,239,1
2026-03-28,SLN,159,79,83,162,1
2026-03-28,FRG,731,328,319,647,1
2026-03-28,LNS,265,107,108,215,1
2026-03-28,GFK,1493,704,707,1411,1
2026-03-28,DPA,549,286,280,566,1
2026-03-28,FCM,207,104,109,213,1
2026-03-28,APA,744,414,466,880,1
2026-03-28,HIO,780,426,409,835,1
2026-03-28,PAE,550,241,251,492,1
2026-03-28,DAB,558,291,281,572,1
2026-03-28,HWO,1258,620,622,1242,1
2026-03-28,FXE,440,223,204,427,1
2026-03-28,DTO,509,235,244,479,1
2026-03-28,GKY,306,148,148,296,1
2026-03-28,FTW,658,293,300,593,1
2026-03-28,FFZ,1114,549,555,1104,1
2026-03-28,SDL,358,170,184,354,1
2026-03-29,SUS,262,112,93,205,1
2026-03-29,IXD,88,44,40,84,1
2026-03-29,SLN,32,15,15,30,1
2026-03-29,FRG,706,345,321,666,1
2026-03-29,TTN,302,134,159,293,1
2026-03-29,LNS,254,109,107,216,1
2026-03-29,GFK,850,409,397,806,1
2026-03-29,DPA,595,335,305,640,1
2026-03-29,FCM,576,273,266,539,1
2026-03-29,APA,829,461,486,947,1
2026-03-29,HIO,280,154,145,299,1
2026-03-29,PAE,155,78,86,164,1
2026-03-29,DAB,690,353,338,691,1
2026-03-29,HWO,328,140,140,280,1
2026-03-29,FXE,278,121,139,260,1
2026-03-29,DTO,490,213,218,431,1
2026-03-29,GKY,258,112,114,226,1
2026-03-29,FTW,410,187,186,373,1
2026-03-29,FFZ,1259,653,628,1281,1
2026-03-29,SDL,492,224,236,460,1
2026-03-30,SUS,249,99,93,192,1
2026-03-30,IXD,144,68,67,135,1
2026-03-30,SLN,128,68,71,139,1
2026-03-30,FRG,757,340,335,675,1
2026-03-30,LNS,388,153,147,300,1
2026-03-30,GFK,1364,658,645,1303,1
2026-03-30,DPA,641,355,337,692,1
2026-03-30,FCM,661,340,331,671,1
2026-03-30,APA,911,518,601,1119,1
2026-03-30,HIO,578,340,308,648,1
2026-03-30,PAE,639,300,307,607,1
2026-03-30,DAB,1426,692,702,1394,1
2026-03-30,HWO,232,119,123,242,1
2026-03-30,FXE,496,244,242,486,1
2026-03-30,DTO,339,148,153,301,1
2026-03-30,GKY,176,88,87,175,1
2026-03-30,FTW,304,112,110,222,1
2026-03-30,FFZ,1105,581,572,1153,1
2026-03-30,SDL,505,256,243,499,1
2026-03-31,SUS,254,96,106,202,1
2026-03-31,IXD,204,92,92,184,1
2026-03-31,SLN,116,54,55,109,1
2026-03-31,FRG,712,348,339,687,1
2026-03-31,LNS,264,119,119,238,1
2026-03-31,GFK,281,116,119,235,1
2026-03-31,DPA,181,98,101,199,1
2026-03-31,FCM,347,165,162,327,1
2026-03-31,APA,1086,562,597,1159,1
2026-03-31,HIO,822,475,452,927,1
2026-03-31,PAE,635,314,313,627,1
2026-03-31,DAB,1363,688,667,1355,1
2026-03-31,HWO,1200,592,600,1192,1
2026-03-31,FXE,605,337,330,667,1
2026-03-31,DTO,517,213,212,425,1
2026-03-31,GKY,242,123,119,242,1
2026-03-31,FTW,372,159,147,306,1
2026-03-31,FFZ,1511,775,783,1558,1
2026-03-31,SDL,440,197,206,403,1
2026-04-01,SUS,100,28,37,65,1
2026-04-01,IXD,45,10,18,28,1
2026-04-01,SLN,89,46,43,89,1
2026-04-01,FRG,712,232,222,454,1
2026-04-01,TTN,315,139,161,300,1
2026-04-01,LNS,295,94,97,191,1
2026-04-01,GFK,1033,406,420,826,1
2026-04-01,DPA,284,119,122,241,1
2026-04-01,FCM,403,167,169,336,1
2026-04-01,APA,684,295,308,603,1
2026-04-01,HIO,34,11,11,22,1
2026-04-01,PAE,253,101,95,196,1
2026-04-01,DAB,1095,446,448,894,1
2026-04-01,HWO,1278,554,540,1094,1
2026-04-01,FXE,751,317,279,596,1
2026-04-01,DTO,269,88,90,178,1
2026-04-01,GKY,162,66,55,121,1
2026-04-01,FTW,419,100,102,202,1
2026-04-01,FFZ,1494,504,506,1010,1
2026-04-01,SDL,535,183,193,376,1
2026-04-02,SUS,119,43,41,84,1
2026-04-02,IXD,108,55,62,117,1
2026-04-02,SLN,142,66,68,134,1
2026-04-02,FRG,105,41,42,83,1
2026-04-02,TTN,56,29,27,56,1
2026-04-02,LNS,77,37,33,70,1
2026-04-02,GFK,12,6,6,12,1
2026-04-02,DPA,46,21,29,50,1
2026-04-02,FCM,46,19,27,46,1
2026-04-02,APA,674,294,366,660,1
2026-04-02,HIO,908,486,473,959,1
2026-04-02,PAE,344,167,171,338,1
2026-04-02,DAB,1140,522,520,1042,1
2026-04-02,HWO,625,331,329,660,1
2026-04-02,FXE,632,282,258,540,1
2026-04-02,DTO,343,150,163,313,1
2026-04-02,GKY,254,107,103,210,1
2026-04-02,FTW,504,165,170,335,1
2026-04-02,FFZ,1567,771,768,1539,1
2026-04-02,SDL,568,281,257,538,1
2026-04-03,SUS,258,92,94,186,1
2026-04-03,IXD,32,17,19,36,1
2026-04-03,SLN,54,37,37,74,1
2026-04-03,FRG,105,50,55,105,1
2026-04-03,TTN,182,85,113,198,1
2026-04-03,LNS,253,96,94,190,1
2026-04-03,GFK,304,163,147,310,1
2026-04-03,DPA,489,279,271,550,1
2026-04-03,FCM,29,16,12,28,1
2026-04-03,APA,487,234,255,489,1
2026-04-03,HIO,715,379,374,753,1
2026-04-03,PAE,496,243,251,494,1
2026-04-03,DAB,1312,673,652,1325,1
2026-04-03,HWO,535,279,301,580,1
2026-04-03,FXE,640,308,300,608,1
2026-04-03,DTO,319,139,143,282,1
2026-04-03,GKY,256,120,117,237,1
2026-04-03,FTW,424,110,116,226,1
2026-04-03,FFZ,1539,779,777,1556,1
2026-04-03,SDL,541,271,260,531,1
2026-04-04,SUS,200,60,50,110,1
2026-04-04,IXD,42,17,21,38,1
2026-04-04,SLN,164,99,103,202,1
2026-04-04,FRG,740,337,312,649,1
2026-04-04,TTN,231,123,132,255,1
2026-04-04,LNS,457,149,143,292,1
2026-04-04,GFK,8,4,5,9,1
2026-04-04,DPA,102,53,43,96,1
2026-04-04,FCM,35,21,16,37,1
2026-04-04,APA,1123,555,575,1130,1
2026-04-04,HIO,603,302,300,602,1
2026-04-04,PAE,772,352,363,715,1
2026-04-04,DAB,1297,624,606,1230,1
2026-04-04,HWO,973,444,436,880,1
2026-04-04,FXE,661,283,275,558,1
2026-04-04,DTO,278,117,122,239,1
2026-04-04,GKY,192,96,94,190,1
2026-04-04,FTW,107,41,40,81,1
2026-04-04,FFZ,1203,598,599,1197,1
2026-04-04,SDL,502,247,251,498,1
2026-04-05,SUS,158,58,65,123,1
2026-04-05,IXD,128,58,58,116,1
2026-04-05,SLN,45,22,21,43,1
2026-04-05,FRG,91,43,40,83,1
2026-04-05,TTN,64,28,35,63,1
2026-04-05,LNS,75,21,22,43,1
2026-04-05,GFK,18,7,6,13,1
2026-04-05,DPA,270,122,109,231,1
2026-04-05,FCM,325,155,158,313,1
2026-04-05,APA,908,448,470,918,1
2026-04-05,HIO,564,298,305,603,1
2026-04-05,PAE,514,233,232,465,1
2026-04-05,DAB,501,243,228,471,1
2026-04-05,HWO,721,304,290,594,1
2026-04-05,FXE,566,214,214,428,1
2026-04-05,DTO,253,103,103,206,1
2026-04-05,GKY,258,118,110,228,1
2026-04-05,FTW,340,164,152,316,1
2026-04-05,FFZ,948,475,468,943,1
2026-04-05,SDL,381,175,187,362,1
2026-04-06,SUS,550,256,265,521,1
2026-04-06,IXD,333,150,158,308,1
2026-04-06,SLN,376,169,170,339,1
2026-04-06,FRG,923,388,379,767,1
2026-04-06,TTN,186,71,94,165,1
2026-04-06,LNS,437,164,155,319,1
2026-04-06,GFK,1618,801,788,1589,1
2026-04-06,DPA,511,251,249,500,1
2026-04-06,FCM,314,155,149,304,1
2026-04-06,APA,1142,558,580,1138,1
2026-04-06,HIO,634,317,314,631,1
2026-04-06,PAE,579,262,283,545,1
2026-04-06,DAB,392,202,203,405,1
2026-04-06,HWO,1526,660,643,1303,1
2026-04-06,FXE,750,286,299,585,1
2026-04-06,DTO,794,308,320,628,1
2026-04-06,GKY,507,233,226,459,1
2026-04-06,FTW,1105,431,426,857,1
2026-04-06,FFZ,1447,769,765,1534,1
2026-04-06,SDL,428,213,210,423,1
2026-04-07,SUS,540,218,230,448,1
2026-04-07,IXD,198,94,94,188,1
2026-04-07,SLN,284,131,131,262,1
2026-04-07,FRG,783,299,293,592,1
2026-04-07,TTN,134,63,82,145,1
2026-04-07,LNS,152,77,72,149,1
2026-04-07,GFK,889,437,433,870,1
2026-04-07,DPA,809,407,391,798,1
2026-04-07,FCM,511,257,252,509,1
2026-04-07,APA,1030,526,555,1081,1
2026-04-07,HIO,901,474,471,945,1
2026-04-07,PAE,549,237,241,478,1
2026-04-07,DAB,72,42,35,77,1
2026-04-07,HWO,747,345,339,684,1
2026-04-07,FXE,444,206,193,399,1
2026-04-07,DTO,567,209,220,429,1
2026-04-07,GKY,423,207,206,413,1
2026-04-07,FTW,918,342,340,682,1
2026-04-07,FFZ,1612,798,809,1607,1
2026-04-07,SDL,547,272,277,549,1
2026-04-08,SUS,300,98,108,206,1
2026-04-08,IXD,81,38,39,77,1
2026-04-08,SLN,53,13,12,25,1
2026-04-08,FRG,995,463,450,913,1
2026-04-08,TTN,446,209,257,466,1
2026-04-08,LNS,592,237,256,493,1
2026-04-08,GFK,369,182,179,361,1
2026-04-08,DPA,427,206,192,398,1
2026-04-08,FCM,184,90,89,179,1
2026-04-08,APA,1026,561,616,1177,1
2026-04-08,HIO,748,380,372,752,1
2026-04-08,PAE,648,291,301,592,1
2026-04-08,DAB,106,51,55,106,1
2026-04-08,HWO,566,282,274,556,1
2026-04-08,FXE,418,167,170,337,1
2026-04-08,DTO,744,299,304,603,1
2026-04-08,GKY,323,137,125,262,1
2026-04-08,FTW,929,363,365,728,1
2026-04-08,FFZ,1598,800,808,1608,1
2026-04-08,SDL,550,276,273,549,1
2026-04-09,SUS,424,174,180,354,1
2026-04-09,IXD,287,137,130,267,1
2026-04-09,SLN,104,40,41,81,1
2026-04-09,FRG,1061,481,472,953,1
2026-04-09,TTN,334,174,196,370,1
2026-04-09,LNS,439,162,156,318,1
2026-04-09,GFK,1656,797,787,1584,1
2026-04-09,DPA,674,328,312,640,1
2026-04-09,FCM,729,346,357,703,1
2026-04-09,APA,1045,492,537,1029,1
2026-04-09,HIO,568,297,294,591,1
2026-04-09,PAE,416,208,210,418,1
2026-04-09,DAB,689,352,351,703,1
2026-04-09,HWO,518,241,232,473,1
2026-04-09,FXE,531,228,218,446,1
2026-04-09,DTO,623,252,250,502,1
2026-04-09,GKY,356,165,164,329,1
2026-04-09,FTW,833,269,264,533,1
2026-04-09,FFZ,1562,767,772,1539,1
2026-04-09,SDL,580,282,301,583,1
2026-04-10,SUS,474,201,193,394,1
2026-04-10,IXD,42,24,16,40,1
2026-04-10,SLN,28,15,13,28,1
2026-04-10,FRG,900,402,390,792,1
2026-04-10,TTN,289,153,181,334,1
2026-04-10,LNS,498,183,185,368,1
2026-04-10,GFK,1175,518,515,1033,1
2026-04-10,DPA,483,234,235,469,1
2026-04-10,FCM,650,329,340,669,1
2026-04-10,APA,891,466,497,963,1
2026-04-10,HIO,710,334,333,667,1
2026-04-10,PAE,783,357,367,724,1
2026-04-10,DAB,1321,634,648,1282,1
2026-04-10,HWO,725,348,340,688,1
2026-04-10,FXE,737,284,277,561,1
2026-04-10,DTO,659,261,278,539,1
2026-04-10,GKY,311,144,139,283,1
2026-04-10,FTW,683,235,219,454,1
2026-04-10,FFZ,1530,744,758,1502,1
2026-04-10,SDL,524,266,248,514,1
2026-04-11,SUS,369,152,152,304,1
2026-04-11,IXD,149,69,71,140,1
2026-04-11,SLN,52,28,27,55,1
2026-04-11,FRG,902,352,346,698,1
2026-04-11,TTN,217,115,132,247,1
2026-04-11,LNS,322,113,118,231,1
2026-04-11,GFK,409,202,199,401,1
2026-04-11,DPA,568,274,255,529,1
2026-04-11,FCM,300,117,120,237,1
2026-04-11,APA,454,241,305,546,1
2026-04-11,HIO,482,247,243,490,1
2026-04-11,PAE,116,50,58,108,1
2026-04-11,DAB,1457,710,707,1417,1
2026-04-11,HWO,850,418,412,830,1
2026-04-11,FXE,615,255,252,507,1
2026-04-11,DTO,252,108,107,215,1
2026-04-11,GKY,123,48,46,94,1
2026-04-11,FTW,365,120,136,256,1
2026-04-11,FFZ,1216,609,616,1225,1
2026-04-11,SDL,374,186,190,376,1
2026-04-12,SUS,159,64,67,131,1
2026-04-12,IXD,30,16,14,30,1
2026-04-12,SLN,388,19,15,34,1
2026-04-12,FRG,1017,451,422,873,1
2026-04-12,TTN,326,160,195,355,1
2026-04-12,LNS,389,130,113,243,1
2026-04-12,GFK,69,35,35,70,1
2026-04-12,DPA,241,128,117,245,1
2026-04-12,FCM,92,34,38,72,1
2026-04-12,APA,740,393,474,867,1
2026-04-12,HIO,80,44,38,82,1
2026-04-12,PAE,219,110,102,212,1
2026-04-12,DAB,1334,667,656,1323,1
2026-04-12,HWO,53,25,18,43,1
2026-04-12,FXE,510,233,240,473,1
2026-04-12,DTO,78,29,35,64,1
2026-04-12,GKY,15,4,11,15,1
2026-04-12,FTW,159,62,64,126,1
2026-04-12,FFZ,814,408,409,817,1
2026-04-12,SDL,456,225,225,450,1
2026-04-13,SUS,311,105,108,213,1
2026-04-13,IXD,61,26,27,53,1
2026-04-13,SLN,215,91,90,181,1
2026-04-13,FRG,564,245,245,490,1
2026-04-13,TTN,151,58,64,122,1
2026-04-13,LNS,332,125,125,250,1
2026-04-13,GFK,47,23,22,45,1
2026-04-13,DPA,337,160,149,309,1
2026-04-13,FCM,473,230,240,470,1
2026-04-13,APA,780,400,449,849,1
2026-04-13,HIO,813,426,416,842,1
2026-04-13,PAE,91,41,43,84,1
2026-04-13,DAB,1305,647,647,1294,1
2026-04-13,HWO,1011,430,441,871,1
2026-04-13,FXE,709,299,320,619,1
2026-04-13,DTO,267,115,116,231,1
2026-04-13,GKY,231,116,110,226,1
2026-04-13,FTW,498,167,167,334,1
2026-04-13,FFZ,1419,704,709,1413,1
2026-04-13,SDL,437,218,210,428,1
2026-04-14,SUS,325,102,101,203,1
2026-04-14,IXD,78,38,33,71,1
2026-04-14,SLN,133,69,67,136,1
2026-04-14,FRG,1099,431,431,862,1
2026-04-14,TTN,313,152,181,333,1
2026-04-14,LNS,505,175,172,347,1
2026-04-14,GFK,820,380,387,767,1
2026-04-14,DPA,495,257,229,486,1
2026-04-14,FCM,457,236,233,469,1
2026-04-14,APA,799,401,422,823,1
2026-04-14,HIO,147,88,77,165,1
2026-04-14,PAE,39,23,22,45,1
2026-04-14,DAB,1519,739,735,1474,1
2026-04-14,HWO,1116,523,525,1048,1
2026-04-14,FXE,638,300,307,607,1
2026-04-14,DTO,327,143,133,276,1
2026-04-14,GKY,278,128,121,249,1
2026-04-14,FTW,796,198,208,406,1
2026-04-14,FFZ,1625,761,773,1534,1
2026-04-14,SDL,484,231,224,455,1
2026-04-15,SUS,160,72,79,151,1
2026-04-15,IXD,107,41,42,83,1
2026-04-15,SLN,409,172,173,345,1
2026-04-15,FRG,1052,432,435,867,1
2026-04-15,TTN,299,143,166,309,1
2026-04-15,LNS,439,196,200,396,1
2026-04-15,GFK,1491,713,711,1424,1
2026-04-15,DPA,333,193,183,376,1
2026-04-15,FCM,815,403,419,822,1
2026-04-15,APA,1174,573,616,1189,1
2026-04-15,HIO,174,91,88,179,1
2026-04-15,PAE,151,68,79,147,1
2026-04-15,DAB,1465,708,704,1412,1
2026-04-15,HWO,1083,539,539,1078,1
2026-04-15,FXE,588,320,295,615,1
2026-04-15,DTO,318,134,132,266,1
2026-04-15,GKY,265,130,135,265,1
2026-04-15,FTW,555,209,199,408,1
2026-04-15,FFZ,1575,745,759,1504,1
2026-04-15,SDL,542,245,263,508,1
2026-04-16,SUS,585,251,253,504,1
2026-04-16,IXD,343,156,162,318,1
2026-04-16,SLN,373,195,195,390,1
2026-04-16,FRG,1207,440,444,884,1
2026-04-16,TTN,286,157,186,343,1
2026-04-16,LNS,434,166,170,336,1
2026-04-16,GFK,651,314,314,628,1
2026-04-16,DPA,550,278,277,555,1
2026-04-16,FCM,609,289,297,586,1
2026-04-16,APA,670,342,427,769,1
2026-04-16,HIO,620,358,351,709,1
2026-04-16,PAE,650,302,305,607,1
2026-04-16,DAB,1352,637,641,1278,1
2026-04-16,HWO,1163,567,552,1119,1
2026-04-16,FXE,744,324,322,646,1
2026-04-16,DTO,712,280,290,570,1
2026-04-16,GKY,401,186,193,379,1
2026-04-16,FTW,1075,445,442,887,1
2026-04-16,FFZ,1623,751,774,1525,1
2026-04-16,SDL,506,266,255,521,1
2026-04-17,SUS,278,98,114,212,1
2026-04-17,IXD,57,27,23,50,1
2026-04-17,SLN,109,43,40,83,1
2026-04-17,FRG,647,406,402,808,1
2026-04-17,TTN,282,144,173,317,1
2026-04-17,LNS,541,193,180,373,1
2026-04-17,GFK,143,88,87,175,1
2026-04-17,DPA,436,226,223,449,1
2026-04-17,FCM,125,46,46,92,1
2026-04-17,APA,295,150,174,324,1
2026-04-17,HIO,892,486,486,972,1
2026-04-17,PAE,772,344,364,708,1
2026-04-17,DAB,1053,508,509,1017,1
2026-04-17,HWO,1014,517,509,1026,1
2026-04-17,FXE,563,289,288,577,1
2026-04-17,DTO,444,209,214,423,1
2026-04-17,GKY,141,62,57,119,1
2026-04-17,FTW,493,130,124,254,1
2026-04-17,FFZ,930,447,466,913,1
2026-04-17,SDL,335,148,159,307,1
2026-04-18,SUS,192,78,76,154,1
2026-04-18,IXD,139,57,50,107,1
2026-04-18,SLN,324,166,164,330,1
2026-04-18,FRG,121,381,372,753,1
2026-04-18,TTN,194,101,103,204,1
2026-04-18,LNS,305,104,104,208,1
2026-04-18,GFK,462,238,229,467,1
2026-04-18,DPA,266,125,120,245,1
2026-04-18,FCM,128,49,52,101,1
2026-04-18,APA,961,521,573,1094,1
2026-04-18,HIO,530,281,279,560,1
2026-04-18,PAE,660,274,282,556,1
2026-04-18,DAB,1031,506,493,999,1
2026-04-18,HWO,777,378,375,753,1
2026-04-18,FXE,516,202,209,411,1
2026-04-18,DTO,227,109,113,222,1
2026-04-18,GKY,75,28,28,56,1
2026-04-18,FTW,190,84,81,165,1
2026-04-18,FFZ,1287,636,638,1274,1
2026-04-18,SDL,475,214,225,439,1
2026-04-19,SUS,232,99,75,174,1
2026-04-19,IXD,303,142,138,280,1
2026-04-19,SLN,160,82,76,158,1
2026-04-19,FRG,233,121,112,233,1
2026-04-19,TTN,60,31,27,58,1
2026-04-19,LNS,101,31,31,62,1
2026-04-19,GFK,972,481,482,963,1
2026-04-19,DPA,430,209,193,402,1
2026-04-19,FCM,422,211,217,428,1
2026-04-19,APA,923,472,532,1004,1
2026-04-19,HIO,610,282,278,560,1
2026-04-19,PAE,463,213,216,429,1
2026-04-19,DAB,1000,491,483,974,1
2026-04-19,HWO,564,271,261,532,1
2026-04-19,FXE,601,250,227,477,1
2026-04-19,DTO,604,244,258,502,1
2026-04-19,GKY,397,188,179,367,1
2026-04-19,FTW,632,298,300,598,1
2026-04-19,FFZ,922,444,459,903,1
2026-04-19,SDL,389,183,203,386,1
2026-04-20,SUS,392,214,220,434,1
2026-04-20,IXD,270,124,132,256,1
2026-04-20,SLN,267,126,123,249,1
2026-04-20,FRG,940,442,432,874,1
2026-04-20,TTN,230,96,123,219,1
2026-04-20,LNS,340,113,117,230,1
2026-04-20,GFK,526,251,240,491,1
2026-04-20,DPA,786,370,347,717,1
2026-04-20,FCM,329,161,165,326,1
2026-04-20,APA,1119,576,618,1194,1
2026-04-20,HIO,719,357,361,718,1
2026-04-20,PAE,505,224,229,453,1
2026-04-20,DAB,552,269,273,542,1
2026-04-20,HWO,970,416,403,819,1
2026-04-20,FXE,581,259,264,523,1
2026-04-20,DTO,826,344,357,701,1
2026-04-20,GKY,465,221,220,441,1
2026-04-20,FTW,834,348,333,681,1
2026-04-20,FFZ,1521,755,770,1525,1
2026-04-20,SDL,477,240,223,463,1
2026-04-21,SUS,239,96,99,195,1
2026-04-21,IXD,153,76,74,150,1
2026-04-21,SLN,169,88,89,177,1
2026-04-21,FRG,1057,449,446,895,1
2026-04-21,TTN,339,201,219,420,1
2026-04-21,LNS,411,157,149,306,1
2026-04-21,GFK,1497,698,697,1395,1
2026-04-21,DPA,571,273,256,529,1
2026-04-21,FCM,749,363,359,722,1
2026-04-21,APA,1114,536,627,1163,1
2026-04-21,HIO,194,99,93,192,1
2026-04-21,PAE,409,198,205,403,1
2026-04-21,DAB,1244,599,613,1212,1
2026-04-21,HWO,217,99,96,195,1
2026-04-21,FXE,546,257,248,505,1
2026-04-21,DTO,41,21,21,42,1
2026-04-21,GKY,19,11,10,21,1
2026-04-21,FTW,367,55,64,119,1
2026-04-21,FFZ,1423,699,696,1395,1
2026-04-21,SDL,467,212,220,432,1
2026-04-22,SUS,619,278,280,558,1
2026-04-22,IXD,158,71,81,152,1
2026-04-22,SLN,202,89,87,176,1
2026-04-22,FRG,664,306,313,619,1
2026-04-22,TTN,202,97,125,222,1
2026-04-22,LNS,430,184,181,365,1
2026-04-22,GFK,663,283,324,607,1
2026-04-22,DPA,730,372,353,725,1
2026-04-22,FCM,363,183,193,376,1
2026-04-22,APA,587,274,313,587,1
2026-04-22,HIO,246,146,143,289,1
2026-04-22,PAE,79,35,38,73,1
2026-04-22,DAB,1296,633,631,1264,1
2026-04-22,HWO,1160,533,530,1063,1
2026-04-22,FXE,728,333,317,650,1
2026-04-22,DTO,189,84,95,179,1
2026-04-22,GKY,177,85,86,171,1
2026-04-22,FTW,590,124,129,253,1
2026-04-22,FFZ,1580,749,745,1494,1
2026-04-22,SDL,487,229,229,458,1
2026-04-23,SUS,302,111,117,228,1
2026-04-23,IXD,37,16,22,38,1
2026-04-23,SLN,95,35,28,63,1
2026-04-23,FRG,978,438,443,881,1
2026-04-23,TTN,416,194,220,414,1
2026-04-23,LNS,428,188,186,374,1
2026-04-23,GFK,544,261,251,512,1
2026-04-23,DPA,555,300,274,574,1
2026-04-23,FCM,94,50,49,99,1
2026-04-23,APA,582,271,312,583,1
2026-04-23,HIO,984,532,523,1055,1
2026-04-23,PAE,479,220,225,445,1
2026-04-23,DAB,1355,660,663,1323,1
2026-04-23,HWO,1110,536,543,1079,1
2026-04-23,FXE,640,280,265,545,1
2026-04-23,DTO,209,171,175,346,1
2026-04-23,GKY,378,165,163,328,1
2026-04-23,FTW,627,153,155,308,1
2026-04-23,FFZ,1678,816,821,1637,1
2026-04-23,SDL,510,263,260,523,1
2026-04-24,SUS,385,169,162,331,1
2026-04-24,IXD,391,179,183,362,1
2026-04-24,SLN,470,243,239,482,1
2026-04-24,FRG,1022,505,479,984,1
2026-04-24,TTN,310,165,183,348,1
2026-04-24,LNS,397,153,160,313,1
2026-04-24,GFK,1608,777,713,1490,1
2026-04-24,DPA,431,210,194,404,1
2026-04-24,FCM,550,263,265,528,1
2026-04-24,APA,960,472,535,1007,1
2026-04-24,HIO,686,381,374,755,1
2026-04-24,PAE,617,253,261,514,1
2026-04-24,DAB,1309,622,623,1245,1
2026-04-24,HWO,1191,581,589,1170,1
2026-04-24,FXE,625,265,251,516,1
2026-04-24,DTO,813,334,334,668,1
2026-04-24,GKY,355,164,163,327,1
2026-04-24,FTW,1006,285,297,582,1
2026-04-24,FFZ,1573,715,720,1435,1
2026-04-24,SDL,517,242,249,491,1
2026-04-25,SUS,418,170,170,340,1
2026-04-25,IXD,398,182,171,353,1
2026-04-25,SLN,58,31,31,62,1
2026-04-25,FRG,440,208,202,410,1
2026-04-25,TTN,93,41,41,82,1
2026-04-25,LNS,100,44,42,86,1
2026-04-25,GFK,893,457,445,902,1
2026-04-25,DPA,441,216,203,419,1
2026-04-25,FCM,827,417,422,839,1
2026-04-25,APA,1053,507,525,1032,1
2026-04-25,HIO,717,422,425,847,1
2026-04-25,PAE,606,269,273,542,1
2026-04-25,DAB,921,441,441,882,1
2026-04-25,HWO,1130,530,523,1053,1
2026-04-25,FXE,475,207,201,408,1
2026-04-25,DTO,225,107,103,210,1
2026-04-25,GKY,247,131,127,258,1
2026-04-25,FTW,612,147,146,293,1
2026-04-25,FFZ,1305,649,653,1302,1
2026-04-25,SDL,415,203,192,395,1
2026-04-26,SUS,265,106,115,221,1
2026-04-26,IXD,85,43,36,79,1
2026-04-26,SLN,14,7,8,15,1
2026-04-26,FRG,637,325,309,634,1
2026-04-26,TTN,132,52,79,131,1
2026-04-26,LNS,290,99,92,191,1
2026-04-26,GFK,867,455,439,894,1
2026-04-26,DPA,381,194,181,375,1
2026-04-26,FCM,492,247,253,500,1
2026-04-26,APA,434,212,187,399,1
2026-04-26,HIO,501,263,254,517,1
2026-04-26,PAE,570,277,275,552,1
2026-04-26,DAB,841,411,391,802,1
2026-04-26,HWO,658,384,375,759,1
2026-04-26,FXE,446,221,197,418,1
2026-04-26,DTO,291,117,121,238,1
2026-04-26,GKY,149,80,84,164,1
2026-04-26,FTW,229,117,92,209,1
2026-04-26,FFZ,1005,503,506,1009,1
2026-04-26,SDL,434,206,217,423,1
2026-04-27,SUS,111,34,40,74,1
2026-04-27,IXD,95,48,54,102,1
2026-04-27,SLN,54,44,40,84,1
2026-04-27,FRG,1017,434,439,873,1
2026-04-27,TTN,308,162,185,347,1
2026-04-27,LNS,374,143,141,284,1
2026-04-27,GFK,25,12,13,25,1
2026-04-27,DPA,141,67,68,135,1
2026-04-27,FCM,60,31,30,61,1
2026-04-27,APA,296,141,169,310,1
2026-04-27,HIO,809,406,410,816,1
2026-04-27,PAE,252,117,113,230,1
2026-04-27,DAB,593,299,293,592,1
2026-04-27,HWO,1564,672,689,1361,1
2026-04-27,FXE,674,299,297,596,1
2026-04-27,DTO,706,262,273,535,1
2026-04-27,GKY,402,195,184,379,1
2026-04-27,FTW,968,305,316,621,1
2026-04-27,FFZ,1521,751,751,1502,1
2026-04-27,SDL,415,204,212,416,1
2026-04-28,SUS,405,182,186,368,1
2026-04-28,IXD,253,102,105,207,1
2026-04-28,SLN,338,152,150,302,1
2026-04-28,FRG,1106,478,492,970,1
2026-04-28,TTN,273,147,169,316,1
2026-04-28,LNS,353,157,156,313,1
2026-04-28,GFK,933,431,430,861,1
2026-04-28,DPA,575,296,262,558,1
2026-04-28,FCM,629,313,323,636,1
2026-04-28,APA,623,328,346,674,1
2026-04-28,HIO,869,430,421,851,1
2026-04-28,PAE,378,167,167,334,1
2026-04-28,DAB,1334,664,659,1323,1
2026-04-28,HWO,1409,635,633,1268,1
2026-04-28,FXE,659,312,300,612,1
2026-04-28,DTO,154,78,73,151,1
2026-04-28,GKY,143,69,68,137,1
2026-04-28,FTW,556,167,157,324,1
2026-04-28,FFZ,1602,793,783,1576,1
2026-04-28,SDL,498,261,242,503,1
2026-04-29,SUS,446,201,191,392,1
2026-04-29,IXD,350,150,142,292,1
2026-04-29,SLN,446,229,215,444,1
2026-04-29,FRG,684,292,290,582,1
2026-04-29,TTN,265,124,132,256,1
2026-04-29,LNS,205,101,93,194,1
2026-04-29,GFK,962,457,459,916,1
2026-04-29,DPA,616,307,293,600,1
2026-04-29,FCM,692,332,335,667,1
2026-04-29,APA,789,396,421,817,1
2026-04-29,HIO,761,387,383,770,1
2026-04-29,PAE,714,316,321,637,1
2026-04-29,DAB,1326,655,644,1299,1
2026-04-29,HWO,831,421,434,855,1
2026-04-29,FXE,754,360,349,709,1
2026-04-29,DTO,643,262,272,534,1
2026-04-29,GKY,458,218,221,439,1
2026-04-29,FTW,585,190,191,381,1
2026-04-29,FFZ,1723,846,855,1701,1
2026-04-29,SDL,508,260,254,514,1
2026-04-30,SUS,684,313,312,625,1
2026-04-30,IXD,359,159,149,308,1
2026-04-30,SLN,388,151,146,297,1
2026-04-30,FRG,357,158,165,323,1
2026-04-30,TTN,164,86,110,196,1
2026-04-30,LNS,219,103,101,204,1
2026-04-30,GFK,1185,579,569,1148,1
2026-04-30,DPA,472,216,222,438,1
2026-04-30,FCM,767,338,328,666,1
2026-04-30,APA,324,158,172,330,1
2026-04-30,HIO,665,328,332,660,1
2026-04-30,PAE,672,313,316,629,1
2026-04-30,DAB,1138,582,559,1141,1
2026-04-30,HWO,1412,658,655,1313,1
2026-04-30,FXE,675,311,312,623,1
2026-04-30,DTO,310,131,135,266,1
2026-04-30,GKY,83,44,41,85,1
2026-04-30,FTW,379,144,168,312,1
2026-04-30,FFZ,1630,804,805,1609,1
2026-04-30,SDL,580,272,290,562,1
2026-05-01,SUS,431,192,192,384,1
2026-05-01,IXD,293,134,130,264,1
2026-05-01,SLN,186,73,74,147,1
2026-05-01,FRG,953,459,448,907,1
2026-05-01,TTN,327,177,191,368,1
2026-05-01,LNS,436,158,162,320,1
2026-05-01,GFK,1752,838,828,1666,1
2026-05-01,DPA,627,300,304,604,1
2026-05-01,FCM,603,277,300,577,1
2026-05-01,APA,1314,655,704,1359,1
2026-05-01,HIO,652,351,348,699,1
2026-05-01,PAE,606,260,277,537,1
2026-05-01,DAB,1291,630,605,1235,1
2026-05-01,HWO,1528,637,643,1280,1
2026-05-01,FXE,598,271,259,530,1
2026-05-01,DTO,472,199,203,402,1
2026-05-01,GKY,331,162,163,325,1
2026-05-01,FTW,376,93,98,191,1
2026-05-01,FFZ,1602,761,766,1527,1
2026-05-01,SDL,493,227,238,465,1
2026-05-02,SUS,495,178,182,360,1
2026-05-02,IXD,224,95,94,189,1
2026-05-02,SLN,283,143,142,285,1
2026-05-02,FRG,1038,461,442,903,1
2026-05-02,TTN,219,117,132,249,1
2026-05-02,LNS,324,125,121,246,1
2026-05-02,GFK,780,377,380,757,1
2026-05-02,DPA,542,268,238,506,1
2026-05-02,FCM,618,295,290,585,1
2026-05-02,APA,1134,613,661,1274,1
2026-05-02,HIO,368,175,179,354,1
2026-05-02,PAE,447,201,200,401,1
2026-05-02,DAB,513,235,227,462,1
2026-05-02,HWO,637,293,276,569,1
2026-05-02,FXE,348,157,137,294,1
2026-05-02,DTO,723,302,309,611,1
2026-05-02,GKY,460,211,209,420,1
2026-05-02,FTW,979,374,372,746,1
2026-05-02,FFZ,1097,580,576,1156,1
2026-05-02,SDL,399,187,189,376,1
2026-05-03,SUS,207,82,90,172,1
2026-05-03,IXD,136,56,61,117,1
2026-05-03,SLN,100,55,46,101,1
2026-05-03,FRG,623,287,282,569,1
2026-05-03,TTN,146,48,67,115,1
2026-05-03,LNS,192,65,64,129,1
2026-05-03,GFK,484,236,231,467,1
2026-05-03,DPA,157,134,116,250,1
2026-05-03,FCM,407,192,184,376,1
2026-05-03,APA,973,511,560,1071,1
2026-05-03,HIO,541,277,276,553,1
2026-05-03,PAE,610,263,272,535,1
2026-05-03,DAB,830,405,408,813,1
2026-05-03,HWO,43,9,10,19,1
2026-05-03,FXE,348,150,168,318,1
2026-05-03,DTO,576,227,238,465,1
2026-05-03,GKY,334,155,150,305,1
2026-05-03,FTW,532,228,207,435,1
2026-05-03,FFZ,726,378,368,746,1
2026-05-03,SDL,370,168,171,339,1
2026-05-04,SUS,288,69,82,151,1
2026-05-04,IXD,209,49,47,96,1
2026-05-04,SLN,348,3,2,5,1
2026-05-04,FRG,843,264,280,544,1
2026-05-04,TTN,232,89,99,188,1
2026-05-04,LNS,392,118,118,236,1
2026-05-04,GFK,22,7,8,15,1
2026-05-04,DPA,464,134,137,271,1
2026-05-04,FCM,117,37,49,86,1
2026-05-04,APA,619,198,228,426,1
2026-05-04,HIO,708,142,150,292,1
2026-05-04,PAE,512,137,136,273,1
2026-05-04,DAB,1385,476,501,977,1
2026-05-04,HWO,466,180,184,364,1
2026-05-04,FXE,516,160,181,341,1
2026-05-04,DTO,437,138,148,286,1
2026-05-04,GKY,248,90,81,171,1
2026-05-04,FTW,387,97,107,204,1
2026-05-04,FFZ,1614,452,474,926,1
2026-05-04,SDL,448,125,139,264,1
2026-05-07,SUS,482,134,112,246,1
2026-05-07,IXD,334,97,85,182,1
2026-05-07,SLN,218,0,0,0,0
2026-05-07,FRG,1125,250,237,487,1
2026-05-07,TTN,297,88,80,168,1
2026-05-07,LNS,484,94,92,186,1
2026-05-07,GFK,1393,443,401,844,1
2026-05-07,DPA,344,92,80,172,1
2026-05-07,FCM,590,144,132,276,1
2026-05-07,APA,1344,400,384,784,1
2026-05-07,HIO,735,335,327,662,1
2026-05-07,PAE,647,294,284,578,1
2026-05-07,DAB,1169,267,232,499,1
2026-05-07,HWO,932,266,237,503,1
2026-05-07,FXE,748,183,125,308,1
2026-05-07,DTO,684,156,146,302,1
2026-05-07,GKY,442,111,110,221,1
2026-05-07,FTW,1012,188,177,365,1
2026-05-07,FFZ,1468,459,417,876,1
2026-05-07,SDL,521,154,121,275,1
2026-05-08,SUS,389,176,181,357,1
2026-05-08,IXD,322,130,128,258,1
2026-05-08,SLN,251,0,0,0,0
2026-05-08,FRG,770,364,356,720,1
2026-05-08,TTN,100,84,100,184,1
2026-05-08,LNS,403,134,133,267,1
2026-05-08,GFK,701,321,326,647,1
2026-05-08,DPA,441,190,178,368,1
2026-05-08,FCM,633,320,314,634,1
2026-05-08,APA,1238,632,681,1313,1
2026-05-08,HIO,700,331,337,668,1
2026-05-08,PAE,595,245,262,507,1
2026-05-08,DAB,753,362,362,724,1
2026-05-08,HWO,1284,567,555,1122,1
2026-05-08,FXE,498,185,203,388,1
2026-05-08,DTO,291,254,257,511,1
2026-05-08,GKY,404,181,179,360,1
2026-05-08,FTW,683,272,274,546,1
2026-05-08,FFZ,1124,543,559,1102,1
2026-05-08,SDL,611,220,246,466,1
2026-05-09,SUS,410,96,95,191,1
2026-05-09,IXD,235,37,37,74,1
2026-05-09,SLN,174,0,0,0,0
2026-05-09,FRG,494,103,101,204,1
2026-05-09,TTN,96,16,18,34,1
2026-05-09,LNS,293,48,49,97,1
2026-05-09,GFK,675,230,221,451,1
2026-05-09,DPA,339,81,72,153,1
2026-05-09,FCM,169,53,52,105,1
2026-05-09,APA,848,230,262,492,1
2026-05-09,HIO,618,208,201,409,1
2026-05-09,PAE,706,191,185,376,1
2026-05-09,DAB,796,167,161,328,1
2026-05-09,HWO,1105,275,271,546,1
2026-05-09,FXE,412,97,91,188,1
2026-05-09,DTO,566,155,155,310,1
2026-05-09,GKY,237,94,92,186,1
2026-05-09,FTW,486,86,94,180,1
2026-05-09,FFZ,771,208,190,398,1
2026-05-09,SDL,389,118,106,224,1
2026-05-10,SUS,192,72,76,148,1
2026-05-10,IXD,186,82,81,163,1
2026-05-10,SLN,92,0,0,0,0
2026-05-10,FRG,543,235,239,474,1
2026-05-10,TTN,113,59,59,118,1
2026-05-10,LNS,301,111,103,214,1
2026-05-10,GFK,466,230,222,452,1
2026-05-10,DPA,290,153,132,285,1
2026-05-10,FCM,473,247,240,487,1
2026-05-10,APA,936,433,498,931,1
2026-05-10,HIO,372,191,186,377,1
2026-05-10,PAE,508,215,215,430,1
2026-05-10,DAB,574,283,273,556,1
2026-05-10,HWO,658,358,352,710,1
2026-05-10,FXE,373,148,141,289,1
2026-05-10,DTO,124,63,65,128,1
2026-05-10,GKY,48,23,25,48,1
2026-05-10,FTW,138,65,64,129,1
2026-05-10,FFZ,790,391,398,789,1
2026-05-10,SDL,354,177,172,349,1
2026-05-11,SUS,483,205,214,419,1
2026-05-11,IXD,346,157,149,306,1
2026-05-11,SLN,244,0,0,0,0
2026-05-11,FRG,1030,475,481,956,1
2026-05-11,TTN,238,132,154,286,1
2026-05-11,LNS,422,157,156,313,1
2026-05-11,GFK,400,192,191,383,1
2026-05-11,DPA,527,251,242,493,1
2026-05-11,FCM,765,387,398,785,1
2026-05-11,APA,1052,526,640,1166,1
2026-05-11,HIO,899,461,460,921,1
2026-05-11,PAE,642,264,273,537,1
2026-05-11,DAB,994,485,460,945,1
2026-05-11,HWO,1373,584,578,1162,1
2026-05-11,FXE,740,342,356,698,1
2026-05-11,DTO,726,283,297,580,1
2026-05-11,GKY,231,119,108,227,1
2026-05-11,FTW,720,276,291,567,1
2026-05-11,FFZ,1123,562,548,1110,1
2026-05-11,SDL,398,196,217,413,1
2026-05-12,SUS,298,129,127,256,1
2026-05-12,IXD,241,102,106,208,1
2026-05-12,SLN,149,2,1,3,0
2026-05-12,FRG,1154,489,497,986,1
2026-05-12,TTN,274,139,157,296,1
2026-05-12,LNS,542,227,214,441,1
2026-05-12,GFK,95,49,44,93,1
2026-05-12,DPA,332,151,144,295,1
2026-05-12,FCM,145,68,62,130,1
2026-05-12,APA,1290,630,651,1281,1
2026-05-12,HIO,697,360,355,715,1
2026-05-12,PAE,556,258,259,517,1
2026-05-12,DAB,344,175,169,344,1
2026-05-12,HWO,1124,535,528,1063,1
2026-05-12,FXE,537,228,217,445,1
2026-05-12,DTO,788,323,336,659,1
2026-05-12,GKY,533,247,232,479,1
2026-05-12,FTW,918,321,308,629,1
2026-05-12,FFZ,1312,665,664,1329,1
2026-05-12,SDL,463,221,230,451,1
2026-05-13,SUS,264,112,104,216,1
2026-05-13,IXD,365,170,172,342,1
2026-05-13,SLN,350,157,154,311,1
2026-05-13,FRG,380,171,155,326,1
2026-05-13,TTN,86,35,38,73,1
2026-05-13,LNS,332,140,134,274,1
2026-05-13,GFK,1859,849,896,1745,0
2026-05-13,DPA,501,238,234,472,1
2026-05-13,FCM,578,288,285,573,1
2026-05-13,APA,1017,507,624,1131,1
2026-05-13,HIO,94,44,43,87,1
2026-05-13,PAE,143,69,70,139,1
2026-05-13,DAB,946,487,478,965,1
2026-05-13,HWO,982,445,457,902,1
2026-05-13,FXE,586,235,241,476,1
2026-05-13,DTO,703,297,302,599,1
2026-05-13,GKY,459,215,211,426,1
2026-05-13,FTW,1294,448,441,889,1
2026-05-13,FFZ,1485,738,742,1480,1
2026-05-13,SDL,476,228,231,459,1
2026-05-14,SUS,555,253,256,509,1
2026-05-14,IXD,189,88,82,170,1
2026-05-14,SLN,81,28,23,51,1
2026-05-14,FRG,514,228,231,459,1
2026-05-14,TTN,150,67,80,147,1
2026-05-14,LNS,343,140,133,273,1
2026-05-14,GFK,26,14,12,26,0
2026-05-14,DPA,598,288,275,563,1
2026-05-14,FCM,247,111,126,237,1
2026-05-14,APA,921,421,492,913,1
2026-05-14,HIO,432,194,190,384,1
2026-05-14,PAE,355,181,183,364,1
2026-05-14,DAB,1585,776,771,1547,1
2026-05-14,HWO,1386,649,645,1294,1
2026-05-14,FXE,706,322,304,626,1
2026-05-14,DTO,636,271,279,550,1
2026-05-14,GKY,435,186,182,368,1
2026-05-14,FTW,953,306,315,621,1
2026-05-14,FFZ,1309,624,639,1263,1
2026-05-14,SDL,513,244,266,510,1
2026-05-15,SUS,300,123,137,260,1
2026-05-15,IXD,306,133,135,268,1
2026-05-15,SLN,288,145,145,290,1
2026-05-15,FRG,983,466,474,940,1
2026-05-15,TTN,273,138,156,294,1
2026-05-15,LNS,346,151,158,309,1
2026-05-15,GFK,41,21,18,39,1
2026-05-15,DPA,304,148,137,285,1
2026-05-15,FCM,677,336,336,672,1
2026-05-15,APA,1102,563,676,1239,1
2026-05-15,HIO,169,122,125,247,1
2026-05-15,PAE,69,32,37,69,1
2026-05-15,DAB,1359,659,647,1306,1
2026-05-15,HWO,1354,652,641,1293,1
2026-05-15,FXE,760,317,306,623,1
2026-05-15,DTO,520,209,219,428,1
2026-05-15,GKY,253,120,118,238,1
2026-05-15,FTW,472,129,116,245,1
2026-05-15,FFZ,1565,742,752,1494,1
2026-05-15,SDL,440,220,218,438,1
2026-05-16,SUS,210,66,83,149,1
2026-05-16,IXD,165,74,73,147,1
2026-05-16,SLN,119,58,59,117,1
2026-05-16,FRG,813,374,382,756,1
2026-05-16,TTN,275,124,148,272,1
2026-05-16,LNS,416,153,139,292,1
2026-05-16,GFK,681,325,320,645,1
2026-05-16,DPA,392,194,172,366,1
2026-05-16,FCM,667,324,327,651,1
2026-05-16,APA,757,377,407,784,1
2026-05-16,HIO,60,45,47,92,1
2026-05-16,PAE,79,98,94,192,1
2026-05-16,DAB,942,473,454,927,1
2026-05-16,HWO,992,452,458,910,1
2026-05-16,FXE,506,206,200,406,1
2026-05-16,DTO,425,177,189,366,1
2026-05-16,GKY,263,137,131,268,1
2026-05-16,FTW,253,102,96,198,1
2026-05-16,FFZ,1134,557,554,1111,1
2026-05-16,SDL,364,167,169,336,1
2026-05-17,SUS,225,93,94,187,1
2026-05-17,IXD,49,25,23,48,1
2026-05-17,SLN,19,7,6,13,1
2026-05-17,FRG,837,395,386,781,1
2026-05-17,TTN,268,135,142,277,1
2026-05-17,LNS,358,139,128,267,1
2026-05-17,GFK,502,240,246,486,1
2026-05-17,DPA,181,104,84,188,1
2026-05-17,FCM,215,103,106,209,1
2026-05-17,APA,643,309,307,616,1
2026-05-17,HIO,148,91,109,200,1
2026-05-17,PAE,721,341,342,683,1
2026-05-17,DAB,437,215,201,416,1
2026-05-17,HWO,386,153,141,294,1
2026-05-17,FXE,492,205,189,394,1
2026-05-17,DTO,243,105,107,212,1
2026-05-17,GKY,112,57,61,118,1
2026-05-17,FTW,221,92,111,203,1
2026-05-17,FFZ,980,528,527,1055,1
2026-05-17,SDL,384,196,181,377,1
2026-05-18,SUS,110,48,49,97,1
2026-05-18,IXD,58,22,26,48,1
2026-05-18,SLN,24,12,13,25,1
2026-05-18,FRG,991,447,442,889,1
2026-05-18,TTN,375,170,203,373,1
2026-05-18,LNS,412,165,150,315,1
2026-05-18,GFK,10,6,4,10,1
2026-05-18,DPA,301,139,144,283,1
2026-05-18,FCM,156,76,79,155,1
2026-05-18,APA,169,82,93,175,1
2026-05-18,HIO,824,424,412,836,1
2026-05-18,PAE,635,284,300,584,1
2026-05-18,DAB,1300,646,646,1292,1
2026-05-18,HWO,617,244,248,492,1
2026-05-18,FXE,588,260,259,519,1
2026-05-18,DTO,180,49,50,99,1
2026-05-18,GKY,184,86,85,171,1
2026-05-18,FTW,301,94,91,185,1
2026-05-18,FFZ,1544,771,763,1534,1
2026-05-18,SDL,523,252,240,492,1
2026-05-19,SUS,314,146,146,292,1
2026-05-19,IXD,118,48,45,93,1
2026-05-19,SLN,114,100,99,199,1
2026-05-19,FRG,979,467,467,934,1
2026-05-19,TTN,323,153,179,332,1
2026-05-19,LNS,351,139,135,274,1
2026-05-19,GFK,551,255,244,499,1
2026-05-19,DPA,363,183,171,354,1
2026-05-19,FCM,316,157,161,318,1
2026-05-19,APA,360,196,191,387,1
2026-05-19,HIO,653,340,339,679,1
2026-05-19,PAE,268,132,137,269,1
2026-05-19,DAB,1263,632,618,1250,1
2026-05-19,HWO,1180,483,475,958,1
2026-05-19,FXE,496,239,251,490,1
2026-05-19,DTO,68,32,28,60,1
2026-05-19,GKY,149,69,65,134,1
2026-05-19,FTW,363,82,92,174,1
2026-05-19,FFZ,1631,807,820,1627,1
2026-05-19,SDL,499,218,234,452,1
2026-05-20,SUS,627,286,292,578,1
2026-05-20,IXD,411,189,185,374,1
2026-05-20,SLN,188,93,91,184,1
2026-05-20,FRG,626,290,269,559,1
2026-05-20,TTN,288,136,148,284,1
2026-05-20,LNS,297,105,99,204,1
2026-05-20,GFK,1276,608,607,1215,1
2026-05-20,DPA,532,269,255,524,1
2026-05-20,FCM,995,505,507,1012,1
2026-05-20,APA,766,376,409,785,1
2026-05-20,HIO,721,371,363,734,1
2026-05-20,PAE,344,162,169,331,1
2026-05-20,DAB,1514,738,730,1468,1
2026-05-20,HWO,1357,636,621,1257,1
2026-05-20,FXE,700,321,316,637,1
2026-05-20,DTO,366,133,139,272,1
2026-05-20,GKY,373,174,176,350,1
2026-05-20,FTW,631,183,201,384,1
2026-05-20,FFZ,1503,729,744,1473,1
2026-05-20,SDL,463,218,212,430,1
2026-05-21,SUS,555,231,247,478,1
2026-05-21,IXD,181,79,79,158,1
2026-05-21,SLN,42,24,20,44,1
2026-05-21,FRG,731,290,298,588,1
2026-05-21,TTN,168,76,90,166,1
2026-05-21,LNS,114,53,49,102,1
2026-05-21,GFK,728,374,366,740,1
2026-05-21,DPA,659,347,326,673,1
2026-05-21,FCM,749,376,394,770,1
2026-05-21,APA,1148,615,709,1324,1
2026-05-21,HIO,878,456,443,899,1
2026-05-21,PAE,754,323,340,663,1
2026-05-21,DAB,1333,638,639,1277,1
2026-05-21,HWO,1318,625,618,1243,1
2026-05-21,FXE,612,294,270,564,1
2026-05-21,DTO,83,21,21,42,1
2026-05-21,GKY,152,70,69,139,1
2026-05-21,FTW,363,86,90,176,1
2026-05-21,FFZ,1638,783,768,1551,1
2026-05-21,SDL,409,207,200,407,1
2026-05-22,SUS,557,237,251,488,1
2026-05-22,IXD,75,34,38,72,1
2026-05-22,SLN,49,24,25,49,1
2026-05-22,FRG,884,427,421,848,1
2026-05-22,TTN,421,187,244,431,1
2026-05-22,LNS,420,195,193,388,1
2026-05-22,GFK,708,324,346,670,1
2026-05-22,DPA,468,241,241,482,1
2026-05-22,FCM,522,275,294,569,1
2026-05-22,APA,1199,585,688,1273,1
2026-05-22,HIO,789,425,420,845,1
2026-05-22,PAE,726,311,331,642,1
2026-05-22,DAB,815,392,381,773,1
2026-05-22,HWO,1177,570,564,1134,1
2026-05-22,FXE,652,305,302,607,1
2026-05-22,DTO,630,226,240,466,1
2026-05-22,GKY,374,166,165,331,1
2026-05-22,FTW,718,263,276,539,1
2026-05-22,FFZ,1447,694,711,1405,1
2026-05-22,SDL,508,250,262,512,1
2026-05-23,SUS,320,139,137,276,1
2026-05-23,IXD,191,81,82,163,1
2026-05-23,SLN,169,78,77,155,1
2026-05-23,FRG,353,165,172,337,1
2026-05-23,TTN,69,40,44,84,1
2026-05-23,LNS,50,23,21,44,1
2026-05-23,GFK,1009,478,470,948,1
2026-05-23,DPA,379,210,201,411,1
2026-05-23,FCM,771,397,400,797,1
2026-05-23,APA,1111,553,655,1208,1
2026-05-23,HIO,647,338,330,668,1
2026-05-23,PAE,254,117,119,236,1
2026-05-23,DAB,910,444,434,878,1
2026-05-23,HWO,950,432,425,857,1
2026-05-23,FXE,512,228,217,445,1
2026-05-23,DTO,644,244,266,510,1
2026-05-23,GKY,354,150,151,301,1
2026-05-23,FTW,442,179,185,364,1
2026-05-23,FFZ,1217,606,603,1209,1
2026-05-23,SDL,314,160,158,318,1
2026-05-24,SUS,230,96,93,189,1
2026-05-24,IXD,270,119,121,240,1
2026-05-24,SLN,52,29,23,52,1
2026-05-24,FRG,45,25,20,45,1
2026-05-24,TTN,47,19,31,50,1
2026-05-24,LNS,41,19,20,39,1
2026-05-24,GFK,115,54,55,109,1
2026-05-24,DPA,301,156,156,312,1
2026-05-24,FCM,683,343,361,704,1
2026-05-24,APA,831,390,494,884,1
2026-05-24,HIO,541,273,260,533,1
2026-05-24,PAE,625,269,270,539,1
2026-05-24,DAB,415,208,211,419,1
2026-05-24,HWO,601,317,315,632,1
2026-05-24,FXE,416,168,154,322,1
2026-05-24,DTO,202,71,88,159,1
2026-05-24,GKY,235,114,117,231,1
2026-05-24,FTW,258,133,141,274,1
2026-05-24,FFZ,1103,544,542,1086,1
2026-05-24,SDL,380,186,190,376,1
2026-05-25,SUS,438,186,189,375,1
2026-05-25,IXD,175,85,81,166,1
2026-05-25,SLN,71,31,26,57,1
2026-05-25,FRG,342,118,118,236,1
2026-05-25,TTN,129,61,70,131,1
2026-05-25,LNS,234,87,80,167,1
2026-05-25,GFK,975,474,461,935,1
2026-05-25,DPA,524,249,230,479,1
2026-05-25,FCM,459,227,209,436,1
2026-05-25,APA,1066,483,586,1069,1
2026-05-25,HIO,413,220,205,425,1
2026-05-25,PAE,187,79,66,145,1
2026-05-25,DAB,433,224,213,437,1
2026-05-25,HWO,962,401,383,784,1
2026-05-25,FXE,648,280,278,558,1
2026-05-25,DTO,501,193,212,405,1
2026-05-25,GKY,182,84,83,167,1
2026-05-25,FTW,363,158,143,301,1
2026-05-25,FFZ,761,381,374,755,1
2026-05-25,SDL,393,190,211,401,1
2026-05-26,SUS,275,114,125,239,1
2026-05-26,IXD,282,126,125,251,1
2026-05-26,SLN,204,98,95,193,1
2026-05-26,FRG,989,439,439,878,1
2026-05-26,TTN,466,210,244,454,1
2026-05-26,LNS,435,216,206,422,1
2026-05-26,GFK,1797,850,877,1727,1
2026-05-26,DPA,625,302,286,588,1
2026-05-26,FCM,720,343,350,693,1
2026-05-26,APA,756,299,402,701,1
2026-05-26,HIO,668,325,319,644,1
2026-05-26,PAE,221,98,101,199,1
2026-05-26,DAB,584,289,297,586,1
2026-05-26,HWO,949,365,366,731,1
2026-05-26,FXE,569,259,254,513,1
2026-05-26,DTO,573,233,233,466,1
2026-05-26,GKY,486,247,235,482,1
2026-05-26,FTW,527,193,198,391,1
2026-05-26,FFZ,1255,637,638,1275,1
2026-05-26,SDL,439,218,209,427,1
2026-05-27,SUS,252,116,107,223,1
2026-05-27,IXD,307,125,129,254,1
2026-05-27,SLN,200,89,86,175,1
2026-05-27,FRG,1014,460,459,919,1
2026-05-27,TTN,236,101,138,239,1
2026-05-27,LNS,253,120,114,234,1
2026-05-27,GFK,1780,831,873,1704,1
2026-05-27,DPA,525,257,236,493,1
2026-05-27,FCM,767,375,376,751,1
2026-05-27,APA,793,407,467,874,1
2026-05-27,HIO,727,371,363,734,1
2026-05-27,PAE,676,316,322,638,1
2026-05-27,DAB,842,429,418,847,1
2026-05-27,HWO,1037,496,488,984,1
2026-05-27,FXE,662,268,260,528,1
2026-05-27,DTO,598,235,248,483,1
2026-05-27,GKY,386,168,169,337,1
2026-05-27,FTW,682,311,311,622,1
2026-05-27,FFZ,1348,626,640,1266,1
2026-05-27,SDL,406,193,187,380,1
2026-05-28,SUS,304,128,139,267,1
2026-05-28,IXD,99,44,49,93,1
2026-05-28,SLN,19,11,7,18,1
2026-05-28,FRG,852,376,380,756,1
2026-05-28,TTN,209,94,114,208,1
2026-05-28,LNS,375,136,134,270,1
2026-05-28,GFK,1011,464,489,953,1
2026-05-28,DPA,496,244,245,489,1
2026-05-28,FCM,715,354,363,717,1
2026-05-28,APA,1101,556,702,1258,1
2026-05-28,HIO,906,475,457,932,1
2026-05-28,PAE,551,234,235,469,1
2026-05-28,DAB,563,286,278,564,1
2026-05-28,HWO,766,349,353,702,1
2026-05-28,FXE,480,235,236,471,1
2026-05-28,DTO,759,310,328,638,1
2026-05-28,GKY,413,177,169,346,1
2026-05-28,FTW,926,258,269,527,1
2026-05-28,FFZ,1367,629,649,1278,1
2026-05-28,SDL,462,212,217,429,1
2026-05-29,SUS,294,113,130,243,1
2026-05-29,IXD,64,24,24,48,1
2026-05-29,SLN,107,68,65,133,1
2026-05-29,FRG,816,403,397,800,1
2026-05-29,TTN,412,174,195,369,1
2026-05-29,LNS,510,193,206,399,1
2026-05-29,GFK,1317,622,631,1253,1
2026-05-29,DPA,500,249,237,486,1
2026-05-29,FCM,668,334,328,662,1
2026-05-29,APA,899,460,592,1052,1
2026-05-29,HIO,345,182,189,371,1
2026-05-29,PAE,104,44,59,103,1
2026-05-29,DAB,850,417,418,835,1
2026-05-29,HWO,952,433,430,863,1
2026-05-29,FXE,704,292,293,585,1
2026-05-29,DTO,854,315,337,652,1
2026-05-29,GKY,474,200,198,398,1
2026-05-29,FTW,821,246,264,510,1
2026-05-29,FFZ,1378,669,683,1352,1
2026-05-29,SDL,419,219,209,428,1
2026-05-30,SUS,186,60,68,128,1
2026-05-30,IXD,43,17,17,34,1
2026-05-30,SLN,70,30,32,62,1
2026-05-30,FRG,62,25,32,57,1
2026-05-30,TTN,84,31,42,73,1
2026-05-30,LNS,105,44,40,84,1
2026-05-30,GFK,638,307,306,613,1
2026-05-30,DPA,412,196,187,383,1
2026-05-30,FCM,540,268,266,534,1
2026-05-30,APA,1012,502,554,1056,1
2026-05-30,HIO,712,381,379,760,1
2026-05-30,PAE,687,305,314,619,1
2026-05-30,DAB,796,395,380,775,1
2026-05-30,HWO,897,431,422,853,1
2026-05-30,FXE,594,231,237,468,1
2026-05-30,DTO,603,257,261,518,1
2026-05-30,GKY,171,70,74,144,1
2026-05-30,FTW,419,157,150,307,1
2026-05-30,FFZ,1231,618,620,1238,1
2026-05-30,SDL,396,197,203,400,1
2026-05-31,SUS,230,104,93,197,1
2026-05-31,IXD,181,80,72,152,1
2026-05-31,SLN,45,19,14,33,1
2026-05-31,FRG,1016,486,458,944,1
2026-05-31,TTN,294,132,155,287,1
2026-05-31,LNS,418,178,168,346,1
2026-05-31,GFK,73,35,31,66,1
2026-05-31,DPA,415,206,197,403,1
2026-05-31,FCM,488,237,241,478,1
2026-05-31,APA,1078,506,616,1122,1
2026-05-31,HIO,460,231,227,458,1
2026-05-31,PAE,605,278,266,544,1
2026-05-31,DAB,803,398,387,785,1
2026-05-31,HWO,726,401,396,797,1
2026-05-31,FXE,462,235,225,460,1
2026-05-31,DTO,507,205,210,415,1
2026-05-31,GKY,146,66,63,129,1
2026-05-31,FTW,384,163,156,319,1
2026-05-31,FFZ,1173,592,592,1184,1
2026-05-31,SDL,368,169,170,339,1
2026-06-01,SUS,247,108,109,217,1
2026-06-01,IXD,268,136,128,264,1
2026-06-01,SLN,206,113,108,221,1
2026-06-01,FRG,795,337,318,655,1
2026-06-01,TTN,367,147,179,326,1
2026-06-01,LNS,456,192,182,374,1
2026-06-01,GFK,1426,703,680,1383,1
2026-06-01,DPA,676,315,299,614,1
2026-06-01,FCM,811,403,421,824,1
2026-06-01,APA,769,356,443,799,1
2026-06-01,HIO,560,298,294,592,1
2026-06-01,PAE,696,346,350,696,1
2026-06-01,DAB,1058,541,517,1058,1
2026-06-01,HWO,1137,506,497,1003,1
2026-06-01,FXE,614,263,248,511,1
2026-06-01,DTO,695,283,293,576,1
2026-06-01,GKY,309,144,144,288,1
2026-06-01,FTW,788,242,256,498,1
2026-06-01,FFZ,1329,642,649,1291,1
2026-06-01,SDL,412,188,188,376,1
2026-06-02,SUS,310,128,127,255,1
2026-06-02,IXD,335,153,158,311,1
2026-06-02,SLN,313,140,127,267,1
2026-06-02,FRG,1050,455,449,904,1
2026-06-02,TTN,385,168,204,372,1
2026-06-02,LNS,457,193,188,381,1
2026-06-02,GFK,699,343,337,680,1
2026-06-02,DPA,646,328,306,634,1
2026-06-02,FCM,680,329,325,654,1
2026-06-02,APA,611,300,396,696,1
2026-06-02,HIO,812,415,410,825,1
2026-06-02,PAE,519,241,251,492,1
2026-06-02,DAB,933,458,444,902,1
2026-06-02,HWO,1032,495,491,986,1
2026-06-02,FXE,591,288,291,579,1
2026-06-02,DTO,559,242,248,490,1
2026-06-02,GKY,253,120,117,237,1
2026-06-02,FTW,613,192,194,386,1
2026-06-02,FFZ,1231,558,575,1133,1
2026-06-02,SDL,442,178,185,363,1
2026-06-03,SUS,387,147,151,298,1
2026-06-03,IXD,376,162,160,322,1
2026-06-03,SLN,202,100,93,193,1
2026-06-03,FRG,1013,450,448,898,1
2026-06-03,TTN,362,180,206,386,1
2026-06-03,LNS,607,249,250,499,1
2026-06-03,GFK,425,197,195,392,1
2026-06-03,DPA,672,341,323,664,1
2026-06-03,FCM,478,235,242,477,1
2026-06-03,APA,1108,593,653,1246,1
2026-06-03,HIO,854,457,448,905,1
2026-06-03,PAE,523,228,234,462,1
2026-06-03,DAB,817,410,402,812,1
2026-06-03,HWO,753,356,345,701,1
2026-06-03,FXE,443,193,185,378,1
2026-06-03,DTO,837,313,330,643,1
2026-06-03,GKY,404,179,180,359,1
2026-06-03,FTW,740,215,224,439,1
2026-06-03,FFZ,1318,599,612,1211,1
2026-06-03,SDL,485,220,220,440,1
2026-06-04,SUS,239,96,97,193,1
2026-06-04,IXD,241,108,108,216,1
2026-06-04,SLN,106,40,37,77,1
2026-06-04,FRG,1096,480,476,956,1
2026-06-04,TTN,428,183,204,387,1
2026-06-04,LNS,567,229,217,446,1
2026-06-04,GFK,1728,807,838,1645,1
2026-06-04,DPA,513,245,229,474,1
2026-06-04,FCM,611,281,290,571,1
2026-06-04,APA,1094,582,697,1279,1
2026-06-04,HIO,896,435,421,856,1
2026-06-04,PAE,503,229,245,474,1
2026-06-04,DAB,1454,731,710,1441,1
2026-06-04,HWO,936,476,468,944,1
2026-06-04,FXE,657,284,284,568,1
2026-06-04,DTO,863,329,336,665,1
2026-06-04,GKY,328,146,144,290,1
2026-06-04,FTW,785,239,249,488,1
2026-06-04,FFZ,1393,653,654,1307,1
2026-06-04,SDL,363,221,217,438,1
2026-06-05,SUS,269,76,66,142,1
2026-06-05,IXD,180,75,82,157,1
2026-06-05,SLN,314,136,143,279,1
2026-06-05,FRG,906,411,424,835,1
2026-06-05,TTN,368,147,159,306,1
2026-06-05,LNS,476,187,181,368,1
2026-06-05,GFK,1776,645,649,1294,1
2026-06-05,DPA,351,145,136,281,1
2026-06-05,FCM,615,284,284,568,1
2026-06-05,APA,982,473,513,986,1
2026-06-05,HIO,558,235,244,479,1
2026-06-05,PAE,370,142,150,292,1
2026-06-05,DAB,1334,581,609,1190,1
2026-06-05,HWO,1202,617,606,1223,1
2026-06-05,FXE,667,231,251,482,1
2026-06-05,DTO,596,233,236,469,1
2026-06-05,GKY,289,122,117,239,1
2026-06-05,FTW,667,130,135,265,1
2026-06-05,FFZ,1254,477,491,968,1
2026-06-05,SDL,459,183,196,379,1
2026-06-06,SUS,216,46,50,96,1
2026-06-06,IXD,96,49,40,89,1
2026-06-06,SLN,60,31,28,59,1
2026-06-06,FRG,841,350,356,706,1
2026-06-06,TTN,149,63,62,125,1
2026-06-06,LNS,245,111,110,221,1
2026-06-06,GFK,674,353,350,703,1
2026-06-06,DPA,329,159,149,308,1
2026-06-06,FCM,647,259,260,519,1
2026-06-06,APA,775,356,472,828,1
2026-06-06,HIO,174,84,80,164,1
2026-06-06,PAE,342,140,142,282,1
2026-06-06,DAB,1149,510,512,1022,1
2026-06-06,HWO,749,359,343,702,1
2026-06-06,FXE,527,209,190,399,1
2026-06-06,DTO,199,77,83,160,1
2026-06-06,GKY,170,74,73,147,1
2026-06-06,FTW,382,103,93,196,1
2026-06-06,FFZ,775,349,345,694,1
2026-06-06,SDL,357,174,161,335,1
2026-06-07,SUS,243,47,52,99,1
2026-06-07,IXD,36,15,17,32,1
2026-06-07,SLN,47,14,13,27,1
2026-06-07,FRG,817,260,253,513,1
2026-06-07,TTN,146,47,71,118,1
2026-06-07,LNS,206,83,79,162,1
2026-06-07,GFK,22,10,7,17,1
2026-06-07,DPA,260,106,98,204,1
2026-06-07,FCM,453,174,169,343,1
2026-06-07,APA,941,365,417,782,1
2026-06-07,HIO,728,302,289,591,1
2026-06-07,PAE,579,236,229,465,1
2026-06-07,DAB,993,416,420,836,1
2026-06-07,HWO,723,289,282,571,1
2026-06-07,FXE,524,207,207,414,1
2026-06-07,DTO,310,96,103,199,1
2026-06-07,GKY,220,82,83,165,1
2026-06-07,FTW,291,107,97,204,1
2026-06-07,FFZ,832,327,326,653,1
2026-06-07,SDL,353,148,135,283,1
2026-06-08,SUS,167,57,69,126,1
2026-06-08,IXD,153,62,66,128,1
2026-06-08,SLN,155,99,98,197,1
2026-06-08,FRG,805,365,359,724,1
2026-06-08,TTN,180,76,110,186,1
2026-06-08,LNS,317,150,147,297,1
2026-06-08,GFK,1796,868,852,1720,1
2026-06-08,DPA,283,160,153,313,1
2026-06-08,FCM,330,170,172,342,1
2026-06-08,APA,698,334,410,744,1
2026-06-08,HIO,232,111,108,219,1
2026-06-08,PAE,646,316,307,623,1
2026-06-08,DAB,1223,613,601,1214,1
2026-06-08,HWO,1152,529,517,1046,1
2026-06-08,FXE,587,257,255,512,1
2026-06-08,DTO,575,255,267,522,1
2026-06-08,GKY,233,107,101,208,1
2026-06-08,FTW,536,179,193,372,1
2026-06-08,FFZ,1171,593,598,1191,1
2026-06-08,SDL,404,196,184,380,1
2026-06-09,SUS,329,136,138,274,1
2026-06-09,IXD,228,102,107,209,1
2026-06-09,SLN,77,36,36,72,1
2026-06-09,FRG,1045,486,485,971,1
2026-06-09,TTN,349,171,191,362,1
2026-06-09,LNS,370,153,143,296,1
2026-06-09,GFK,564,264,262,526,1
2026-06-09,DPA,551,277,257,534,1
2026-06-09,FCM,634,296,311,607,1
2026-06-09,APA,779,365,391,756,1
2026-06-09,HIO,336,188,171,359,1
2026-06-09,PAE,84,35,46,81,1
2026-06-09,DAB,1174,580,570,1150,1
2026-06-09,HWO,1030,417,418,835,1
2026-06-09,FXE,758,313,307,620,1
2026-06-09,DTO,595,240,247,487,1
2026-06-09,GKY,385,185,181,366,1
2026-06-09,FTW,937,334,335,669,1
2026-06-09,FFZ,1394,690,686,1376,1
2026-06-09,SDL,482,208,214,422,1
2026-06-10,SUS,412,102,113,215,0
2026-06-10,IXD,85,39,40,79,1
2026-06-10,SLN,125,36,41,77,1
2026-06-10,FRG,837,370,375,745,1
2026-06-10,TTN,146,57,70,127,1
2026-06-10,LNS,229,76,87,163,0
2026-06-10,GFK,862,272,283,555,1
2026-06-10,DPA,418,224,211,435,1
2026-06-10,FCM,520,209,214,423,0
2026-06-10,APA,1092,533,604,1137,1
2026-06-10,HIO,925,434,322,756,1
2026-06-10,PAE,583,224,224,448,0
2026-06-10,DAB,1142,363,393,756,1
2026-06-10,HWO,1084,428,435,863,1
2026-06-10,FXE,725,236,253,489,1
2026-06-10,DTO,659,136,159,295,0
2026-06-10,GKY,339,113,116,229,0
2026-06-10,FTW,835,199,212,411,0
2026-06-10,FFZ,1398,472,479,951,0
2026-06-10,SDL,565,164,195,359,1
2026-06-11,SUS,346,1,0,1,0
2026-06-11,IXD,107,38,43,81,1
2026-06-11,SLN,149,0,0,0,1
2026-06-11,FRG,694,95,105,200,1
2026-06-11,TTN,246,68,45,113,1
2026-06-11,LNS,294,43,77,120,0
2026-06-11,GFK,802,15,12,27,1
2026-06-11,DPA,217,64,56,120,1
2026-06-11,FCM,609,1,0,1,0
2026-06-11,APA,1090,492,560,1052,1
2026-06-11,HIO,823,377,128,505,1
2026-06-11,PAE,514,160,153,313,0
2026-06-11,DAB,1286,0,0,0,1
2026-06-11,HWO,1275,0,0,0,1
2026-06-11,FXE,680,0,0,0,1
2026-06-11,DTO,670,0,0,0,0
2026-06-11,GKY,288,0,0,0,0
2026-06-11,FTW,808,11,13,24,0
2026-06-11,FFZ,1229,0,0,0,0
2026-06-11,SDL,451,0,0,0,1
2026-06-12,SUS,658,271,274,545,1
2026-06-12,IXD,319,158,155,313,1
2026-06-12,SLN,324,180,178,358,1
2026-06-12,FRG,785,350,351,701,1
2026-06-12,TTN,254,123,139,262,1
2026-06-12,LNS,316,134,133,267,1
2026-06-12,GFK,657,321,322,643,1
2026-06-12,DPA,466,254,240,494,1
2026-06-12,FCM,560,273,270,543,1
2026-06-12,APA,1249,623,711,1334,1
2026-06-12,HIO,821,419,410,829,1
2026-06-12,PAE,667,285,311,596,1
2026-06-12,DAB,1212,609,600,1209,1
2026-06-12,HWO,1199,563,555,1118,1
2026-06-12,FXE,711,354,354,708,1
2026-06-12,DTO,616,239,251,490,1
2026-06-12,GKY,247,100,102,202,1
2026-06-12,FTW,683,191,202,393,1
2026-06-12,FFZ,1338,634,644,1278,1
2026-06-12,SDL,483,221,240,461,1
2026-06-13,SUS,324,108,107,215,1
2026-06-13,IXD,99,43,39,82,1
2026-06-13,SLN,60,22,20,42,1
2026-06-13,FRG,953,409,412,821,1
2026-06-13,TTN,250,116,139,255,1
2026-06-13,LNS,415,191,187,378,1
2026-06-13,GFK,509,251,254,505,1
2026-06-13,DPA,384,198,189,387,1
2026-06-13,FCM,544,253,276,529,1
2026-06-13,APA,1106,506,535,1041,1
2026-06-13,HIO,516,283,280,563,1
2026-06-13,PAE,588,275,277,552,1
2026-06-13,DAB,1024,512,511,1023,1
2026-06-13,HWO,618,350,346,696,1
2026-06-13,FXE,563,244,245,489,1
2026-06-13,DTO,704,289,296,585,1
2026-06-13,GKY,307,146,144,290,1
2026-06-13,FTW,365,136,134,270,1
2026-06-13,FFZ,1002,506,509,1015,1
2026-06-13,SDL,324,148,158,306,1
2026-06-14,SUS,274,89,79,168,1
2026-06-14,IXD,196,79,76,155,1
2026-06-14,SLN,55,32,31,63,1
2026-06-14,FRG,709,341,315,656,1
2026-06-14,TTN,190,101,104,205,1
2026-06-14,LNS,165,82,80,162,1
2026-06-14,GFK,51,28,23,51,1
2026-06-14,DPA,443,224,219,443,1
2026-06-14,FCM,255,120,117,237,1
2026-06-14,APA,835,373,423,796,1
2026-06-14,HIO,375,199,191,390,1
2026-06-14,PAE,608,266,267,533,1
2026-06-14,DAB,846,406,405,811,1
2026-06-14,HWO,574,215,210,425,1
2026-06-14,FXE,509,255,244,499,1
2026-06-14,DTO,111,48,52,100,1
2026-06-14,GKY,162,80,79,159,1
2026-06-14,FTW,199,91,96,187,1
2026-06-14,FFZ,825,411,406,817,1
2026-06-14,SDL,344,176,149,325,1
2026-06-15,SUS,621,234,241,475,1
2026-06-15,IXD,321,155,149,304,1
2026-06-15,SLN,456,208,203,411,1
2026-06-15,FRG,881,360,376,736,1
2026-06-15,TTN,206,96,123,219,1
2026-06-15,LNS,262,96,104,200,1
2026-06-15,GFK,1101,532,517,1049,1
2026-06-15,DPA,736,364,356,720,1
2026-06-15,FCM,536,271,265,536,1
2026-06-15,APA,1175,581,664,1245,1
2026-06-15,HIO,820,429,428,857,1
2026-06-15,PAE,488,231,226,457,1
2026-06-15,DAB,673,328,329,657,1
2026-06-15,HWO,712,346,332,678,1
2026-06-15,FXE,586,276,273,549,1
2026-06-15,DTO,597,238,248,486,1
2026-06-15,GKY,357,171,180,351,1
2026-06-15,FTW,369,126,145,271,1
2026-06-15,FFZ,891,438,442,880,1
2026-06-15,SDL,417,199,185,384,1
2026-06-16,SUS,556,213,220,433,1
2026-06-16,IXD,141,74,73,147,1
2026-06-16,SLN,429,189,187,376,1
2026-06-16,FRG,996,422,420,842,1
2026-06-16,TTN,361,173,196,369,1
2026-06-16,LNS,524,202,196,398,1
2026-06-16,GFK,1163,558,558,1116,1
2026-06-16,DPA,542,279,287,566,1
2026-06-16,FCM,450,216,218,434,1
2026-06-16,APA,1277,631,736,1367,1
2026-06-16,HIO,1009,486,481,967,1
2026-06-16,PAE,533,236,241,477,1
2026-06-16,DAB,847,423,411,834,1
2026-06-16,HWO,1142,470,462,932,1
2026-06-16,FXE,632,279,277,556,1
2026-06-16,DTO,785,284,301,585,1
2026-06-16,GKY,376,171,171,342,1
2026-06-16,FTW,885,329,326,655,1
2026-06-16,FFZ,1050,541,524,1065,1
2026-06-16,SDL,427,200,208,408,1
2026-06-17,SUS,176,85,73,158,1
2026-06-17,IXD,57,26,35,61,1
2026-06-17,SLN,138,65,60,125,1
2026-06-17,FRG,779,342,342,684,1
2026-06-17,TTN,279,104,143,247,1
2026-06-17,LNS,398,169,161,330,1
2026-06-17,GFK,805,382,390,772,1
2026-06-17,DPA,232,115,118,233,1
2026-06-17,FCM,241,125,121,246,1
2026-06-17,APA,856,368,371,739,1
2026-06-17,HIO,941,450,450,900,1
2026-06-17,PAE,659,293,302,595,1
2026-06-17,DAB,1485,732,734,1466,1
2026-06-17,HWO,768,379,382,761,1
2026-06-17,FXE,733,333,312,645,1
2026-06-17,DTO,573,237,254,491,1
2026-06-17,GKY,223,103,103,206,1
2026-06-17,FTW,527,178,187,365,1
2026-06-17,FFZ,1090,559,556,1115,1
2026-06-17,SDL,486,224,215,439,1
2026-06-18,SUS,573,236,247,483,1
2026-06-18,IXD,239,111,109,220,1
2026-06-18,SLN,383,186,180,366,1
2026-06-18,FRG,95,35,45,80,1
2026-06-18,TTN,122,39,51,90,1
2026-06-18,LNS,111,41,43,84,1
2026-06-18,GFK,1679,802,802,1604,1
2026-06-18,DPA,709,379,357,736,1
2026-06-18,FCM,553,272,284,556,1
2026-06-18,APA,1076,535,640,1175,1
2026-06-18,HIO,901,428,426,854,1
2026-06-18,PAE,709,313,324,637,1
2026-06-18,DAB,1020,502,484,986,1
2026-06-18,HWO,1260,571,568,1139,1
2026-06-18,FXE,735,369,364,733,1
2026-06-18,DTO,593,255,255,510,1
2026-06-18,GKY,306,127,138,265,1
2026-06-18,FTW,828,270,280,550,1
2026-06-18,FFZ,1401,671,668,1339,1
2026-06-18,SDL,452,199,207,406,1
2026-06-19,SUS,594,231,248,479,1
2026-06-19,IXD,300,143,139,282,1
2026-06-19,SLN,98,36,38,74,1
2026-06-19,FRG,827,352,343,695,1
2026-06-19,TTN,229,103,119,222,1
2026-06-19,LNS,415,150,145,295,1
2026-06-19,GFK,621,290,280,570,1
2026-06-19,DPA,654,331,335,666,1
2026-06-19,FCM,607,262,258,520,1
2026-06-19,APA,1300,614,693,1307,1
2026-06-19,HIO,853,445,450,895,1
2026-06-19,PAE,710,315,329,644,1
2026-06-19,DAB,760,352,346,698,1
2026-06-19,HWO,905,442,429,871,1
2026-06-19,FXE,758,314,301,615,1
2026-06-19,DTO,320,121,138,259,1
2026-06-19,GKY,191,95,94,189,1
2026-06-19,FTW,399,97,104,201,1
2026-06-19,FFZ,1342,665,642,1307,1
2026-06-19,SDL,501,214,217,431,1
2026-06-20,SUS,459,182,180,362,1
2026-06-20,IXD,223,102,98,200,1
2026-06-20,SLN,196,66,61,127,1
2026-06-20,FRG,518,198,202,400,1
2026-06-20,TTN,107,46,50,96,1
2026-06-20,LNS,251,92,94,186,1
2026-06-20,GFK,1044,497,487,984,1
2026-06-20,DPA,564,280,273,553,1
2026-06-20,FCM,518,248,252,500,1
2026-06-20,APA,897,466,517,983,1
2026-06-20,HIO,507,260,253,513,1
2026-06-20,PAE,573,272,273,545,1
2026-06-20,DAB,784,375,367,742,1
2026-06-20,HWO,658,350,339,689,1
2026-06-20,FXE,513,244,241,485,1
2026-06-20,DTO,471,209,221,430,1
2026-06-20,GKY,395,186,185,371,1
2026-06-20,FTW,353,128,132,260,1
2026-06-20,FFZ,1204,576,574,1150,1
2026-06-20,SDL,418,204,198,402,1
2026-06-21,SUS,207,75,50,125,1
2026-06-21,IXD,39,21,17,38,1
2026-06-21,SLN,25,7,7,14,1
2026-06-21,FRG,1029,444,454,898,1
2026-06-21,TTN,227,103,126,229,1
2026-06-21,LNS,341,151,146,297,1
2026-06-21,GFK,51,28,25,53,1
2026-06-21,DPA,271,132,124,256,1
2026-06-21,FCM,698,378,366,744,1
2026-06-21,APA,734,336,394,730,1
2026-06-21,HIO,546,285,279,564,1
2026-06-21,PAE,588,285,281,566,1
2026-06-21,DAB,568,296,275,571,1
2026-06-21,HWO,542,247,233,480,1
2026-06-21,FXE,525,278,263,541,1
2026-06-21,DTO,487,235,241,476,1
2026-06-21,GKY,328,159,147,306,1
2026-06-21,FTW,264,128,110,238,1
2026-06-21,FFZ,909,462,450,912,1
2026-06-21,SDL,329,156,154,310,1
2026-06-22,SUS,368,116,122,238,1
2026-06-22,IXD,254,91,96,187,1
2026-06-22,SLN,230,89,93,182,1
2026-06-22,FRG,572,255,242,497,1
2026-06-22,TTN,156,72,77,149,1
2026-06-22,LNS,154,77,69,146,1
2026-06-22,GFK,1641,674,685,1359,1
2026-06-22,DPA,723,355,354,709,1
2026-06-22,FCM,808,376,384,760,1
2026-06-22,APA,1006,446,556,1002,1
2026-06-22,HIO,742,365,365,730,1
2026-06-22,PAE,620,268,267,535,1
2026-06-22,DAB,1361,695,669,1364,1
2026-06-22,HWO,1174,542,551,1093,1
2026-06-22,FXE,549,312,315,627,1
2026-06-22,DTO,644,268,265,533,1
2026-06-22,GKY,246,117,121,238,1
2026-06-22,FTW,619,218,225,443,1
2026-06-22,FFZ,1118,536,546,1082,1
2026-06-22,SDL,499,221,211,432,1
2026-06-23,SUS,594,148,150,298,1
2026-06-23,IXD,317,95,96,191,1
2026-06-23,SLN,329,108,98,206,1
2026-06-23,FRG,135,47,43,90,1
2026-06-23,TTN,115,35,47,82,1
2026-06-23,LNS,80,20,21,41,1
2026-06-23,GFK,1067,352,366,718,1
2026-06-23,DPA,885,345,334,679,1
2026-06-23,FCM,377,126,142,268,1
2026-06-23,APA,1148,440,471,911,1
2026-06-23,HIO,924,322,316,638,1
2026-06-23,PAE,640,262,265,527,1
2026-06-23,DAB,1171,363,352,715,1
2026-06-23,HWO,1051,297,297,594,1
2026-06-23,FXE,624,208,193,401,1
2026-06-23,DTO,576,200,209,409,1
2026-06-23,GKY,313,77,74,151,1
2026-06-23,FTW,728,185,176,361,1
2026-06-23,FFZ,1231,484,502,986,1
2026-06-23,SDL,458,145,138,283,1
2026-06-24,SUS,383,161,175,336,1
2026-06-24,IXD,270,112,113,225,1
2026-06-24,SLN,312,116,124,240,1
2026-06-24,FRG,1147,451,463,914,1
2026-06-24,TTN,474,192,236,428,1
2026-06-24,LNS,544,216,203,419,1
2026-06-24,GFK,306,98,108,206,1
2026-06-24,DPA,481,253,229,482,1
2026-06-24,FCM,472,209,213,422,1
2026-06-24,APA,900,412,494,906,1
2026-06-24,HIO,838,368,368,736,1
2026-06-24,PAE,549,241,262,503,1
2026-06-24,DAB,1056,497,492,989,1
2026-06-24,HWO,706,362,362,724,1
2026-06-24,FXE,678,300,304,604,1
2026-06-24,DTO,865,353,372,725,1
2026-06-24,GKY,347,159,155,314,1
2026-06-24,FTW,820,253,272,525,1
2026-06-24,FFZ,1345,616,630,1246,1
2026-06-24,SDL,566,229,241,470,1
2026-06-25,SUS,284,88,74,162,1
2026-06-25,IXD,162,22,23,45,1
2026-06-25,SLN,65,12,10,22,1
2026-06-25,FRG,1092,164,165,329,1
2026-06-25,TTN,377,67,77,144,1
2026-06-25,LNS,329,37,38,75,1
2026-06-25,GFK,1526,324,336,660,1
2026-06-25,DPA,553,113,103,216,1
2026-06-25,FCM,735,130,119,249,1
2026-06-25,APA,637,142,149,291,1
2026-06-25,HIO,775,204,191,395,1
2026-06-25,PAE,438,86,83,169,1
2026-06-25,DAB,1008,186,175,361,1
2026-06-25,HWO,1221,147,148,295,1
2026-06-25,FXE,793,158,139,297,1
2026-06-25,DTO,709,115,115,230,1
2026-06-25,GKY,305,43,35,78,1
2026-06-25,FTW,896,106,100,206,1
2026-06-25,FFZ,1204,259,259,518,1
2026-06-25,SDL,522,116,118,234,1
2026-06-26,SUS,174,57,60,117,1
2026-06-26,IXD,56,23,31,54,1
2026-06-26,SLN,102,41,38,79,1
2026-06-26,FRG,986,480,478,958,1
2026-06-26,TTN,306,137,162,299,1
2026-06-26,LNS,404,181,180,361,1
2026-06-26,GFK,1137,535,541,1076,1
2026-06-26,DPA,651,343,349,692,1
2026-06-26,FCM,817,411,414,825,1
2026-06-26,APA,1084,580,750,1330,1
2026-06-26,HIO,302,149,152,301,1
2026-06-26,PAE,122,59,62,121,1
2026-06-26,DAB,925,488,467,955,1
2026-06-26,HWO,906,425,425,850,1
2026-06-26,FXE,694,339,334,673,1
2026-06-26,DTO,355,166,167,333,1
2026-06-26,GKY,232,115,109,224,1
2026-06-26,FTW,472,143,131,274,1
2026-06-26,FFZ,1088,555,564,1119,1
2026-06-26,SDL,362,201,197,398,1
2026-06-27,SUS,170,56,60,116,1
2026-06-27,IXD,142,73,69,142,1
2026-06-27,SLN,143,66,65,131,1
2026-06-27,FRG,732,324,334,658,1
2026-06-27,TTN,169,71,84,155,1
2026-06-27,LNS,186,81,84,165,1
2026-06-27,GFK,116,60,58,118,1
2026-06-27,DPA,522,304,281,585,1
2026-06-27,FCM,485,230,231,461,1
2026-06-27,APA,464,226,317,543,1
2026-06-27,HIO,237,108,106,214,1
2026-06-27,PAE,577,283,278,561,1
2026-06-27,DAB,661,332,310,642,1
2026-06-27,HWO,658,389,385,774,1
2026-06-27,FXE,676,351,332,683,1
2026-06-27,DTO,262,103,101,204,1
2026-06-27,GKY,210,98,87,185,1
2026-06-27,FTW,215,87,86,173,1
2026-06-27,FFZ,950,467,480,947,1
2026-06-27,SDL,370,177,178,355,1
2026-06-28,SUS,231,108,95,203,1
2026-06-28,IXD,72,33,32,65,1
2026-06-28,SLN,15,6,7,13,1
2026-06-28,FRG,933,409,410,819,1
2026-06-28,TTN,109,53,69,122,1
2026-06-28,LNS,137,69,66,135,1
2026-06-28,GFK,23,8,9,17,1
2026-06-28,DPA,467,241,233,474,1
2026-06-28,FCM,122,61,63,124,1
2026-06-28,APA,751,386,463,849,1
2026-06-28,HIO,716,359,350,709,1
2026-06-28,PAE,387,192,194,386,1
2026-06-28,DAB,770,393,364,757,1
2026-06-28,HWO,698,345,344,689,1
2026-06-28,FXE,605,308,315,623,1
2026-06-28,DTO,262,103,102,205,1
2026-06-28,GKY,156,69,75,144,1
2026-06-28,FTW,156,70,73,143,1
2026-06-28,FFZ,660,304,312,616,1
2026-06-28,SDL,320,145,142,287,1
2026-06-29,SUS,332,144,147,291,1
2026-06-29,IXD,144,59,60,119,1
2026-06-29,SLN,28,18,14,32,1
2026-06-29,FRG,995,425,434,859,1
2026-06-29,TTN,323,131,174,305,1
2026-06-29,LNS,402,190,175,365,1
2026-06-29,GFK,92,40,41,81,1
2026-06-29,DPA,807,409,407,816,1
2026-06-29,FCM,244,122,120,242,1
2026-06-29,APA,885,447,558,1005,1
2026-06-29,HIO,929,473,468,941,1
2026-06-29,PAE,243,129,131,260,1
2026-06-29,DAB,994,500,486,986,1
2026-06-29,HWO,977,414,424,838,1
2026-06-29,FXE,695,350,321,671,1
2026-06-29,DTO,438,185,178,363,1
2026-06-29,GKY,200,99,92,191,1
2026-06-29,FTW,355,100,87,187,1
2026-06-29,FFZ,1077,523,526,1049,1
2026-06-29,SDL,444,201,200,401,1
2026-06-30,SUS,510,219,224,443,1
2026-06-30,IXD,186,94,93,187,1
2026-06-30,SLN,73,48,44,92,1
2026-06-30,FRG,964,401,411,812,1
2026-06-30,TTN,324,157,206,363,1
2026-06-30,LNS,289,135,131,266,1
2026-06-30,GFK,359,179,180,359,1
2026-06-30,DPA,789,412,394,806,1
2026-06-30,FCM,474,231,227,458,1
2026-06-30,APA,899,432,553,985,1
2026-06-30,HIO,962,492,489,981,1
2026-06-30,PAE,385,194,201,395,1
2026-06-30,DAB,799,401,397,798,1
2026-06-30,HWO,954,435,436,871,1
2026-06-30,FXE,722,382,365,747,1
2026-06-30,DTO,607,220,231,451,1
2026-06-30,GKY,450,216,205,421,1
2026-06-30,FTW,764,278,292,570,1
2026-06-30,FFZ,1218,623,656,1279,1
2026-06-30,SDL,476,201,201,402,1
2026-07-01,SUS,465,187,179,366,1
2026-07-01,IXD,215,94,95,189,1
2026-07-01,SLN,163,68,63,131,1
2026-07-01,FRG,888,407,414,821,1
2026-07-01,TTN,337,161,189,350,1
2026-07-01,LNS,366,158,153,311,1
2026-07-01,GFK,1575,760,787,1547,1
2026-07-01,DPA,738,372,355,727,1
2026-07-01,FCM,354,174,182,356,1
2026-07-01,APA,1019,555,659,1214,1
2026-07-01,HIO,921,472,478,950,1
2026-07-01,PAE,554,285,288,573,1
2026-07-01,DAB,1082,554,533,1087,1
2026-07-01,HWO,833,386,391,777,1
2026-07-01,FXE,660,352,329,681,1
2026-07-01,DTO,705,297,302,599,1
2026-07-01,GKY,422,192,191,383,1
2026-07-01,FTW,932,336,339,675,1
2026-07-01,FFZ,1428,726,742,1468,1
2026-07-01,SDL,441,223,221,444,1
2026-07-02,SUS,431,170,175,345,1
2026-07-02,IXD,227,105,111,216,1
2026-07-02,SLN,267,110,108,218,1
2026-07-02,FRG,636,261,273,534,1
2026-07-02,TTN,282,111,134,245,1
2026-07-02,LNS,379,158,154,312,1
2026-07-02,GFK,1026,485,481,966,1
2026-07-02,DPA,681,359,354,713,1
2026-07-02,FCM,710,360,364,724,1
2026-07-02,APA,995,526,600,1126,1
2026-07-02,HIO,703,361,358,719,1
2026-07-02,PAE,454,220,240,460,1
2026-07-02,DAB,1318,668,650,1318,1
2026-07-02,HWO,805,452,465,917,1
2026-07-02,FXE,689,380,385,765,1
2026-07-02,DTO,727,299,308,607,1
2026-07-02,GKY,409,183,178,361,1
2026-07-02,FTW,948,361,369,730,1
2026-07-02,FFZ,1446,664,679,1343,1
2026-07-02,SDL,424,207,209,416,1
2026-07-03,SUS,443,184,182,366,1
2026-07-03,IXD,160,77,72,149,1
2026-07-03,SLN,34,14,13,27,1
2026-07-03,FRG,488,227,221,448,1
2026-07-03,TTN,214,96,106,202,1
2026-07-03,LNS,242,121,112,233,1
2026-07-03,GFK,51,17,18,35,1
2026-07-03,DPA,536,289,264,553,1
2026-07-03,FCM,572,291,291,582,1
2026-07-03,APA,1007,525,618,1143,1
2026-07-03,HIO,738,391,389,780,1
2026-07-03,PAE,313,146,163,309,1
2026-07-03,DAB,1025,527,516,1043,1
2026-07-03,HWO,632,297,287,584,1
2026-07-03,FXE,711,340,335,675,1
2026-07-03,DTO,651,272,273,545,1
2026-07-03,GKY,313,139,138,277,1
2026-07-03,FTW,617,261,275,536,1
2026-07-03,FFZ,871,428,438,866,1
2026-07-03,SDL,287,149,153,302,1
2026-07-04,SUS,222,95,93,188,1
2026-07-04,IXD,12,5,6,11,1
2026-07-04,SLN,11,5,4,9,1
2026-07-04,FRG,240,110,106,216,1
2026-07-04,TTN,88,36,36,72,1
2026-07-04,LNS,75,31,28,59,1
2026-07-04,GFK,9,5,4,9,1
2026-07-04,DPA,135,69,60,129,1
2026-07-04,FCM,241,123,128,251,1
2026-07-04,APA,637,306,389,695,1
2026-07-04,HIO,322,137,140,277,1
2026-07-04,PAE,256,120,122,242,1
2026-07-04,DAB,496,256,243,499,1
2026-07-04,HWO,360,171,157,328,1
2026-07-04,FXE,414,216,204,420,1
2026-07-04,DTO,405,166,167,333,1
2026-07-04,GKY,161,67,68,135,1
2026-07-04,FTW,151,94,89,183,1
2026-07-04,FFZ,699,358,360,718,1
2026-07-04,SDL,186,109,104,213,1
2026-07-05,SUS,195,73,79,152,1
2026-07-05,IXD,150,56,52,108,1
2026-07-05,SLN,38,19,16,35,1
2026-07-05,FRG,409,190,188,378,1
2026-07-05,TTN,154,54,53,107,1
2026-07-05,LNS,120,65,66,131,1
2026-07-05,GFK,74,32,31,63,1
2026-07-05,DPA,205,111,102,213,1
2026-07-05,FCM,421,235,238,473,1
2026-07-05,APA,839,438,537,975,1
2026-07-05,HIO,565,310,295,605,1
2026-07-05,PAE,519,262,248,510,1
2026-07-05,DAB,524,256,247,503,1
2026-07-05,HWO,489,242,242,484,1
2026-07-05,FXE,394,217,213,430,1
2026-07-05,DTO,224,98,104,202,1
2026-07-05,GKY,164,61,55,116,1
2026-07-05,FTW,226,117,87,204,1
2026-07-05,FFZ,748,361,355,716,1
2026-07-05,SDL,339,179,164,343,1
2026-07-06,SUS,491,221,234,455,1
2026-07-06,IXD,274,103,102,205,1
2026-07-06,SLN,202,93,88,181,1
2026-07-06,FRG,65,24,37,61,1
2026-07-06,TTN,41,12,21,33,1
2026-07-06,LNS,97,48,41,89,1
2026-07-06,GFK,624,297,290,587,1
2026-07-06,DPA,786,416,423,839,1
2026-07-06,FCM,772,407,397,804,1
2026-07-06,APA,749,436,580,1016,1
2026-07-06,HIO,786,395,402,797,1
2026-07-06,PAE,490,263,261,524,1
2026-07-06,DAB,859,409,406,815,1
2026-07-06,HWO,693,357,343,700,1
2026-07-06,FXE,570,291,272,563,1
2026-07-06,DTO,640,288,269,557,1
2026-07-06,GKY,339,176,169,345,1
2026-07-06,FTW,731,229,227,456,1
2026-07-06,FFZ,876,441,444,885,1
2026-07-06,SDL,420,205,188,393,1
2026-07-07,SUS,648,276,281,557,1
2026-07-07,IXD,335,163,166,329,1
2026-07-07,SLN,217,122,117,239,1
2026-07-07,FRG,81,38,37,75,1
2026-07-07,TTN,41,35,54,89,1
2026-07-07,LNS,220,105,103,208,1
2026-07-07,GFK,1142,551,542,1093,1
2026-07-07,DPA,725,370,369,739,1
2026-07-07,FCM,674,337,332,669,1
2026-07-07,APA,1148,591,761,1352,1
2026-07-07,HIO,750,385,383,768,1
2026-07-07,PAE,646,300,327,627,1
2026-07-07,DAB,1001,487,474,961,1
2026-07-07,HWO,1110,467,466,933,1
2026-07-07,FXE,688,375,357,732,1
2026-07-07,DTO,751,279,286,565,1
2026-07-07,GKY,392,173,177,350,1
2026-07-07,FTW,912,255,262,517,1
2026-07-07,FFZ,1207,581,586,1167,1
2026-07-07,SDL,383,189,181,370,1
2026-07-08,SUS,663,276,274,550,1
2026-07-08,IXD,299,135,127,262,1
2026-07-08,SLN,266,107,108,215,1
2026-07-08,FRG,1081,461,473,934,1
2026-07-08,TTN,371,184,231,415,1
2026-07-08,LNS,556,250,239,489,1
2026-07-08,GFK,1712,798,831,1629,1
2026-07-08,DPA,844,439,415,854,1
2026-07-08,FCM,586,296,292,588,1
2026-07-08,APA,948,497,598,1095,1
2026-07-08,HIO,747,409,397,806,1
2026-07-08,PAE,231,102,99,201,1
2026-07-08,DAB,938,389,369,758,1
2026-07-08,HWO,1084,425,428,853,1
2026-07-08,FXE,766,351,351,702,1
2026-07-08,DTO,679,239,245,484,1
2026-07-08,GKY,352,167,166,333,1
2026-07-08,FTW,808,263,263,526,1
2026-07-08,FFZ,1187,554,555,1109,1
2026-07-08,SDL,396,185,176,361,1
2026-07-09,SUS,552,238,244,482,1
2026-07-09,IXD,200,102,105,207,1
2026-07-09,SLN,222,101,101,202,1
2026-07-09,FRG,672,298,302,600,1
2026-07-09,TTN,73,32,32,64,1
2026-07-09,LNS,46,19,17,36,1
2026-07-09,GFK,1082,516,521,1037,1
2026-07-09,DPA,627,354,332,686,1
2026-07-09,FCM,834,435,427,862,1
2026-07-09,APA,1109,551,656,1207,1
2026-07-09,HIO,819,431,428,859,1
2026-07-09,PAE,534,267,264,531,1
2026-07-09,DAB,1300,559,556,1115,1
2026-07-09,HWO,1292,547,541,1088,1
2026-07-09,FXE,683,352,344,696,1
2026-07-09,DTO,674,231,234,465,1
2026-07-09,GKY,328,153,143,296,1
2026-07-09,FTW,1061,298,310,608,1
2026-07-09,FFZ,1125,549,556,1105,1
2026-07-09,SDL,442,205,217,422,1
2026-07-10,SUS,429,177,179,356,1
2026-07-10,IXD,171,79,80,159,1
2026-07-10,SLN,223,125,128,253,1
2026-07-10,FRG,817,393,402,795,1
2026-07-10,TTN,290,132,162,294,1
2026-07-10,LNS,382,147,148,295,1
2026-07-10,GFK,1285,631,617,1248,1
2026-07-10,DPA,759,426,429,855,1
2026-07-10,FCM,795,401,403,804,1
2026-07-10,APA,1064,574,728,1302,1
2026-07-10,HIO,759,378,388,766,1
2026-07-10,PAE,550,251,248,499,1
2026-07-10,DAB,1495,646,645,1291,1
2026-07-10,HWO,1222,580,576,1156,1
2026-07-10,FXE,750,346,341,687,1
2026-07-10,DTO,652,263,259,522,1
2026-07-10,GKY,331,145,130,275,1
2026-07-10,FTW,746,224,230,454,1
2026-07-10,FFZ,1310,642,655,1297,1
2026-07-10,SDL,492,219,226,445,1
2026-07-11,SUS,204,75,74,149,1
2026-07-11,IXD,226,106,99,205,1
2026-07-11,SLN,128,73,72,145,1
2026-07-11,FRG,937,448,437,885,1
2026-07-11,TTN,191,90,116,206,1
2026-07-11,LNS,263,102,99,201,1
2026-07-11,GFK,489,233,235,468,1
2026-07-11,DPA,365,196,185,381,1
2026-07-11,FCM,318,152,167,319,1
2026-07-11,APA,1008,490,606,1096,1
2026-07-11,HIO,567,296,299,595,1
2026-07-11,PAE,439,205,202,407,1
2026-07-11,DAB,1047,440,421,861,1
2026-07-11,HWO,545,277,272,549,1
2026-07-11,FXE,693,292,297,589,1
2026-07-11,DTO,687,279,269,548,1
2026-07-11,GKY,366,150,147,297,1
2026-07-11,FTW,419,174,170,344,1
2026-07-11,FFZ,1153,586,578,1164,1
2026-07-11,SDL,281,135,130,265,1
2026-07-12,SUS,238,93,107,200,1
2026-07-12,IXD,219,107,101,208,1
2026-07-12,SLN,67,26,23,49,1
2026-07-12,FRG,972,480,489,969,1
2026-07-12,TTN,295,135,175,310,1
2026-07-12,LNS,305,146,137,283,1
2026-07-12,GFK,82,39,40,79,1
2026-07-12,DPA,622,314,308,622,1
2026-07-12,FCM,472,240,230,470,1
2026-07-12,APA,941,441,583,1024,1
2026-07-12,HIO,574,309,302,611,1
2026-07-12,PAE,605,316,308,624,1
2026-07-12,DAB,659,272,270,542,1
2026-07-12,HWO,695,283,272,555,1
2026-07-12,FXE,589,302,260,562,1
2026-07-12,DTO,418,168,156,324,1
2026-07-12,GKY,272,123,121,244,1
2026-07-12,FTW,354,147,137,284,1
2026-07-12,FFZ,813,410,405,815,1
2026-07-12,SDL,304,153,143,296,1
2026-07-13,SUS,623,236,254,490,1
2026-07-13,IXD,244,121,126,247,1
2026-07-13,SLN,307,145,142,287,1
2026-07-13,FRG,987,431,422,853,1
2026-07-13,TTN,350,153,178,331,1
2026-07-13,LNS,360,158,141,299,1
2026-07-13,GFK,466,220,219,439,1
2026-07-13,DPA,784,408,397,805,1
2026-07-13,FCM,631,315,310,625,1
2026-07-13,APA,959,409,552,961,1
2026-07-13,HIO,677,368,356,724,1
2026-07-13,PAE,566,280,292,572,1
2026-07-13,DAB,1100,457,436,893,1
2026-07-13,HWO,982,489,481,970,1
2026-07-13,FXE,685,302,297,599,1
2026-07-13,DTO,334,127,117,244,1
2026-07-13,GKY,159,74,65,139,1
2026-07-13,FTW,451,127,113,240,1
2026-07-13,FFZ,1167,607,614,1221,1
2026-07-13,SDL,499,213,216,429,1
2026-07-14,SUS,584,235,241,476,1
2026-07-14,IXD,297,126,125,251,1
2026-07-14,SLN,322,132,131,263,1
2026-07-14,FRG,800,418,416,834,1
2026-07-14,TTN,350,172,198,370,1
2026-07-14,LNS,355,171,166,337,1
2026-07-14,GFK,1343,600,644,1244,1
2026-07-14,DPA,787,427,423,850,1
2026-07-14,FCM,746,375,373,748,1
2026-07-14,APA,1192,585,724,1309,1
2026-07-14,HIO,755,386,389,775,1
2026-07-14,PAE,668,327,329,656,1
2026-07-14,DAB,874,444,429,873,1
2026-07-14,HWO,1055,488,504,992,1
2026-07-14,FXE,845,395,371,766,1
2026-07-14,DTO,566,227,246,473,1
2026-07-14,GKY,169,83,79,162,1
2026-07-14,FTW,640,215,217,432,1
2026-07-14,FFZ,1353,697,704,1401,1
2026-07-14,SDL,447,210,214,424,1
2026-07-15,SUS,613,270,287,557,1
2026-07-15,IXD,267,134,135,269,1
2026-07-15,SLN,452,201,194,395,1
2026-07-15,FRG,532,251,245,496,1
2026-07-15,TTN,270,119,131,250,1
2026-07-15,LNS,331,133,129,262,1
2026-07-15,GFK,1285,621,616,1237,1
2026-07-15,DPA,723,370,356,726,1
2026-07-15,FCM,751,357,358,715,1
2026-07-15,APA,1124,566,736,1302,1
2026-07-15,HIO,783,410,403,813,1
2026-07-15,PAE,606,300,310,610,1
2026-07-15,DAB,1180,591,573,1164,1
2026-07-15,HWO,1129,600,584,1184,1
2026-07-15,FXE,789,371,364,735,1
2026-07-15,DTO,602,225,228,453,1
2026-07-15,GKY,382,169,185,354,1
2026-07-15,FTW,1006,211,232,443,1
2026-07-15,FFZ,1285,653,668,1321,1
2026-07-15,SDL,347,161,162,323,1
2026-07-16,SUS,428,187,191,378,1
2026-07-16,IXD,199,98,101,199,1
2026-07-16,SLN,332,170,161,331,1
2026-07-16,FRG,681,298,290,588,1
2026-07-16,TTN,122,43,42,85,1
2026-07-16,LNS,195,79,76,155,1
2026-07-16,GFK,383,183,187,370,1
2026-07-16,DPA,259,134,134,268,1
2026-07-16,FCM,254,144,153,297,1
2026-07-16,APA,1165,579,765,1344,1
2026-07-16,HIO,541,262,259,521,1
2026-07-16,PAE,141,74,80,154,1
2026-07-16,DAB,1237,585,562,1147,1
2026-07-16,HWO,863,426,415,841,1
2026-07-16,FXE,750,362,349,711,1
2026-07-16,DTO,597,255,250,505,1
2026-07-16,GKY,245,110,106,216,1
2026-07-16,FTW,561,110,127,237,1
2026-07-16,FFZ,1187,568,572,1140,1
2026-07-16,SDL,454,231,228,459,1
2026-07-17,SUS,425,203,207,410,1
2026-07-17,IXD,228,114,115,229,1
2026-07-17,SLN,386,142,145,287,1
2026-07-17,FRG,646,320,322,642,1
2026-07-17,TTN,190,60,70,130,1
2026-07-17,LNS,96,46,50,96,1
2026-07-17,GFK,415,201,207,408,1
2026-07-17,DPA,309,182,173,355,1
2026-07-17,FCM,694,304,308,612,1
2026-07-17,APA,1103,544,697,1241,1
2026-07-17,HIO,897,445,437,882,1
2026-07-17,PAE,580,280,308,588,1
2026-07-17,DAB,1237,616,603,1219,1
2026-07-17,HWO,503,238,234,472,1
2026-07-17,FXE,616,290,301,591,1
2026-07-17,DTO,737,274,271,545,1
2026-07-17,GKY,309,137,131,268,1
2026-07-17,FTW,650,205,215,420,1
2026-07-17,FFZ,1031,481,493,974,1
2026-07-17,SDL,371,185,189,374,1
2026-07-18,SUS,374,131,135,266,1
2026-07-18,IXD,167,97,93,190,1
2026-07-18,SLN,127,46,46,92,1
2026-07-18,FRG,73,42,32,74,1
2026-07-18,TTN,44,30,17,47,1
2026-07-18,LNS,23,12,13,25,1
2026-07-18,GFK,967,466,465,931,1
2026-07-18,DPA,471,239,245,484,1
2026-07-18,FCM,409,198,229,427,1
2026-07-18,APA,1091,550,656,1206,1
2026-07-18,HIO,601,329,319,648,1
2026-07-18,PAE,553,278,282,560,1
2026-07-18,DAB,503,233,236,469,1
2026-07-18,HWO,474,237,227,464,1
2026-07-18,FXE,531,252,248,500,1
2026-07-18,DTO,531,183,186,369,1
2026-07-18,GKY,358,158,156,314,1
2026-07-18,FTW,294,152,144,296,1
2026-07-18,FFZ,969,524,521,1045,1
2026-07-18,SDL,302,156,145,301,1
2026-07-19,SUS,250,76,70,146,1
2026-07-19,IXD,140,66,64,130,1
2026-07-19,SLN,94,26,20,46,1
2026-07-19,FRG,634,292,305,597,1
2026-07-19,TTN,198,107,118,225,1
2026-07-19,LNS,302,124,121,245,1
2026-07-19,GFK,49,20,18,38,1
2026-07-19,DPA,396,200,190,390,1
2026-07-19,FCM,567,280,281,561,1
2026-07-19,APA,761,374,486,860,1
2026-07-19,HIO,625,324,330,654,1
2026-07-19,PAE,481,237,234,471,1
2026-07-19,DAB,476,224,223,447,1
2026-07-19,HWO,803,396,383,779,1
2026-07-19,FXE,608,311,299,610,1
2026-07-19,DTO,450,203,195,398,1
2026-07-19,GKY,307,138,136,274,1
2026-07-19,FTW,296,136,126,262,1
2026-07-19,FFZ,906,466,469,935,1
2026-07-19,SDL,333,145,152,297,1
2026-07-20,SUS,527,224,230,454,1
2026-07-20,IXD,188,65,64,129,1
2026-07-20,SLN,262,104,105,209,1
2026-07-20,FRG,1167,517,547,1064,1
2026-07-20,TTN,450,187,239,426,1
2026-07-20,LNS,488,221,205,426,1
2026-07-20,GFK,398,200,191,391,1
2026-07-20,DPA,716,369,354,723,1
2026-07-20,FCM,493,239,253,492,1
2026-07-20,APA,796,351,423,774,1
2026-07-20,HIO,941,465,463,928,1
2026-07-20,PAE,590,302,300,602,1
2026-07-20,DAB,626,310,303,613,1
2026-07-20,HWO,762,319,329,648,1
2026-07-20,FXE,677,329,304,633,1
2026-07-20,DTO,728,300,296,596,1
2026-07-20,GKY,411,182,173,355,1
2026-07-20,FTW,600,205,199,404,1
2026-07-20,FFZ,1089,602,604,1206,1
2026-07-20,SDL,408,197,191,388,1
2026-07-21,SUS,346,130,130,260,1
2026-07-21,IXD,200,87,89,176,1
2026-07-21,SLN,144,112,108,220,1
2026-07-21,FRG,321,126,133,259,1
2026-07-21,TTN,79,24,19,43,1
2026-07-21,LNS,57,31,28,59,1
2026-07-21,GFK,739,346,372,718,1
2026-07-21,DPA,556,291,310,601,1
2026-07-21,FCM,240,121,138,259,1
2026-07-21,APA,923,447,573,1020,1
2026-07-21,HIO,795,403,406,809,1
2026-07-21,PAE,688,345,352,697,1
2026-07-21,DAB,664,330,325,655,1
2026-07-21,HWO,990,449,446,895,1
2026-07-21,FXE,629,325,324,649,1
2026-07-21,DTO,733,297,308,605,1
2026-07-21,GKY,306,146,152,298,1
2026-07-21,FTW,658,231,233,464,1
2026-07-21,FFZ,1194,596,587,1183,1
2026-07-21,SDL,398,192,193,385,1
2026-07-22,SUS,593,259,270,529,1
2026-07-22,IXD,282,124,129,253,1
2026-07-22,SLN,457,196,192,388,1
2026-07-22,FRG,893,384,400,784,1
2026-07-22,TTN,166,66,89,155,1
2026-07-22,LNS,365,136,129,265,1
2026-07-22,GFK,1648,769,782,1551,1
2026-07-22,DPA,561,292,297,589,1
2026-07-22,FCM,614,304,307,611,1
2026-07-22,APA,985,512,617,1129,1
2026-07-22,HIO,463,232,225,457,1
2026-07-22,PAE,662,319,312,631,1
2026-07-22,DAB,1079,560,532,1092,1
2026-07-22,HWO,1152,498,510,1008,1
2026-07-22,FXE,743,369,352,721,1
2026-07-22,DTO,709,254,298,552,1
2026-07-22,GKY,270,123,115,238,1
2026-07-22,FTW,690,259,268,527,1
2026-07-22,FFZ,1345,661,674,1335,1
2026-07-22,SDL,447,220,218,438,1
2026-07-23,SUS,501,223,220,443,1
2026-07-23,IXD,234,106,115,221,1
2026-07-23,SLN,212,102,105,207,1
2026-07-23,FRG,1177,545,548,1093,1
2026-07-23,TTN,410,205,252,457,1
2026-07-23,LNS,521,225,204,429,1
2026-07-23,GFK,950,461,463,924,1
2026-07-23,DPA,659,357,341,698,1
2026-07-23,FCM,652,339,348,687,1
2026-07-23,APA,995,522,620,1142,1
2026-07-23,HIO,1010,496,491,987,1
2026-07-23,PAE,401,192,204,396,1
2026-07-23,DAB,1295,642,631,1273,1
2026-07-23,HWO,859,438,445,883,1
2026-07-23,FXE,725,340,350,690,1
2026-07-23,DTO,249,178,175,353,1
2026-07-23,GKY,205,86,86,172,1
2026-07-23,FTW,631,260,261,521,1
2026-07-23,FFZ,1156,571,589,1160,1
2026-07-23,SDL,461,223,229,452,1
2026-07-24,SUS,382,165,159,324,1
2026-07-24,IXD,46,25,19,44,1
2026-07-24,SLN,197,112,108,220,1
2026-07-24,FRG,1004,476,474,950,1
2026-07-24,TTN,371,184,225,409,1
2026-07-24,LNS,476,178,170,348,1
2026-07-24,GFK,135,66,64,130,1
2026-07-24,DPA,542,265,259,524,1
2026-07-24,FCM,496,252,247,499,1
2026-07-24,APA,907,486,593,1079,1
2026-07-24,HIO,754,396,395,791,1
2026-07-24,PAE,543,260,271,531,1
2026-07-24,DAB,1361,664,653,1317,1
2026-07-24,HWO,1063,452,437,889,1
2026-07-24,FXE,742,347,342,689,1
2026-07-24,DTO,219,245,252,497,0
2026-07-24,GKY,373,161,155,316,1
2026-07-24,FTW,640,245,257,502,1
2026-07-24,FFZ,565,290,299,589,1
2026-07-24,SDL,390,181,186,367,1
2026-07-25,SUS,373,169,168,337,1
2026-07-25,IXD,120,49,52,101,1
2026-07-25,SLN,143,65,65,130,1
2026-07-25,FRG,861,422,425,847,1
2026-07-25,TTN,249,121,156,277,1
2026-07-25,LNS,334,127,120,247,1
2026-07-25,GFK,638,311,305,616,1
2026-07-25,DPA,467,243,228,471,1
2026-07-25,FCM,477,232,230,462,1
2026-07-25,APA,796,404,561,965,1
2026-07-25,HIO,609,323,318,641,1
2026-07-25,PAE,201,103,104,207,1
2026-07-25,DAB,1018,485,477,962,1
2026-07-25,HWO,656,312,300,612,1
2026-07-25,FXE,617,266,265,531,1
2026-07-25,DTO,754,233,268,501,0
2026-07-25,GKY,303,157,144,301,1
2026-07-25,FTW,390,150,157,307,1
2026-07-25,FFZ,658,355,346,701,1
2026-07-25,SDL,310,144,140,284,1
2026-07-26,SUS,264,117,110,227,1
2026-07-26,IXD,130,73,66,139,1
2026-07-26,SLN,50,22,21,43,1
2026-07-26,FRG,961,477,470,947,1
2026-07-26,TTN,287,131,139,270,1
2026-07-26,LNS,302,124,117,241,1
2026-07-26,GFK,54,8,9,17,1
2026-07-26,DPA,335,181,167,348,1
2026-07-26,FCM,521,279,271,550,1
2026-07-26,APA,750,351,416,767,1
2026-07-26,HIO,694,347,345,692,1
2026-07-26,PAE,443,211,207,418,1
2026-07-26,DAB,632,306,282,588,1
2026-07-26,HWO,715,254,247,501,1
2026-07-26,FXE,432,221,203,424,1
2026-07-26,DTO,503,208,214,422,1
2026-07-26,GKY,258,122,117,239,1
2026-07-26,FTW,293,133,118,251,1
2026-07-26,FFZ,962,502,486,988,1
2026-07-26,SDL,363,174,170,344,1
2026-07-27,SUS,262,109,120,229,1
2026-07-27,IXD,228,119,117,236,1
2026-07-27,SLN,259,115,110,225,1
2026-07-27,FRG,752,378,372,750,1
2026-07-27,TTN,224,90,112,202,1
2026-07-27,LNS,350,168,152,320,1
2026-07-27,GFK,753,347,340,687,1
2026-07-27,DPA,92,50,40,90,1
2026-07-27,FCM,591,272,289,561,1
2026-07-27,APA,982,443,488,931,1
2026-07-27,HIO,909,487,490,977,1
2026-07-27,PAE,545,273,273,546,1
2026-07-27,DAB,870,440,431,871,1
2026-07-27,HWO,899,441,438,879,1
2026-07-27,FXE,621,283,269,552,1
2026-07-27,DTO,574,253,250,503,1
2026-07-27,GKY,279,128,130,258,1
2026-07-27,FTW,651,242,246,488,1
2026-07-27,FFZ,1192,607,607,1214,1
2026-07-27,SDL,440,191,170,361,1
2026-07-28,SUS,629,276,279,555,1
2026-07-28,IXD,228,110,112,222,1
2026-07-28,SLN,313,153,153,306,1
2026-07-28,FRG,173,82,73,155,1
2026-07-28,TTN,48,26,25,51,1
2026-07-28,LNS,75,34,40,74,1
2026-07-28,GFK,1539,743,744,1487,1
2026-07-28,DPA,848,428,429,857,1
2026-07-28,FCM,854,441,446,887,1
2026-07-28,APA,827,453,573,1026,1
2026-07-28,HIO,706,380,383,763,1
2026-07-28,PAE,299,145,153,298,1
2026-07-28,DAB,896,448,451,899,1
2026-07-28,HWO,1082,509,491,1000,1
2026-07-28,FXE,730,349,344,693,1
2026-07-28,DTO,687,292,306,598,1
2026-07-28,GKY,306,145,145,290,1
2026-07-28,FTW,740,236,228,464,1
2026-07-28,FFZ,918,446,463,909,1
2026-07-28,SDL,340,153,158,311,1
2026-07-29,SUS,591,259,269,528,1
2026-07-29,IXD,232,102,105,207,1
2026-07-29,SLN,259,104,102,206,1
2026-07-29,FRG,559,257,278,535,1
2026-07-29,TTN,195,81,83,164,1
2026-07-29,LNS,386,153,152,305,1
2026-07-29,GFK,758,369,375,744,1
2026-07-29,DPA,815,424,411,835,1
2026-07-29,FCM,778,413,406,819,1
2026-07-29,APA,984,507,637,1144,1
2026-07-29,HIO,783,398,392,790,1
2026-07-29,PAE,758,376,375,751,1
2026-07-29,DAB,1317,659,636,1295,1
2026-07-29,HWO,988,429,448,877,1
2026-07-29,FXE,664,350,320,670,1
2026-07-29,DTO,809,324,330,654,1
2026-07-29,GKY,390,187,176,363,1
2026-07-29,FTW,616,244,249,493,1
2026-07-29,FFZ,947,490,497,987,1
2026-07-29,SDL,513,219,222,441,1
2026-07-30,SUS,444,187,190,377,1
2026-07-30,IXD,217,104,111,215,1
2026-07-30,SLN,203,100,97,197,1
2026-07-30,FRG,380,163,167,330,1
2026-07-30,TTN,204,99,134,233,1
2026-07-30,LNS,341,123,124,247,1
2026-07-30,GFK,512,250,239,489,1
2026-07-30,DPA,723,374,364,738,1
2026-07-30,FCM,511,246,247,493,1
2026-07-30,APA,1020,547,666,1213,1
2026-07-30,HIO,696,371,373,744,1
2026-07-30,PAE,617,291,298,589,1
2026-07-30,DAB,772,376,365,741,1
2026-07-30,HWO,1124,542,541,1083,1
2026-07-30,FXE,651,310,316,626,1
2026-07-30,DTO,783,319,333,652,1
2026-07-30,GKY,199,99,84,183,1
2026-07-30,FTW,814,268,273,541,1
2026-07-30,FFZ,1439,726,721,1447,1
2026-07-30,SDL,455,212,217,429,1
2026-07-31,SUS,121,30,42,72,1
2026-07-31,IXD,173,81,83,164,1
2026-07-31,SLN,154,80,85,165,1
2026-07-31,FRG,1121,541,536,1077,1
2026-07-31,TTN,346,165,190,355,1
2026-07-31,LNS,411,170,163,333,1
2026-07-31,GFK,849,390,397,787,1
2026-07-31,DPA,573,314,309,623,1
2026-07-31,FCM,118,56,58,114,1
2026-07-31,APA,1114,556,691,1247,1
2026-07-31,HIO,768,386,373,759,1
2026-07-31,PAE,705,344,365,709,1
2026-07-31,DAB,1008,482,484,966,1
2026-07-31,HWO,949,455,441,896,1
2026-07-31,FXE,685,295,301,596,1
2026-07-31,DTO,624,272,275,547,1
2026-07-31,GKY,396,179,176,355,1
2026-07-31,FTW,733,245,255,500,1
2026-07-31,FFZ,1176,571,582,1153,1
2026-07-31,SDL,407,185,185,370,1
2026-08-01,SUS,133,6,19,25,1
2026-08-01,IXD,55,3,5,8,1
2026-08-01,SLN,69,11,14,25,1
2026-08-01,FRG,926,116,147,263,1
2026-08-01,TTN,253,21,36,57,1
2026-08-01,LNS,336,46,45,91,1
2026-08-01,GFK,1055,99,140,239,1
2026-08-01,DPA,115,9,10,19,1
2026-08-01,FCM,389,43,71,114,1
2026-08-01,APA,1113,166,225,391,1
2026-08-01,HIO,501,12,11,23,1
2026-08-01,PAE,112,3,6,9,1
2026-08-01,DAB,783,187,187,374,1
2026-08-01,HWO,623,137,158,295,1
2026-08-01,FXE,612,85,116,201,1
2026-08-01,DTO,557,80,102,182,1
2026-08-01,GKY,291,27,30,57,1
2026-08-01,FTW,261,36,49,85,1
2026-08-01,FFZ,984,138,187,325,1
2026-08-01,SDL,333,27,51,78,1
2026-08-02,SUS,275,105,113,218,1
2026-08-02,IXD,291,115,127,242,1
2026-08-02,SLN,68,28,30,58,1
2026-08-02,FRG,712,359,356,715,1
2026-08-02,TTN,136,55,60,115,1
2026-08-02,LNS,200,77,74,151,1
2026-08-02,GFK,28,13,16,29,1
2026-08-02,DPA,365,203,191,394,1
2026-08-02,FCM,629,318,329,647,1
2026-08-02,APA,826,403,518,921,1
2026-08-02,HIO,563,299,299,598,1
2026-08-02,PAE,619,312,312,624,1
2026-08-02,DAB,854,384,373,757,1
2026-08-02,HWO,611,271,259,530,1
2026-08-02,FXE,468,222,229,451,1
2026-08-02,DTO,577,247,259,506,1
2026-08-02,GKY,293,103,99,202,1
2026-08-02,FTW,332,121,133,254,1
2026-08-02,FFZ,838,429,427,856,1
2026-08-02,SDL,355,176,166,342,1
2026-08-03,SUS,481,196,211,407,1
2026-08-03,IXD,226,105,102,207,1
2026-08-03,SLN,298,165,159,324,1
2026-08-03,FRG,155,77,80,157,1
2026-08-03,TTN,148,57,74,131,1
2026-08-03,LNS,198,80,80,160,1
2026-08-03,GFK,78,34,33,67,1
2026-08-03,DPA,607,321,311,632,1
2026-08-03,FCM,320,154,156,310,1
2026-08-03,APA,865,408,538,946,1
2026-08-03,HIO,550,319,305,624,1
2026-08-03,PAE,657,320,319,639,1
2026-08-03,DAB,850,418,415,833,1
2026-08-03,HWO,865,375,392,767,1
2026-08-03,FXE,583,319,288,607,1
2026-08-03,DTO,542,223,241,464,1
2026-08-03,GKY,423,196,182,378,1
2026-08-03,FTW,558,215,220,435,1
2026-08-03,FFZ,1044,525,526,1051,1
2026-08-03,SDL,391,185,165,350,1
2026-08-04,SUS,475,210,199,409,1
2026-08-04,IXD,241,106,105,211,1
2026-08-04,SLN,333,155,158,313,1
2026-08-04,FRG,965,518,501,1019,1
2026-08-04,TTN,404,159,222,381,1
2026-08-04,LNS,515,220,207,427,1
2026-08-04,GFK,1715,805,818,1623,1
2026-08-04,DPA,657,350,333,683,1
2026-08-04,FCM,709,355,374,729,1
2026-08-04,APA,1406,659,720,1379,1
2026-08-04,HIO,378,196,190,386,1
2026-08-04,PAE,514,267,273,540,1
2026-08-04,DAB,1003,514,489,1003,1
2026-08-04,HWO,948,465,454,919,1
2026-08-04,FXE,722,371,361,732,1
2026-08-04,DTO,660,260,276,536,1
2026-08-04,GKY,387,186,182,368,1
2026-08-04,FTW,759,268,247,515,1
2026-08-04,FFZ,1308,639,649,1288,1
2026-08-04,SDL,390,192,188,380,1
2026-08-05,SUS,387,151,173,324,1
2026-08-05,IXD,143,66,67,133,1
2026-08-05,SLN,87,32,28,60,1
2026-08-05,FRG,711,351,337,688,1
2026-08-05,TTN,65,26,37,63,1
2026-08-05,LNS,82,36,34,70,1
2026-08-05,GFK,1478,707,709,1416,1
2026-08-05,DPA,450,235,226,461,1
2026-08-05,FCM,783,387,402,789,1
2026-08-05,APA,1254,663,764,1427,1
2026-08-05,HIO,313,145,143,288,1
2026-08-05,PAE,497,250,254,504,1
2026-08-05,DAB,1294,640,621,1261,1
2026-08-05,HWO,1082,547,524,1071,1
2026-08-05,FXE,849,391,384,775,1
2026-08-05,DTO,571,230,230,460,1
2026-08-05,GKY,335,159,155,314,1
2026-08-05,FTW,785,281,288,569,1
2026-08-05,FFZ,1333,634,634,1268,1
2026-08-05,SDL,452,198,189,387,1
2026-08-06,SUS,186,81,81,162,1
2026-08-06,IXD,221,85,87,172,1
2026-08-06,SLN,177,85,80,165,1
2026-08-06,FRG,171,75,77,152,1
2026-08-06,TTN,177,66,84,150,1
2026-08-06,LNS,204,95,95,190,1
2026-08-06,GFK,1194,561,556,1117,1
2026-08-06,DPA,564,319,309,628,1
2026-08-06,FCM,625,322,340,662,1
2026-08-06,APA,1281,658,803,1461,1
2026-08-06,HIO,585,282,289,571,1
2026-08-06,PAE,721,350,366,716,1
2026-08-06,DAB,894,435,434,869,1
2026-08-06,HWO,691,363,361,724,1
2026-08-06,FXE,628,339,328,667,1
2026-08-06,DTO,686,329,329,658,1
2026-08-06,GKY,282,121,110,231,1
2026-08-06,FTW,973,315,338,653,1
2026-08-06,FFZ,877,419,432,851,1
2026-08-06,SDL,463,197,218,415,1
2026-08-07,SUS,515,196,206,402,1
2026-08-07,IXD,216,92,90,182,1
2026-08-07,SLN,160,91,90,181,1
2026-08-07,FRG,851,429,417,846,1
2026-08-07,TTN,246,129,129,258,1
2026-08-07,LNS,131,55,52,107,1
2026-08-07,GFK,1127,525,521,1046,1
2026-08-07,DPA,604,307,310,617,1
2026-08-07,FCM,301,122,123,245,1
2026-08-07,APA,1154,590,670,1260,1
2026-08-07,HIO,941,496,491,987,1
2026-08-07,PAE,658,315,324,639,1
2026-08-07,DAB,775,360,352,712,1
2026-08-07,HWO,924,460,461,921,1
2026-08-07,FXE,714,353,350,703,1
2026-08-07,DTO,577,235,235,470,1
2026-08-07,GKY,283,133,118,251,1
2026-08-07,FTW,719,260,261,521,1
2026-08-07,FFZ,835,411,415,826,1
2026-08-07,SDL,370,166,186,352,1
2026-08-08,SUS,541,257,239,496,1
2026-08-08,IXD,239,102,105,207,1
2026-08-08,SLN,101,49,53,102,1
2026-08-08,FRG,664,331,324,655,1
2026-08-08,TTN,106,51,73,124,1
2026-08-08,LNS,197,79,81,160,1
2026-08-08,GFK,783,374,368,742,1
2026-08-08,DPA,459,241,234,475,1
2026-08-08,FCM,567,299,295,594,1
2026-08-08,APA,755,364,426,790,1
2026-08-08,HIO,749,367,361,728,1
2026-08-08,PAE,519,269,273,542,1
2026-08-08,DAB,590,285,277,562,1
2026-08-08,HWO,716,380,371,751,1
2026-08-08,FXE,637,324,308,632,1
2026-08-08,DTO,262,173,180,353,1
2026-08-08,GKY,339,164,158,322,1
2026-08-08,FTW,421,168,159,327,1
2026-08-08,FFZ,879,434,440,874,1
2026-08-08,SDL,301,146,132,278,1
2026-08-09,SUS,217,56,48,104,1
2026-08-09,IXD,159,39,30,69,1
2026-08-09,SLN,20,5,3,8,1
2026-08-09,FRG,874,251,228,479,1
2026-08-09,TTN,203,55,58,113,1
2026-08-09,LNS,318,62,58,120,1
2026-08-09,GFK,54,16,12,28,1
2026-08-09,DPA,342,99,79,178,1
2026-08-09,FCM,402,145,131,276,1
2026-08-09,APA,918,179,200,379,1
2026-08-09,HIO,634,271,244,515,1
2026-08-09,PAE,610,241,206,447,1
2026-08-09,DAB,930,200,189,389,1
2026-08-09,HWO,622,121,107,228,1
2026-08-09,FXE,497,144,123,267,1
2026-08-09,DTO,448,93,86,179,1
2026-08-09,GKY,171,41,34,75,1
2026-08-09,FTW,346,88,51,139,1
2026-08-09,FFZ,790,173,138,311,1
2026-08-09,SDL,296,95,59,154,1
2026-08-10,SUS,466,219,212,431,1
2026-08-10,IXD,281,127,130,257,1
2026-08-10,SLN,166,98,97,195,1
2026-08-10,FRG,901,429,431,860,1
2026-08-10,TTN,214,99,129,228,1
2026-08-10,LNS,189,70,63,133,1
2026-08-10,GFK,1260,586,583,1169,1
2026-08-10,DPA,543,286,285,571,1
2026-08-10,FCM,700,343,344,687,1
2026-08-10,APA,1022,502,576,1078,1
2026-08-10,HIO,972,493,475,968,1
2026-08-10,PAE,389,197,203,400,1
2026-08-10,DAB,1165,583,569,1152,1
2026-08-10,HWO,863,379,373,752,1
2026-08-10,FXE,689,358,346,704,1
2026-08-10,DTO,499,197,205,402,1
2026-08-10,GKY,311,145,136,281,1
2026-08-10,FTW,527,208,222,430,1
2026-08-10,FFZ,1134,551,559,1110,1
2026-08-10,SDL,429,195,187,382,1
2026-08-11,SUS,427,181,177,358,1
2026-08-11,IXD,241,114,106,220,1
2026-08-11,SLN,170,81,78,159,1
2026-08-11,FRG,1010,465,473,938,1
2026-08-11,TTN,337,148,169,317,1
2026-08-11,LNS,392,175,168,343,1
2026-08-11,GFK,1260,598,608,1206,1
2026-08-11,DPA,499,261,248,509,1
2026-08-11,FCM,714,372,375,747,1
2026-08-11,APA,1173,573,643,1216,1
2026-08-11,HIO,957,490,482,972,1
2026-08-11,PAE,489,249,251,500,1
2026-08-11,DAB,1044,506,496,1002,1
2026-08-11,HWO,1034,562,542,1104,1
2026-08-11,FXE,750,347,339,686,1
2026-08-11,DTO,632,259,268,527,1
2026-08-11,GKY,328,144,134,278,1
2026-08-11,FTW,729,281,279,560,1
2026-08-11,FFZ,1136,558,575,1133,1
2026-08-11,SDL,445,206,207,413,1
2026-08-12,SUS,330,65,89,154,1
2026-08-12,IXD,237,38,45,83,1
2026-08-12,SLN,236,60,67,127,1
2026-08-12,FRG,361,40,43,83,1
2026-08-12,TTN,296,79,119,198,1
2026-08-12,LNS,343,87,80,167,1
2026-08-12,GFK,1093,183,219,402,1
2026-08-12,DPA,507,70,75,145,1
2026-08-12,FCM,734,177,197,374,1
2026-08-12,APA,976,328,431,759,1
2026-08-12,HIO,1147,198,206,404,1
2026-08-12,PAE,579,55,63,118,1
2026-08-12,DAB,978,338,367,705,1
2026-08-12,HWO,912,354,348,702,1
2026-08-12,FXE,653,216,237,453,1
2026-08-12,DTO,590,148,153,301,1
2026-08-12,GKY,304,72,67,139,1
2026-08-12,FTW,669,98,118,216,1
2026-08-12,FFZ,1122,355,398,753,1
2026-08-12,SDL,408,93,124,217,1
2026-08-13,SUS,359,158,160,318,1
2026-08-13,IXD,264,110,117,227,1
2026-08-13,SLN,143,52,49,101,1
2026-08-13,FRG,966,462,478,940,1
2026-08-13,TTN,303,114,139,253,1
2026-08-13,LNS,360,154,150,304,1
2026-08-13,GFK,1047,497,487,984,1
2026-08-13,DPA,297,155,156,311,1
2026-08-13,FCM,710,355,384,739,1
2026-08-13,APA,1134,586,714,1300,1
2026-08-13,HIO,1105,558,539,1097,1
2026-08-13,PAE,593,295,313,608,1
2026-08-13,DAB,1322,667,650,1317,1
2026-08-13,HWO,1218,501,499,1000,1
2026-08-13,FXE,625,342,339,681,1
2026-08-13,DTO,435,183,184,367,1
2026-08-13,GKY,384,175,170,345,1
2026-08-13,FTW,503,173,175,348,1
2026-08-13,FFZ,1245,593,606,1199,1
2026-08-13,SDL,429,195,208,403,1
2026-08-14,SUS,286,105,114,219,1
2026-08-14,IXD,250,104,111,215,1
2026-08-14,SLN,216,103,101,204,1
2026-08-14,FRG,689,326,335,661,1
2026-08-14,TTN,233,110,133,243,1
2026-08-14,LNS,424,159,147,306,1
2026-08-14,GFK,989,466,470,936,1
2026-08-14,DPA,523,272,262,534,1
2026-08-14,FCM,672,339,340,679,1
2026-08-14,APA,747,382,443,825,1
2026-08-14,HIO,714,373,375,748,1
2026-08-14,PAE,509,264,272,536,1
2026-08-14,DAB,909,443,428,871,1
2026-08-14,HWO,740,373,374,747,1
2026-08-14,FXE,728,380,368,748,1
2026-08-14,DTO,487,207,209,416,1
2026-08-14,GKY,335,144,134,278,1
2026-08-14,FTW,588,201,189,390,1
2026-08-14,FFZ,1239,632,654,1286,1
2026-08-14,SDL,453,203,215,418,1
2026-08-15,SUS,367,138,141,279,1
2026-08-15,IXD,196,110,107,217,1
2026-08-15,SLN,93,41,40,81,1
2026-08-15,FRG,884,430,443,873,1
2026-08-15,TTN,135,61,76,137,1
2026-08-15,LNS,400,140,134,274,1
2026-08-15,GFK,59,31,31,62,1
2026-08-15,DPA,89,42,43,85,1
2026-08-15,FCM,143,67,80,147,1
2026-08-15,APA,796,393,446,839,1
2026-08-15,HIO,558,287,287,574,1
2026-08-15,PAE,277,174,168,342,1
2026-08-15,DAB,984,502,478,980,1
2026-08-15,HWO,887,382,390,772,1
2026-08-15,FXE,736,349,336,685,1
2026-08-15,DTO,513,214,205,419,1
2026-08-15,GKY,324,146,137,283,1
2026-08-15,FTW,510,168,173,341,1
2026-08-15,FFZ,706,370,401,771,1
2026-08-15,SDL,348,168,170,338,1
2026-08-16,SUS,219,98,86,184,1
2026-08-16,IXD,162,90,83,173,1
2026-08-16,SLN,38,24,23,47,1
2026-08-16,FRG,776,382,373,755,1
2026-08-16,TTN,52,26,29,55,1
2026-08-16,LNS,30,14,18,32,1
2026-08-16,GFK,46,21,21,42,1
2026-08-16,DPA,342,174,164,338,1
2026-08-16,FCM,375,206,201,407,1
2026-08-16,APA,836,395,438,833,1
2026-08-16,HIO,698,359,354,713,1
2026-08-16,PAE,524,279,265,544,1
2026-08-16,DAB,861,425,403,828,1
2026-08-16,HWO,817,327,325,652,1
2026-08-16,FXE,574,300,278,578,1
2026-08-16,DTO,472,185,192,377,1
2026-08-16,GKY,378,165,159,324,1
2026-08-16,FTW,488,149,154,303,1
2026-08-16,FFZ,1072,524,523,1047,1
2026-08-16,SDL,333,172,151,323,1
2026-08-17,SUS,437,183,189,372,1
2026-08-17,IXD,275,129,125,254,1
2026-08-17,SLN,214,112,111,223,1
2026-08-17,FRG,88,40,44,84,1
2026-08-17,TTN,122,37,49,86,1
2026-08-17,LNS,212,86,82,168,1
2026-08-17,GFK,904,432,430,862,1
2026-08-17,DPA,799,437,410,847,1
2026-08-17,FCM,704,332,327,659,1
2026-08-17,APA,1114,576,693,1269,1
2026-08-17,HIO,902,433,424,857,1
2026-08-17,PAE,435,221,226,447,1
2026-08-17,DAB,1029,510,506,1016,1
2026-08-17,HWO,1161,575,590,1165,1
2026-08-17,FXE,662,325,315,640,1
2026-08-17,DTO,606,249,258,507,1
2026-08-17,GKY,394,163,163,326,1
2026-08-17,FTW,908,247,240,487,1
2026-08-17,FFZ,882,448,455,903,1
2026-08-17,SDL,366,154,155,309,1
2026-08-18,SUS,514,220,222,442,1
2026-08-18,IXD,236,109,111,220,1
2026-08-18,SLN,68,31,28,59,1
2026-08-18,FRG,918,435,439,874,1
2026-08-18,TTN,168,79,96,175,1
2026-08-18,LNS,515,211,192,403,1
2026-08-18,GFK,1116,542,533,1075,1
2026-08-18,DPA,660,347,338,685,1
2026-08-18,FCM,695,340,329,669,1
2026-08-18,APA,1133,546,596,1142,1
2026-08-18,HIO,936,479,471,950,1
2026-08-18,PAE,605,316,320,636,1
2026-08-18,DAB,999,493,474,967,1
2026-08-18,HWO,1019,447,459,906,1
2026-08-18,FXE,724,360,357,717,1
2026-08-18,DTO,620,267,265,532,1
2026-08-18,GKY,309,152,145,297,1
2026-08-18,FTW,650,250,232,482,1
2026-08-18,FFZ,1043,527,526,1053,1
2026-08-18,SDL,403,190,182,372,1
2026-08-19,SUS,517,218,221,439,1
2026-08-19,IXD,234,80,87,167,1
2026-08-19,SLN,212,79,76,155,1
2026-08-19,FRG,1210,508,511,1019,1
2026-08-19,TTN,284,119,134,253,1
2026-08-19,LNS,494,191,184,375,1
2026-08-19,GFK,1024,433,422,855,1
2026-08-19,DPA,568,292,261,553,1
2026-08-19,FCM,634,282,294,576,1
2026-08-19,APA,1229,538,630,1168,1
2026-08-19,HIO,825,410,395,805,1
2026-08-19,PAE,656,306,319,625,1
2026-08-19,DAB,1072,451,450,901,1
2026-08-19,HWO,1018,410,423,833,1
2026-08-19,FXE,552,325,325,650,1
2026-08-19,DTO,664,236,236,472,1
2026-08-19,GKY,306,119,115,234,1
2026-08-19,FTW,709,207,200,407,1
2026-08-19,FFZ,1284,522,502,1024,1
2026-08-19,SDL,410,166,149,315,1
2026-08-20,SUS,458,213,209,422,1
2026-08-20,IXD,318,157,158,315,1
2026-08-20,SLN,343,144,136,280,1
2026-08-20,FRG,775,379,380,759,1
2026-08-20,TTN,140,72,81,153,1
2026-08-20,LNS,168,68,66,134,1
2026-08-20,GFK,246,106,100,206,1
2026-08-20,DPA,705,375,367,742,1
2026-08-20,FCM,544,250,258,508,1
2026-08-20,APA,1138,562,636,1198,1
2026-08-20,HIO,694,361,356,717,1
2026-08-20,PAE,559,271,278,549,1
2026-08-20,DAB,785,374,373,747,1
2026-08-20,HWO,1079,513,506,1019,1
2026-08-20,FXE,566,337,335,672,1
2026-08-20,DTO,535,250,260,510,1
2026-08-20,GKY,329,139,138,277,1
2026-08-20,FTW,803,267,261,528,1
2026-08-20,FFZ,1489,685,693,1378,1
2026-08-20,SDL,425,195,204,399,1
2026-08-21,SUS,514,235,239,474,1
2026-08-21,IXD,244,112,118,230,1
2026-08-21,SLN,201,87,86,173,1
2026-08-21,FRG,737,359,358,717,1
2026-08-21,TTN,256,108,120,228,1
2026-08-21,LNS,421,201,193,394,1
2026-08-21,GFK,1043,481,479,960,1
2026-08-21,DPA,453,229,216,445,1
2026-08-21,FCM,490,243,240,483,1
2026-08-21,APA,921,482,557,1039,1
2026-08-21,HIO,728,394,381,775,1
2026-08-21,PAE,733,335,362,697,1
2026-08-21,DAB,931,455,434,889,1
2026-08-21,HWO,649,356,355,711,1
2026-08-21,FXE,645,349,338,687,1
2026-08-21,DTO,620,245,254,499,1
2026-08-21,GKY,348,154,146,300,1
2026-08-21,FTW,660,208,226,434,1
2026-08-21,FFZ,1170,592,595,1187,1
2026-08-21,SDL,435,212,207,419,1
2026-08-22,SUS,391,179,180,359,1
2026-08-22,IXD,196,92,87,179,1
2026-08-22,SLN,80,39,38,77,1
2026-08-22,FRG,740,348,338,686,1
2026-08-22,TTN,61,21,27,48,1
2026-08-22,LNS,247,115,105,220,1
2026-08-22,GFK,481,236,230,466,1
2026-08-22,DPA,475,251,254,505,1
2026-08-22,FCM,367,188,202,390,1
2026-08-22,APA,767,435,478,913,1
2026-08-22,HIO,429,213,212,425,1
2026-08-22,PAE,312,147,142,289,1
2026-08-22,DAB,898,423,406,829,1
2026-08-22,HWO,769,329,317,646,1
2026-08-22,FXE,599,303,302,605,1
2026-08-22,DTO,506,194,202,396,1
2026-08-22,GKY,315,140,126,266,1
2026-08-22,FTW,529,171,170,341,1
2026-08-22,FFZ,941,490,473,963,1
2026-08-22,SDL,347,169,168,337,1
2026-08-23,SUS,266,128,118,246,1
2026-08-23,IXD,221,101,100,201,1
2026-08-23,SLN,64,19,21,40,1
2026-08-23,FRG,448,215,219,434,1
2026-08-23,TTN,87,44,49,93,1
2026-08-23,LNS,187,71,70,141,1
2026-08-23,GFK,291,142,142,284,1
2026-08-23,DPA,448,224,211,435,1
2026-08-23,FCM,637,306,305,611,1
2026-08-23,APA,866,425,521,946,1
2026-08-23,HIO,588,304,299,603,1
2026-08-23,PAE,554,285,285,570,1
2026-08-23,DAB,597,277,277,554,1
2026-08-23,HWO,698,323,317,640,1
2026-08-23,FXE,499,245,234,479,1
2026-08-23,DTO,357,146,148,294,1
2026-08-23,GKY,285,117,119,236,1
2026-08-23,FTW,272,126,120,246,1
2026-08-23,FFZ,887,453,438,891,1
2026-08-23,SDL,358,155,154,309,1
2026-08-24,SUS,363,159,174,333,1
2026-08-24,IXD,193,90,89,179,1
2026-08-24,SLN,202,141,136,277,1
2026-08-24,FRG,929,459,466,925,1
2026-08-24,TTN,259,101,119,220,1
2026-08-24,LNS,286,115,111,226,1
2026-08-24,GFK,583,269,263,532,1
2026-08-24,DPA,624,321,297,618,1
2026-08-24,FCM,765,369,380,749,1
2026-08-24,APA,1097,521,571,1092,1
2026-08-24,HIO,727,382,390,772,1
2026-08-24,PAE,506,247,247,494,1
2026-08-24,DAB,1018,513,495,1008,1
2026-08-24,HWO,901,436,429,865,1
2026-08-24,FXE,559,281,274,555,1
2026-08-24,DTO,430,184,191,375,1
2026-08-24,GKY,371,188,180,368,1
2026-08-24,FTW,672,226,230,456,1
2026-08-24,FFZ,1187,601,606,1207,1
2026-08-24,SDL,385,180,180,360,1
2026-08-25,SUS,534,231,240,471,1
2026-08-25,IXD,342,143,150,293,1
2026-08-25,FRG,1028,509,508,1017,1
2026-08-25,TTN,250,115,135,250,1
2026-08-25,LNS,384,130,133,263,1
2026-08-25,GFK,839,362,363,725,1
2026-08-25,DPA,658,357,334,691,1
2026-08-25,FCM,612,270,270,540,1
2026-08-25,APA,1190,563,674,1237,1
2026-08-25,HIO,912,459,458,917,1
2026-08-25,PAE,497,236,234,470,1
2026-08-25,DAB,727,344,342,686,1
2026-08-25,HWO,904,425,417,842,1
2026-08-25,FXE,742,370,355,725,1
2026-08-25,DTO,528,243,253,496,1
2026-08-25,GKY,301,133,131,264,1
2026-08-25,FTW,613,223,239,462,1
2026-08-25,FFZ,1133,565,571,1136,1
2026-08-25,SDL,428,194,189,383,1
2026-08-26,SUS,661,298,302,600,1
2026-08-26,IXD,236,109,117,226,1
2026-08-26,SLN,369,179,173,352,1
2026-08-26,FRG,1012,449,435,884,1
2026-08-26,TTN,248,111,123,234,1
2026-08-26,LNS,475,205,192,397,1
2026-08-26,GFK,824,365,361,726,1
2026-08-26,DPA,512,293,273,566,1
2026-08-26,FCM,614,286,294,580,1
2026-08-26,APA,1127,595,719,1314,1
2026-08-26,HIO,744,390,387,777,1
2026-08-26,PAE,505,246,248,494,1
2026-08-26,DAB,870,425,417,842,1
2026-08-26,HWO,1066,499,508,1007,1
2026-08-26,FXE,620,337,330,667,1
2026-08-26,DTO,595,238,247,485,1
2026-08-26,GKY,334,160,155,315,1
2026-08-26,FTW,760,255,245,500,1
2026-08-26,FFZ,1079,513,512,1025,1
2026-08-26,SDL,414,195,196,391,1
2026-08-27,SUS,577,260,263,523,1
2026-08-27,IXD,247,110,113,223,1
2026-08-27,SLN,259,122,119,241,1
2026-08-27,FRG,468,224,222,446,1
2026-08-27,TTN,58,26,30,56,1
2026-08-27,LNS,193,89,85,174,1
2026-08-27,GFK,1148,540,537,1077,1
2026-08-27,DPA,569,301,287,588,1
2026-08-27,FCM,696,349,350,699,1
2026-08-27,APA,1215,604,708,1312,1
2026-08-27,HIO,820,428,428,856,1
2026-08-27,PAE,371,175,182,357,1
2026-08-27,DAB,844,398,399,797,1
2026-08-27,HWO,999,501,519,1020,1
2026-08-27,FXE,654,355,342,697,1
2026-08-27,DTO,620,278,295,573,1
2026-08-27,GKY,363,176,169,345,1
2026-08-27,FTW,655,254,274,528,1
2026-08-27,FFZ,1288,590,590,1180,1
2026-08-27,SDL,467,235,242,477,1
2026-08-28,SUS,561,250,252,502,1
2026-08-28,IXD,376,169,175,344,1
2026-08-28,SLN,244,136,133,269,1
2026-08-28,FRG,757,384,392,776,1
2026-08-28,TTN,199,94,112,206,1
2026-08-28,LNS,369,157,157,314,1
2026-08-28,GFK,788,362,359,721,1
2026-08-28,DPA,537,291,279,570,1
2026-08-28,FCM,719,357,371,728,1
2026-08-28,APA,961,518,612,1130,1
2026-08-28,HIO,827,424,409,833,1
2026-08-28,PAE,640,312,326,638,1
2026-08-28,DAB,1089,512,509,1021,1
2026-08-28,HWO,1022,513,515,1028,1
2026-08-28,FXE,807,377,369,746,1
2026-08-28,DTO,764,324,331,655,1
2026-08-28,GKY,308,159,136,295,1
2026-08-28,FTW,668,223,232,455,1
2026-08-28,FFZ,1093,531,539,1070,1
2026-08-28,SDL,408,195,205,400,1
2026-08-29,SUS,442,177,180,357,1
2026-08-29,IXD,161,71,77,148,1
2026-08-29,SLN,72,40,39,79,1
2026-08-29,FRG,892,441,451,892,1
2026-08-29,TTN,147,72,78,150,1
2026-08-29,LNS,464,185,170,355,1
2026-08-29,GFK,869,422,406,828,1
2026-08-29,DPA,466,269,255,524,1
2026-08-29,FCM,313,145,138,283,1
2026-08-29,APA,936,480,584,1064,1
2026-08-29,HIO,412,225,233,458,1
2026-08-29,PAE,358,168,174,342,1
2026-08-29,DAB,1032,456,454,910,1
2026-08-29,HWO,139,78,85,163,1
2026-08-29,FXE,414,200,194,394,1
2026-08-29,DTO,503,197,203,400,1
2026-08-29,GKY,339,145,149,294,1
2026-08-29,FTW,343,149,143,292,1
2026-08-29,FFZ,972,492,479,971,1
2026-08-29,SDL,300,141,124,265,1
2026-08-30,SUS,280,127,124,251,1
2026-08-30,IXD,138,70,71,141,1
2026-08-30,SLN,13,7,8,15,1
2026-08-30,FRG,790,388,395,783,1
2026-08-30,TTN,122,51,57,108,1
2026-08-30,LNS,156,60,56,116,1
2026-08-30,GFK,315,181,182,363,1
2026-08-30,DPA,228,118,107,225,1
2026-08-30,FCM,415,221,231,452,1
2026-08-30,APA,808,374,470,844,1
2026-08-30,HIO,579,303,291,594,1
2026-08-30,PAE,698,363,354,717,1
2026-08-30,DAB,974,468,499,967,1
2026-08-30,HWO,761,392,387,779,1
2026-08-30,FXE,443,254,246,500,1
2026-08-30,DTO,483,200,199,399,1
2026-08-30,GKY,275,119,122,241,1
2026-08-30,FTW,263,108,96,204,1
2026-08-30,FFZ,855,400,394,794,1
2026-08-30,SDL,361,192,175,367,1
2026-08-31,SUS,400,159,161,320,1
2026-08-31,IXD,216,69,67,136,1
2026-08-31,SLN,201,76,76,152,1
2026-08-31,FRG,977,487,481,968,1
2026-08-31,TTN,267,107,134,241,1
2026-08-31,LNS,353,108,105,213,1
2026-08-31,GFK,955,426,419,845,1
2026-08-31,DPA,445,214,208,422,1
2026-08-31,FCM,568,282,288,570,1
2026-08-31,APA,1053,493,588,1081,1
2026-08-31,HIO,796,340,350,690,1
2026-08-31,PAE,479,194,196,390,1
2026-08-31,DAB,1139,485,490,975,1
2026-08-31,HWO,878,431,430,861,1
2026-08-31,FXE,631,319,315,634,1
2026-08-31,DTO,623,222,230,452,1
2026-08-31,GKY,273,115,109,224,1
2026-08-31,FTW,588,183,191,374,1
2026-08-31,FFZ,560,224,235,459,1
2026-08-31,SDL,286,101,105,206,1
