facility,date,quarter,tower_ops,detected_ops,capture,wind_mean,gust_max,xw_mean,vmc_share,precip_share
BAF,2024-01-20,2024Q1,45,11,0.24444444444444444,10.4,23.0,2.1992665115464876,0.7333333333333333,0.2
BAF,2025-07-02,2025Q3,409,93,0.2273838630806846,4.6,0,2.2893271434380256,1.0,0.0
BAF,2025-07-05,2025Q3,171,68,0.39766081871345027,4.533333333333333,0,1.2656197211825388,1.0,0.0
BAF,2025-07-09,2025Q3,252,65,0.25793650793650796,3.8666666666666667,0,1.4815053039219355,0.7333333333333333,0.13333333333333333
BAF,2025-07-11,2025Q3,99,21,0.21212121212121213,6.266666666666667,0,1.2504972093791873,0.5333333333333333,0.0
BAF,2025-07-13,2025Q3,121,34,0.2809917355371901,6.857142857142857,0,2.0901663773010393,0.5714285714285714,0.0
BAF,2025-07-15,2025Q3,237,49,0.20675105485232068,4.4,0,1.1921238395290252,1.0,0.0
BAF,2025-07-19,2025Q3,192,65,0.3385416666666667,6.866666666666666,18.0,0.9640241474566582,1.0,0.0
BAF,2025-07-20,2025Q3,100,25,0.25,6.466666666666667,38.0,1.1592262234128423,0.6,0.06666666666666667
BAF,2025-07-22,2025Q3,251,75,0.29880478087649404,2.6666666666666665,0,0.8084105518452338,1.0,0.0
BAF,2025-07-23,2025Q3,337,131,0.3887240356083086,5.666666666666667,17.0,1.0853169419348472,1.0,0.0
BAF,2025-07-25,2025Q3,150,42,0.28,7.0,19.0,2.6710870210733835,0.9333333333333333,0.06666666666666667
BAF,2025-07-26,2025Q3,224,55,0.24553571428571427,4.066666666666666,0,1.2127427655865057,0.7333333333333333,0.0
BAF,2025-07-28,2025Q3,256,64,0.25,2.6666666666666665,0,1.1690699870273316,0.8666666666666667,0.0
BAF,2025-07-29,2025Q3,307,78,0.254071661237785,6.866666666666666,15.0,2.9622827076819442,1.0,0.0
BAF,2025-08-02,2025Q3,190,82,0.43157894736842106,4.466666666666667,15.0,1.6680084538768651,1.0,0.0
BAF,2025-08-03,2025Q3,223,98,0.43946188340807174,3.2,0,0.913984380519142,1.0,0.0
BAF,2025-08-05,2025Q3,192,51,0.265625,3.6,0,1.0651275810899639,0.6666666666666666,0.0
BAF,2025-08-06,2025Q3,271,80,0.2952029520295203,2.6666666666666665,0,0.7321109043881714,0.6666666666666666,0.0
BAF,2025-08-08,2025Q3,288,99,0.34375,4.533333333333333,0,1.1655924543720668,1.0,0.0
BAF,2025-08-09,2025Q3,210,79,0.3761904761904762,3.0,0,0.883775025126923,1.0,0.0
BAF,2025-08-10,2025Q3,152,49,0.3223684210526316,3.1333333333333333,0,0.6149470773542233,1.0,0.0
BAF,2025-08-12,2025Q3,169,47,0.2781065088757396,3.2666666666666666,0,0.983488034423663,1.0,0.0
BAF,2025-08-14,2025Q3,196,60,0.30612244897959184,2.8,39.0,1.1764114153173137,0.8666666666666667,0.13333333333333333
BAF,2025-08-15,2025Q3,187,47,0.25133689839572193,4.333333333333333,14.0,0.7899418676952211,1.0,0.0
BAF,2025-08-17,2025Q3,201,46,0.22885572139303484,6.466666666666667,22.0,2.156835103468698,0.9333333333333333,0.06666666666666667
BAF,2025-08-18,2025Q3,170,50,0.29411764705882354,6.133333333333334,21.0,1.6710483214249405,1.0,0.0
BAF,2025-08-19,2025Q3,302,85,0.2814569536423841,4.333333333333333,0,0.9044461173776468,1.0,0.0
BAF,2025-08-22,2025Q3,280,58,0.20714285714285716,3.1333333333333333,0,0.9727654101209711,1.0,0.0
BAF,2025-08-30,2025Q3,196,40,0.20408163265306123,7.533333333333333,23.0,2.3255816414593142,1.0,0.0
BAF,2025-08-31,2025Q3,158,52,0.3291139240506329,5.4,14.0,3.200364931339333,1.0,0.0
BAF,2025-09-01,2025Q3,190,77,0.4052631578947368,3.8,0,1.0853967360542607,1.0,0.0
BAF,2025-09-02,2025Q3,257,61,0.23735408560311283,4.466666666666667,0,0.8982369091411484,0.9333333333333333,0.0
BAF,2025-09-03,2025Q3,107,42,0.3925233644859813,5.066666666666666,0,1.4608546897812142,1.0,0.0
BAF,2025-09-07,2025Q3,134,29,0.21641791044776118,3.8,0,1.15894338234313,0.6,0.2
BAF,2025-09-09,2025Q3,248,51,0.2056451612903226,6.416666666666667,12.0,2.9959426493614236,1.0,0.0
BAF,2025-09-10,2025Q3,241,157,0.6514522821576764,6.8,14.0,3.07139056173948,1.0,0.0
BAF,2025-09-12,2025Q3,281,206,0.7330960854092526,5.066666666666666,0,2.014191425698953,1.0,0.0
BAF,2025-09-13,2025Q3,185,116,0.6270270270270271,5.6,0,1.4943997960613766,0.8666666666666667,0.0
BAF,2025-09-15,2025Q3,184,76,0.41304347826086957,4.0,0,0.8495129975972215,1.0,0.0
BAF,2025-09-16,2025Q3,136,76,0.5588235294117647,3.6666666666666665,16.0,1.8201643018104992,1.0,0.0
BAF,2025-09-17,2025Q3,220,134,0.6090909090909091,4.533333333333333,0,1.4866550805634855,1.0,0.0
BAF,2025-09-19,2025Q3,200,144,0.72,7.2,26.0,2.2249795558769114,1.0,0.0
BAF,2025-09-20,2025Q3,201,153,0.7611940298507462,3.6666666666666665,0,0.9498141225681672,1.0,0.0
BAF,2025-09-21,2025Q3,202,141,0.698019801980198,3.2,0,0.8566789601199196,0.8666666666666667,0.0
BAF,2025-09-22,2025Q3,160,90,0.5625,5.733333333333333,15.0,1.5019161348272256,1.0,0.0
BAF,2025-09-26,2025Q3,165,115,0.696969696969697,5.466666666666667,0,2.321059953470541,0.8666666666666667,0.0
BAF,2025-09-27,2025Q3,174,113,0.6494252873563219,2.2666666666666666,0,0.6129671343250414,1.0,0.0
BAF,2025-09-28,2025Q3,188,121,0.6436170212765957,4.466666666666667,16.0,1.7241457667963604,1.0,0.0
BAF,2025-09-29,2025Q3,216,143,0.6620370370370371,1.0666666666666667,0,0.32873684043277535,1.0,0.0
BAF,2025-10-01,2025Q4,171,99,0.5789473684210527,7.733333333333333,22.0,2.0207482981148783,1.0,0.0
BAF,2025-10-02,2025Q4,223,143,0.6412556053811659,4.6,0,2.175681226284972,1.0,0.0
BAF,2025-10-03,2025Q4,144,133,0.9236111111111112,3.466666666666667,0,1.1531413837204638,1.0,0.0
BAF,2025-10-04,2025Q4,144,99,0.6875,2.3333333333333335,0,0.49651409821347,1.0,0.0
BAF,2025-10-05,2025Q4,191,118,0.6178010471204188,3.933333333333333,0,1.065124526159585,1.0,0.0
BAF,2025-10-06,2025Q4,206,121,0.587378640776699,6.933333333333334,0,1.9368852036411575,0.9333333333333333,0.0
BAF,2025-10-07,2025Q4,155,73,0.47096774193548385,9.666666666666666,24.0,1.949436002505567,0.7333333333333333,0.0
BAF,2025-10-08,2025Q4,52,33,0.6346153846153846,8.133333333333333,28.0,1.920591369533888,0.6,0.2
BAF,2025-10-09,2025Q4,95,64,0.6736842105263158,7.333333333333333,25.0,2.0296186730121613,1.0,0.0
BAF,2025-10-10,2025Q4,215,156,0.7255813953488373,5.066666666666666,17.0,0.9734814723674793,1.0,0.0
BAF,2025-10-11,2025Q4,146,135,0.9246575342465754,1.6666666666666667,0,0.4851739723596565,0.8666666666666667,0.06666666666666667
BAF,2025-10-12,2025Q4,42,32,0.7619047619047619,10.0,20.0,1.2336677206370175,0.13333333333333333,0.4
BAF,2025-10-14,2025Q4,93,44,0.4731182795698925,9.133333333333333,19.0,1.2060869316919443,0.06666666666666667,0.0
BAF,2025-10-15,2025Q4,150,80,0.5333333333333333,7.4,24.0,1.137991554902231,0.9333333333333333,0.0
BAF,2025-10-16,2025Q4,78,22,0.28205128205128205,13.8,29.0,3.420161600274493,1.0,0.0
BAF,2025-10-17,2025Q4,325,212,0.6523076923076923,6.4,0,2.161913279816565,1.0,0.0
BAF,2025-10-18,2025Q4,260,216,0.8307692307692308,2.066666666666667,0,0.7763942457342357,1.0,0.0
BAF,2025-10-19,2025Q4,180,107,0.5944444444444444,7.6,18.0,2.088993906066735,0.4,0.0
BAF,2025-10-20,2025Q4,68,56,0.8235294117647058,9.733333333333333,21.0,2.7551445058846,0.6666666666666666,0.2
BAF,2025-10-21,2025Q4,177,99,0.559322033898305,7.933333333333334,19.0,3.0377062878721883,1.0,0.0
BAF,2025-10-22,2025Q4,40,27,0.675,7.466666666666667,23.0,4.4482126505155115,0.6,0.06666666666666667
BAF,2025-10-23,2025Q4,40,220,5.5,8.066666666666666,20.0,3.6437383847528935,1.0,0.0
BAF,2025-10-25,2025Q4,207,203,0.9806763285024155,4.733333333333333,20.0,1.252362305232772,1.0,0.0
BAF,2025-10-26,2025Q4,222,150,0.6756756756756757,3.7333333333333334,0,0.6154238585010615,1.0,0.0
BAF,2025-10-27,2025Q4,192,130,0.6770833333333334,4.8,21.0,1.262569768445335,1.0,0.0
BAF,2025-10-28,2025Q4,183,152,0.8306010928961749,8.0,18.0,2.149885446688288,1.0,0.0
BAF,2025-10-29,2025Q4,207,143,0.6908212560386473,7.333333333333333,18.0,0.8053221150117164,0.6,0.0
BAF,2025-11-02,2025Q4,200,109,0.545,4.933333333333334,20.0,1.830860723114734,1.0,0.0
BAF,2025-11-03,2025Q4,110,94,0.8545454545454545,5.733333333333333,24.0,2.008084283235431,0.8,0.2
BAF,2025-11-05,2025Q4,179,128,0.7150837988826816,6.733333333333333,23.0,1.858898533789102,1.0,0.0
BAF,2025-11-07,2025Q4,165,127,0.7696969696969697,11.2,26.0,2.5746394306954414,0.8666666666666667,0.13333333333333333
BAF,2025-11-08,2025Q4,145,146,1.006896551724138,6.333333333333333,21.0,2.0402657666099646,1.0,0.0
BAF,2025-11-09,2025Q4,138,110,0.7971014492753623,7.733333333333333,0,0.9241704444850607,0.0,0.2
BAF,2025-11-12,2025Q4,221,153,0.6923076923076923,7.866666666666666,14.0,4.086072313758539,1.0,0.0
BAF,2025-11-13,2025Q4,136,102,0.75,7.0,25.0,2.908788040082864,0.9333333333333333,0.06666666666666667
BAF,2025-11-14,2025Q4,177,146,0.8248587570621468,5.6,0,1.3467146275069346,1.0,0.0
BAF,2025-11-15,2025Q4,295,228,0.7728813559322034,4.933333333333334,0,2.094511768538566,0.8,0.2
BAF,2025-11-17,2025Q4,38,13,0.34210526315789475,16.266666666666666,38.0,6.863608164545121,1.0,0.0
BAF,2025-11-18,2025Q4,168,93,0.5535714285714286,6.933333333333334,25.0,2.7502230695619008,1.0,0.0
BAF,2025-11-19,2025Q4,343,218,0.6355685131195336,1.8,0,0.22459507193668907,1.0,0.0
BAF,2025-11-20,2025Q4,277,212,0.7653429602888087,1.6,0,0.6124043121902811,1.0,0.0
BAF,2025-11-21,2025Q4,108,86,0.7962962962962963,4.0,0,0.9293366286317429,0.4,0.0
BAF,2025-11-22,2025Q4,97,86,0.8865979381443299,4.333333333333333,23.0,0.9876261299942403,0.6666666666666666,0.2
BAF,2025-11-23,2025Q4,253,166,0.6561264822134387,1.1333333333333333,0,0.31544935383439837,1.0,0.0
BAF,2025-11-24,2025Q4,160,110,0.6875,5.6,21.0,1.6933096093906894,1.0,0.0
BAF,2025-11-25,2025Q4,246,118,0.4796747967479675,5.266666666666667,0,0.9613094552990908,0.6666666666666666,0.3333333333333333
BAF,2025-11-26,2025Q4,40,29,0.725,6.533333333333333,0,1.887462905626235,0.3333333333333333,0.06666666666666667
BAF,2025-11-29,2025Q4,71,60,0.8450704225352113,7.933333333333334,27.0,2.8676204301492842,1.0,0.0
BAF,2025-11-30,2025Q4,61,48,0.7868852459016393,2.933333333333333,0,0.5825024193032927,0.4,0.4
BAF,2025-12-01,2025Q4,168,92,0.5476190476190477,9.133333333333333,28.0,2.5233999299388685,1.0,0.0
BAF,2025-12-03,2025Q4,128,35,0.2734375,1.8,0,0.7755205337567556,1.0,0.0
BAF,2025-12-04,2025Q4,161,48,0.2981366459627329,14.0,36.0,4.339631769180465,1.0,0.0
BAF,2025-12-05,2025Q4,161,135,0.8385093167701864,2.7333333333333334,0,0.5368934058557971,0.8666666666666667,0.0
BAF,2025-12-06,2025Q4,114,47,0.41228070175438597,2.066666666666667,0,0.46697138968591334,0.7333333333333333,0.06666666666666667
BAF,2025-12-07,2025Q4,165,112,0.6787878787878788,3.466666666666667,0,1.0119034318696156,1.0,0.0
BAF,2025-12-08,2025Q4,123,80,0.6504065040650406,7.133333333333334,26.0,1.7249270543504582,1.0,0.0
BAF,2025-12-09,2025Q4,247,172,0.6963562753036437,4.666666666666667,0,1.4355679038898075,1.0,0.0
BAF,2025-12-10,2025Q4,112,61,0.5446428571428571,6.133333333333334,18.0,1.5099047123433949,0.3333333333333333,0.4666666666666667
BAF,2025-12-13,2025Q4,229,215,0.9388646288209607,4.133333333333334,0,0.7490797494397252,1.0,0.0
BAF,2025-12-15,2025Q4,50,17,0.34,9.266666666666667,33.0,1.2172249807586226,1.0,0.0
BAF,2025-12-16,2025Q4,240,108,0.45,4.4,0,0.7739672512299116,1.0,0.0
BAF,2025-12-17,2025Q4,193,90,0.46632124352331605,9.333333333333334,18.0,2.478911854281365,1.0,0.0
BAF,2025-12-18,2025Q4,170,142,0.8352941176470589,5.4,18.0,1.3535330104807488,0.6666666666666666,0.0
BAF,2025-12-20,2025Q4,139,124,0.8920863309352518,7.133333333333334,25.0,2.486690886310582,1.0,0.0
BAF,2025-12-22,2025Q4,170,104,0.611764705882353,7.133333333333334,21.0,1.4226944145224052,1.0,0.0
BAF,2025-12-26,2025Q4,119,80,0.6722689075630253,4.733333333333333,0,1.6753745313226471,0.8,0.2
BAF,2025-12-27,2025Q4,44,27,0.6136363636363636,3.6666666666666665,0,0.7305058843215462,0.9333333333333333,0.0
BAF,2025-12-28,2025Q4,142,56,0.39436619718309857,2.466666666666667,0,0.8952260091626862,0.9333333333333333,0.06666666666666667
BAF,2025-12-31,2025Q4,52,36,0.6923076923076923,7.6,19.0,3.966436913143795,1.0,0.0
BAF,2026-01-02,2026Q1,165,122,0.7393939393939394,4.066666666666666,0,2.150111802093289,1.0,0.0
BAF,2026-01-03,2026Q1,136,99,0.7279411764705882,7.0,20.0,1.8930866728105575,1.0,0.0
BAF,2026-01-04,2026Q1,123,70,0.5691056910569106,5.466666666666667,22.0,1.366744768932216,0.9333333333333333,0.06666666666666667
BAF,2026-01-05,2026Q1,63,52,0.8253968253968254,1.2666666666666666,0,0.2986709269678964,0.5333333333333333,0.13333333333333333
BAF,2026-01-06,2026Q1,132,43,0.32575757575757575,3.6666666666666665,0,0.7829834519031101,0.8666666666666667,0.06666666666666667
BAF,2026-01-08,2026Q1,215,122,0.5674418604651162,5.4,23.0,1.2079788591096112,0.6666666666666666,0.0
BAF,2026-01-09,2026Q1,49,34,0.6938775510204082,6.933333333333334,27.0,1.3038200971187222,0.26666666666666666,0.26666666666666666
BAF,2026-01-10,2026Q1,186,62,0.3333333333333333,2.933333333333333,0,0.48052812243329956,0.6,0.4
BAF,2026-01-11,2026Q1,157,86,0.5477707006369427,7.8,23.0,2.4982933767404845,0.9333333333333333,0.06666666666666667
BAF,2026-01-12,2026Q1,212,119,0.5613207547169812,6.785714285714286,15.0,3.3831658187467792,1.0,0.0
BAF,2026-01-13,2026Q1,211,133,0.6303317535545023,7.6,0,1.8863132043004482,1.0,0.0
BAF,2026-01-14,2026Q1,126,63,0.5,4.6,0,0.9668916916654313,0.8666666666666667,0.13333333333333333
BAF,2026-01-15,2026Q1,87,59,0.6781609195402298,10.0,21.0,4.15969414271819,0.6666666666666666,0.0
BAF,2026-01-16,2026Q1,63,51,0.8095238095238095,8.4,30.0,4.878799361660331,1.0,0.0
BAF,2026-01-19,2026Q1,70,35,0.5,8.133333333333333,22.0,3.5371795475385617,0.9333333333333333,0.0
BAF,2026-01-20,2026Q1,148,61,0.41216216216216217,7.466666666666667,24.0,5.214258657814001,1.0,0.0
BAF,2026-01-21,2026Q1,254,127,0.5,5.933333333333334,0,1.4391182286801587,0.7333333333333333,0.26666666666666666
BAF,2026-01-22,2026Q1,86,46,0.5348837209302325,7.2,27.0,3.0161567404227294,1.0,0.0
BAF,2026-01-23,2026Q1,59,39,0.6610169491525424,12.8,36.0,3.257816429758829,1.0,0.0
BAF,2026-01-24,2026Q1,90,86,0.9555555555555556,9.8,17.0,2.4866551899360796,1.0,0.0
BAF,2026-01-28,2026Q1,52,27,0.5192307692307693,4.466666666666667,20.0,1.5328278918355374,1.0,0.0
BAF,2026-01-29,2026Q1,234,47,0.20085470085470086,8.266666666666667,29.0,3.564957578278097,1.0,0.0
BAF,2026-01-30,2026Q1,31,30,0.967741935483871,12.133333333333333,32.0,2.463517642080914,1.0,0.0
BAF,2026-01-31,2026Q1,154,158,1.025974025974026,4.533333333333333,0,1.723268571945432,1.0,0.0
BAF,2026-02-02,2026Q1,130,57,0.43846153846153846,6.4,21.0,1.6350910911333902,1.0,0.0
BAF,2026-02-03,2026Q1,151,80,0.5298013245033113,3.6,0,1.4782445786127496,1.0,0.0
BAF,2026-02-05,2026Q1,246,172,0.6991869918699187,0.9333333333333333,0,0.12529085171228965,1.0,0.0
BAF,2026-02-06,2026Q1,142,83,0.5845070422535211,1.7333333333333334,0,0.438830275210985,1.0,0.0
BAF,2026-02-08,2026Q1,32,16,0.5,12.533333333333333,24.0,2.2659018643956297,1.0,0.0
BAF,2026-02-09,2026Q1,124,91,0.7338709677419355,10.333333333333334,25.0,1.7593952540753712,1.0,0.0
BAF,2026-02-10,2026Q1,165,97,0.5878787878787879,5.066666666666666,16.0,1.2373615635214494,0.8666666666666667,0.13333333333333333
BAF,2026-02-11,2026Q1,41,28,0.6829268292682927,11.933333333333334,29.0,5.097241204685997,0.8,0.06666666666666667
BAF,2026-02-12,2026Q1,82,38,0.4634146341463415,12.133333333333333,25.0,2.47028347315379,1.0,0.0
BAF,2026-02-13,2026Q1,166,117,0.7048192771084337,5.866666666666666,0,2.139632604713078,1.0,0.0
BAF,2026-02-14,2026Q1,225,191,0.8488888888888889,2.6,0,1.1277717416380262,0.9333333333333333,0.0
BAF,2026-02-15,2026Q1,139,85,0.6115107913669064,2.7333333333333334,0,1.0994742417357222,1.0,0.0
BAF,2026-02-16,2026Q1,160,81,0.50625,3.066666666666667,0,0.8200216694334398,1.0,0.0
BAF,2026-02-17,2026Q1,244,98,0.4016393442622951,1.2,0,0.37275212297296717,0.4,0.0
BAF,2026-02-19,2026Q1,215,131,0.6093023255813953,2.933333333333333,0,0.64953164153693,1.0,0.0
BAF,2026-02-20,2026Q1,32,26,0.8125,5.466666666666667,0,1.2695549955054373,0.26666666666666666,0.6
BAF,2026-02-21,2026Q1,82,72,0.8780487804878049,3.6666666666666665,0,1.7975240026271462,0.4666666666666667,0.0
BAF,2026-02-22,2026Q1,36,27,0.75,6.066666666666666,20.0,2.2144814440195697,0.06666666666666667,0.2
BAF,2026-02-26,2026Q1,221,169,0.7647058823529411,6.2,17.0,1.7401804361999014,0.9333333333333333,0.0
BAF,2026-02-27,2026Q1,162,116,0.7160493827160493,5.133333333333334,0,1.0909683427193289,1.0,0.0
BAF,2026-02-28,2026Q1,147,93,0.6326530612244898,6.466666666666667,21.0,1.1421108387612704,0.8,0.0
BAF,2026-03-01,2026Q1,31,13,0.41935483870967744,11.4,21.0,2.5208907641227,1.0,0.0
BAF,2026-03-02,2026Q1,230,146,0.6347826086956522,3.0,0,0.7318792226554786,1.0,0.0
BAF,2026-03-03,2026Q1,48,25,0.5208333333333334,1.4666666666666666,0,0.4141260858562816,0.2,0.7333333333333333
BAF,2026-03-04,2026Q1,216,100,0.46296296296296297,1.8,0,0.4702611825511392,0.6,0.0
BAF,2026-03-08,2026Q1,44,22,0.5,3.066666666666667,0,1.1709543840399321,0.6,0.0
BAF,2026-03-09,2026Q1,249,137,0.5502008032128514,5.733333333333333,23.0,1.1587256266601997,1.0,0.0
BAF,2026-03-10,2026Q1,187,184,0.983957219251337,3.6666666666666665,18.0,1.9169073818303803,1.0,0.0
BAF,2026-03-11,2026Q1,225,136,0.6044444444444445,6.4,20.0,1.534167902011134,1.0,0.0
BAF,2026-03-13,2026Q1,190,142,0.7473684210526316,9.0,22.0,3.541302536233304,0.9333333333333333,0.06666666666666667
BAF,2026-03-15,2026Q1,206,153,0.7427184466019418,6.133333333333334,21.0,1.855005470160724,0.8,0.0
BAF,2026-03-18,2026Q1,226,127,0.5619469026548672,7.2,16.0,2.546827784208523,1.0,0.0
BAF,2026-03-19,2026Q1,239,149,0.6234309623430963,5.866666666666666,0,0.9718726930086531,1.0,0.0
BAF,2026-03-20,2026Q1,147,92,0.6258503401360545,8.133333333333333,23.0,2.1598422936326105,0.7333333333333333,0.26666666666666666
BAF,2026-03-21,2026Q1,62,52,0.8387096774193549,10.466666666666667,26.0,2.1375515837012506,0.9333333333333333,0.0
BAF,2026-03-24,2026Q1,254,115,0.452755905511811,6.571428571428571,16.0,2.6694960916036337,1.0,0.0
BAF,2026-03-25,2026Q1,167,69,0.41317365269461076,7.866666666666666,24.0,1.6066103282320199,1.0,0.0
BAF,2026-03-26,2026Q1,177,103,0.5819209039548022,9.466666666666667,25.0,1.8358007100599856,1.0,0.0
BAF,2026-03-27,2026Q1,115,59,0.5130434782608696,8.466666666666667,25.0,2.5889739962767107,0.9333333333333333,0.0
BAF,2026-03-28,2026Q1,119,74,0.6218487394957983,9.466666666666667,27.0,2.6973037903206665,1.0,0.0
BAF,2026-03-29,2026Q1,86,53,0.6162790697674418,10.933333333333334,24.0,2.2162583190905503,1.0,0.0
BAF,2026-03-30,2026Q1,150,84,0.56,11.533333333333333,31.0,4.674388459559387,1.0,0.0
BAF,2026-03-31,2026Q1,145,55,0.3793103448275862,9.0,20.0,3.670780686305934,0.9333333333333333,0.06666666666666667
BAF,2026-04-01,2026Q2,89,26,0.29213483146067415,7.933333333333334,18.0,1.5158966442886468,0.7333333333333333,0.26666666666666666
BAF,2026-04-03,2026Q2,62,48,0.7741935483870968,7.933333333333334,20.0,1.1211887283845694,0.4666666666666667,0.0
BAF,2026-04-04,2026Q2,170,100,0.5882352941176471,7.4,21.0,4.44070091937893,1.0,0.0
BAF,2026-04-06,2026Q2,46,31,0.6739130434782609,11.8,30.0,7.169322068453832,1.0,0.0
BAF,2026-04-07,2026Q2,81,23,0.2839506172839506,10.266666666666667,31.0,3.5220848261636513,0.9333333333333333,0.06666666666666667
BAF,2026-04-08,2026Q2,335,173,0.5164179104477612,3.5384615384615383,15.0,0.7950547325492932,1.0,0.0
BAF,2026-04-09,2026Q2,151,73,0.48344370860927155,10.533333333333333,27.0,2.9426545434478015,1.0,0.0
BAF,2026-04-10,2026Q2,171,95,0.5555555555555556,9.866666666666667,24.0,2.317889391664795,1.0,0.0
BAF,2026-04-11,2026Q2,30,10,0.3333333333333333,14.666666666666666,30.0,4.244867330856802,1.0,0.0
BAF,2026-04-12,2026Q2,192,89,0.4635416666666667,7.733333333333333,24.0,2.294481719751715,0.9333333333333333,0.06666666666666667
BAF,2026-04-13,2026Q2,54,40,0.7407407407407407,9.733333333333333,31.0,4.321941571260242,0.7333333333333333,0.06666666666666667
BAF,2026-04-14,2026Q2,179,99,0.553072625698324,10.333333333333334,34.0,2.0047202605572023,0.8666666666666667,0.13333333333333333
BAF,2026-04-15,2026Q2,167,139,0.8323353293413174,4.733333333333333,0,1.996868448345783,1.0,0.0
BAF,2026-04-16,2026Q2,176,109,0.6193181818181818,7.333333333333333,0,2.9317606808069763,0.9333333333333333,0.0
BAF,2026-04-17,2026Q2,117,82,0.7008547008547008,4.333333333333333,19.0,1.6838468044996018,0.8666666666666667,0.06666666666666667
BAF,2026-04-18,2026Q2,99,69,0.696969696969697,5.071428571428571,0,2.7588356120491255,0.0,0.0
BAF,2026-04-20,2026Q2,116,53,0.45689655172413796,8.733333333333333,21.0,2.369308239201,1.0,0.0
BAF,2026-04-21,2026Q2,281,162,0.5765124555160143,7.0,18.0,2.1817563702379172,1.0,0.0
BAF,2026-04-23,2026Q2,83,40,0.4819277108433735,13.266666666666667,34.0,2.5283289145245944,1.0,0.0
BAF,2026-04-24,2026Q2,219,118,0.5388127853881278,6.866666666666666,22.0,3.4051415607489495,1.0,0.0
BAF,2026-04-25,2026Q2,168,128,0.7619047619047619,5.933333333333334,15.0,1.5971177676914101,0.6666666666666666,0.26666666666666666
BAF,2026-04-26,2026Q2,125,82,0.656,4.533333333333333,14.0,2.805943024730899,0.8666666666666667,0.0
BAF,2026-04-27,2026Q2,193,109,0.5647668393782384,6.133333333333334,0,2.7445243848189635,1.0,0.0
BAF,2026-04-28,2026Q2,269,155,0.5762081784386617,5.133333333333334,19.0,2.1316797306560136,1.0,0.0
BAF,2026-04-29,2026Q2,211,142,0.6729857819905213,6.8,19.0,2.2349024863094513,1.0,0.0
BAF,2026-04-30,2026Q2,54,54,1.0,5.0,0,1.667459697246302,0.4666666666666667,0.13333333333333333
BAF,2026-05-01,2026Q2,113,76,0.672566371681416,6.933333333333334,23.0,2.1292390363950764,1.0,0.0
BAF,2026-05-02,2026Q2,161,121,0.7515527950310559,6.066666666666666,0,1.9449624678186577,0.6666666666666666,0.2
BAF,2026-05-03,2026Q2,42,23,0.5476190476190477,12.733333333333333,29.0,2.0669200923948376,1.0,0.0
BAF,2026-05-07,2026Q2,53,25,0.4716981132075472,12.133333333333333,32.0,3.2455867422815285,1.0,0.0
BAF,2026-05-08,2026Q2,133,81,0.6090225563909775,8.8,28.0,4.949022435694238,1.0,0.0
BAF,2026-05-10,2026Q2,184,138,0.75,6.733333333333333,19.0,2.1192752694869847,0.7333333333333333,0.06666666666666667
BAF,2026-05-11,2026Q2,306,208,0.6797385620915033,8.333333333333334,22.0,1.6074628884347086,1.0,0.0
BAF,2026-05-12,2026Q2,306,149,0.4869281045751634,7.071428571428571,21.0,2.3296277783130273,1.0,0.0
BAF,2026-05-15,2026Q2,214,139,0.6495327102803738,5.466666666666667,19.0,2.1436601257135215,0.6666666666666666,0.06666666666666667
BAF,2026-05-16,2026Q2,292,159,0.5445205479452054,10.666666666666666,25.0,3.108944477026342,1.0,0.0
BAF,2026-05-17,2026Q2,162,114,0.7037037037037037,9.333333333333334,22.0,5.673081096111806,1.0,0.0
BAF,2026-05-18,2026Q2,194,147,0.7577319587628866,8.4,25.0,1.782808687517674,1.0,0.0
BAF,2026-05-19,2026Q2,110,68,0.6181818181818182,10.307692307692308,30.0,4.870191163432389,1.0,0.0
BAF,2026-05-20,2026Q2,79,47,0.5949367088607594,9.866666666666667,25.0,4.042718469545859,1.0,0.0
BAF,2026-05-21,2026Q2,268,174,0.6492537313432836,6.133333333333334,0,1.102605400807439,1.0,0.0
BAF,2026-05-22,2026Q2,252,205,0.8134920634920635,3.533333333333333,0,1.1074063445178561,1.0,0.0
BAF,2026-05-23,2026Q2,252,117,0.4642857142857143,4.933333333333334,0,1.048121218374139,0.5333333333333333,0.4666666666666667
BAF,2026-05-25,2026Q2,118,71,0.6016949152542372,5.133333333333334,19.0,1.458457301859754,0.5333333333333333,0.13333333333333333
BAF,2026-05-26,2026Q2,388,211,0.5438144329896907,5.933333333333334,16.0,1.9234542324173074,1.0,0.0
BAF,2026-05-27,2026Q2,247,130,0.5263157894736842,7.733333333333333,18.0,3.0161828420781016,1.0,0.0
BAF,2026-05-28,2026Q2,226,107,0.47345132743362833,12.133333333333333,28.0,2.6112423616700133,1.0,0.0
BAF,2026-05-29,2026Q2,204,157,0.7696078431372549,8.733333333333333,24.0,3.8317053703692725,1.0,0.0
BAF,2026-05-31,2026Q2,149,85,0.5704697986577181,6.133333333333334,29.0,2.186300982764998,0.9333333333333333,0.06666666666666667
BAF,2026-06-01,2026Q2,178,78,0.43820224719101125,5.0,0,1.5671264192232137,0.8,0.06666666666666667
BAF,2026-06-02,2026Q2,329,135,0.41033434650455924,4.2,18.0,1.052551487113381,1.0,0.0
BAF,2026-06-03,2026Q2,361,216,0.5983379501385041,2.4,0,0.9197163969160231,1.0,0.0
BAF,2026-06-04,2026Q2,262,177,0.6755725190839694,4.0,0,1.6963957639681853,1.0,0.0
BAF,2026-06-05,2026Q2,267,171,0.6404494382022472,5.866666666666666,22.0,1.7259830991495335,1.0,0.0
BAF,2026-06-06,2026Q2,111,89,0.8018018018018018,7.6,20.0,0.8800199591364721,0.8666666666666667,0.13333333333333333
BAF,2026-06-07,2026Q2,47,33,0.7021276595744681,13.066666666666666,29.0,2.878452294398226,0.9333333333333333,0.06666666666666667
BAF,2026-06-08,2026Q2,254,153,0.6023622047244095,4.666666666666667,0,1.586274094828999,1.0,0.0
BAF,2026-06-09,2026Q2,407,258,0.6339066339066339,7.6,19.0,2.7990304446877676,1.0,0.0
BAF,2026-06-10,2026Q2,257,120,0.4669260700389105,8.266666666666667,22.0,2.0075737391842834,1.0,0.0
BAF,2026-06-12,2026Q2,194,129,0.6649484536082474,7.266666666666667,15.0,3.910943953041969,0.8666666666666667,0.13333333333333333
BAF,2026-06-13,2026Q2,190,107,0.5631578947368421,8.142857142857142,20.0,2.1573951852996944,1.0,0.0
BAF,2026-06-14,2026Q2,119,41,0.3445378151260504,9.333333333333334,23.0,2.045568103758478,1.0,0.0
BAF,2026-06-15,2026Q2,76,43,0.5657894736842105,12.533333333333333,25.0,4.17779975885672,1.0,0.0
BAF,2026-06-16,2026Q2,298,247,0.8288590604026845,5.533333333333333,16.0,2.909739770786465,1.0,0.0
BAF,2026-06-17,2026Q2,288,145,0.5034722222222222,7.733333333333333,17.0,1.5286202238809439,1.0,0.0
BAF,2026-06-19,2026Q2,94,49,0.5212765957446809,11.6,25.0,6.3815796617807345,1.0,0.0
BAF,2026-06-20,2026Q2,32,27,0.84375,14.6,38.0,6.058210375830873,1.0,0.0
BAF,2026-06-21,2026Q2,180,125,0.6944444444444444,8.733333333333333,22.0,2.4617092719611797,1.0,0.0
BAF,2026-06-22,2026Q2,108,67,0.6203703703703703,2.4,0,0.8340271378900832,0.26666666666666666,0.6
BAF,2026-06-23,2026Q2,147,109,0.7414965986394558,3.3333333333333335,0,0.8670812720531748,0.6666666666666666,0.13333333333333333
BAF,2026-06-24,2026Q2,323,196,0.6068111455108359,8.4,23.0,3.4092055136757122,1.0,0.0
BAF,2026-06-26,2026Q2,226,148,0.6548672566371682,4.933333333333334,0,1.6324203946875997,0.5333333333333333,0.13333333333333333
BAF,2026-06-27,2026Q2,109,47,0.43119266055045874,4.2,0,1.0543630481541812,1.0,0.0
BAF,2026-06-28,2026Q2,106,55,0.5188679245283019,4.6,0,1.7364660820083795,1.0,0.0
BAF,2026-06-29,2026Q2,208,115,0.5528846153846154,3.7142857142857144,0,2.0337604488427274,1.0,0.0
BAF,2026-06-30,2026Q2,202,120,0.594059405940594,6.066666666666666,32.0,2.1069362729642287,0.8,0.2
BAF,2026-07-01,2026Q3,270,151,0.5592592592592592,5.8,0,1.9675855845614783,1.0,0.0
BAF,2026-07-02,2026Q3,142,106,0.7464788732394366,4.333333333333333,19.0,1.6289031287945515,1.0,0.0
BAF,2026-07-03,2026Q3,118,95,0.8050847457627118,7.666666666666667,22.0,2.4749776076318364,1.0,0.0
BAF,2026-07-04,2026Q3,98,80,0.8163265306122449,7.666666666666667,25.0,2.1511111034285686,0.8666666666666667,0.13333333333333333
BAF,2026-07-05,2026Q3,106,65,0.6132075471698113,4.933333333333334,0,1.0716723996858393,1.0,0.0
BAF,2026-07-08,2026Q3,415,223,0.5373493975903615,3.6,0,1.407767237979784,1.0,0.0
BAF,2026-07-09,2026Q3,288,214,0.7430555555555556,6.733333333333333,0,1.1747973076720488,0.9333333333333333,0.0
BAF,2026-07-10,2026Q3,264,126,0.4772727272727273,6.533333333333333,17.0,1.5323544011459818,1.0,0.0
BAF,2026-07-11,2026Q3,229,98,0.4279475982532751,3.6666666666666665,0,1.763908231634541,1.0,0.0
BAF,2026-07-12,2026Q3,165,99,0.6,4.266666666666667,0,1.5822257451500843,1.0,0.0
BAF,2026-07-13,2026Q3,230,162,0.7043478260869566,7.8,19.0,2.8619128023101896,1.0,0.0
BAF,2026-07-14,2026Q3,246,120,0.4878048780487805,8.266666666666667,16.0,3.0048879235153474,1.0,0.0
BAF,2026-07-15,2026Q3,202,165,0.8168316831683168,6.733333333333333,15.0,3.2153267360089157,1.0,0.0
BAF,2026-07-16,2026Q3,202,74,0.36633663366336633,9.733333333333333,26.0,6.0943418983427575,1.0,0.0
BAF,2026-07-17,2026Q3,254,225,0.8858267716535433,5.933333333333334,19.0,2.067481059295892,1.0,0.0
BAF,2026-07-18,2026Q3,46,39,0.8478260869565217,9.8,27.0,2.0095348274629585,0.13333333333333333,0.26666666666666666
BAF,2026-07-19,2026Q3,89,71,0.797752808988764,9.6,22.0,3.0308393381189473,1.0,0.0
BAF,2026-07-20,2026Q3,277,181,0.6534296028880866,4.785714285714286,0,0.9308734392879798,1.0,0.0
BAF,2026-07-22,2026Q3,170,109,0.6411764705882353,7.533333333333333,19.0,2.484907219273681,0.8,0.06666666666666667
BAF,2026-07-23,2026Q3,232,150,0.646551724137931,5.071428571428571,16.0,1.4551650836901102,1.0,0.0
BAF,2026-07-24,2026Q3,198,136,0.6868686868686869,4.733333333333333,16.0,1.1397241207844424,0.9333333333333333,0.06666666666666667
BAF,2026-07-25,2026Q3,213,139,0.6525821596244131,3.533333333333333,0,0.8071261739372413,1.0,0.0
BAF,2026-07-26,2026Q3,200,137,0.685,2.533333333333333,0,1.0426658578028347,1.0,0.0
BAF,2026-07-27,2026Q3,230,161,0.7,5.538461538461538,0,2.3610031310093,1.0,0.0
BAF,2026-07-30,2026Q3,153,99,0.6470588235294118,8.133333333333333,16.0,1.6901793216573524,0.5333333333333333,0.13333333333333333
BAF,2026-07-31,2026Q3,221,145,0.6561085972850679,2.533333333333333,26.0,1.0465656305125328,0.8,0.2
BAF,2026-08-02,2026Q3,69,55,0.7971014492753623,9.066666666666666,25.0,2.2020132421450875,0.7333333333333333,0.0
BAF,2026-08-03,2026Q3,48,49,1.0208333333333333,9.133333333333333,27.0,3.22609856834704,0.5333333333333333,0.2
BAF,2026-08-04,2026Q3,295,166,0.5627118644067797,3.3333333333333335,15.0,1.065374428725999,1.0,0.0
BAF,2026-08-05,2026Q3,345,178,0.5159420289855072,4.866666666666666,0,1.4737553554363076,1.0,0.0
BAF,2026-08-06,2026Q3,230,129,0.5608695652173913,4.733333333333333,0,1.4199241937576619,0.6666666666666666,0.06666666666666667
BAF,2026-08-07,2026Q3,186,109,0.5860215053763441,3.3333333333333335,22.0,0.9107526803088352,0.9333333333333333,0.06666666666666667
BAF,2026-08-08,2026Q3,134,103,0.7686567164179104,6.214285714285714,31.0,2.656640228883764,0.8571428571428571,0.07142857142857142
BAF,2026-08-09,2026Q3,209,64,0.3062200956937799,5.933333333333334,0,2.3847040627949196,0.9333333333333333,0.0
BAF,2026-08-10,2026Q3,151,89,0.5894039735099338,4.6,15.0,1.3604502779101584,1.0,0.0
BAF,2026-08-11,2026Q3,249,127,0.5100401606425703,6.6,25.0,1.4353678688569256,1.0,0.0
BAF,2026-08-12,2026Q3,289,92,0.31833910034602075,4.733333333333333,0,2.41811978538861,1.0,0.0
BAF,2026-08-13,2026Q3,235,123,0.5234042553191489,6.0,26.0,1.1064752312886492,1.0,0.0
BAF,2026-08-14,2026Q3,212,169,0.7971698113207547,2.6666666666666665,0,1.0842989585749432,0.9333333333333333,0.06666666666666667
BAF,2026-08-15,2026Q3,225,179,0.7955555555555556,4.333333333333333,0,1.7946555399617663,1.0,0.0
BAF,2026-08-16,2026Q3,188,121,0.6436170212765957,7.266666666666667,17.0,1.4318150942914667,0.9333333333333333,0.06666666666666667
BAF,2026-08-17,2026Q3,153,94,0.6143790849673203,4.0,0,0.8773521731197221,0.26666666666666666,0.06666666666666667
BAF,2026-08-18,2026Q3,362,215,0.5939226519337016,4.333333333333333,0,1.9117670342470754,0.9333333333333333,0.0
BAF,2026-08-19,2026Q3,281,148,0.5266903914590747,5.0,17.0,3.356578083619266,1.0,0.0
BAF,2026-08-20,2026Q3,189,99,0.5238095238095238,3.8,0,0.900685852749253,0.6666666666666666,0.3333333333333333
BAF,2026-08-21,2026Q3,217,142,0.6543778801843319,5.866666666666666,17.0,2.0705181384068694,1.0,0.0
BAF,2026-08-22,2026Q3,118,83,0.7033898305084746,4.066666666666666,0,0.8130390757415111,0.26666666666666666,0.06666666666666667
BAF,2026-08-23,2026Q3,60,43,0.7166666666666667,2.933333333333333,0,0.5951809446388918,0.3333333333333333,0.26666666666666666
BAF,2026-08-24,2026Q3,240,129,0.5375,7.2,22.0,1.9327572799409547,1.0,0.0
BAF,2026-08-25,2026Q3,271,141,0.5202952029520295,6.666666666666667,16.0,3.463137557331443,1.0,0.0
BAF,2026-08-26,2026Q3,320,143,0.446875,2.8666666666666667,0,0.7878838357848622,1.0,0.0
BAF,2026-08-27,2026Q3,211,144,0.6824644549763034,7.733333333333333,20.0,1.7730407765042133,0.8666666666666667,0.0
BAF,2026-08-28,2026Q3,232,195,0.8405172413793104,5.466666666666667,0,1.389547839847841,0.8666666666666667,0.0
BAF,2026-08-29,2026Q3,251,159,0.6334661354581673,4.133333333333334,0,1.3765976884304953,1.0,0.0
BAF,2026-08-30,2026Q3,244,157,0.6434426229508197,5.133333333333334,0,2.220642744607051,1.0,0.0
BAF,2026-08-31,2026Q3,284,157,0.5528169014084507,2.933333333333333,0,0.6615168544995301,1.0,0.0
BDR,2023-02-16,2023Q1,211,47,0.22274881516587677,4.9375,19.0,2.436128945764502,0.75,0.1875
BDR,2023-02-18,2023Q1,330,92,0.2787878787878788,10.3125,15.0,1.8616976853514526,1.0,0.0
BDR,2023-02-19,2023Q1,311,63,0.20257234726688103,4.4375,0,2.6667614989545623,0.875,0.0
BDR,2023-02-21,2023Q1,51,17,0.3333333333333333,4.375,0,1.9936979061684836,0.1875,0.125
BDR,2023-02-24,2023Q1,37,14,0.3783783783783784,14.8125,33.0,8.688207230084027,1.0,0.0
BDR,2023-07-09,2023Q3,83,19,0.2289156626506024,8.0625,0,2.733229636106686,0.4375,0.1875
BDR,2023-07-10,2023Q3,167,35,0.20958083832335328,7.25,0,5.037971416014128,0.75,0.0
BDR,2023-07-11,2023Q3,340,141,0.4147058823529412,8.375,0,1.2398223456663187,1.0,0.0
BDR,2023-07-12,2023Q3,292,158,0.541095890410959,5.6875,0,1.6648814337407931,1.0,0.0
BDR,2023-07-13,2023Q3,232,86,0.3706896551724138,8.4375,18.0,5.2764924014094765,1.0,0.0
BDR,2023-07-14,2023Q3,45,9,0.2,7.5625,0,2.278702840746573,0.4375,0.1875
BDR,2023-07-15,2023Q3,154,80,0.5194805194805194,5.6875,0,2.8764741865435792,0.875,0.0
BDR,2023-07-17,2023Q3,277,113,0.40794223826714804,6.0625,0,4.190069744791505,1.0,0.0
BDR,2023-07-18,2023Q3,41,18,0.43902439024390244,5.125,44.0,2.3423239621838876,0.625,0.125
BDR,2023-07-19,2023Q3,213,94,0.4413145539906103,6.0,0,1.721144078614665,1.0,0.0
BDR,2023-07-20,2023Q3,334,114,0.3413173652694611,6.875,0,4.216084970086293,1.0,0.0
BDR,2023-07-21,2023Q3,66,27,0.4090909090909091,6.5,0,4.426500429764529,0.6875,0.25
BDR,2023-07-23,2023Q3,295,203,0.688135593220339,7.4375,0,4.1625291593881055,1.0,0.0
BDR,2023-07-24,2023Q3,327,219,0.6697247706422018,6.875,0,3.080964544933423,1.0,0.0
BDR,2023-07-25,2023Q3,193,121,0.6269430051813472,7.0,38.0,2.6735758021568383,0.8125,0.1875
BDR,2023-07-26,2023Q3,226,156,0.6902654867256637,6.0625,0,2.7451835407030036,1.0,0.0
BDR,2023-07-27,2023Q3,110,88,0.8,9.25,21.0,2.4880885236863644,0.75,0.125
BDR,2023-07-28,2023Q3,300,271,0.9033333333333333,6.333333333333333,0,1.6905830219659614,1.0,0.0
BDR,2023-07-29,2023Q3,232,169,0.728448275862069,9.6875,32.0,1.7739101251688172,0.9375,0.0625
BDR,2023-07-30,2023Q3,275,207,0.7527272727272727,7.75,18.0,5.086751881761166,1.0,0.0
BDR,2023-07-31,2023Q3,255,210,0.8235294117647058,6.0625,0,2.941398300053582,1.0,0.0
BDR,2023-08-01,2023Q3,129,107,0.8294573643410853,7.1875,14.0,4.222032621108714,1.0,0.0
BDR,2023-08-03,2023Q3,282,189,0.6702127659574468,8.6875,0,3.994915767436785,1.0,0.0
BDR,2023-08-04,2023Q3,109,66,0.6055045871559633,10.5,0,2.752795307136206,0.9375,0.0
BDR,2023-08-05,2023Q3,275,198,0.72,6.1875,0,2.780547585588217,1.0,0.0
BDR,2023-08-06,2023Q3,269,119,0.4423791821561338,6.5625,0,3.6955432248176545,1.0,0.0
BDR,2023-08-08,2023Q3,73,42,0.5753424657534246,10.375,24.0,1.1699364834160564,0.75,0.0625
BDR,2023-08-09,2023Q3,259,170,0.6563706563706564,9.375,23.0,2.94347660992115,1.0,0.0
BDR,2023-08-10,2023Q3,190,106,0.5578947368421052,4.8125,0,2.0057796174637503,0.625,0.375
BDR,2023-08-11,2023Q3,391,271,0.6930946291560103,8.375,21.0,1.37868202514096,1.0,0.0
BDR,2023-08-12,2023Q3,264,145,0.5492424242424242,7.4375,24.0,3.2330147674635037,1.0,0.0
BDR,2023-08-13,2023Q3,204,143,0.7009803921568627,6.5625,19.0,1.3331757334559666,0.9375,0.0
BDR,2023-08-14,2023Q3,312,204,0.6538461538461539,3.875,0,2.0292502639318277,1.0,0.0
BDR,2023-08-15,2023Q3,34,20,0.5882352941176471,9.5625,22.0,2.8159005062411615,0.0,0.0625
BDR,2023-08-16,2023Q3,131,83,0.6335877862595419,8.125,0,1.8115492572494212,0.5,0.125
BDR,2023-08-17,2023Q3,68,32,0.47058823529411764,10.125,0,1.7263256785706809,0.0,0.0
BDR,2023-08-18,2023Q3,267,210,0.7865168539325843,9.9375,24.0,2.204576502001491,0.875,0.125
BDR,2023-08-20,2023Q3,244,138,0.5655737704918032,6.625,0,1.571788972082965,1.0,0.0
BDR,2023-08-21,2023Q3,267,132,0.4943820224719101,5.3125,0,1.3202423160447117,1.0,0.0
BDR,2023-08-22,2023Q3,240,117,0.4875,9.0625,22.0,4.682462814629633,1.0,0.0
BDR,2023-08-23,2023Q3,409,208,0.508557457212714,7.1875,0,3.489587689942924,1.0,0.0
BDR,2023-08-24,2023Q3,175,101,0.5771428571428572,8.5625,0,7.158477322032929,0.9375,0.0625
BDR,2023-08-25,2023Q3,75,55,0.7333333333333333,10.1875,0,4.54016635540965,0.0625,0.25
BDR,2023-08-26,2023Q3,266,198,0.7443609022556391,3.4375,0,1.7323539167415822,1.0,0.0
BDR,2023-08-27,2023Q3,315,177,0.5619047619047619,5.4375,0,2.703578647051252,0.9375,0.0
BDR,2023-08-28,2023Q3,120,85,0.7083333333333334,9.125,0,2.116065360613379,0.625,0.0
BDR,2023-08-29,2023Q3,42,20,0.47619047619047616,7.375,0,1.7238447636020906,0.1875,0.0
BDR,2023-08-30,2023Q3,124,88,0.7096774193548387,8.875,23.0,2.419066040586826,0.6875,0.125
BDR,2023-08-31,2023Q3,276,168,0.6086956521739131,9.125,19.0,4.11275865824121,1.0,0.0
BDR,2023-09-01,2023Q3,308,160,0.5194805194805194,7.375,0,3.1815703075649013,1.0,0.0
BDR,2023-09-02,2023Q3,247,162,0.6558704453441295,9.4375,0,2.0365123442949944,1.0,0.0
BDR,2023-09-03,2023Q3,267,148,0.5543071161048689,5.875,0,1.5429302501318316,1.0,0.0
BDR,2023-09-04,2023Q3,322,148,0.45962732919254656,4.375,0,1.3499021392596335,1.0,0.0
BDR,2023-09-05,2023Q3,247,137,0.5546558704453441,5.125,0,1.9001102559971004,1.0,0.0
BDR,2023-09-06,2023Q3,224,143,0.6383928571428571,5.75,0,2.207797429120099,1.0,0.0
BDR,2023-09-07,2023Q3,232,125,0.5387931034482759,5.625,0,2.12383586016457,1.0,0.0
BDR,2023-09-08,2023Q3,83,33,0.39759036144578314,5.875,17.0,2.4303590321449025,0.25,0.0
BDR,2023-09-09,2023Q3,101,50,0.49504950495049505,4.75,0,2.3515699461557693,0.75,0.0
BDR,2023-09-10,2023Q3,67,32,0.47761194029850745,5.6875,0,1.7596718848608315,0.6875,0.3125
BDR,2023-09-11,2023Q3,78,57,0.7307692307692307,5.733333333333333,0,2.141614506495202,0.7333333333333333,0.2
BDR,2023-09-12,2023Q3,232,146,0.6293103448275862,6.0,0,2.0731985604938528,0.75,0.0
BDR,2023-09-14,2023Q3,270,191,0.7074074074074074,8.125,17.0,6.076410201321648,1.0,0.0
BDR,2023-09-15,2023Q3,123,64,0.5203252032520326,13.0,26.0,8.752736607261456,1.0,0.0
BDR,2023-09-16,2023Q3,144,99,0.6875,9.0625,21.0,3.83378490480456,1.0,0.0
BDR,2023-09-17,2023Q3,284,184,0.647887323943662,5.75,0,1.7519942059089515,1.0,0.0
BDR,2023-09-19,2023Q3,292,231,0.791095890410959,8.4375,18.0,1.282122815633402,1.0,0.0
BDR,2023-09-20,2023Q3,403,305,0.7568238213399504,5.5,17.0,2.755460780362235,1.0,0.0
BDR,2023-09-21,2023Q3,313,209,0.6677316293929713,5.25,0,3.460152781094055,1.0,0.0
BDR,2023-09-22,2023Q3,244,228,0.9344262295081968,12.0625,23.0,2.6105802193298047,1.0,0.0
BDR,2023-09-27,2023Q3,288,137,0.4756944444444444,8.5625,0,2.0664862268908384,1.0,0.0
BDR,2023-09-28,2023Q3,246,221,0.8983739837398373,10.8125,0,2.0223021500613885,1.0,0.0
BDR,2023-09-30,2023Q3,85,74,0.8705882352941177,7.75,19.0,4.434503868384298,0.6875,0.3125
BDR,2023-10-01,2023Q4,328,193,0.5884146341463414,5.5625,0,2.6703351906815636,1.0,0.0
BDR,2023-10-02,2023Q4,278,162,0.5827338129496403,4.3125,0,1.3718595397661448,1.0,0.0
BDR,2023-10-03,2023Q4,347,193,0.5561959654178674,5.375,0,0.8650157901086267,1.0,0.0
BDR,2023-10-04,2023Q4,301,199,0.6611295681063123,2.7857142857142856,0,0.5832294981463166,1.0,0.0
BDR,2023-10-08,2023Q4,172,112,0.6511627906976745,9.8125,21.0,3.223005948658036,1.0,0.0
BDR,2023-10-09,2023Q4,234,136,0.5811965811965812,8.5625,19.0,1.707317968373391,1.0,0.0
BDR,2023-10-10,2023Q4,224,136,0.6071428571428571,7.125,0,1.2440409681206053,1.0,0.0
BDR,2023-10-11,2023Q4,278,187,0.6726618705035972,4.625,0,1.255376058275084,1.0,0.0
BDR,2023-10-12,2023Q4,310,222,0.7161290322580646,4.25,0,1.0132068435280404,1.0,0.0
BDR,2023-10-13,2023Q4,267,194,0.7265917602996255,6.75,16.0,5.474396700704676,1.0,0.0
BDR,2023-10-14,2023Q4,58,37,0.6379310344827587,4.8125,0,2.52909816814437,0.1875,0.8125
BDR,2023-10-15,2023Q4,150,104,0.6933333333333334,9.125,22.0,6.008481448541542,1.0,0.0
BDR,2023-10-16,2023Q4,179,99,0.553072625698324,7.0625,14.0,4.49859548906414,0.9375,0.0625
BDR,2023-10-17,2023Q4,245,192,0.7836734693877551,4.9375,0,2.4701206328784218,1.0,0.0
BDR,2023-10-18,2023Q4,305,169,0.5540983606557377,4.875,0,2.4140453767618135,1.0,0.0
BDR,2023-10-19,2023Q4,285,229,0.8035087719298246,6.625,0,3.5220480791971696,0.9375,0.0
BDR,2023-10-22,2023Q4,89,62,0.6966292134831461,12.6875,29.0,2.3337202636423475,1.0,0.0
BDR,2023-10-23,2023Q4,201,167,0.8308457711442786,7.5,19.0,5.83483847355901,1.0,0.0
BDR,2023-10-24,2023Q4,196,120,0.6122448979591837,5.75,0,2.014340869288441,1.0,0.0
BDR,2023-10-25,2023Q4,277,174,0.628158844765343,7.1875,0,1.1038615242021819,1.0,0.0
BDR,2023-10-26,2023Q4,265,199,0.7509433962264151,5.125,0,0.8979618806204054,1.0,0.0
BDR,2023-10-27,2023Q4,243,182,0.7489711934156379,5.25,0,0.8561752314706501,1.0,0.0
BDR,2023-10-28,2023Q4,256,138,0.5390625,7.1875,0,2.036763944614785,1.0,0.0
BDR,2023-10-29,2023Q4,34,23,0.6764705882352942,9.875,0,2.2908718955177223,0.125,0.75
BDR,2023-10-31,2023Q4,240,179,0.7458333333333333,6.0625,0,2.7613020157937394,1.0,0.0
BDR,2023-11-01,2023Q4,66,49,0.7424242424242424,7.125,0,5.140461711839199,0.6875,0.3125
BDR,2023-11-02,2023Q4,285,202,0.7087719298245614,4.25,0,1.6275416535160703,1.0,0.0
BDR,2023-11-03,2023Q4,342,254,0.7426900584795322,10.5,21.0,2.4605064286328604,1.0,0.0
BDR,2023-11-04,2023Q4,298,244,0.8187919463087249,4.5625,0,0.9806764074153251,1.0,0.0
BDR,2023-11-05,2023Q4,295,242,0.8203389830508474,5.1875,0,3.2652555025572907,1.0,0.0
BDR,2023-11-06,2023Q4,328,202,0.6158536585365854,6.1875,0,2.6488401255317857,0.875,0.0
BDR,2023-11-07,2023Q4,229,185,0.8078602620087336,8.625,0,1.9167736424532595,0.9375,0.0625
BDR,2023-11-08,2023Q4,194,125,0.6443298969072165,9.8125,24.0,7.507012762048095,1.0,0.0
BDR,2023-11-09,2023Q4,161,120,0.7453416149068323,4.625,0,2.278869286667525,0.6875,0.0
BDR,2023-11-10,2023Q4,184,138,0.75,6.5625,16.0,2.1358480892870024,1.0,0.0
BDR,2023-11-11,2023Q4,223,148,0.6636771300448431,7.2,0,4.850130720635125,1.0,0.0
BDR,2023-11-12,2023Q4,237,181,0.7637130801687764,5.5625,0,2.8848470062116816,1.0,0.0
BDR,2023-11-13,2023Q4,189,125,0.6613756613756614,4.125,0,1.6138222350082392,1.0,0.0
BDR,2023-11-14,2023Q4,106,71,0.6698113207547169,8.0,24.0,5.948550738642204,1.0,0.0
BDR,2023-11-15,2023Q4,426,244,0.5727699530516432,8.875,0,1.668331759783809,1.0,0.0
BDR,2023-11-16,2023Q4,342,242,0.7076023391812866,4.125,0,0.8026602372938899,0.9375,0.0625
BDR,2023-11-17,2023Q4,223,152,0.6816143497757847,6.875,0,2.6622310859273544,1.0,0.0
BDR,2023-11-18,2023Q4,59,49,0.8305084745762712,10.928571428571429,27.0,8.50500092355489,0.7857142857142857,0.14285714285714285
BDR,2023-11-19,2023Q4,275,214,0.7781818181818182,8.0,20.0,2.3508044128890657,1.0,0.0
BDR,2023-11-20,2023Q4,326,236,0.7239263803680982,7.25,0,5.346686395631267,1.0,0.0
BDR,2023-11-21,2023Q4,192,182,0.9479166666666666,13.6875,29.0,4.6268658320411635,0.625,0.375
BDR,2023-11-24,2023Q4,218,173,0.7935779816513762,9.875,26.0,4.913947227037835,1.0,0.0
BDR,2023-11-25,2023Q4,236,174,0.7372881355932204,2.625,0,1.5979039615795316,1.0,0.0
BDR,2023-11-26,2023Q4,334,177,0.5299401197604791,9.875,31.0,2.5178387899094785,0.625,0.125
BDR,2023-11-27,2023Q4,128,78,0.609375,9.8125,20.0,1.8303858844502021,1.0,0.0
BDR,2023-11-28,2023Q4,45,28,0.6222222222222222,12.5625,27.0,2.327152116599989,0.9375,0.0625
BDR,2023-11-29,2023Q4,223,216,0.968609865470852,8.8125,18.0,1.966804630562804,1.0,0.0
BDR,2023-11-30,2023Q4,268,222,0.8283582089552238,10.8125,0,1.554732211558477,1.0,0.0
BDR,2023-12-01,2023Q4,132,95,0.7196969696969697,3.625,0,0.7370132302875327,0.625,0.375
BDR,2023-12-02,2023Q4,92,87,0.9456521739130435,3.75,0,1.1556137840393954,0.375,0.0
BDR,2023-12-04,2023Q4,207,130,0.6280193236714976,7.0625,18.0,1.1716296869743394,1.0,0.0
BDR,2023-12-05,2023Q4,168,134,0.7976190476190477,7.0,17.0,3.4295004731635133,1.0,0.0
BDR,2023-12-06,2023Q4,105,61,0.580952380952381,8.9375,20.0,6.437953062452988,1.0,0.0
BDR,2023-12-07,2023Q4,125,77,0.616,5.5625,0,1.2952908048102258,0.875,0.0
BDR,2023-12-08,2023Q4,231,149,0.645021645021645,3.5,0,2.275641407921338,1.0,0.0
BDR,2023-12-09,2023Q4,205,178,0.8682926829268293,4.125,0,1.5047587163866945,0.875,0.0
BDR,2023-12-11,2023Q4,34,23,0.6764705882352942,12.0625,25.0,3.3155109666419222,0.8125,0.125
BDR,2023-12-12,2023Q4,277,156,0.5631768953068592,10.6875,19.0,1.3311377992789666,1.0,0.0
BDR,2023-12-13,2023Q4,232,174,0.75,9.625,24.0,2.489338308314927,1.0,0.0
BDR,2023-12-14,2023Q4,274,168,0.6131386861313869,6.166666666666667,0,2.4385713717818276,1.0,0.0
BDR,2023-12-15,2023Q4,268,168,0.6268656716417911,5.6875,0,1.1406605093310709,1.0,0.0
BDR,2023-12-16,2023Q4,238,182,0.7647058823529411,6.625,0,2.5554403319924957,1.0,0.0
BDR,2023-12-19,2023Q4,214,175,0.8177570093457944,9.6875,16.0,5.099177236064103,1.0,0.0
BDR,2023-12-20,2023Q4,269,157,0.5836431226765799,8.4375,19.0,5.862454075996558,1.0,0.0
BDR,2023-12-21,2023Q4,116,75,0.646551724137931,9.9375,22.0,7.896974738429312,1.0,0.0
BDR,2023-12-22,2023Q4,255,175,0.6862745098039216,2.75,0,1.9133695509113773,1.0,0.0
BDR,2023-12-23,2023Q4,164,170,1.0365853658536586,4.375,0,1.4592840749427916,1.0,0.0
BDR,2023-12-24,2023Q4,83,67,0.8072289156626506,2.142857142857143,0,0.9901705185146208,0.8571428571428571,0.0
BDR,2023-12-29,2023Q4,59,28,0.4745762711864407,3.625,0,1.1644680712237183,0.5,0.0
BDR,2023-12-30,2023Q4,150,127,0.8466666666666667,7.75,17.0,1.794143970145724,0.875,0.0
BDR,2023-12-31,2023Q4,224,175,0.78125,3.6875,0,2.030759630056394,1.0,0.0
BDR,2024-01-01,2024Q1,160,108,0.675,3.75,0,2.468407192904718,1.0,0.0
BDR,2024-01-02,2024Q1,221,169,0.7647058823529411,4.5625,0,2.497744188872631,1.0,0.0
BDR,2024-01-03,2024Q1,264,189,0.7159090909090909,5.6875,0,2.231904824272106,1.0,0.0
BDR,2024-01-04,2024Q1,70,44,0.6285714285714286,8.875,24.0,5.886353459625947,1.0,0.0
BDR,2024-01-05,2024Q1,253,193,0.7628458498023716,5.375,16.0,1.3432027982452368,1.0,0.0
BDR,2024-01-06,2024Q1,175,140,0.8,11.8125,26.0,3.6654069233019193,0.5,0.3125
BDR,2024-01-08,2024Q1,81,72,0.8888888888888888,6.0625,21.0,3.8742395927473483,1.0,0.0
BDR,2024-01-11,2024Q1,246,163,0.6626016260162602,9.0625,15.0,0.8914660702363247,1.0,0.0
BDR,2024-01-12,2024Q1,287,230,0.8013937282229965,6.625,0,2.077460159536383,0.9375,0.0
BDR,2024-01-15,2024Q1,274,197,0.718978102189781,5.75,0,1.2005954686321951,1.0,0.0
BDR,2024-01-17,2024Q1,71,42,0.5915492957746479,9.8125,23.0,2.467104081917249,1.0,0.0
BDR,2024-01-18,2024Q1,135,104,0.7703703703703704,6.375,17.0,2.7064259198189333,0.9375,0.0625
BDR,2024-01-20,2024Q1,113,98,0.8672566371681416,10.9375,22.0,4.286090011127244,0.9375,0.0625
BDR,2024-01-21,2024Q1,181,142,0.7845303867403315,8.9375,22.0,5.610975334768313,1.0,0.0
BDR,2024-01-22,2024Q1,271,193,0.7121771217712177,9.4375,19.0,1.106858954062204,1.0,0.0
BDR,2024-01-23,2024Q1,97,44,0.4536082474226804,4.1875,0,1.9079497428304997,0.875,0.125
BDR,2024-01-27,2024Q1,59,31,0.5254237288135594,3.4375,0,1.3759129907801317,0.0625,0.0
BDR,2024-01-31,2024Q1,215,189,0.8790697674418605,3.6875,0,1.665784866718564,0.6875,0.0
BDR,2024-02-01,2024Q1,192,141,0.734375,5.5625,0,0.6034295686419159,1.0,0.0
BDR,2024-02-02,2024Q1,37,23,0.6216216216216216,6.6875,0,4.6559437953339184,0.75,0.25
BDR,2024-02-03,2024Q1,206,173,0.8398058252427184,9.5625,18.0,8.037365052987779,1.0,0.0
BDR,2024-02-04,2024Q1,324,192,0.5925925925925926,8.875,19.0,6.9419658458618265,1.0,0.0
BDR,2024-02-05,2024Q1,219,144,0.6575342465753424,10.0,21.0,7.014683090474713,1.0,0.0
BDR,2024-02-06,2024Q1,215,124,0.5767441860465117,6.625,0,2.947071903562032,1.0,0.0
BDR,2024-02-07,2024Q1,368,272,0.7391304347826086,4.6875,0,2.397745954850361,1.0,0.0
BDR,2024-02-08,2024Q1,272,247,0.9080882352941176,3.6875,0,1.4920464508465394,1.0,0.0
BDR,2024-02-09,2024Q1,247,209,0.8461538461538461,5.5625,0,3.6867354086749926,0.875,0.0
BDR,2024-02-10,2024Q1,179,154,0.8603351955307262,4.8,0,0.9691900215659699,0.7333333333333333,0.06666666666666667
BDR,2024-02-11,2024Q1,273,92,0.336996336996337,4.5,0,3.0291927665176113,1.0,0.0
BDR,2024-02-12,2024Q1,113,111,0.9823008849557522,5.75,0,2.7666058760952095,1.0,0.0
BDR,2024-02-15,2024Q1,160,96,0.6,8.5,21.0,3.125822811436454,0.9375,0.0625
BDR,2024-02-16,2024Q1,41,30,0.7317073170731707,12.6875,36.0,4.386001380533107,1.0,0.0
BDR,2024-02-18,2024Q1,50,47,0.94,13.125,31.0,1.9967981315896395,1.0,0.0
BDR,2024-02-19,2024Q1,248,183,0.7379032258064516,6.6875,18.0,4.572957191686422,1.0,0.0
BDR,2024-02-20,2024Q1,200,170,0.85,4.6875,0,2.265457281293244,1.0,0.0
BDR,2024-02-21,2024Q1,246,160,0.6504065040650406,7.375,0,2.4874060358622887,0.9375,0.0
BDR,2024-02-22,2024Q1,219,162,0.7397260273972602,7.125,0,3.587264204082035,0.25,0.0
BDR,2024-02-23,2024Q1,48,24,0.5,2.5625,0,1.1098627105716208,0.9375,0.0
BDR,2024-02-24,2024Q1,153,119,0.7777777777777778,12.0,25.0,9.479910386312884,1.0,0.0
BDR,2024-02-25,2024Q1,397,330,0.8312342569269522,7.8125,0,2.7111712095628784,1.0,0.0
BDR,2024-02-26,2024Q1,301,273,0.9069767441860465,7.3125,0,1.381039653412477,0.875,0.125
BDR,2024-02-27,2024Q1,82,80,0.975609756097561,8.375,0,2.87678563085674,0.4375,0.1875
BDR,2024-02-28,2024Q1,32,7,0.21875,11.25,23.0,4.753620630922461,0.1875,0.5
BDR,2024-02-29,2024Q1,66,50,0.7575757575757576,12.375,40.0,3.6820207357901054,1.0,0.0
BDR,2024-03-01,2024Q1,304,228,0.75,7.5,0,2.335840049394153,1.0,0.0
BDR,2024-03-03,2024Q1,204,170,0.8333333333333334,8.5625,20.0,5.622465875858789,0.75,0.0
BDR,2024-03-04,2024Q1,233,184,0.7896995708154506,7.25,0,2.171223960621806,0.8125,0.0
BDR,2024-03-07,2024Q1,32,10,0.3125,13.75,32.0,6.587058165265854,0.5625,0.0
BDR,2024-03-08,2024Q1,304,250,0.8223684210526315,7.0,0,3.236875595359973,1.0,0.0
BDR,2024-03-09,2024Q1,45,41,0.9111111111111111,15.0,29.0,1.8697621537647793,0.0,0.4375
BDR,2024-03-10,2024Q1,38,29,0.7631578947368421,12.25,32.0,2.290021146234894,0.5,0.1875
BDR,2024-03-12,2024Q1,195,172,0.882051282051282,9.1875,24.0,2.9296761652081464,1.0,0.0
BDR,2024-03-13,2024Q1,334,210,0.6287425149700598,5.4375,0,3.1609868805860013,1.0,0.0
BDR,2024-03-14,2024Q1,361,273,0.7562326869806094,3.375,0,1.1210583480857053,1.0,0.0
BDR,2024-03-15,2024Q1,144,123,0.8541666666666666,7.75,21.0,4.85314887185472,1.0,0.0
BDR,2024-03-16,2024Q1,303,220,0.7260726072607261,8.0,0,3.0136252083594113,1.0,0.0
BDR,2024-03-17,2024Q1,109,86,0.7889908256880734,9.25,30.0,2.716329872417089,1.0,0.0
BDR,2024-03-18,2024Q1,132,91,0.6893939393939394,11.0,27.0,2.5144242695357626,1.0,0.0
BDR,2024-03-19,2024Q1,159,132,0.8301886792452831,11.875,28.0,3.929179485902974,1.0,0.0
BDR,2024-03-20,2024Q1,266,190,0.7142857142857143,9.0625,31.0,2.7452492257952477,0.875,0.125
BDR,2024-03-24,2024Q1,135,76,0.562962962962963,10.0,22.0,5.702502029952725,1.0,0.0
BDR,2024-03-25,2024Q1,176,180,1.0227272727272727,11.4375,21.0,2.3473616915528965,1.0,0.0
BDR,2024-03-26,2024Q1,250,173,0.692,9.133333333333333,0,2.74300193524801,0.5333333333333333,0.0
BDR,2024-03-27,2024Q1,102,66,0.6470588235294118,4.875,0,1.848643920839786,0.5625,0.125
BDR,2024-03-29,2024Q1,82,60,0.7317073170731707,16.375,38.0,9.040372358045175,1.0,0.0
BDR,2024-03-30,2024Q1,196,139,0.7091836734693877,9.9375,24.0,3.1173781200412134,1.0,0.0
BDR,2024-03-31,2024Q1,330,206,0.6242424242424243,8.3125,0,2.4756030433501697,1.0,0.0
BDR,2024-04-01,2024Q2,217,190,0.8755760368663594,4.8125,0,1.2893862606334263,0.9375,0.0625
BDR,2024-04-02,2024Q2,64,61,0.953125,12.125,22.0,2.2723987393642813,0.1875,0.75
BDR,2024-04-05,2024Q2,229,161,0.7030567685589519,11.25,29.0,3.637178448473348,1.0,0.0
BDR,2024-04-06,2024Q2,76,58,0.7631578947368421,13.25,32.0,10.438685128632303,1.0,0.0
BDR,2024-04-07,2024Q2,319,227,0.7115987460815048,7.625,21.0,5.541733709023585,1.0,0.0
BDR,2024-04-08,2024Q2,283,197,0.696113074204947,6.5625,0,1.6398433881173566,1.0,0.0
BDR,2024-04-09,2024Q2,241,179,0.7427385892116183,4.375,0,1.7931201356270012,1.0,0.0
BDR,2024-04-10,2024Q2,219,132,0.6027397260273972,12.125,0,4.183184750222849,0.5625,0.0
BDR,2024-04-14,2024Q2,335,305,0.9104477611940298,9.125,35.0,3.153841192912493,0.875,0.125
BDR,2024-04-15,2024Q2,344,187,0.5436046511627907,7.625,21.0,2.653363254116202,1.0,0.0
BDR,2024-04-16,2024Q2,367,222,0.6049046321525886,6.6875,22.0,3.3802095872417692,1.0,0.0
BDR,2024-04-17,2024Q2,226,160,0.7079646017699115,11.5,0,3.3309699276513443,0.8125,0.1875
BDR,2024-04-19,2024Q2,282,215,0.7624113475177305,9.5,0,3.104221889195209,0.8125,0.0
BDR,2024-04-20,2024Q2,225,173,0.7688888888888888,8.8125,26.0,3.651385591364514,0.625,0.125
BDR,2024-04-21,2024Q2,289,200,0.6920415224913494,7.8125,21.0,1.5148708633197259,1.0,0.0
BDR,2024-04-22,2024Q2,222,151,0.6801801801801802,8.133333333333333,24.0,4.10509564252874,1.0,0.0
BDR,2024-04-23,2024Q2,306,210,0.6862745098039216,6.8125,19.0,3.103751763404083,1.0,0.0
BDR,2024-04-24,2024Q2,153,125,0.8169934640522876,10.0625,32.0,4.416121821539648,1.0,0.0
BDR,2024-04-25,2024Q2,232,181,0.7801724137931034,8.375,17.0,4.053425943670286,1.0,0.0
BDR,2024-04-26,2024Q2,431,310,0.7192575406032483,8.0,0,4.1988393136232744,1.0,0.0
BDR,2024-04-27,2024Q2,393,278,0.7073791348600509,8.8,0,2.6113730649235327,0.8,0.2
BDR,2024-04-28,2024Q2,229,196,0.8558951965065502,4.333333333333333,0,1.1182105409674714,0.5333333333333333,0.06666666666666667
BDR,2024-04-29,2024Q2,312,220,0.7051282051282052,7.071428571428571,0,2.9501415500373254,1.0,0.0
BDR,2024-04-30,2024Q2,58,43,0.7413793103448276,14.5625,26.0,4.48683955017813,0.0,0.0
BDR,2024-05-01,2024Q2,168,118,0.7023809523809523,7.3125,0,2.1893895025085524,0.625,0.0
BDR,2024-05-02,2024Q2,159,115,0.7232704402515723,6.6875,0,2.2361503349994147,0.5,0.0
BDR,2024-05-03,2024Q2,340,219,0.6441176470588236,8.375,0,3.4375481534310146,0.6875,0.0
BDR,2024-05-04,2024Q2,443,278,0.6275395033860045,7.9375,0,1.972939331446516,0.875,0.0625
BDR,2024-05-06,2024Q2,38,46,1.2105263157894737,4.75,0,0.8228023380815532,0.75,0.0
BDR,2024-05-07,2024Q2,421,326,0.7743467933491687,7.75,0,3.543814043955545,1.0,0.0
BDR,2024-05-08,2024Q2,71,47,0.6619718309859155,6.8125,19.0,2.866964753487169,0.75,0.125
BDR,2024-05-09,2024Q2,298,196,0.6577181208053692,7.375,22.0,4.62075198737835,1.0,0.0
BDR,2024-05-10,2024Q2,41,31,0.7560975609756098,8.8125,25.0,2.3733631729332214,0.5,0.25
BDR,2024-05-11,2024Q2,362,267,0.7375690607734806,8.25,0,5.569950973957291,1.0,0.0
BDR,2024-05-12,2024Q2,187,111,0.5935828877005348,8.0,0,1.675961978484151,0.8125,0.0
BDR,2024-05-13,2024Q2,339,192,0.5663716814159292,8.9375,20.0,1.8888506342430738,0.9375,0.0
BDR,2024-05-14,2024Q2,374,341,0.9117647058823529,6.0,0,1.937931856366143,0.9375,0.0625
BDR,2024-05-17,2024Q2,409,253,0.6185819070904646,5.75,0,1.2549227846423647,1.0,0.0
BDR,2024-05-18,2024Q2,200,116,0.58,7.9375,0,2.1162897568955192,0.4375,0.125
BDR,2024-05-19,2024Q2,230,156,0.6782608695652174,7.875,0,2.9454827183272876,0.6875,0.0625
BDR,2024-05-20,2024Q2,307,221,0.7198697068403909,5.375,0,2.072478671689861,0.6875,0.0
BDR,2024-05-21,2024Q2,342,263,0.7690058479532164,5.5,0,2.131892120420866,0.6875,0.0
BDR,2024-05-22,2024Q2,452,308,0.6814159292035398,8.375,22.0,2.8983293312969227,1.0,0.0
BDR,2024-05-23,2024Q2,194,122,0.6288659793814433,5.9375,18.0,1.6525327107445227,0.9375,0.0625
BDR,2024-05-24,2024Q2,413,225,0.5447941888619855,6.25,0,2.043906333123028,1.0,0.0
BDR,2024-05-25,2024Q2,381,225,0.5905511811023622,7.4375,0,2.685044572179775,1.0,0.0
BDR,2024-05-26,2024Q2,303,229,0.7557755775577558,4.625,0,1.3560434972182438,0.875,0.0625
BDR,2024-05-28,2024Q2,328,213,0.649390243902439,10.5,22.0,1.6351489222475415,0.75,0.0
BDR,2024-05-29,2024Q2,434,392,0.9032258064516129,7.333333333333333,0,2.7470171435129656,1.0,0.0
BDR,2024-05-30,2024Q2,170,129,0.7588235294117647,8.625,20.0,5.4444000075716685,0.9375,0.0625
BDR,2024-05-31,2024Q2,323,202,0.6253869969040248,7.875,19.0,5.532605344965264,1.0,0.0
BDR,2024-06-01,2024Q2,323,222,0.6873065015479877,7.375,21.0,3.7508029498798905,1.0,0.0
BDR,2024-06-02,2024Q2,309,219,0.7087378640776699,6.0625,0,1.3928923337359596,1.0,0.0
BDR,2024-06-03,2024Q2,280,187,0.6678571428571428,3.75,0,1.9573325148119654,1.0,0.0
BDR,2024-06-04,2024Q2,269,210,0.7806691449814126,8.5625,22.0,3.1106427863559647,0.8125,0.0
BDR,2024-06-05,2024Q2,134,80,0.5970149253731343,5.3125,16.0,3.3051582577051493,0.5625,0.0
BDR,2024-06-06,2024Q2,31,18,0.5806451612903226,4.9375,0,2.083343145750515,0.3125,0.25
BDR,2024-06-07,2024Q2,366,224,0.6120218579234973,7.5625,28.0,3.1244089985396393,1.0,0.0
BDR,2024-06-08,2024Q2,220,138,0.6272727272727273,10.125,27.0,1.6239971510317752,1.0,0.0
BDR,2024-06-09,2024Q2,195,99,0.5076923076923077,7.25,21.0,3.335326289513351,0.8125,0.125
BDR,2024-06-10,2024Q2,292,214,0.7328767123287672,8.875,19.0,2.513654451065068,1.0,0.0
BDR,2024-06-11,2024Q2,259,195,0.752895752895753,6.1875,0,4.157968647647218,1.0,0.0
BDR,2024-06-12,2024Q2,290,228,0.7862068965517242,7.5625,0,2.08490721525957,1.0,0.0
BDR,2024-06-13,2024Q2,395,245,0.620253164556962,7.125,20.0,2.4965207462991708,1.0,0.0
BDR,2024-06-14,2024Q2,202,132,0.6534653465346535,5.5,0,2.167349808745114,0.75,0.25
BDR,2024-06-15,2024Q2,184,158,0.8586956521739131,10.3125,26.0,7.845111596260333,1.0,0.0
BDR,2024-06-16,2024Q2,306,262,0.8562091503267973,7.75,0,3.741651359628917,1.0,0.0
BDR,2024-06-17,2024Q2,258,164,0.6356589147286822,7.125,21.0,3.2392449816596756,1.0,0.0
BDR,2024-06-18,2024Q2,265,183,0.690566037735849,8.1875,0,3.329273464668126,1.0,0.0
BDR,2024-06-19,2024Q2,272,199,0.7316176470588235,8.875,0,2.4921511638042477,1.0,0.0
BDR,2024-06-20,2024Q2,365,228,0.6246575342465753,8.4375,0,2.010653183653834,1.0,0.0
BDR,2024-06-21,2024Q2,226,157,0.6946902654867256,5.3125,0,1.6895630579139942,0.8125,0.1875
BDR,2024-06-22,2024Q2,136,55,0.40441176470588236,6.0625,0,2.5281783841254812,0.875,0.0
BDR,2024-06-23,2024Q2,202,140,0.693069306930693,9.125,27.0,3.877728804418361,1.0,0.0
BDR,2024-06-24,2024Q2,100,71,0.71,14.0,29.0,4.716034867141012,0.9375,0.0625
BDR,2024-06-25,2024Q2,219,219,1.0,10.5625,23.0,4.982851631139192,1.0,0.0
BDR,2024-06-26,2024Q2,301,303,1.0066445182724253,8.3125,18.0,2.6848998199108767,0.9375,0.0625
BDR,2024-06-27,2024Q2,285,257,0.9017543859649123,9.3125,21.0,3.9606118837487827,0.9375,0.0
BDR,2024-06-28,2024Q2,441,427,0.9682539682539683,8.125,0,4.774006085039388,1.0,0.0
BDR,2024-06-29,2024Q2,125,129,1.032,9.25,22.0,4.782629576108959,0.4375,0.0
BDR,2024-07-01,2024Q3,163,154,0.9447852760736196,10.375,26.0,7.501594644088967,1.0,0.0
BDR,2024-07-02,2024Q3,340,338,0.9941176470588236,5.5,0,2.5193219515619076,1.0,0.0
BDR,2024-07-03,2024Q3,320,330,1.03125,6.333333333333333,0,3.7762989095672,1.0,0.0
BDR,2024-07-04,2024Q3,271,224,0.8265682656826568,6.266666666666667,0,2.537061968521031,0.9333333333333333,0.06666666666666667
BDR,2024-07-05,2024Q3,161,168,1.0434782608695652,6.0,0,2.0474972493350916,0.6875,0.125
BDR,2024-07-06,2024Q3,58,54,0.9310344827586207,5.3125,0,3.5946666195726045,0.625,0.0625
BDR,2024-07-07,2024Q3,375,329,0.8773333333333333,2.9375,0,1.8298424072851445,1.0,0.0
BDR,2024-07-08,2024Q3,380,399,1.05,5.625,0,3.4876349972976577,1.0,0.0
BDR,2024-07-09,2024Q3,267,240,0.898876404494382,5.375,0,2.091456133500677,0.75,0.0
BDR,2024-07-10,2024Q3,111,59,0.5315315315315315,11.0,23.0,4.8567174201882795,0.625,0.0
BDR,2024-07-11,2024Q3,254,264,1.0393700787401574,9.875,22.0,2.1495209257544934,0.9375,0.0
BDR,2024-07-12,2024Q3,103,92,0.8932038834951457,6.125,0,2.8205084310699307,0.75,0.125
BDR,2024-07-13,2024Q3,148,130,0.8783783783783784,5.375,0,3.43687408866304,0.6875,0.25
BDR,2024-07-14,2024Q3,380,343,0.9026315789473685,6.6875,0,2.4690040416341663,1.0,0.0
BDR,2024-07-15,2024Q3,293,271,0.9249146757679181,5.25,0,1.249503230576517,1.0,0.0
BDR,2024-07-16,2024Q3,286,269,0.9405594405594405,9.375,21.0,3.24281712621948,1.0,0.0
BDR,2024-07-17,2024Q3,297,289,0.9730639730639731,5.8125,0,2.048117682174729,0.8125,0.1875
BDR,2024-07-18,2024Q3,234,296,1.264957264957265,7.875,17.0,4.385123393331957,1.0,0.0
BDR,2024-07-19,2024Q3,416,397,0.9543269230769231,7.133333333333334,19.0,3.9220577871294844,1.0,0.0
BDR,2024-07-20,2024Q3,338,322,0.9526627218934911,6.625,0,1.7507187884368978,1.0,0.0
BDR,2024-07-21,2024Q3,281,269,0.9572953736654805,5.75,0,2.8848632383644466,1.0,0.0
BDR,2024-07-22,2024Q3,203,161,0.7931034482758621,5.125,0,2.1716454992537777,1.0,0.0
BDR,2024-07-23,2024Q3,69,60,0.8695652173913043,8.6875,18.0,1.8847413245382802,0.25,0.0
BDR,2024-07-25,2024Q3,257,230,0.8949416342412452,7.375,20.0,1.2843476891551922,0.875,0.0
BDR,2024-07-26,2024Q3,282,257,0.9113475177304965,8.125,20.0,5.632212531202734,1.0,0.0
BDR,2024-07-27,2024Q3,484,476,0.9834710743801653,5.5625,0,2.3555409424846454,1.0,0.0
BDR,2024-07-28,2024Q3,299,320,1.0702341137123745,6.5625,0,2.532442922403092,1.0,0.0
BDR,2024-07-29,2024Q3,78,82,1.0512820512820513,5.8125,0,1.9128431523578755,0.8125,0.125
BDR,2024-07-30,2024Q3,147,159,1.0816326530612246,9.875,20.0,5.131998785314105,0.8125,0.0
BDR,2024-07-31,2024Q3,131,97,0.7404580152671756,10.0,16.0,5.300593823926051,0.8125,0.0625
BDR,2024-08-01,2024Q3,327,298,0.9113149847094801,7.4375,0,1.7031053759696198,1.0,0.0
BDR,2024-08-02,2024Q3,247,227,0.9190283400809717,4.25,0,2.017071852539937,0.9375,0.0625
BDR,2024-08-03,2024Q3,164,170,1.0365853658536586,9.3125,33.0,2.1769917596840305,0.75,0.25
BDR,2024-08-04,2024Q3,59,54,0.9152542372881356,8.5,0,0.9706173189999202,0.5,0.14285714285714285
BDR,2024-08-05,2024Q3,438,391,0.8926940639269406,5.6875,0,2.2650623292192114,1.0,0.0
BDR,2024-08-06,2024Q3,248,219,0.8830645161290323,8.1875,22.0,2.014785574056284,0.625,0.375
BDR,2024-08-07,2024Q3,37,26,0.7027027027027027,8.5,0,1.3718200184226903,0.0625,0.1875
BDR,2024-08-08,2024Q3,33,36,1.0909090909090908,14.375,26.0,3.5895190886380024,0.0,0.3125
BDR,2024-08-10,2024Q3,307,263,0.8566775244299675,8.0625,17.0,1.422726218397766,1.0,0.0
BDR,2024-08-11,2024Q3,383,375,0.97911227154047,6.25,0,2.2383935371773256,1.0,0.0
BDR,2024-08-12,2024Q3,336,351,1.0446428571428572,7.9375,20.0,1.8246010400389803,1.0,0.0
BDR,2024-08-13,2024Q3,280,298,1.0642857142857143,7.0625,19.0,4.383582040285302,1.0,0.0
BDR,2024-08-14,2024Q3,327,266,0.8134556574923547,5.75,21.0,3.9186367172780647,0.9375,0.0625
BDR,2024-08-15,2024Q3,301,307,1.0199335548172757,5.3125,0,1.0421741156604818,1.0,0.0
BDR,2024-08-16,2024Q3,388,362,0.9329896907216495,6.75,0,2.1724115160125685,0.9375,0.0
BDR,2024-08-17,2024Q3,106,109,1.028301886792453,10.0,0,2.4377012290579616,0.5625,0.0
BDR,2024-08-18,2024Q3,30,22,0.7333333333333333,11.1875,25.0,3.2867352506537215,0.0,0.5625
BDR,2024-08-19,2024Q3,134,127,0.9477611940298507,6.1875,21.0,2.3830554073499868,0.625,0.0625
BDR,2024-08-20,2024Q3,181,171,0.9447513812154696,9.6875,25.0,7.565246388254291,1.0,0.0
BDR,2024-08-21,2024Q3,345,319,0.9246376811594202,6.75,16.0,1.9876120533823003,0.9375,0.0625
BDR,2024-08-22,2024Q3,301,321,1.0664451827242525,6.5,18.0,1.2791212632692592,1.0,0.0
BDR,2024-08-23,2024Q3,401,377,0.940149625935162,6.6875,0,2.5134749533468947,1.0,0.0
BDR,2024-08-24,2024Q3,203,180,0.8866995073891626,5.5625,0,2.1811814315098,1.0,0.0
BDR,2024-08-25,2024Q3,292,291,0.9965753424657534,5.875,0,2.6528510259476823,1.0,0.0
BDR,2024-08-26,2024Q3,242,231,0.9545454545454546,5.5625,27.0,2.171008852990695,0.8125,0.1875
BDR,2024-08-27,2024Q3,308,245,0.7954545454545454,5.8125,0,3.1082834682798595,1.0,0.0
BDR,2024-08-28,2024Q3,288,282,0.9791666666666666,7.4375,0,1.2055609404077954,0.9375,0.0625
BDR,2024-08-29,2024Q3,260,251,0.9653846153846154,9.0,0,2.067617281284002,0.875,0.0
BDR,2024-08-30,2024Q3,170,176,1.035294117647059,9.625,0,2.1396572264945743,0.875,0.0
BDR,2024-08-31,2024Q3,186,174,0.9354838709677419,6.6875,0,1.8640662108183026,0.8125,0.0
BDR,2024-09-01,2024Q3,64,59,0.921875,7.5625,0,1.0996950831488677,0.8125,0.125
BDR,2024-09-02,2024Q3,291,302,1.0378006872852235,7.75,17.0,5.655520566930778,1.0,0.0
BDR,2024-09-03,2024Q3,234,234,1.0,6.125,16.0,2.496792599513095,1.0,0.0
BDR,2024-09-04,2024Q3,309,313,1.0129449838187703,4.375,0,1.895269099646291,1.0,0.0
BDR,2024-09-05,2024Q3,225,218,0.9688888888888889,9.4375,0,1.8194899825207524,1.0,0.0
BDR,2024-09-06,2024Q3,348,328,0.9425287356321839,7.5,0,2.0029086810184493,1.0,0.0
BDR,2024-09-07,2024Q3,40,31,0.775,7.5,24.0,3.7142520745808993,0.375,0.25
BDR,2024-09-08,2024Q3,302,290,0.9602649006622517,7.9375,22.0,1.6388892378945084,1.0,0.0
BDR,2024-09-09,2024Q3,330,331,1.003030303030303,10.625,19.0,1.343104118150336,1.0,0.0
BDR,2024-09-10,2024Q3,247,241,0.9757085020242915,6.75,16.0,4.441160668587995,1.0,0.0
BDR,2024-09-11,2024Q3,328,345,1.0518292682926829,5.25,0,2.6549072544472185,1.0,0.0
BDR,2024-09-12,2024Q3,297,318,1.0707070707070707,4.875,0,2.37466541824107,1.0,0.0
BDR,2024-09-13,2024Q3,274,301,1.0985401459854014,4.875,0,2.1426889765963626,1.0,0.0
BDR,2024-09-14,2024Q3,365,336,0.9205479452054794,5.625,0,1.8773332639636346,1.0,0.0
BDR,2024-09-15,2024Q3,372,342,0.9193548387096774,7.6875,0,1.5104566887667823,1.0,0.0
BDR,2024-09-17,2024Q3,295,263,0.8915254237288136,3.875,0,1.9043244743878789,0.8125,0.0
BDR,2024-09-18,2024Q3,185,158,0.8540540540540541,6.6875,0,1.7903797522780038,1.0,0.0
BDR,2024-09-19,2024Q3,169,175,1.0355029585798816,9.3125,20.0,3.5863860637698375,1.0,0.0
BDR,2024-09-20,2024Q3,195,181,0.9282051282051282,10.5625,24.0,3.3717551930954435,1.0,0.0
BDR,2024-09-21,2024Q3,231,210,0.9090909090909091,10.5625,22.0,3.050062795020989,1.0,0.0
BDR,2024-09-22,2024Q3,347,327,0.9423631123919308,9.9375,16.0,3.7809258442394054,1.0,0.0
BDR,2024-09-23,2024Q3,320,310,0.96875,8.375,0,1.8787099496764732,1.0,0.0
BDR,2024-09-24,2024Q3,508,428,0.84251968503937,10.5,19.0,1.816261091942906,1.0,0.0
BDR,2024-09-25,2024Q3,182,172,0.945054945054945,10.6875,20.0,2.2861843360371314,0.4375,0.0
BDR,2024-09-26,2024Q3,33,29,0.8787878787878788,5.375,0,2.4434568455974954,0.0625,0.4375
BDR,2024-09-27,2024Q3,286,272,0.951048951048951,3.9375,0,1.792234240273997,0.9375,0.0625
BDR,2024-09-28,2024Q3,151,154,1.0198675496688743,14.5,27.0,3.439173789812402,0.5,0.3125
BDR,2024-09-29,2024Q3,47,44,0.9361702127659575,7.9375,0,2.300519238271805,0.25,0.125
BDR,2024-09-30,2024Q3,380,312,0.8210526315789474,8.0,0,1.7667622360252853,1.0,0.0
BDR,2024-10-01,2024Q4,217,233,1.0737327188940091,10.3125,22.0,1.8233750452258775,0.75,0.0
BDR,2024-10-02,2024Q4,258,273,1.058139534883721,6.3125,0,1.4196572648504124,1.0,0.0
BDR,2024-10-03,2024Q4,368,389,1.0570652173913044,6.0,0,1.9836066099977494,1.0,0.0
BDR,2024-10-04,2024Q4,392,362,0.923469387755102,4.125,0,1.5331226743660038,1.0,0.0
BDR,2024-10-05,2024Q4,393,418,1.063613231552163,7.25,18.0,5.103293951782963,1.0,0.0
BDR,2024-10-06,2024Q4,381,366,0.9606299212598425,7.3125,0,3.6772081903187352,1.0,0.0
BDR,2024-10-07,2024Q4,148,135,0.9121621621621622,8.25,20.0,3.86270097790894,0.625,0.125
BDR,2024-10-08,2024Q4,338,290,0.8579881656804734,5.625,0,2.6310252696097822,1.0,0.0
BDR,2024-10-09,2024Q4,289,258,0.8927335640138409,6.5625,19.0,2.2905158140837285,1.0,0.0
BDR,2024-10-10,2024Q4,246,272,1.1056910569105691,8.75,22.0,6.121410193405498,1.0,0.0
BDR,2024-10-11,2024Q4,323,289,0.8947368421052632,8.125,16.0,1.6287218733928237,1.0,0.0
BDR,2024-10-12,2024Q4,162,144,0.8888888888888888,7.8125,25.0,4.205867483239721,1.0,0.0
BDR,2024-10-13,2024Q4,256,260,1.015625,11.8125,22.0,3.947226527944191,0.9375,0.0
BDR,2024-10-14,2024Q4,42,33,0.7857142857142857,10.3125,33.0,3.9038912835389117,0.625,0.0
BDR,2024-10-15,2024Q4,265,259,0.9773584905660377,7.75,22.0,1.3009641795614577,1.0,0.0
BDR,2024-10-16,2024Q4,199,196,0.9849246231155779,8.6875,21.0,4.830166221159604,1.0,0.0
BDR,2024-10-17,2024Q4,356,370,1.0393258426966292,6.3125,18.0,2.96325523113133,1.0,0.0
BDR,2024-10-18,2024Q4,319,396,1.2413793103448276,6.0625,0,2.6270964760000686,1.0,0.0
BDR,2024-10-19,2024Q4,373,340,0.9115281501340483,3.4375,0,1.3183657478212774,1.0,0.0
BDR,2024-10-20,2024Q4,367,358,0.9754768392370572,4.1875,0,0.7979389709151666,1.0,0.0
BDR,2024-10-21,2024Q4,371,333,0.8975741239892183,4.0,0,0.38079778768316364,1.0,0.0
BDR,2024-10-22,2024Q4,314,312,0.9936305732484076,3.25,0,1.0171758552013772,1.0,0.0
BDR,2024-10-23,2024Q4,330,292,0.8848484848484849,7.125,0,2.262631789552248,0.9375,0.0
BDR,2024-10-24,2024Q4,178,158,0.8876404494382022,11.5,27.0,9.275622232892225,1.0,0.0
BDR,2024-10-25,2024Q4,296,260,0.8783783783783784,7.8125,17.0,2.2260066897461708,1.0,0.0
BDR,2024-10-26,2024Q4,155,121,0.7806451612903226,9.0,26.0,4.238843124044064,1.0,0.0
BDR,2024-10-27,2024Q4,316,302,0.9556962025316456,4.5625,14.0,1.4157314814602662,1.0,0.0
BDR,2024-10-28,2024Q4,314,317,1.0095541401273886,6.375,0,2.1845230787001153,1.0,0.0
BDR,2024-10-29,2024Q4,188,200,1.0638297872340425,11.875,23.0,6.24197315157898,0.8125,0.1875
BDR,2024-10-30,2024Q4,286,315,1.1013986013986015,5.5625,0,1.3362498712221142,0.9375,0.0
BDR,2024-10-31,2024Q4,228,293,1.2850877192982457,7.9375,0,1.6449670689699651,1.0,0.0
BDR,2024-11-01,2024Q4,146,133,0.910958904109589,10.75,28.0,3.1973773776390653,0.9375,0.0625
BDR,2024-11-02,2024Q4,199,202,1.015075376884422,8.5625,24.0,6.453633035157391,1.0,0.0
BDR,2024-11-03,2024Q4,277,258,0.9314079422382672,5.3125,0,3.038654411471724,1.0,0.0
BDR,2024-11-04,2024Q4,256,283,1.10546875,6.75,0,3.321114401668843,0.9375,0.0
BDR,2024-11-05,2024Q4,274,246,0.8978102189781022,8.8125,0,1.3675532701581037,0.9375,0.0
BDR,2024-11-06,2024Q4,265,245,0.9245283018867925,7.5,23.0,1.2582511656151867,1.0,0.0
BDR,2024-11-07,2024Q4,254,234,0.9212598425196851,8.8125,24.0,3.025253945443959,1.0,0.0
BDR,2024-11-08,2024Q4,263,231,0.8783269961977186,10.5625,31.0,2.7940613732725064,1.0,0.0
BDR,2024-11-09,2024Q4,268,243,0.9067164179104478,8.125,22.0,5.7638616181356745,1.0,0.0
BDR,2024-11-10,2024Q4,264,244,0.9242424242424242,7.6875,0,1.1543504178861734,0.8125,0.125
BDR,2024-11-11,2024Q4,99,87,0.8787878787878788,9.125,26.0,2.2194814981820996,0.75,0.0
BDR,2024-11-12,2024Q4,49,43,0.8775510204081632,13.3125,30.0,9.926578540943702,1.0,0.0
BDR,2024-11-13,2024Q4,306,327,1.0686274509803921,7.1875,16.0,3.203481726230111,1.0,0.0
BDR,2024-11-14,2024Q4,285,338,1.1859649122807017,5.375,0,2.1395026112411317,1.0,0.0
BDR,2024-11-15,2024Q4,160,191,1.19375,10.25,24.0,6.374559600230985,1.0,0.0
BDR,2024-11-16,2024Q4,88,81,0.9204545454545454,11.6875,26.0,8.616063277374124,1.0,0.0
BDR,2024-11-17,2024Q4,235,279,1.1872340425531915,6.375,19.0,4.622943612649219,1.0,0.0
BDR,2024-11-18,2024Q4,304,286,0.9407894736842105,7.0625,20.0,3.4250242274985156,1.0,0.0
BDR,2024-11-19,2024Q4,262,267,1.0190839694656488,5.6875,0,3.293311366447232,1.0,0.0
BDR,2024-11-20,2024Q4,273,335,1.2271062271062272,6.75,22.0,1.6071222229130815,0.9375,0.0
BDR,2024-11-23,2024Q4,78,72,0.9230769230769231,12.3125,28.0,4.220502566593264,1.0,0.0
BDR,2024-11-24,2024Q4,65,79,1.2153846153846153,10.9375,30.0,1.1258395487671915,1.0,0.0
BDR,2024-11-25,2024Q4,296,334,1.1283783783783783,4.5,0,2.09451540953591,1.0,0.0
BDR,2024-11-26,2024Q4,112,51,0.45535714285714285,7.6875,22.0,2.1258906653745866,0.625,0.1875
BDR,2024-11-27,2024Q4,248,270,1.0887096774193548,5.625,18.0,1.5806937691705039,1.0,0.0
BDR,2024-11-29,2024Q4,226,194,0.8584070796460177,7.5625,19.0,1.793142507448513,0.9375,0.0625
BDR,2024-11-30,2024Q4,215,213,0.9906976744186047,9.0,21.0,2.0458042930853586,1.0,0.0
BDR,2024-12-01,2024Q4,121,115,0.9504132231404959,7.6875,22.0,2.262821352921417,1.0,0.0
BDR,2024-12-02,2024Q4,265,221,0.8339622641509434,5.5,0,3.2678641982485264,1.0,0.0
BDR,2024-12-03,2024Q4,239,242,1.0125523012552302,4.5625,18.0,1.761119040348276,1.0,0.0
BDR,2024-12-04,2024Q4,184,170,0.9239130434782609,11.5625,36.0,3.109230924333808,0.8125,0.1875
BDR,2024-12-06,2024Q4,56,41,0.7321428571428571,10.5,28.0,3.509567750432218,1.0,0.0
BDR,2024-12-07,2024Q4,246,243,0.9878048780487805,6.75,19.0,2.118587272295838,1.0,0.0
BDR,2024-12-08,2024Q4,86,91,1.058139534883721,10.0625,26.0,1.828369057850067,1.0,0.0
BDR,2024-12-09,2024Q4,140,148,1.0571428571428572,8.875,21.0,2.4218885435364332,0.375,0.375
BDR,2024-12-13,2024Q4,234,224,0.9572649572649573,7.5625,19.0,4.121350282247747,1.0,0.0
BDR,2024-12-14,2024Q4,291,281,0.9656357388316151,4.0,0,2.2215457553544593,1.0,0.0
BDR,2024-12-15,2024Q4,252,184,0.7301587301587301,8.1875,0,2.224850882306981,0.9375,0.0
BDR,2024-12-17,2024Q4,93,85,0.9139784946236559,7.4375,19.0,1.2128519838614022,0.75,0.0
BDR,2024-12-18,2024Q4,245,279,1.1387755102040817,3.8125,0,1.5809773389799533,0.75,0.25
BDR,2024-12-19,2024Q4,158,125,0.7911392405063291,7.6875,24.0,5.730529135482545,1.0,0.0
BDR,2024-12-20,2024Q4,45,38,0.8444444444444444,12.125,24.0,4.6701031131826864,0.5625,0.3125
BDR,2024-12-21,2024Q4,68,60,0.8823529411764706,11.3125,28.0,6.871585242125899,0.9375,0.0625
BDR,2024-12-22,2024Q4,127,108,0.8503937007874016,11.75,26.0,8.698246098157362,1.0,0.0
BDR,2024-12-23,2024Q4,198,170,0.8585858585858586,5.153846153846154,0,2.2997983394383215,1.0,0.0
BDR,2024-12-25,2024Q4,35,40,1.1428571428571428,6.125,0,4.130151174309079,1.0,0.0
BDR,2024-12-26,2024Q4,239,179,0.7489539748953975,3.466666666666667,0,1.6201542283312729,1.0,0.0
BDR,2024-12-27,2024Q4,280,268,0.9571428571428572,2.6875,0,0.8978751371248541,1.0,0.0
BDR,2024-12-30,2024Q4,65,50,0.7692307692307693,9.625,22.0,2.676005738259277,0.6875,0.0
BDR,2024-12-31,2024Q4,215,188,0.8744186046511628,6.75,26.0,2.063263703220447,1.0,0.0
BDR,2025-01-03,2025Q1,111,107,0.963963963963964,9.3125,25.0,1.9938140780707405,1.0,0.0
BDR,2025-01-05,2025Q1,101,92,0.9108910891089109,11.0625,28.0,1.350792513540815,1.0,0.0
BDR,2025-01-06,2025Q1,72,67,0.9305555555555556,8.0,23.0,6.561766500776477,0.75,0.25
BDR,2025-01-09,2025Q1,35,11,0.3142857142857143,14.125,34.0,8.458636910285524,1.0,0.0
BDR,2025-01-10,2025Q1,190,173,0.9105263157894737,8.8125,27.0,6.012364317459466,1.0,0.0
BDR,2025-01-11,2025Q1,79,76,0.9620253164556962,7.6875,27.0,5.59368285676741,0.75,0.125
BDR,2025-01-12,2025Q1,341,334,0.9794721407624634,6.125,23.0,3.165972787510795,1.0,0.0
BDR,2025-01-13,2025Q1,275,272,0.9890909090909091,6.75,20.0,0.9287628181063579,1.0,0.0
BDR,2025-01-14,2025Q1,52,51,0.9807692307692307,12.4375,31.0,2.972920001962427,1.0,0.0
BDR,2025-01-15,2025Q1,30,24,0.8,11.5,37.0,6.767223508250836,1.0,0.0
BDR,2025-01-16,2025Q1,224,235,1.0491071428571428,5.8125,17.0,1.1890879080804202,0.9375,0.0625
BDR,2025-01-17,2025Q1,218,212,0.9724770642201835,5.4375,0,2.28446360510171,1.0,0.0
BDR,2025-01-18,2025Q1,151,149,0.9867549668874173,6.5,18.0,4.086900009405015,0.375,0.375
BDR,2025-01-19,2025Q1,106,104,0.9811320754716981,7.25,26.0,5.326612794446727,0.5,0.5
BDR,2025-01-20,2025Q1,64,68,1.0625,8.0625,24.0,2.0869375523012685,1.0,0.0
BDR,2025-01-21,2025Q1,143,118,0.8251748251748252,6.3125,0,2.1737144985907104,1.0,0.0
BDR,2025-01-22,2025Q1,143,124,0.8671328671328671,5.0,0,2.9508052804512976,1.0,0.0
BDR,2025-01-23,2025Q1,275,257,0.9345454545454546,5.25,0,1.2497600581197894,0.9375,0.0
BDR,2025-01-24,2025Q1,213,199,0.9342723004694836,6.5625,16.0,2.1202299417371835,1.0,0.0
BDR,2025-01-25,2025Q1,275,253,0.92,7.625,21.0,1.1785440596664547,1.0,0.0
BDR,2025-01-26,2025Q1,136,130,0.9558823529411765,9.3125,28.0,1.5097128426250004,1.0,0.0
BDR,2025-01-27,2025Q1,113,90,0.7964601769911505,11.1875,23.0,1.5313196666976483,1.0,0.0
BDR,2025-01-29,2025Q1,75,60,0.8,12.125,36.0,2.28693662606731,1.0,0.0
BDR,2025-01-30,2025Q1,210,234,1.1142857142857143,6.0,20.0,1.7401010067386604,1.0,0.0
BDR,2025-02-01,2025Q1,40,39,0.975,13.5,30.0,10.566093468185255,0.9375,0.0
BDR,2025-02-02,2025Q1,271,264,0.974169741697417,6.0,0,1.5037611124255177,0.8125,0.1875
BDR,2025-02-03,2025Q1,180,166,0.9222222222222223,4.25,0,1.3385487675918686,0.9375,0.0
BDR,2025-02-04,2025Q1,86,72,0.8372093023255814,12.9375,31.0,9.01893250194003,1.0,0.0
BDR,2025-02-05,2025Q1,264,267,1.0113636363636365,7.375,19.0,4.290993172976451,1.0,0.0
BDR,2025-02-08,2025Q1,297,276,0.9292929292929293,6.0625,0,2.2780762756145956,0.875,0.125
BDR,2025-02-10,2025Q1,303,253,0.834983498349835,6.375,17.0,3.0881140615034024,1.0,0.0
BDR,2025-02-11,2025Q1,203,177,0.8719211822660099,3.875,0,1.2347410509324908,0.875,0.0625
BDR,2025-02-12,2025Q1,58,25,0.43103448275862066,8.6875,22.0,1.993532506871316,0.6875,0.125
BDR,2025-02-14,2025Q1,52,62,1.1923076923076923,11.4375,25.0,3.728501605422329,1.0,0.0
BDR,2025-02-15,2025Q1,176,181,1.0284090909090908,7.8125,0,1.0645965546503888,0.5,0.5
BDR,2025-02-20,2025Q1,219,212,0.9680365296803652,9.866666666666667,23.0,6.946856496045169,1.0,0.0
BDR,2025-02-21,2025Q1,49,35,0.7142857142857143,14.25,31.0,8.656679845618322,1.0,0.0
BDR,2025-02-22,2025Q1,356,347,0.9747191011235955,7.875,16.0,1.4877430252849064,1.0,0.0
BDR,2025-02-23,2025Q1,375,369,0.984,5.8,15.0,1.4004905688342255,1.0,0.0
BDR,2025-02-24,2025Q1,321,268,0.8348909657320872,6.75,20.0,2.9336497045535825,1.0,0.0
BDR,2025-02-26,2025Q1,278,269,0.9676258992805755,7.25,21.0,2.0822350428059493,1.0,0.0
BDR,2025-02-27,2025Q1,54,61,1.1296296296296295,5.5625,23.0,1.6314965703782294,0.875,0.125
BDR,2025-02-28,2025Q1,198,197,0.9949494949494949,9.8125,35.0,3.211091313632618,1.0,0.0
BDR,2025-03-01,2025Q1,221,223,1.009049773755656,11.0625,43.0,5.567088856161952,1.0,0.0
BDR,2025-03-02,2025Q1,79,68,0.8607594936708861,11.0625,25.0,4.954111929683887,1.0,0.0
BDR,2025-03-03,2025Q1,278,257,0.9244604316546763,7.9375,0,2.29178127222372,1.0,0.0
BDR,2025-03-04,2025Q1,215,191,0.8883720930232558,7.375,0,2.293932224556394,1.0,0.0
BDR,2025-03-06,2025Q1,101,88,0.8712871287128713,11.5,31.0,4.331780572765726,0.5625,0.0
BDR,2025-03-07,2025Q1,45,34,0.7555555555555555,16.4375,40.0,3.206840011881937,1.0,0.0
BDR,2025-03-09,2025Q1,209,189,0.9043062200956937,9.3125,24.0,1.8761130501450818,1.0,0.0
BDR,2025-03-10,2025Q1,361,329,0.9113573407202216,7.125,21.0,1.9759990906512028,1.0,0.0
BDR,2025-03-11,2025Q1,333,332,0.996996996996997,5.4375,0,1.9519928128227204,1.0,0.0
BDR,2025-03-12,2025Q1,290,266,0.9172413793103448,7.5,20.0,3.678698634693934,1.0,0.0
BDR,2025-03-13,2025Q1,269,252,0.9368029739776952,11.8125,23.0,3.5588337454543546,0.9375,0.0
BDR,2025-03-18,2025Q1,230,237,1.0304347826086957,7.6875,24.0,4.851584997914256,1.0,0.0
BDR,2025-03-19,2025Q1,407,433,1.0638820638820639,5.0625,0,1.7660244320861358,1.0,0.0
BDR,2025-03-22,2025Q1,383,368,0.9608355091383812,9.125,37.0,2.1956309653741704,1.0,0.0
BDR,2025-03-23,2025Q1,332,316,0.9518072289156626,9.133333333333333,25.0,4.304737035015972,1.0,0.0
BDR,2025-03-25,2025Q1,132,126,0.9545454545454546,10.0625,24.0,1.6481444500240656,1.0,0.0
BDR,2025-03-26,2025Q1,305,308,1.0098360655737706,8.0,23.0,2.933843394841509,0.9375,0.0625
BDR,2025-03-27,2025Q1,172,162,0.9418604651162791,8.75,21.0,2.5001465809648247,1.0,0.0
BDR,2025-03-28,2025Q1,359,352,0.9805013927576601,8.875,0,1.2024571918325375,0.9375,0.0625
BDR,2025-03-29,2025Q1,228,206,0.9035087719298246,10.8125,27.0,2.5530584543602854,0.75,0.25
BDR,2025-04-01,2025Q2,57,69,1.2105263157894737,13.875,32.0,10.557008698314796,1.0,0.0
BDR,2025-04-02,2025Q2,427,413,0.9672131147540983,10.428571428571429,0,3.965649155123896,0.9285714285714286,0.0
BDR,2025-04-04,2025Q2,342,345,1.0087719298245614,7.3125,20.0,5.4213343356049535,1.0,0.0
BDR,2025-04-05,2025Q2,112,109,0.9732142857142857,10.9375,23.0,2.5178702613846418,0.375,0.4375
BDR,2025-04-06,2025Q2,158,116,0.7341772151898734,4.0625,15.0,1.888285344829764,0.75,0.0625
BDR,2025-04-08,2025Q2,45,30,0.6666666666666666,15.125,38.0,4.031389552821277,0.8125,0.0625
BDR,2025-04-09,2025Q2,291,322,1.1065292096219932,11.0,21.0,3.3322406829952973,1.0,0.0
BDR,2025-04-10,2025Q2,327,325,0.9938837920489296,8.5,0,3.6740145930762487,0.8125,0.1875
BDR,2025-04-11,2025Q2,40,31,0.775,12.75,24.0,3.1247806032234102,0.1875,0.3125
BDR,2025-04-13,2025Q2,113,113,1.0,9.8125,29.0,7.622615315343342,0.8125,0.0625
BDR,2025-04-14,2025Q2,340,308,0.9058823529411765,9.375,22.0,1.356968830935796,1.0,0.0
BDR,2025-04-15,2025Q2,195,138,0.7076923076923077,10.125,39.0,3.171070846856129,0.875,0.125
BDR,2025-04-17,2025Q2,287,294,1.024390243902439,9.4375,23.0,3.477660771796788,1.0,0.0
BDR,2025-04-18,2025Q2,279,269,0.96415770609319,8.5625,24.0,3.150545779949818,1.0,0.0
BDR,2025-04-19,2025Q2,274,240,0.8759124087591241,8.875,24.0,1.451254688779365,1.0,0.0
BDR,2025-04-20,2025Q2,85,74,0.8705882352941177,13.0625,34.0,10.380046885470046,1.0,0.0
BDR,2025-04-21,2025Q2,407,409,1.0049140049140048,7.0,0,2.0502841123612874,1.0,0.0
BDR,2025-04-22,2025Q2,343,297,0.8658892128279884,4.6875,0,1.158401295758342,0.625,0.0
BDR,2025-04-23,2025Q2,367,342,0.9318801089918256,8.3125,25.0,3.3033062114360936,1.0,0.0
BDR,2025-04-24,2025Q2,362,392,1.0828729281767955,7.625,0,2.101827356864401,1.0,0.0
BDR,2025-04-25,2025Q2,374,305,0.8155080213903744,7.4375,0,2.245416762762802,1.0,0.0
BDR,2025-04-27,2025Q2,78,68,0.8717948717948718,14.625,41.0,6.942092187096047,0.9375,0.0
BDR,2025-04-28,2025Q2,286,259,0.9055944055944056,8.375,0,3.66602701705234,1.0,0.0
BDR,2025-04-29,2025Q2,210,196,0.9333333333333333,10.0625,24.0,3.5158054684935798,1.0,0.0
BDR,2025-04-30,2025Q2,162,150,0.9259259259259259,10.133333333333333,23.0,7.297729928096717,1.0,0.0
BDR,2025-05-01,2025Q2,461,429,0.93058568329718,8.3125,0,3.059188046026354,1.0,0.0
BDR,2025-05-02,2025Q2,171,196,1.1461988304093567,6.5,24.0,2.5501444531671527,0.6875,0.0
BDR,2025-05-03,2025Q2,215,218,1.013953488372093,6.0625,0,2.296251353915723,1.0,0.0
BDR,2025-05-04,2025Q2,76,70,0.9210526315789473,5.5,0,3.0680721386894505,0.3125,0.4375
BDR,2025-05-07,2025Q2,304,330,1.0855263157894737,6.5625,0,0.8463561074095742,1.0,0.0
BDR,2025-05-08,2025Q2,403,404,1.0024813895781637,6.375,0,3.1458654225968474,1.0,0.0
BDR,2025-05-10,2025Q2,86,81,0.9418604651162791,11.25,35.0,5.588406238211024,0.8125,0.0
BDR,2025-05-11,2025Q2,308,304,0.987012987012987,9.25,23.0,6.445174704118935,1.0,0.0
BDR,2025-05-12,2025Q2,304,313,1.0296052631578947,5.5,0,2.0440447012277994,1.0,0.0
BDR,2025-05-13,2025Q2,247,265,1.0728744939271255,11.25,23.0,3.863239049093885,0.6875,0.0
BDR,2025-05-16,2025Q2,114,116,1.0175438596491229,6.5,0,2.2512634445174275,0.3125,0.0
BDR,2025-05-17,2025Q2,131,129,0.9847328244274809,6.25,23.0,2.695359230033901,0.5625,0.0625
BDR,2025-05-18,2025Q2,128,118,0.921875,13.1875,34.0,1.7112555114180465,1.0,0.0
BDR,2025-05-19,2025Q2,99,105,1.0606060606060606,12.6875,28.0,8.630784089695087,1.0,0.0
BDR,2025-05-20,2025Q2,376,404,1.074468085106383,6.9375,23.0,4.58092638438462,1.0,0.0
BDR,2025-05-21,2025Q2,104,97,0.9326923076923077,13.5,25.0,2.1230456556823887,0.25,0.0625
BDR,2025-05-23,2025Q2,161,127,0.7888198757763976,5.9375,18.0,1.0744240257709534,0.625,0.1875
BDR,2025-05-24,2025Q2,366,356,0.9726775956284153,11.375,26.0,2.1907045937540013,0.875,0.125
BDR,2025-05-25,2025Q2,401,391,0.9750623441396509,7.625,23.0,3.5642729314703026,1.0,0.0
BDR,2025-05-26,2025Q2,416,421,1.0120192307692308,6.8125,0,4.102936586284358,1.0,0.0
BDR,2025-05-27,2025Q2,334,330,0.9880239520958084,4.8125,0,2.260070463631789,1.0,0.0
BDR,2025-05-28,2025Q2,279,258,0.9247311827956989,4.75,0,1.955112032046226,0.75,0.25
BDR,2025-05-29,2025Q2,63,37,0.5873015873015873,6.875,0,1.7122317003966523,0.25,0.0625
BDR,2025-05-30,2025Q2,152,112,0.7368421052631579,5.5625,0,3.700112453417918,0.1875,0.0
BDR,2025-06-01,2025Q2,277,258,0.9314079422382672,9.125,24.0,1.7736208268920988,1.0,0.0
BDR,2025-06-02,2025Q2,319,326,1.0219435736677116,9.375,0,3.0732631148866827,1.0,0.0
BDR,2025-06-03,2025Q2,407,377,0.9262899262899262,6.875,0,2.8409991944359865,1.0,0.0
BDR,2025-06-04,2025Q2,407,354,0.8697788697788698,5.5625,0,2.07128909540359,1.0,0.0
BDR,2025-06-05,2025Q2,365,362,0.9917808219178083,8.125,0,2.0794495177078978,1.0,0.0
BDR,2025-06-06,2025Q2,249,225,0.9036144578313253,6.0,19.0,3.0000152899784576,1.0,0.0
BDR,2025-06-08,2025Q2,473,367,0.7758985200845666,9.933333333333334,19.0,2.0188552357129286,1.0,0.0
BDR,2025-06-11,2025Q2,387,482,1.2454780361757105,7.1875,0,1.8148079621723767,1.0,0.0
BDR,2025-06-12,2025Q2,384,386,1.0052083333333333,9.6875,19.0,1.90172244962379,1.0,0.0
BDR,2025-06-13,2025Q2,429,472,1.1002331002331003,7.25,0,1.410298153829762,1.0,0.0
BDR,2025-06-15,2025Q2,208,182,0.875,6.125,0,1.4253712462410129,0.3125,0.0
BDR,2025-06-16,2025Q2,121,109,0.9008264462809917,11.1875,0,3.334618221532516,0.5625,0.0625
BDR,2025-06-19,2025Q2,214,201,0.9392523364485982,7.1875,0,2.5262731262429647,0.6875,0.125
BDR,2025-06-20,2025Q2,202,184,0.9108910891089109,11.5,28.0,1.7216845320612975,1.0,0.0
BDR,2025-06-21,2025Q2,467,420,0.8993576017130621,5.5625,0,2.8879047127130715,1.0,0.0
BDR,2025-06-22,2025Q2,271,219,0.8081180811808119,9.1875,23.0,1.4438583597687111,0.6875,0.3125
BDR,2025-06-23,2025Q2,396,366,0.9242424242424242,6.6875,20.0,2.3819368205674007,1.0,0.0
BDR,2025-06-24,2025Q2,348,277,0.7959770114942529,4.923076923076923,0,0.7108960827878733,1.0,0.0
BDR,2025-06-25,2025Q2,325,327,1.0061538461538462,5.625,0,1.6666609426627021,1.0,0.0
BDR,2025-06-26,2025Q2,200,164,0.82,11.6875,30.0,2.5500498019928015,0.8125,0.0625
BDR,2025-06-27,2025Q2,239,197,0.8242677824267782,10.5625,0,3.072347723446095,0.9375,0.0625
BDR,2025-06-28,2025Q2,42,37,0.8809523809523809,5.0,0,1.487414021640909,0.5,0.0625
BDR,2025-06-29,2025Q2,395,389,0.9848101265822785,5.8125,0,1.8633132347987493,1.0,0.0
BDR,2025-06-30,2025Q2,245,272,1.110204081632653,6.625,0,2.8522295122830528,1.0,0.0
BDR,2025-07-01,2025Q3,132,137,1.0378787878787878,8.25,26.0,2.6852809496824777,0.625,0.25
BDR,2025-07-02,2025Q3,299,259,0.8662207357859532,7.3125,0,2.2022617655349532,0.9375,0.0625
BDR,2025-07-03,2025Q3,323,275,0.8513931888544891,8.3125,45.0,2.467233803365345,0.6875,0.25
BDR,2025-07-04,2025Q3,238,224,0.9411764705882353,7.3125,19.0,4.635317718693233,0.9375,0.0
BDR,2025-07-05,2025Q3,452,438,0.9690265486725663,5.875,0,2.8312253352238153,0.9375,0.0
BDR,2025-07-06,2025Q3,365,339,0.9287671232876712,9.6875,20.0,2.3726451169215825,0.9375,0.0
BDR,2025-07-07,2025Q3,70,59,0.8428571428571429,7.1875,19.0,4.131527465156042,0.5625,0.0625
BDR,2025-07-08,2025Q3,143,142,0.993006993006993,8.4375,20.0,2.6037709004682346,0.6875,0.125
BDR,2025-07-09,2025Q3,267,274,1.0262172284644195,8.125,0,2.65845888390249,0.875,0.0
BDR,2025-07-10,2025Q3,130,106,0.8153846153846154,5.0625,0,2.3767593146827535,0.8125,0.0625
BDR,2025-07-11,2025Q3,204,230,1.1274509803921569,6.6875,0,2.886358734633803,0.5625,0.0
BDR,2025-07-12,2025Q3,282,268,0.950354609929078,8.125,0,1.9237897858712167,0.5625,0.0
BDR,2025-07-13,2025Q3,295,271,0.9186440677966101,6.3125,0,1.6694647411436363,0.5,0.0
BDR,2025-07-14,2025Q3,161,153,0.9503105590062112,6.875,0,4.2579281814130505,0.5625,0.25
BDR,2025-07-15,2025Q3,190,177,0.9315789473684211,5.6875,0,3.546293493820191,0.8125,0.0
BDR,2025-07-16,2025Q3,262,272,1.0381679389312977,5.5,0,3.633844629737909,0.875,0.0
BDR,2025-07-17,2025Q3,224,211,0.9419642857142857,9.5625,17.0,1.4906709042681066,0.875,0.125
BDR,2025-07-18,2025Q3,348,333,0.9568965517241379,8.0,20.0,5.55757359772972,1.0,0.0
BDR,2025-07-19,2025Q3,400,376,0.94,6.375,0,3.3684639831449306,1.0,0.0
BDR,2025-07-20,2025Q3,214,200,0.9345794392523364,5.8125,0,2.381126851809202,0.6875,0.0625
BDR,2025-07-21,2025Q3,233,221,0.9484978540772532,8.375,20.0,6.4453233838666,1.0,0.0
BDR,2025-07-22,2025Q3,240,200,0.8333333333333334,8.1875,0,3.696050740764408,1.0,0.0
BDR,2025-07-23,2025Q3,173,190,1.0982658959537572,7.3125,0,2.9531374487371016,1.0,0.0
BDR,2025-07-24,2025Q3,214,155,0.7242990654205608,10.4375,22.0,2.454863702706356,1.0,0.0
BDR,2025-07-25,2025Q3,74,83,1.1216216216216217,8.5,0,1.4626305020610386,1.0,0.0
BDR,2025-07-26,2025Q3,228,190,0.8333333333333334,7.9375,0,4.156257815204337,1.0,0.0
BDR,2025-07-27,2025Q3,37,28,0.7567567567567568,5.1875,0,1.6222386543621115,0.4375,0.125
BDR,2025-07-28,2025Q3,290,263,0.906896551724138,6.3125,0,2.465293627426781,1.0,0.0
BDR,2025-07-29,2025Q3,261,243,0.9310344827586207,7.3125,0,2.463339802692073,1.0,0.0
BDR,2025-07-30,2025Q3,271,271,1.0,4.6875,0,1.5063524811883389,0.9375,0.0625
BDR,2025-07-31,2025Q3,124,108,0.8709677419354839,11.0625,26.0,2.278800407766981,0.5625,0.0625
BDR,2025-08-01,2025Q3,75,71,0.9466666666666667,7.6875,22.0,2.8953189572044535,0.625,0.0
BDR,2025-08-02,2025Q3,299,262,0.8762541806020067,6.8125,15.0,3.8625778605045578,1.0,0.0
BDR,2025-08-03,2025Q3,293,280,0.9556313993174061,6.3125,0,3.8764562727111618,1.0,0.0
BDR,2025-08-04,2025Q3,231,200,0.8658008658008658,4.8125,0,1.7605336310305264,1.0,0.0
BDR,2025-08-05,2025Q3,328,240,0.7317073170731707,7.8125,0,2.119986113896361,1.0,0.0
BDR,2025-08-06,2025Q3,223,246,1.1031390134529149,5.9375,0,1.2263944059079044,1.0,0.0
BDR,2025-08-07,2025Q3,208,187,0.8990384615384616,8.5,0,2.44091220263344,1.0,0.0
BDR,2025-08-08,2025Q3,279,278,0.996415770609319,6.5625,0,3.8732946013127703,1.0,0.0
BDR,2025-08-09,2025Q3,314,271,0.8630573248407644,5.4375,0,3.376065479353463,1.0,0.0
BDR,2025-08-10,2025Q3,240,239,0.9958333333333333,7.625,0,2.0434377609173913,1.0,0.0
BDR,2025-08-11,2025Q3,236,217,0.9194915254237288,8.375,0,1.1063142737932672,1.0,0.0
BDR,2025-08-12,2025Q3,242,222,0.9173553719008265,6.75,0,3.624980073178173,1.0,0.0
BDR,2025-08-13,2025Q3,168,186,1.1071428571428572,7.0625,0,2.122013727573911,0.9375,0.0
BDR,2025-08-14,2025Q3,267,265,0.9925093632958801,5.8125,0,1.634998978043146,0.8125,0.0
BDR,2025-08-15,2025Q3,262,263,1.0038167938931297,8.25,0,4.0382037320429545,1.0,0.0
BDR,2025-08-16,2025Q3,269,254,0.9442379182156134,5.875,0,3.5332384956271388,0.625,0.0
BDR,2025-08-17,2025Q3,258,247,0.9573643410852714,9.1875,0,2.2505959926183254,1.0,0.0
BDR,2025-08-18,2025Q3,212,212,1.0,9.8125,26.0,3.470808837712483,0.875,0.0
BDR,2025-08-19,2025Q3,303,354,1.1683168316831682,9.9375,0,2.650050905868729,1.0,0.0
BDR,2025-08-20,2025Q3,60,45,0.75,14.3125,30.0,3.2986056272604483,0.3125,0.0
BDR,2025-08-21,2025Q3,57,49,0.8596491228070176,14.3125,27.0,3.13407275799792,0.75,0.0
BDR,2025-08-22,2025Q3,292,310,1.0616438356164384,8.3125,0,4.05363729655971,1.0,0.0
BDR,2025-08-23,2025Q3,235,228,0.9702127659574468,9.5,20.0,3.8878073957413966,1.0,0.0
BDR,2025-08-24,2025Q3,137,125,0.9124087591240876,7.5,0,5.2538621764871305,1.0,0.0
BDR,2025-08-25,2025Q3,266,238,0.8947368421052632,6.875,0,1.8446962947318646,0.8125,0.0
BDR,2025-08-26,2025Q3,298,275,0.9228187919463087,7.625,17.0,1.9532239192041605,1.0,0.0
BDR,2025-08-27,2025Q3,288,336,1.1666666666666667,7.9375,19.0,4.414740168459226,1.0,0.0
BDR,2025-08-28,2025Q3,345,332,0.9623188405797102,8.375,22.0,4.095641286390717,1.0,0.0
BDR,2025-08-29,2025Q3,186,137,0.7365591397849462,7.5625,18.0,2.7124210404413422,1.0,0.0
BDR,2025-08-30,2025Q3,243,226,0.9300411522633745,7.1875,18.0,4.799150383219189,1.0,0.0
BDR,2025-08-31,2025Q3,274,254,0.927007299270073,6.0625,0,3.3243553293040353,1.0,0.0
BDR,2025-09-01,2025Q3,142,160,1.1267605633802817,5.1875,0,2.000492472720642,1.0,0.0
BDR,2025-09-02,2025Q3,208,217,1.0432692307692308,7.9375,0,2.002671072801693,1.0,0.0
BDR,2025-09-03,2025Q3,122,133,1.0901639344262295,6.4375,0,3.3423489098336603,1.0,0.0
BDR,2025-09-04,2025Q3,221,196,0.8868778280542986,8.1875,0,5.785156991481737,1.0,0.0
BDR,2025-09-05,2025Q3,204,168,0.8235294117647058,7.375,14.0,2.8416052049922267,1.0,0.0
BDR,2025-09-06,2025Q3,165,160,0.9696969696969697,8.5625,30.0,4.0820881219544525,0.75,0.125
BDR,2025-09-07,2025Q3,108,105,0.9722222222222222,3.3125,0,1.9670745129963438,0.75,0.0
BDR,2025-09-08,2025Q3,175,182,1.04,5.3125,19.0,3.645577722194032,1.0,0.0
BDR,2025-09-09,2025Q3,253,234,0.924901185770751,11.3125,21.0,2.8378301858741706,1.0,0.0
BDR,2025-09-10,2025Q3,109,80,0.7339449541284404,8.875,20.0,3.260629942424188,1.0,0.0
BDR,2025-09-11,2025Q3,298,277,0.9295302013422819,5.0,0,2.979765670093444,1.0,0.0
BDR,2025-09-12,2025Q3,382,326,0.8534031413612565,6.75,0,3.3362198968002565,1.0,0.0
BDR,2025-09-13,2025Q3,359,336,0.935933147632312,7.0,0,3.187457315649281,0.875,0.0
BDR,2025-09-14,2025Q3,399,369,0.924812030075188,5.0,0,2.9052228646208524,1.0,0.0
BDR,2025-09-15,2025Q3,265,244,0.9207547169811321,7.4,0,1.8164793474474759,1.0,0.0
BDR,2025-09-16,2025Q3,207,235,1.1352657004830917,11.375,24.0,2.0483373795823834,1.0,0.0
BDR,2025-09-17,2025Q3,93,79,0.8494623655913979,11.5,22.0,2.3472227859111054,0.9375,0.0
BDR,2025-09-18,2025Q3,231,203,0.8787878787878788,6.5,0,2.831119781267412,0.9375,0.0
BDR,2025-09-19,2025Q3,292,285,0.976027397260274,5.0,15.0,2.7082020344610025,1.0,0.0
BDR,2025-09-20,2025Q3,282,264,0.9361702127659575,7.8125,0,2.1938154500418627,1.0,0.0
BDR,2025-09-21,2025Q3,321,309,0.9626168224299065,8.375,0,1.440773253381128,1.0,0.0
BDR,2025-09-24,2025Q3,110,99,0.9,7.333333333333333,0,1.8209398288796492,0.4166666666666667,0.0
BDR,2025-09-26,2025Q3,106,88,0.8301886792452831,5.642857142857143,0,1.9595563489195187,1.0,0.0
BDR,2025-09-27,2025Q3,307,272,0.8859934853420195,3.875,0,2.011295680499391,1.0,0.0
BDR,2025-09-29,2025Q3,252,229,0.9087301587301587,4.125,0,1.5882484419651042,1.0,0.0
BDR,2025-10-01,2025Q4,128,119,0.9296875,11.3125,23.0,4.675595328411809,1.0,0.0
BDR,2025-10-02,2025Q4,343,311,0.9067055393586005,7.5,0,3.2712607514109635,1.0,0.0
BDR,2025-10-03,2025Q4,329,323,0.9817629179331308,8.8125,0,0.8313955569038185,1.0,0.0
BDR,2025-10-04,2025Q4,266,237,0.8909774436090225,3.875,0,0.8166506082406136,1.0,0.0
BDR,2025-10-05,2025Q4,295,293,0.9932203389830508,4.0,0,1.3275253289574687,1.0,0.0
BDR,2025-10-06,2025Q4,269,283,1.0520446096654275,7.0,0,2.1995388814570966,1.0,0.0
BDR,2025-10-07,2025Q4,277,234,0.8447653429602888,11.875,25.0,4.224404445164361,1.0,0.0
BDR,2025-10-09,2025Q4,227,226,0.9955947136563876,8.2,26.0,5.479857663730263,1.0,0.0
BDR,2025-10-10,2025Q4,357,349,0.9775910364145658,7.5,14.0,2.7834677917263635,1.0,0.0
BDR,2025-10-11,2025Q4,182,176,0.967032967032967,10.333333333333334,20.0,2.3198922991280795,0.8666666666666667,0.0
BDR,2025-10-15,2025Q4,201,189,0.9402985074626866,9.0625,26.0,7.464254415334605,1.0,0.0
BDR,2025-10-16,2025Q4,113,103,0.911504424778761,11.75,32.0,9.295627084980024,1.0,0.0
BDR,2025-10-17,2025Q4,263,256,0.973384030418251,9.0625,21.0,6.652307584042438,1.0,0.0
BDR,2025-10-18,2025Q4,395,375,0.9493670886075949,4.8125,0,1.863577392352178,1.0,0.0
BDR,2025-10-19,2025Q4,277,266,0.9602888086642599,8.4375,20.0,6.986953000919971,1.0,0.0
BDR,2025-10-20,2025Q4,62,58,0.9354838709677419,13.375,34.0,2.484499704985027,0.9375,0.0625
BDR,2025-10-21,2025Q4,370,409,1.1054054054054054,9.625,18.0,3.313869027532606,1.0,0.0
BDR,2025-10-22,2025Q4,234,193,0.8247863247863247,9.9375,26.0,2.6500168930115597,0.875,0.0
BDR,2025-10-23,2025Q4,244,234,0.9590163934426229,10.153846153846153,20.0,2.1503526185013184,1.0,0.0
BDR,2025-10-24,2025Q4,377,305,0.8090185676392573,4.875,0,1.4963536911265636,1.0,0.0
BDR,2025-10-25,2025Q4,350,323,0.9228571428571428,5.666666666666667,15.0,3.912632081240607,1.0,0.0
BDR,2025-10-26,2025Q4,307,287,0.9348534201954397,4.6875,0,2.9859094729164224,1.0,0.0
BDR,2025-10-27,2025Q4,360,344,0.9555555555555556,4.6,0,2.39751460117893,1.0,0.0
BDR,2025-10-28,2025Q4,177,131,0.7401129943502824,12.125,28.0,2.855114777162741,1.0,0.0
BDR,2025-10-29,2025Q4,184,158,0.8586956521739131,9.375,19.0,2.5385700676236684,1.0,0.0
BDR,2025-10-31,2025Q4,86,63,0.7325581395348837,15.0,38.0,3.3522538042477326,0.9375,0.0625
BDR,2025-11-01,2025Q4,110,95,0.8636363636363636,10.8125,27.0,3.0962155682310413,1.0,0.0
BDR,2025-11-02,2025Q4,344,341,0.9912790697674418,6.875,0,1.1381250354405386,1.0,0.0
BDR,2025-11-03,2025Q4,237,229,0.9662447257383966,7.5625,27.0,2.938058609844503,0.8125,0.0625
BDR,2025-11-04,2025Q4,87,83,0.9540229885057471,9.6875,32.0,2.4085100229874477,0.9375,0.0
BDR,2025-11-05,2025Q4,238,201,0.8445378151260504,10.375,26.0,3.380736275934096,1.0,0.0
BDR,2025-11-06,2025Q4,113,96,0.8495575221238938,9.5625,28.0,2.6376470827898,0.9375,0.0
BDR,2025-11-07,2025Q4,185,168,0.9081081081081082,11.5625,30.0,4.557730565396026,0.875,0.0625
BDR,2025-11-08,2025Q4,401,353,0.8802992518703242,6.0625,0,1.6458113578358005,0.9375,0.0625
BDR,2025-11-09,2025Q4,172,155,0.9011627906976745,8.625,0,2.9658481755550143,0.3125,0.125
BDR,2025-11-10,2025Q4,37,20,0.5405405405405406,8.6875,21.0,2.481444554362694,0.0,0.3125
BDR,2025-11-11,2025Q4,65,40,0.6153846153846154,13.375,35.0,2.273774416820581,0.9375,0.0625
BDR,2025-11-12,2025Q4,203,191,0.9408866995073891,7.5,19.0,2.212391297322699,1.0,0.0
BDR,2025-11-13,2025Q4,79,78,0.9873417721518988,9.9375,30.0,2.5330982840385214,1.0,0.0
BDR,2025-11-14,2025Q4,292,292,1.0,5.75,20.0,1.7443356707074316,1.0,0.0
BDR,2025-11-15,2025Q4,395,359,0.9088607594936708,6.9375,0,2.435798025620365,0.875,0.125
BDR,2025-11-16,2025Q4,37,30,0.8108108108108109,15.5625,38.0,3.250325727115223,0.8125,0.1875
BDR,2025-11-17,2025Q4,47,47,1.0,14.0625,32.0,1.8275135864652694,0.9375,0.0625
BDR,2025-11-18,2025Q4,258,213,0.8255813953488372,6.25,19.0,1.820249947188143,1.0,0.0
BDR,2025-11-19,2025Q4,235,221,0.9404255319148936,4.6875,0,2.0969348919996107,0.9375,0.0625
BDR,2025-11-20,2025Q4,360,333,0.925,3.875,0,2.431407327090685,1.0,0.0
BDR,2025-11-21,2025Q4,168,156,0.9285714285714286,2.75,0,0.4468715162487878,0.625,0.0
BDR,2025-11-22,2025Q4,105,91,0.8666666666666667,5.875,19.0,4.487550945994898,0.625,0.25
BDR,2025-11-23,2025Q4,307,282,0.9185667752442996,5.75,14.0,1.0108267481051412,0.9375,0.0625
BDR,2025-11-24,2025Q4,279,297,1.064516129032258,4.6875,17.0,1.9455918744032992,1.0,0.0
BDR,2025-11-25,2025Q4,174,174,1.0,4.933333333333334,0,2.365297899018389,0.5333333333333333,0.4666666666666667
BDR,2025-11-27,2025Q4,77,64,0.8311688311688312,10.9375,29.0,2.316941009963941,1.0,0.0
BDR,2025-11-28,2025Q4,53,43,0.8113207547169812,14.375,33.0,2.7137032619267294,0.9375,0.0625
BDR,2025-11-29,2025Q4,281,266,0.9466192170818505,6.733333333333333,21.0,2.8710168736338075,1.0,0.0
BDR,2025-11-30,2025Q4,171,158,0.9239766081871345,9.375,24.0,4.338210786663558,0.3125,0.5
BDR,2025-12-01,2025Q4,162,149,0.9197530864197531,7.8125,22.0,5.691435608797403,1.0,0.0
BDR,2025-12-03,2025Q4,266,255,0.9586466165413534,5.083333333333333,16.0,4.131887280032379,1.0,0.0
BDR,2025-12-04,2025Q4,201,161,0.8009950248756219,12.866666666666667,33.0,4.830289269192034,1.0,0.0
BDR,2025-12-05,2025Q4,245,239,0.9755102040816327,6.066666666666666,0,1.9911909825171914,0.6666666666666666,0.13333333333333333
BDR,2025-12-06,2025Q4,189,187,0.9894179894179894,5.066666666666666,0,1.035246356242267,0.8,0.06666666666666667
BDR,2025-12-07,2025Q4,299,326,1.0903010033444815,4.214285714285714,16.0,1.189532403463309,1.0,0.0
BDR,2025-12-08,2025Q4,120,85,0.7083333333333334,11.75,27.0,9.61663263569384,1.0,0.0
BDR,2025-12-09,2025Q4,220,203,0.9227272727272727,9.692307692307692,30.0,2.1924935182119376,1.0,0.0
BDR,2025-12-10,2025Q4,48,42,0.875,12.25,26.0,2.4719763364056653,0.375,0.3125
BDR,2025-12-11,2025Q4,39,27,0.6923076923076923,14.375,37.0,2.7797748365713018,0.8125,0.1875
BDR,2025-12-12,2025Q4,161,169,1.049689440993789,10.6875,27.0,2.206589653042477,1.0,0.0
BDR,2025-12-13,2025Q4,224,238,1.0625,6.375,16.0,1.4121810966065613,1.0,0.0
BDR,2025-12-16,2025Q4,154,99,0.6428571428571429,5.8,0,0.8789720709845793,1.0,0.0
BDR,2025-12-17,2025Q4,264,233,0.8825757575757576,5.5,17.0,1.7857610686575247,1.0,0.0
BDR,2025-12-18,2025Q4,244,260,1.0655737704918034,5.75,0,1.5693085177505828,0.875,0.0
BDR,2025-12-20,2025Q4,371,360,0.9703504043126685,7.0,16.0,2.0724346648035343,1.0,0.0
BDR,2025-12-21,2025Q4,127,129,1.015748031496063,11.75,32.0,2.7657892327260543,0.9375,0.0625
BDR,2025-12-22,2025Q4,298,301,1.0100671140939597,6.3125,15.0,2.091853700674485,1.0,0.0
BDR,2025-12-26,2025Q4,168,155,0.9226190476190477,6.75,18.0,3.775179364166486,0.5625,0.4375
BDR,2025-12-27,2025Q4,35,35,1.0,7.9375,21.0,4.428822738752119,0.9375,0.0
BDR,2025-12-28,2025Q4,76,67,0.881578947368421,5.1875,0,0.7341751791486999,0.875,0.0
BDR,2025-12-31,2025Q4,134,136,1.0149253731343284,9.8125,19.0,2.537439620111622,1.0,0.0
BDR,2026-01-02,2026Q1,224,229,1.0223214285714286,7.8125,20.0,1.535929102387615,1.0,0.0
BDR,2026-01-03,2026Q1,352,344,0.9772727272727273,6.9375,18.0,1.7534703188670329,1.0,0.0
BDR,2026-01-04,2026Q1,206,200,0.970873786407767,5.466666666666667,14.0,2.6748870401323215,0.8,0.2
BDR,2026-01-05,2026Q1,170,190,1.1176470588235294,5.5625,0,2.601126612201196,0.9375,0.0
BDR,2026-01-07,2026Q1,82,60,0.7317073170731707,4.8125,19.0,0.6626867360443914,0.625,0.0
BDR,2026-01-08,2026Q1,364,356,0.978021978021978,2.75,0,1.3982601940232886,1.0,0.0
BDR,2026-01-09,2026Q1,79,73,0.9240506329113924,5.2,0,2.1291364812338043,0.5333333333333333,0.26666666666666666
BDR,2026-01-10,2026Q1,173,182,1.0520231213872833,7.5625,0,2.753363715060683,0.5625,0.4375
BDR,2026-01-11,2026Q1,168,167,0.9940476190476191,8.75,26.0,1.6640851330932867,0.8125,0.0
BDR,2026-01-12,2026Q1,141,134,0.950354609929078,11.6875,24.0,2.474107058603899,1.0,0.0
BDR,2026-01-15,2026Q1,58,42,0.7241379310344828,11.5,27.0,1.2491004734697038,1.0,0.0
BDR,2026-01-16,2026Q1,162,158,0.9753086419753086,10.75,25.0,2.103054211974839,1.0,0.0
BDR,2026-01-19,2026Q1,129,130,1.0077519379844961,11.25,31.0,2.753736176034922,1.0,0.0
BDR,2026-01-21,2026Q1,379,354,0.9340369393139841,10.5,18.0,2.326974755325351,1.0,0.0
BDR,2026-01-22,2026Q1,157,153,0.9745222929936306,8.4375,21.0,1.6873583317246612,1.0,0.0
BDR,2026-01-23,2026Q1,176,149,0.8465909090909091,11.75,37.0,4.368965420242064,0.875,0.125
BDR,2026-01-24,2026Q1,131,127,0.9694656488549618,10.9375,29.0,8.457619042040115,1.0,0.0
BDR,2026-01-29,2026Q1,190,121,0.6368421052631579,9.0625,24.0,2.7988319687047842,1.0,0.0
BDR,2026-01-30,2026Q1,222,197,0.8873873873873874,9.5625,22.0,2.704095652821856,1.0,0.0
BDR,2026-01-31,2026Q1,328,335,1.021341463414634,6.5625,21.0,4.979266217109732,0.875,0.125
BDR,2026-02-02,2026Q1,88,76,0.8636363636363636,9.866666666666667,26.0,6.609965351824615,1.0,0.0
BDR,2026-02-05,2026Q1,242,241,0.9958677685950413,4.9375,0,3.420858141997198,1.0,0.0
BDR,2026-02-06,2026Q1,421,393,0.9334916864608076,4.625,0,1.494237732075882,0.875,0.125
BDR,2026-02-09,2026Q1,176,143,0.8125,9.125,22.0,5.984676165722395,1.0,0.0
BDR,2026-02-12,2026Q1,76,61,0.8026315789473685,11.4375,28.0,7.81229600473875,1.0,0.0
BDR,2026-02-13,2026Q1,313,341,1.0894568690095847,6.125,16.0,2.945327175706981,1.0,0.0
BDR,2026-02-14,2026Q1,283,335,1.1837455830388692,5.6875,0,1.4976070706898557,1.0,0.0
BDR,2026-02-15,2026Q1,163,160,0.9815950920245399,6.0,0,1.7797448017204553,0.9375,0.0
BDR,2026-02-16,2026Q1,213,201,0.9436619718309859,5.75,0,1.8099159018737019,1.0,0.0
BDR,2026-02-19,2026Q1,373,347,0.9302949061662198,6.25,0,1.7205263161555664,1.0,0.0
BDR,2026-02-21,2026Q1,327,338,1.033639143730887,4.875,0,1.491291025354339,1.0,0.0
BDR,2026-02-26,2026Q1,230,229,0.9956521739130435,5.4375,0,2.0361452728587612,1.0,0.0
BDR,2026-02-27,2026Q1,358,393,1.0977653631284916,2.9375,0,1.0910166105188528,1.0,0.0
BDR,2026-02-28,2026Q1,382,424,1.1099476439790577,2.75,0,0.6469024446886177,1.0,0.0
BDR,2026-03-01,2026Q1,133,123,0.924812030075188,9.1875,21.0,7.432263630185972,1.0,0.0
BDR,2026-03-02,2026Q1,314,321,1.0222929936305734,5.75,0,2.4585363437279173,1.0,0.0
BDR,2026-03-04,2026Q1,280,274,0.9785714285714285,3.6875,0,1.0909656329232176,1.0,0.0
BDR,2026-03-06,2026Q1,46,48,1.0434782608695652,8.9375,19.0,2.6677798729407165,0.0,0.0
BDR,2026-03-08,2026Q1,156,154,0.9871794871794872,4.625,0,0.8250554081466421,0.375,0.0
BDR,2026-03-09,2026Q1,354,477,1.347457627118644,5.5625,0,2.139010877924989,1.0,0.0
BDR,2026-03-10,2026Q1,383,395,1.031331592689295,3.0625,0,0.5646078981362084,0.9375,0.0
BDR,2026-03-11,2026Q1,248,261,1.0524193548387097,7.3125,14.0,2.7585435553998114,0.9375,0.0625
BDR,2026-03-13,2026Q1,203,254,1.251231527093596,9.0625,21.0,4.1896131300963475,1.0,0.0
BDR,2026-03-15,2026Q1,422,395,0.9360189573459715,9.4375,0,2.806325011706583,1.0,0.0
BDR,2026-03-18,2026Q1,350,313,0.8942857142857142,6.8125,0,4.053965651419627,1.0,0.0
BDR,2026-03-19,2026Q1,457,420,0.9190371991247265,2.8125,0,1.1533249565521315,1.0,0.0
BDR,2026-03-20,2026Q1,265,255,0.9622641509433962,6.5,22.0,1.7641141532028477,1.0,0.0
BDR,2026-03-21,2026Q1,194,189,0.9742268041237113,9.875,24.0,7.021048192817123,1.0,0.0
BDR,2026-03-22,2026Q1,42,30,0.7142857142857143,5.25,0,2.750690966699083,0.0,0.1875
BDR,2026-03-24,2026Q1,397,336,0.8463476070528967,10.1875,18.0,5.302378582294526,1.0,0.0
BDR,2026-03-25,2026Q1,425,403,0.9482352941176471,5.9375,0,2.6158208726809726,1.0,0.0
BDR,2026-03-26,2026Q1,345,282,0.8173913043478261,7.125,24.0,3.0710000401832547,0.9375,0.0
BDR,2026-03-27,2026Q1,86,93,1.0813953488372092,11.5625,28.0,9.31031862031192,0.9375,0.0
BDR,2026-03-28,2026Q1,167,145,0.8682634730538922,10.3125,26.0,6.5066880207598805,1.0,0.0
BDR,2026-03-29,2026Q1,395,372,0.9417721518987342,8.0625,21.0,2.149286109607022,1.0,0.0
BDR,2026-03-30,2026Q1,237,190,0.8016877637130801,9.25,26.0,2.2685424942744716,1.0,0.0
BDR,2026-03-31,2026Q1,277,261,0.9422382671480144,8.5,0,2.5219878926542982,1.0,0.0
BDR,2026-04-01,2026Q2,130,98,0.7538461538461538,7.142857142857143,20.0,2.8498309602094776,1.0,0.0
BDR,2026-04-03,2026Q2,103,74,0.7184466019417476,6.533333333333333,0,1.421410423922552,0.5333333333333333,0.0
BDR,2026-04-04,2026Q2,299,283,0.9464882943143813,11.25,30.0,2.2571436840446655,0.6875,0.1875
BDR,2026-04-06,2026Q2,177,126,0.711864406779661,10.5,27.0,3.314890264760222,0.875,0.125
BDR,2026-04-07,2026Q2,124,94,0.7580645161290323,12.125,32.0,5.508332214700522,1.0,0.0
BDR,2026-04-08,2026Q2,435,359,0.825287356321839,8.5,18.0,3.772744826737326,1.0,0.0
BDR,2026-04-09,2026Q2,451,405,0.8980044345898004,5.0625,0,2.4302941025461036,1.0,0.0
BDR,2026-04-10,2026Q2,377,343,0.9098143236074271,6.8125,0,2.4914396780432115,1.0,0.0
BDR,2026-04-11,2026Q2,133,126,0.9473684210526315,12.625,29.0,9.08075185973851,1.0,0.0
BDR,2026-04-12,2026Q2,440,365,0.8295454545454546,6.625,0,2.907385704212921,1.0,0.0
BDR,2026-04-13,2026Q2,181,122,0.6740331491712708,5.3125,23.0,1.6145409703562534,0.625,0.0
BDR,2026-04-16,2026Q2,427,343,0.8032786885245902,8.0625,22.0,2.4375692608940107,1.0,0.0
BDR,2026-04-17,2026Q2,301,259,0.8604651162790697,8.0625,21.0,1.9155056576545801,0.9375,0.0625
BDR,2026-04-18,2026Q2,156,140,0.8974358974358975,8.1875,0,2.483987070839418,0.125,0.0
BDR,2026-04-20,2026Q2,198,215,1.0858585858585859,8.4,23.0,4.597381440006184,0.8666666666666667,0.13333333333333333
BDR,2026-04-23,2026Q2,299,263,0.8795986622073578,8.5,27.0,5.144865023075517,1.0,0.0
BDR,2026-04-24,2026Q2,418,429,1.0263157894736843,7.8125,0,4.3289108697482295,0.9375,0.0625
BDR,2026-04-25,2026Q2,125,118,0.944,7.533333333333333,0,2.9931838520467253,0.26666666666666666,0.7333333333333333
BDR,2026-04-26,2026Q2,217,224,1.032258064516129,7.375,0,1.816889909643735,0.875,0.125
BDR,2026-04-27,2026Q2,315,293,0.9301587301587302,7.0,0,2.9895649059986025,1.0,0.0
BDR,2026-05-01,2026Q2,437,394,0.9016018306636155,10.0,19.0,4.681300985025305,1.0,0.0
BDR,2026-05-02,2026Q2,139,159,1.143884892086331,5.125,0,2.390719666283794,1.0,0.0
BDR,2026-05-03,2026Q2,125,129,1.032,10.9375,28.0,5.365179558508267,1.0,0.0
BDR,2026-05-04,2026Q2,152,139,0.9144736842105263,12.5,26.0,4.191418764658032,1.0,0.0
BDR,2026-05-07,2026Q2,383,203,0.5300261096605744,7.875,22.0,5.497222574728067,1.0,0.0
BDR,2026-05-08,2026Q2,428,280,0.6542056074766355,9.25,27.0,1.8211531557626746,1.0,0.0
BDR,2026-05-10,2026Q2,98,97,0.9897959183673469,3.5,0,1.1110609314646838,0.625,0.0
BDR,2026-05-11,2026Q2,432,408,0.9444444444444444,6.125,16.0,3.8487719210770357,1.0,0.0
BDR,2026-05-12,2026Q2,409,390,0.9535452322738386,10.5,22.0,5.3771001676454775,1.0,0.0
BDR,2026-05-13,2026Q2,123,111,0.9024390243902439,11.375,28.0,6.139151185276255,0.9375,0.0625
BDR,2026-05-14,2026Q2,51,45,0.8823529411764706,4.8,0,2.3517793531167186,0.8666666666666667,0.13333333333333333
BDR,2026-05-15,2026Q2,334,290,0.8682634730538922,7.875,20.0,4.89585899335129,1.0,0.0
BDR,2026-05-16,2026Q2,382,332,0.8691099476439791,7.9375,24.0,2.2133228579887727,1.0,0.0
BDR,2026-05-17,2026Q2,436,339,0.7775229357798165,9.375,0,1.7406026453910808,1.0,0.0
BDR,2026-05-18,2026Q2,296,262,0.8851351351351351,6.4375,0,2.1788880797925922,1.0,0.0
BDR,2026-05-19,2026Q2,306,273,0.8921568627450981,8.25,28.0,2.8614980309774376,0.9375,0.0625
BDR,2026-05-20,2026Q2,189,174,0.9206349206349206,6.875,20.0,1.4584820035957686,0.8125,0.1875
BDR,2026-05-21,2026Q2,225,175,0.7777777777777778,6.375,19.0,2.58672492742947,0.6875,0.3125
BDR,2026-05-22,2026Q2,393,366,0.9312977099236641,9.6875,22.0,3.0202771386391514,1.0,0.0
BDR,2026-05-23,2026Q2,67,54,0.8059701492537313,7.625,0,2.4937843449427706,0.1875,0.8125
BDR,2026-05-25,2026Q2,106,102,0.9622641509433962,7.5,0,0.9277007450120986,0.5714285714285714,0.21428571428571427
BDR,2026-05-26,2026Q2,445,460,1.0337078651685394,6.625,0,1.4241200897645387,1.0,0.0
BDR,2026-05-27,2026Q2,336,305,0.9077380952380952,8.4,0,1.0898094858581553,1.0,0.0
BDR,2026-05-28,2026Q2,179,157,0.8770949720670391,10.642857142857142,29.0,7.66157517397447,1.0,0.0
BDR,2026-05-29,2026Q2,309,289,0.9352750809061489,10.125,21.0,3.2850119123596566,1.0,0.0
BDR,2026-05-31,2026Q2,333,275,0.8258258258258259,7.75,19.0,3.0156921853158254,1.0,0.0
BDR,2026-06-01,2026Q2,291,321,1.1030927835051547,10.0625,22.0,2.79407107458304,1.0,0.0
BDR,2026-06-02,2026Q2,350,328,0.9371428571428572,6.25,19.0,4.138445149044809,1.0,0.0
BDR,2026-06-03,2026Q2,344,324,0.9418604651162791,8.9375,0,4.722661140314202,1.0,0.0
BDR,2026-06-04,2026Q2,377,354,0.9389920424403183,6.0625,0,1.9486010295444582,1.0,0.0
BDR,2026-06-05,2026Q2,438,400,0.91324200913242,7.25,0,2.068118274220998,1.0,0.0
BDR,2026-06-06,2026Q2,370,359,0.9702702702702702,8.0625,44.0,2.191683727109779,0.875,0.125
BDR,2026-06-07,2026Q2,237,169,0.7130801687763713,11.1875,30.0,5.930427945006975,1.0,0.0
BDR,2026-06-08,2026Q2,365,342,0.936986301369863,8.75,0,2.589476386525639,1.0,0.0
BDR,2026-06-09,2026Q2,419,376,0.8973747016706444,10.0625,0,1.921021205324923,1.0,0.0
BDR,2026-06-10,2026Q2,307,288,0.9381107491856677,6.8125,0,2.785155054648096,1.0,0.0
BDR,2026-06-11,2026Q2,224,173,0.7723214285714286,6.1875,0,1.1362453525269016,0.9375,0.0625
BDR,2026-06-12,2026Q2,326,296,0.9079754601226994,7.375,19.0,1.5208468181301968,1.0,0.0
BDR,2026-06-13,2026Q2,339,341,1.0058997050147493,9.5,20.0,3.722146069332778,1.0,0.0
BDR,2026-06-14,2026Q2,358,345,0.9636871508379888,9.375,22.0,4.484274750459661,1.0,0.0
BDR,2026-06-15,2026Q2,151,127,0.8410596026490066,11.6875,25.0,7.091346876505293,1.0,0.0
BDR,2026-06-16,2026Q2,351,317,0.9031339031339032,9.75,16.0,3.2164419824325683,1.0,0.0
BDR,2026-06-17,2026Q2,340,389,1.1441176470588235,6.0,17.0,2.363185906749075,1.0,0.0
BDR,2026-06-18,2026Q2,69,70,1.0144927536231885,10.9375,24.0,3.1693437567627,0.75,0.0625
BDR,2026-06-19,2026Q2,342,332,0.9707602339181286,10.5,21.0,2.8353698677568158,1.0,0.0
BDR,2026-06-20,2026Q2,129,88,0.6821705426356589,10.6875,27.0,3.4331955696396568,1.0,0.0
BDR,2026-06-21,2026Q2,331,279,0.8429003021148036,8.0625,0,1.6448050917145678,1.0,0.0
BDR,2026-06-22,2026Q2,209,146,0.6985645933014354,8.4375,0,2.520652036245358,0.4375,0.4375
BDR,2026-06-23,2026Q2,34,7,0.20588235294117646,5.8125,19.0,4.368606590356107,0.375,0.4375
BDR,2026-06-24,2026Q2,420,360,0.8571428571428571,8.307692307692308,19.0,4.36164991264207,1.0,0.0
BDR,2026-06-25,2026Q2,439,122,0.27790432801822323,5.8125,0,2.741829672804699,1.0,0.0
BDR,2026-06-26,2026Q2,216,176,0.8148148148148148,5.9375,0,2.4269069115238198,0.625,0.0625
BDR,2026-06-27,2026Q2,283,257,0.9081272084805654,2.5625,0,1.048687562022524,0.8125,0.1875
BDR,2026-06-28,2026Q2,378,359,0.9497354497354498,5.5,0,2.5077343469090536,1.0,0.0
BDR,2026-06-29,2026Q2,483,409,0.8467908902691511,5.0625,0,2.03363397951947,0.9375,0.0
BDR,2026-06-30,2026Q2,320,364,1.1375,8.25,0,2.3207715818989705,1.0,0.0
BDR,2026-07-01,2026Q3,270,247,0.9148148148148149,10.5625,21.0,2.9712234250100495,1.0,0.0
BDR,2026-07-02,2026Q3,291,277,0.9518900343642611,7.9375,20.0,2.1998738554425783,0.875,0.0
BDR,2026-07-03,2026Q3,261,225,0.8620689655172413,8.0,21.0,1.3645019946097325,1.0,0.0
BDR,2026-07-04,2026Q3,152,145,0.9539473684210527,8.1875,40.0,2.1843450698224514,0.875,0.125
BDR,2026-07-05,2026Q3,192,133,0.6927083333333334,8.1875,0,2.090275637238151,0.75,0.0
BDR,2026-07-08,2026Q3,414,432,1.0434782608695652,7.875,0,2.5515576730270486,1.0,0.0
BDR,2026-07-09,2026Q3,311,286,0.9196141479099679,9.875,0,2.459483297730836,0.8125,0.0
BDR,2026-07-10,2026Q3,354,332,0.9378531073446328,6.875,19.0,3.139702629529465,1.0,0.0
BDR,2026-07-11,2026Q3,273,265,0.9706959706959707,7.375,0,2.10853156346052,1.0,0.0
BDR,2026-07-12,2026Q3,329,408,1.2401215805471124,6.625,0,3.4214340029024006,1.0,0.0
BDR,2026-07-13,2026Q3,380,309,0.8131578947368421,9.3125,18.0,1.8738879740185856,1.0,0.0
BDR,2026-07-14,2026Q3,399,408,1.0225563909774436,10.125,21.0,1.239788941240396,1.0,0.0
BDR,2026-07-15,2026Q3,174,133,0.764367816091954,9.25,21.0,4.043276044841678,0.6875,0.0
BDR,2026-07-16,2026Q3,205,194,0.9463414634146341,5.8125,0,1.6678792930450737,0.4375,0.0
BDR,2026-07-17,2026Q3,366,337,0.9207650273224044,6.9375,16.0,3.5735231279939015,0.9375,0.0
BDR,2026-07-19,2026Q3,387,343,0.8863049095607235,8.8125,24.0,6.414501525174414,1.0,0.0
BDR,2026-07-20,2026Q3,218,204,0.9357798165137615,5.8125,0,3.4950388286157765,1.0,0.0
BDR,2026-07-21,2026Q3,92,86,0.9347826086956522,5.125,18.0,3.2925521005370277,0.4375,0.25
BDR,2026-07-22,2026Q3,177,154,0.8700564971751412,9.5625,17.0,2.2828345614468435,0.9375,0.0
BDR,2026-07-23,2026Q3,508,503,0.9901574803149606,7.6875,0,3.3869982645690184,1.0,0.0
BDR,2026-07-24,2026Q3,380,403,1.0605263157894738,5.375,0,3.667025181044266,1.0,0.0
BDR,2026-07-25,2026Q3,333,338,1.015015015015015,6.375,0,1.9127857027802195,1.0,0.0
BDR,2026-07-26,2026Q3,443,391,0.8826185101580135,5.75,0,3.3669769393457063,1.0,0.0
BDR,2026-07-27,2026Q3,338,279,0.8254437869822485,5.2,17.0,2.2173510437909645,1.0,0.0
BDR,2026-07-28,2026Q3,46,30,0.6521739130434783,9.0,0,5.632984468042417,0.4375,0.1875
BDR,2026-07-29,2026Q3,42,38,0.9047619047619048,9.0625,0,3.841240453634999,0.625,0.1875
BDR,2026-07-30,2026Q3,58,39,0.6724137931034483,7.25,18.0,2.2135961624436993,0.4375,0.3125
BDR,2026-07-31,2026Q3,424,366,0.8632075471698113,5.875,0,1.3716214933007278,1.0,0.0
BDR,2026-08-01,2026Q3,423,164,0.3877068557919622,6.5625,0,3.1719955709476686,1.0,0.0
BDR,2026-08-02,2026Q3,332,282,0.8493975903614458,6.75,0,4.750643341815762,0.875,0.0
BDR,2026-08-04,2026Q3,434,452,1.0414746543778801,4.375,0,2.5011302899109418,1.0,0.0
BDR,2026-08-05,2026Q3,314,348,1.10828025477707,4.3125,0,2.2818670308744893,0.75,0.0
BDR,2026-08-06,2026Q3,197,171,0.868020304568528,8.375,0,2.5439643899449633,0.875,0.0
BDR,2026-08-07,2026Q3,339,315,0.9292035398230089,5.8125,20.0,2.5194050402755748,0.8125,0.1875
BDR,2026-08-08,2026Q3,340,275,0.8088235294117647,8.6875,21.0,1.244708218504741,1.0,0.0
BDR,2026-08-09,2026Q3,380,127,0.33421052631578946,8.0,17.0,1.4427827182332558,1.0,0.0
BDR,2026-08-10,2026Q3,315,333,1.0571428571428572,4.1875,0,1.8878781204564903,0.9375,0.0625
BDR,2026-08-11,2026Q3,299,327,1.0936454849498327,5.375,0,1.3731552317015465,1.0,0.0
BDR,2026-08-12,2026Q3,197,101,0.5126903553299492,7.625,18.0,4.6900243106936506,1.0,0.0
BDR,2026-08-13,2026Q3,423,393,0.9290780141843972,5.125,0,1.8703815666882075,1.0,0.0
BDR,2026-08-14,2026Q3,316,272,0.8607594936708861,5.375,0,2.83369086942547,0.875,0.125
BDR,2026-08-15,2026Q3,363,384,1.0578512396694215,5.75,0,2.7323687744320093,1.0,0.0
BDR,2026-08-16,2026Q3,249,268,1.0763052208835342,8.3125,23.0,2.749891958509702,0.8125,0.1875
BDR,2026-08-17,2026Q3,35,27,0.7714285714285715,7.375,0,1.9994048107106948,0.25,0.375
BDR,2026-08-18,2026Q3,347,342,0.9855907780979827,5.1875,0,3.057566149011523,1.0,0.0
BDR,2026-08-19,2026Q3,347,308,0.8876080691642652,6.3125,0,3.138382824796655,1.0,0.0
BDR,2026-08-20,2026Q3,310,292,0.9419354838709677,7.25,27.0,3.21480964481002,0.6875,0.3125
BDR,2026-08-21,2026Q3,287,264,0.9198606271777003,10.3125,22.0,3.7871512957502866,0.75,0.0
BDR,2026-08-22,2026Q3,148,139,0.9391891891891891,5.375,0,1.5956975537469953,0.3125,0.0625
BDR,2026-08-23,2026Q3,96,87,0.90625,8.25,31.0,3.026752393959559,0.625,0.25
BDR,2026-08-24,2026Q3,352,414,1.1761363636363635,6.25,0,1.3476215721105018,1.0,0.0
BDR,2026-08-25,2026Q3,381,366,0.9606299212598425,6.4375,17.0,1.0434877611900446,1.0,0.0
BDR,2026-08-26,2026Q3,409,393,0.960880195599022,6.75,0,3.2418198010872055,1.0,0.0
BDR,2026-08-27,2026Q3,179,130,0.7262569832402235,6.8125,0,2.677829554595516,0.875,0.0625
BDR,2026-08-28,2026Q3,200,195,0.975,5.75,0,1.9513120364874459,0.9375,0.0
BDR,2026-08-29,2026Q3,275,320,1.1636363636363636,7.0625,18.0,2.8247313913324694,1.0,0.0
BDR,2026-08-30,2026Q3,369,385,1.043360433604336,7.9375,0,1.459407733808238,0.875,0.125
BDR,2026-08-31,2026Q3,314,293,0.9331210191082803,6.875,0,2.6530082928009473,1.0,0.0
BED,2023-02-17,2023Q1,206,42,0.20388349514563106,12.0,32.0,4.7014330828757025,0.3125,0.375
BED,2023-02-22,2023Q1,363,73,0.20110192837465565,5.125,0,1.9665431846674062,0.6875,0.25
BED,2023-02-24,2023Q1,129,65,0.5038759689922481,12.8125,31.0,8.557039274187936,1.0,0.0
BED,2023-02-25,2023Q1,270,173,0.6407407407407407,3.25,0,1.7777042160407637,0.625,0.25
BED,2023-02-26,2023Q1,192,111,0.578125,3.9375,0,0.8450997618844573,0.5,0.125
BED,2023-02-27,2023Q1,361,158,0.4376731301939058,7.8125,0,3.330248764757371,1.0,0.0
BED,2023-03-01,2023Q1,362,184,0.5082872928176796,3.375,0,1.4511843565290674,1.0,0.0
BED,2023-03-02,2023Q1,129,40,0.31007751937984496,8.0,23.0,3.6895578091823986,0.4375,0.1875
BED,2023-03-03,2023Q1,397,156,0.3929471032745592,4.375,0,2.2424760415763867,1.0,0.0
BED,2023-03-05,2023Q1,429,237,0.5524475524475524,9.5625,20.0,3.3302886963227762,0.875,0.0
BED,2023-03-06,2023Q1,178,70,0.39325842696629215,14.0625,31.0,6.292754122523443,1.0,0.0
BED,2023-03-07,2023Q1,175,79,0.4514285714285714,14.875,28.0,10.582856467139287,1.0,0.0
BED,2023-03-08,2023Q1,358,126,0.35195530726256985,11.875,23.0,8.610404453516042,0.9375,0.0625
BED,2023-03-09,2023Q1,415,99,0.2385542168674699,7.375,18.0,4.377693416726552,1.0,0.0
BED,2023-03-10,2023Q1,508,290,0.5708661417322834,3.6875,0,1.2123600342495406,1.0,0.0
BED,2023-03-12,2023Q1,408,174,0.4264705882352941,6.625,15.0,1.7961122119224868,1.0,0.0
BED,2023-03-13,2023Q1,413,129,0.31234866828087166,7.5,0,2.0953027387416134,0.1875,0.5
BED,2023-03-14,2023Q1,30,7,0.23333333333333334,13.625,36.0,5.613563076903826,0.0,1.0
BED,2023-03-15,2023Q1,141,74,0.524822695035461,16.1875,32.0,12.078317046009776,1.0,0.0
BED,2023-03-16,2023Q1,381,206,0.5406824146981627,7.1875,19.0,1.1485131481132853,1.0,0.0
BED,2023-03-17,2023Q1,328,159,0.4847560975609756,7.0,0,4.255694303468363,1.0,0.0
BED,2023-03-18,2023Q1,336,218,0.6488095238095238,8.0,21.0,2.367549120851746,1.0,0.0
BED,2023-03-19,2023Q1,161,71,0.4409937888198758,15.125,35.0,1.678574213124153,1.0,0.0
BED,2023-03-20,2023Q1,240,131,0.5458333333333333,9.3125,22.0,3.0291980692625757,1.0,0.0
BED,2023-03-21,2023Q1,408,285,0.6985294117647058,6.5,21.0,1.776168348509014,1.0,0.0
BED,2023-03-22,2023Q1,418,140,0.3349282296650718,7.125,0,1.4551369583178746,0.9375,0.0
BED,2023-03-23,2023Q1,260,132,0.5076923076923077,8.125,21.0,3.2152099950397073,0.625,0.0
BED,2023-03-24,2023Q1,416,254,0.6105769230769231,7.8125,17.0,4.1425367696598565,1.0,0.0
BED,2023-03-25,2023Q1,256,88,0.34375,9.9375,20.0,1.505255887851461,0.1875,0.4375
BED,2023-03-26,2023Q1,280,130,0.4642857142857143,13.0,28.0,3.2329329097666557,0.9375,0.0
BED,2023-03-27,2023Q1,469,289,0.6162046908315565,4.466666666666667,0,1.5563469143954822,0.7333333333333333,0.26666666666666666
BED,2023-03-28,2023Q1,238,158,0.6638655462184874,4.8125,0,3.181157163973754,0.5625,0.1875
BED,2023-03-29,2023Q1,437,269,0.6155606407322655,5.375,18.0,2.5112450060001135,1.0,0.0
BED,2023-03-30,2023Q1,171,90,0.5263157894736842,12.125,27.0,5.236813826325365,1.0,0.0
BED,2023-04-01,2023Q2,91,29,0.31868131868131866,5.0,19.0,1.2863270639837652,0.375,0.4375
BED,2023-04-04,2023Q2,499,207,0.4148296593186373,6.8125,0,2.062580915970317,1.0,0.0
BED,2023-04-06,2023Q2,275,92,0.33454545454545453,4.375,0,1.369759160341958,0.5625,0.0625
BED,2023-04-07,2023Q2,240,117,0.4875,13.9375,30.0,4.0985092065309745,1.0,0.0
BED,2023-04-08,2023Q2,451,326,0.7228381374722838,7.5,19.0,4.0946025873614404,1.0,0.0
BED,2023-04-09,2023Q2,410,286,0.697560975609756,4.5,0,1.6796184504155882,1.0,0.0
BED,2023-04-10,2023Q2,455,301,0.6615384615384615,4.875,0,1.2917560561705925,1.0,0.0
BED,2023-04-11,2023Q2,257,144,0.5603112840466926,10.25,25.0,3.749372550319389,1.0,0.0
BED,2023-04-12,2023Q2,202,102,0.504950495049505,12.125,30.0,6.951241412041978,1.0,0.0
BED,2023-04-13,2023Q2,425,299,0.7035294117647058,6.9375,18.0,2.373401473952535,1.0,0.0
BED,2023-04-14,2023Q2,431,215,0.4988399071925754,7.5625,23.0,2.272126123851663,1.0,0.0
BED,2023-04-15,2023Q2,453,233,0.5143487858719646,5.5,0,2.1110063471735487,0.6875,0.0
BED,2023-04-18,2023Q2,315,181,0.5746031746031746,9.25,24.0,2.794716678501031,1.0,0.0
BED,2023-04-19,2023Q2,291,148,0.5085910652920962,11.0,26.0,1.7965774072900085,1.0,0.0
BED,2023-04-20,2023Q2,453,376,0.8300220750551877,6.8,18.0,2.9106825103564136,1.0,0.0
BED,2023-04-21,2023Q2,380,116,0.30526315789473685,8.6875,17.0,1.8256343903674823,1.0,0.0
BED,2023-04-22,2023Q2,366,110,0.3005464480874317,10.875,0,1.8073470330787145,0.0,0.0
BED,2023-04-24,2023Q2,287,120,0.4181184668989547,5.25,0,1.7789315317562333,0.625,0.0
BED,2023-04-25,2023Q2,372,179,0.48118279569892475,5.1875,0,1.710671729910601,0.5625,0.125
BED,2023-04-26,2023Q2,387,88,0.22739018087855298,7.533333333333333,0,1.3965775995768384,0.7333333333333333,0.06666666666666667
BED,2023-04-27,2023Q2,500,291,0.582,4.3125,0,1.8846713568080753,0.75,0.125
BED,2023-04-28,2023Q2,421,128,0.30403800475059384,7.25,18.0,1.1934517639603988,0.875,0.0
BED,2023-04-29,2023Q2,320,88,0.275,11.625,20.0,2.2478416650393673,0.5,0.4375
BED,2023-05-01,2023Q2,294,139,0.47278911564625853,10.25,27.0,4.329126676444683,0.8125,0.0625
BED,2023-05-02,2023Q2,176,84,0.4772727272727273,6.4375,29.0,2.765138079433439,0.4375,0.375
BED,2023-05-03,2023Q2,323,69,0.21362229102167182,6.875,0,2.213641365349455,0.5625,0.125
BED,2023-05-05,2023Q2,307,95,0.30944625407166126,3.375,0,0.9988236573037383,0.625,0.0625
BED,2023-05-06,2023Q2,367,249,0.6784741144414169,8.125,21.0,5.00027351784739,1.0,0.0
BED,2023-05-07,2023Q2,501,284,0.5668662674650699,7.533333333333333,19.0,2.489849859387987,0.9333333333333333,0.06666666666666667
BED,2023-05-08,2023Q2,381,196,0.5144356955380578,9.75,25.0,5.588669900790907,1.0,0.0
BED,2023-05-09,2023Q2,515,320,0.6213592233009708,5.9375,19.0,2.1676698141985193,1.0,0.0
BED,2023-05-10,2023Q2,484,291,0.6012396694214877,7.8,18.0,1.9201632608179142,1.0,0.0
BED,2023-05-11,2023Q2,527,285,0.540796963946869,4.8125,20.0,2.166911512112012,0.9375,0.0625
BED,2023-05-12,2023Q2,423,204,0.48226950354609927,7.5,24.0,3.1413411037513104,1.0,0.0
BED,2023-05-13,2023Q2,377,216,0.5729442970822282,10.5,25.0,6.933451268027659,1.0,0.0
BED,2023-05-14,2023Q2,363,215,0.5922865013774105,10.125,21.0,6.925718807313192,1.0,0.0
BED,2023-05-15,2023Q2,358,245,0.6843575418994413,7.875,22.0,2.9385704663228656,1.0,0.0
BED,2023-05-16,2023Q2,352,240,0.6818181818181818,10.625,25.0,3.374463848981927,1.0,0.0
BED,2023-05-17,2023Q2,235,131,0.5574468085106383,14.6875,28.0,10.891662668311977,1.0,0.0
BED,2023-05-18,2023Q2,588,441,0.75,7.3125,17.0,2.6712559612713465,1.0,0.0
BED,2023-05-19,2023Q2,403,255,0.6327543424317618,10.9375,25.0,3.2243575619364266,1.0,0.0
BED,2023-05-20,2023Q2,181,56,0.30939226519337015,6.5,20.0,3.7668054467195913,0.25,0.6875
BED,2023-05-21,2023Q2,530,359,0.6773584905660377,7.1875,20.0,2.940546159173422,1.0,0.0
BED,2023-05-22,2023Q2,452,199,0.44026548672566373,7.6875,20.0,1.4156834272983376,1.0,0.0
BED,2023-05-23,2023Q2,510,136,0.26666666666666666,6.75,16.0,1.821638735489217,1.0,0.0
BED,2023-05-24,2023Q2,436,238,0.5458715596330275,8.375,28.0,5.059193089677352,0.75,0.125
BED,2023-05-25,2023Q2,514,271,0.5272373540856031,8.3125,19.0,5.608220694723795,1.0,0.0
BED,2023-05-26,2023Q2,433,200,0.4618937644341801,8.25,21.0,4.228704795444765,1.0,0.0
BED,2023-05-27,2023Q2,431,302,0.7006960556844548,3.8125,0,1.9376960738093578,1.0,0.0
BED,2023-05-28,2023Q2,326,166,0.50920245398773,8.125,20.0,1.847990127459067,1.0,0.0
BED,2023-05-29,2023Q2,349,108,0.30945558739255014,10.1875,22.0,3.4551732784359466,1.0,0.0
BED,2023-05-30,2023Q2,484,151,0.3119834710743802,6.625,0,2.6089305867651733,1.0,0.0
BED,2023-05-31,2023Q2,584,370,0.6335616438356164,4.0,0,2.278466275718192,1.0,0.0
BED,2023-06-01,2023Q2,538,321,0.5966542750929368,2.875,0,1.3889164204794209,1.0,0.0
BED,2023-06-02,2023Q2,414,205,0.49516908212560384,4.375,0,1.369769806457279,0.6875,0.3125
BED,2023-06-05,2023Q2,246,59,0.23983739837398374,4.1875,0,2.244670524174701,0.4375,0.4375
BED,2023-06-06,2023Q2,473,305,0.6448202959830867,7.0625,18.0,3.951580233396996,0.875,0.0
BED,2023-06-07,2023Q2,439,265,0.6036446469248291,8.0,21.0,4.1644064504693965,1.0,0.0
BED,2023-06-08,2023Q2,530,348,0.6566037735849056,3.4375,0,0.6957477820022875,0.8125,0.1875
BED,2023-06-09,2023Q2,243,97,0.3991769547325103,2.1875,0,1.371355860227986,0.625,0.125
BED,2023-06-10,2023Q2,257,150,0.5836575875486382,2.25,0,0.5249716583108676,0.75,0.0625
BED,2023-06-11,2023Q2,564,318,0.5638297872340425,4.0,0,2.294012986234436,1.0,0.0
BED,2023-06-12,2023Q2,484,257,0.53099173553719,8.6875,20.0,5.229397530510667,0.875,0.0625
BED,2023-06-14,2023Q2,404,215,0.5321782178217822,6.75,21.0,3.3650366020295412,0.6875,0.1875
BED,2023-06-15,2023Q2,479,341,0.7118997912317327,5.875,0,1.7775761648165118,0.75,0.0
BED,2023-06-16,2023Q2,488,280,0.5737704918032787,4.0625,0,1.566120207793466,0.875,0.125
BED,2023-06-18,2023Q2,433,247,0.5704387990762124,6.3125,0,3.1647363953244088,0.8125,0.0
BED,2023-06-19,2023Q2,498,205,0.41164658634538154,5.8125,0,1.9084912904457443,0.6875,0.0
BED,2023-06-20,2023Q2,405,120,0.2962962962962963,6.125,0,1.498165415271063,1.0,0.0
BED,2023-06-21,2023Q2,509,159,0.31237721021611004,6.25,0,2.0229250744940845,0.75,0.0
BED,2023-06-22,2023Q2,523,158,0.30210325047801145,8.0625,0,1.8185894205794004,0.6875,0.0
BED,2023-06-23,2023Q2,280,101,0.3607142857142857,4.3125,0,2.2274530173012197,0.375,0.0
BED,2023-06-24,2023Q2,108,52,0.48148148148148145,6.6875,0,2.6493732192043025,0.3125,0.375
BED,2023-06-25,2023Q2,327,192,0.5871559633027523,4.625,0,1.7108054749900932,0.75,0.0625
BED,2023-06-26,2023Q2,175,40,0.22857142857142856,5.625,0,1.992795930612047,0.25,0.1875
BED,2023-06-27,2023Q2,313,102,0.3258785942492013,10.25,22.0,6.314288842148143,0.5625,0.0
BED,2023-06-28,2023Q2,162,52,0.32098765432098764,6.375,0,4.39751203457486,0.375,0.375
BED,2023-06-29,2023Q2,508,247,0.4862204724409449,4.0,0,1.271119369274383,0.875,0.0
BED,2023-06-30,2023Q2,497,223,0.448692152917505,5.3125,0,1.8612725829023455,1.0,0.0
BED,2023-07-01,2023Q3,316,106,0.33544303797468356,4.6875,0,1.4824122992954876,0.5,0.0
BED,2023-07-03,2023Q3,154,88,0.5714285714285714,3.9375,0,2.082231668054082,0.4375,0.0625
BED,2023-07-04,2023Q3,64,17,0.265625,3.5625,0,1.4707853049513946,0.0,0.3125
BED,2023-07-05,2023Q3,445,212,0.4764044943820225,3.625,0,1.5170293940462236,1.0,0.0
BED,2023-07-06,2023Q3,397,173,0.4357682619647355,3.9375,0,0.7723673540831337,1.0,0.0
BED,2023-07-07,2023Q3,500,236,0.472,7.375,0,3.3435097212213116,1.0,0.0
BED,2023-07-08,2023Q3,370,126,0.34054054054054056,4.8125,0,1.4683465863077458,0.5625,0.0
BED,2023-07-11,2023Q3,533,268,0.5028142589118199,6.0625,18.0,2.0253478227466157,0.875,0.0
BED,2023-07-12,2023Q3,545,295,0.5412844036697247,4.4375,0,1.124465593177838,0.9375,0.0625
BED,2023-07-13,2023Q3,498,240,0.4819277108433735,8.0625,17.0,3.967850234297066,1.0,0.0
BED,2023-07-14,2023Q3,289,141,0.48788927335640137,5.8125,20.0,2.876039217595866,0.75,0.125
BED,2023-07-15,2023Q3,419,285,0.6801909307875895,6.6875,0,3.859704965118275,0.6875,0.0
BED,2023-07-16,2023Q3,171,35,0.2046783625730994,7.3125,0,4.219063455822875,0.0625,0.75
BED,2023-07-17,2023Q3,536,314,0.585820895522388,4.9375,0,1.4497514932232807,0.875,0.0
BED,2023-07-18,2023Q3,347,168,0.484149855907781,6.375,26.0,2.835038396378089,0.75,0.125
BED,2023-07-19,2023Q3,601,372,0.6189683860232945,4.4375,0,0.9163676560834249,0.9375,0.0
BED,2023-07-20,2023Q3,557,247,0.44344703770197486,3.6666666666666665,0,1.4040818317380088,1.0,0.0
BED,2023-07-21,2023Q3,213,83,0.38967136150234744,6.9375,22.0,3.8449375579465475,0.0625,0.25
BED,2023-07-22,2023Q3,376,252,0.6702127659574468,3.0625,0,1.4544365303007096,0.625,0.0
BED,2023-07-23,2023Q3,596,396,0.6644295302013423,3.0,0,1.259839448600594,1.0,0.0
BED,2023-07-24,2023Q3,462,307,0.6645021645021645,4.6875,0,1.5688224332185068,0.9375,0.0625
BED,2023-07-25,2023Q3,281,170,0.604982206405694,5.875,17.0,1.9660449185799822,0.3125,0.25
BED,2023-07-26,2023Q3,490,322,0.6571428571428571,6.875,14.0,1.3473530022719278,1.0,0.0
BED,2023-07-27,2023Q3,218,87,0.39908256880733944,9.5,24.0,1.7679896417567276,0.6875,0.0
BED,2023-07-28,2023Q3,426,217,0.5093896713615024,5.1875,0,1.75261581829345,1.0,0.0
BED,2023-07-29,2023Q3,209,157,0.7511961722488039,6.125,21.0,2.75590283575281,0.5,0.25
BED,2023-07-30,2023Q3,526,373,0.7091254752851711,5.8125,0,3.3912135260292904,1.0,0.0
BED,2023-07-31,2023Q3,403,259,0.6426799007444168,4.9375,0,2.143440490007036,1.0,0.0
BED,2023-08-01,2023Q3,472,308,0.652542372881356,6.4375,17.0,3.7906369909775677,1.0,0.0
BED,2023-08-02,2023Q3,473,298,0.6300211416490487,5.0,0,3.298668542463565,1.0,0.0
BED,2023-08-03,2023Q3,435,305,0.7011494252873564,8.125,18.0,2.477678268265882,1.0,0.0
BED,2023-08-04,2023Q3,222,85,0.38288288288288286,8.0625,17.0,1.7363748137651511,0.8125,0.0
BED,2023-08-05,2023Q3,442,294,0.665158371040724,4.1875,0,2.319819962250417,1.0,0.0
BED,2023-08-06,2023Q3,600,412,0.6866666666666666,3.2,0,0.6885349293927395,1.0,0.0
BED,2023-08-07,2023Q3,215,108,0.5023255813953489,6.25,18.0,3.986587886677441,0.6875,0.1875
BED,2023-08-08,2023Q3,103,37,0.3592233009708738,6.625,22.0,2.217004334379326,0.5,0.375
BED,2023-08-09,2023Q3,326,182,0.558282208588957,9.5625,24.0,3.807310869733127,1.0,0.0
BED,2023-08-10,2023Q3,336,183,0.5446428571428571,6.5,18.0,2.2203974997695313,0.625,0.375
BED,2023-08-11,2023Q3,371,240,0.6469002695417789,8.375,22.0,1.6022433421690248,1.0,0.0
BED,2023-08-12,2023Q3,440,302,0.6863636363636364,5.4375,0,3.2413491066091615,1.0,0.0
BED,2023-08-13,2023Q3,327,237,0.7247706422018348,7.1875,18.0,1.6537674447568151,0.9375,0.0625
BED,2023-08-14,2023Q3,416,247,0.59375,5.375,16.0,1.6903431365937704,0.9375,0.0625
BED,2023-08-17,2023Q3,272,72,0.2647058823529412,6.4375,0,1.8025086727914803,0.0625,0.0
BED,2023-08-18,2023Q3,225,109,0.48444444444444446,6.2,17.0,1.663601840289127,0.5333333333333333,0.2
BED,2023-08-19,2023Q3,377,258,0.6843501326259946,6.4375,17.0,1.8218203385473686,1.0,0.0
BED,2023-08-20,2023Q3,549,356,0.6484517304189436,6.3125,0,1.7177471231599064,1.0,0.0
BED,2023-08-21,2023Q3,375,255,0.68,4.3125,0,2.0944768703963086,0.9375,0.0625
BED,2023-08-22,2023Q3,483,300,0.6211180124223602,6.5625,18.0,3.17697694569367,1.0,0.0
BED,2023-08-23,2023Q3,456,260,0.5701754385964912,3.25,0,2.077412323138083,1.0,0.0
BED,2023-08-24,2023Q3,530,320,0.6037735849056604,6.1875,0,3.0466003918380546,0.875,0.125
BED,2023-08-26,2023Q3,384,209,0.5442708333333334,4.3125,0,1.7684801693289482,1.0,0.0
BED,2023-08-27,2023Q3,285,121,0.4245614035087719,4.8125,0,1.1107713506170467,0.6875,0.0625
BED,2023-08-28,2023Q3,416,174,0.4182692307692308,4.75,0,1.9878818422643538,0.75,0.0
BED,2023-08-29,2023Q3,434,165,0.38018433179723504,5.4375,0,1.601591589702386,0.3125,0.0625
BED,2023-08-30,2023Q3,213,91,0.4272300469483568,6.125,17.0,1.2176292767595205,0.5625,0.3125
BED,2023-08-31,2023Q3,443,236,0.5327313769751693,8.0,21.0,5.953376018944426,1.0,0.0
BED,2023-09-01,2023Q3,469,295,0.6289978678038379,2.3333333333333335,0,0.6107234939197307,1.0,0.0
BED,2023-09-02,2023Q3,390,260,0.6666666666666666,7.25,0,1.1892110416755628,1.0,0.0
BED,2023-09-03,2023Q3,330,206,0.6242424242424243,3.625,0,0.89519291930067,1.0,0.0
BED,2023-09-04,2023Q3,380,239,0.6289473684210526,2.5,0,0.8281982119016471,1.0,0.0
BED,2023-09-05,2023Q3,524,281,0.5362595419847328,3.375,0,1.6426554169274954,1.0,0.0
BED,2023-09-06,2023Q3,400,236,0.59,3.375,0,0.8875779259850591,1.0,0.0
BED,2023-09-07,2023Q3,522,340,0.6513409961685823,4.8125,0,1.9608394552499286,1.0,0.0
BED,2023-09-08,2023Q3,224,92,0.4107142857142857,3.6875,0,1.2023629296824112,0.625,0.125
BED,2023-09-09,2023Q3,221,121,0.5475113122171946,4.0625,21.0,2.2156109082369166,0.5625,0.125
BED,2023-09-11,2023Q3,181,44,0.2430939226519337,3.6875,0,1.2168218428518283,0.0625,0.3125
BED,2023-09-12,2023Q3,235,76,0.32340425531914896,2.3125,0,0.8737101059002839,0.375,0.0
BED,2023-09-13,2023Q3,210,48,0.22857142857142856,4.4375,0,2.2064772077950985,0.5625,0.25
BED,2023-09-14,2023Q3,544,311,0.5716911764705882,5.8125,15.0,2.20679899620798,0.9375,0.0
BED,2023-09-15,2023Q3,381,133,0.34908136482939633,9.5,19.0,4.526738874384167,1.0,0.0
BED,2023-09-16,2023Q3,98,47,0.47959183673469385,11.625,27.0,3.6865722201861657,0.75,0.25
BED,2023-09-17,2023Q3,567,423,0.746031746031746,6.0,0,1.3589093252269182,1.0,0.0
BED,2023-09-19,2023Q3,502,291,0.5796812749003984,9.909090909090908,23.0,1.8551812119837108,1.0,0.0
BED,2023-09-20,2023Q3,504,390,0.7738095238095238,10.333333333333334,0,5.4284290555802315,1.0,0.0
BED,2023-09-21,2023Q3,582,382,0.6563573883161512,1.4375,0,0.6940081579806517,1.0,0.0
BED,2023-09-22,2023Q3,379,210,0.554089709762533,4.4375,15.0,1.2160609950941892,0.6875,0.0
BED,2023-09-23,2023Q3,261,115,0.44061302681992337,7.1875,0,1.4482708231681574,0.3125,0.125
BED,2023-09-26,2023Q3,332,134,0.4036144578313253,7.3125,18.0,1.8063743162582542,0.625,0.0625
BED,2023-09-27,2023Q3,434,268,0.6175115207373272,3.4375,17.0,0.880053376614751,1.0,0.0
BED,2023-09-28,2023Q3,463,259,0.5593952483801296,4.0625,0,0.7932319098059513,0.8125,0.0
BED,2023-09-29,2023Q3,339,162,0.4778761061946903,4.375,0,2.402768105551244,0.1875,0.5625
BED,2023-09-30,2023Q3,391,193,0.4936061381074169,3.625,0,1.5860513379716423,1.0,0.0
BED,2023-10-01,2023Q4,480,318,0.6625,3.1875,0,1.423256781281321,0.5625,0.0
BED,2023-10-02,2023Q4,369,180,0.4878048780487805,4.875,0,1.2611244439020952,1.0,0.0
BED,2023-10-03,2023Q4,481,310,0.6444906444906445,3.3125,0,0.7382309772090435,1.0,0.0
BED,2023-10-04,2023Q4,452,308,0.6814159292035398,2.375,0,1.0746079860495212,1.0,0.0
BED,2023-10-05,2023Q4,384,238,0.6197916666666666,3.5,0,1.4182765808455458,0.6875,0.0
BED,2023-10-06,2023Q4,241,58,0.24066390041493776,5.9375,0,0.9198105440443483,0.0,0.0
BED,2023-10-08,2023Q4,318,186,0.5849056603773585,8.625,24.0,2.5587592992302155,1.0,0.0
BED,2023-10-09,2023Q4,515,346,0.6718446601941748,4.75,0,1.5828273261617491,1.0,0.0
BED,2023-10-10,2023Q4,496,298,0.6008064516129032,1.6875,0,0.40284526614787713,1.0,0.0
BED,2023-10-11,2023Q4,436,275,0.6307339449541285,3.9375,0,0.873010936342739,1.0,0.0
BED,2023-10-12,2023Q4,514,336,0.6536964980544747,3.8125,0,1.6497997806730778,1.0,0.0
BED,2023-10-13,2023Q4,345,183,0.5304347826086957,9.25,23.0,5.552433932140183,1.0,0.0
BED,2023-10-14,2023Q4,414,250,0.6038647342995169,4.5,0,1.6926159206891744,1.0,0.0
BED,2023-10-15,2023Q4,431,234,0.54292343387471,9.375,18.0,5.334736611941753,1.0,0.0
BED,2023-10-16,2023Q4,397,241,0.6070528967254408,5.375,0,3.9689050980091327,0.9375,0.0625
BED,2023-10-17,2023Q4,400,237,0.5925,1.6875,0,0.8456297081268704,0.8125,0.0
BED,2023-10-18,2023Q4,512,325,0.634765625,0.75,0,0.18937725667577485,0.8125,0.125
BED,2023-10-19,2023Q4,503,341,0.6779324055666004,7.4375,0,3.3232948491685015,1.0,0.0
BED,2023-10-20,2023Q4,227,85,0.3744493392070485,6.3125,0,3.1038351181726718,0.375,0.0
BED,2023-10-21,2023Q4,94,24,0.2553191489361702,8.375,20.0,2.3278757132400916,0.125,0.625
BED,2023-10-22,2023Q4,279,173,0.6200716845878136,9.875,23.0,2.1737026588656883,1.0,0.0
BED,2023-10-23,2023Q4,365,237,0.6493150684931507,6.25,0,4.546971184212094,1.0,0.0
BED,2023-10-24,2023Q4,573,365,0.6369982547993019,4.0625,0,1.0103310838395514,1.0,0.0
BED,2023-10-25,2023Q4,366,260,0.7103825136612022,5.9375,0,1.3925554116425458,1.0,0.0
BED,2023-10-26,2023Q4,551,312,0.5662431941923775,2.4375,0,0.6349262862613216,1.0,0.0
BED,2023-10-27,2023Q4,470,362,0.7702127659574468,4.6875,0,1.0803420770264738,1.0,0.0
BED,2023-10-28,2023Q4,401,313,0.7805486284289277,7.5,18.0,1.7005378531236675,1.0,0.0
BED,2023-10-29,2023Q4,265,130,0.49056603773584906,4.375,0,1.8382305120865534,0.1875,0.5
BED,2023-10-31,2023Q4,363,186,0.512396694214876,2.4375,0,0.8674351231626634,1.0,0.0
BED,2023-11-01,2023Q4,394,219,0.5558375634517766,6.875,0,3.5425285118423275,1.0,0.0
BED,2023-11-02,2023Q4,522,334,0.6398467432950191,3.6875,0,1.6395942898527558,1.0,0.0
BED,2023-11-03,2023Q4,352,214,0.6079545454545454,8.8125,20.0,1.9521972598855668,1.0,0.0
BED,2023-11-04,2023Q4,406,327,0.8054187192118226,2.875,0,0.858476662934805,1.0,0.0
BED,2023-11-05,2023Q4,461,274,0.5943600867678959,3.125,0,1.717594012975869,1.0,0.0
BED,2023-11-06,2023Q4,406,186,0.458128078817734,5.25,15.0,1.981529540251727,0.8125,0.0
BED,2023-11-07,2023Q4,373,247,0.6621983914209115,9.375,25.0,2.072824548637694,0.6875,0.0
BED,2023-11-08,2023Q4,362,206,0.569060773480663,10.375,22.0,5.106122182231327,1.0,0.0
BED,2023-11-09,2023Q4,168,67,0.39880952380952384,3.1875,0,1.2080991940386165,0.1875,0.3125
BED,2023-11-10,2023Q4,409,278,0.6797066014669927,5.3125,0,1.8435296493556563,1.0,0.0
BED,2023-11-11,2023Q4,392,247,0.6301020408163265,6.5625,19.0,4.377995787110541,1.0,0.0
BED,2023-11-12,2023Q4,436,321,0.7362385321100917,2.875,0,1.9790478458463512,1.0,0.0
BED,2023-11-13,2023Q4,419,292,0.6968973747016707,2.3125,0,0.5552769098650846,1.0,0.0
BED,2023-11-14,2023Q4,405,240,0.5925925925925926,5.5625,23.0,3.763573638843607,1.0,0.0
BED,2023-11-15,2023Q4,436,295,0.676605504587156,5.625,0,1.6845937578197359,1.0,0.0
BED,2023-11-16,2023Q4,454,305,0.6718061674008811,2.9375,16.0,0.7990676330163909,1.0,0.0
BED,2023-11-17,2023Q4,256,151,0.58984375,8.4375,25.0,2.874540817876343,0.9375,0.0
BED,2023-11-18,2023Q4,199,115,0.5778894472361809,9.3125,25.0,6.249191571998765,0.75,0.125
BED,2023-11-19,2023Q4,415,271,0.653012048192771,7.625,21.0,2.2981387625448346,0.9375,0.0625
BED,2023-11-20,2023Q4,340,210,0.6176470588235294,6.8125,21.0,5.235535049872406,1.0,0.0
BED,2023-11-21,2023Q4,446,243,0.5448430493273543,5.0625,15.0,2.4562038435400098,0.9375,0.0625
BED,2023-11-22,2023Q4,151,44,0.2913907284768212,8.875,19.0,3.7978910834078925,0.125,0.8125
BED,2023-11-23,2023Q4,193,92,0.47668393782383417,8.4375,23.0,3.778032303976958,1.0,0.0
BED,2023-11-24,2023Q4,321,156,0.48598130841121495,9.625,23.0,2.6240801719025764,1.0,0.0
BED,2023-11-25,2023Q4,402,286,0.7114427860696517,3.0625,0,1.0860617180441463,1.0,0.0
BED,2023-11-26,2023Q4,488,313,0.6413934426229508,5.8125,0,2.5548239010837563,0.75,0.0625
BED,2023-11-27,2023Q4,261,172,0.6590038314176245,8.5625,21.0,1.641987971815503,1.0,0.0
BED,2023-11-28,2023Q4,262,150,0.5725190839694656,11.9375,24.0,1.684479684217658,1.0,0.0
BED,2023-11-29,2023Q4,362,289,0.7983425414364641,5.6875,21.0,1.4868230730099803,1.0,0.0
BED,2023-11-30,2023Q4,414,314,0.7584541062801933,7.375,0,1.8601417315234228,1.0,0.0
BED,2023-12-01,2023Q4,368,271,0.7364130434782609,5.0,0,1.333394395896689,0.625,0.375
BED,2023-12-02,2023Q4,130,74,0.5692307692307692,2.125,0,0.7702467244558943,0.3125,0.0
BED,2023-12-04,2023Q4,252,137,0.5436507936507936,2.25,0,0.8223440965638333,0.6875,0.0625
BED,2023-12-05,2023Q4,232,112,0.4827586206896552,4.5625,0,2.689367717507431,0.8125,0.0
BED,2023-12-06,2023Q4,235,143,0.6085106382978723,5.25,0,3.5283889230723218,0.5625,0.125
BED,2023-12-07,2023Q4,467,425,0.9100642398286938,3.4375,0,0.944821294204211,1.0,0.0
BED,2023-12-08,2023Q4,451,333,0.738359201773836,0.5,0,0.20665818260947527,1.0,0.0
BED,2023-12-09,2023Q4,477,355,0.7442348008385744,3.625,0,1.751946657426432,0.4375,0.0
BED,2023-12-10,2023Q4,119,52,0.4369747899159664,9.125,22.0,5.553161260577736,0.125,0.4375
BED,2023-12-11,2023Q4,107,72,0.6728971962616822,10.0,23.0,2.4291445314462132,0.5625,0.125
BED,2023-12-12,2023Q4,399,318,0.7969924812030075,6.75,16.0,1.6142801764007861,1.0,0.0
BED,2023-12-13,2023Q4,349,275,0.7879656160458453,9.625,24.0,1.9442087951874159,1.0,0.0
BED,2023-12-14,2023Q4,417,328,0.7865707434052758,7.0,18.0,1.9259501826010927,1.0,0.0
BED,2023-12-15,2023Q4,420,362,0.861904761904762,6.375,16.0,1.272130288839231,1.0,0.0
BED,2023-12-16,2023Q4,407,378,0.9287469287469288,4.0,0,1.7072063016842658,1.0,0.0
BED,2023-12-17,2023Q4,245,220,0.8979591836734694,6.125,0,1.227266598155864,0.1875,0.3125
BED,2023-12-18,2023Q4,70,47,0.6714285714285714,14.75,44.0,9.041655216274313,0.3125,0.5625
BED,2023-12-19,2023Q4,396,364,0.9191919191919192,7.875,0,1.780040554825699,1.0,0.0
BED,2023-12-20,2023Q4,430,364,0.8465116279069768,7.375,16.0,5.122193667423264,1.0,0.0
BED,2023-12-21,2023Q4,307,232,0.755700325732899,9.625,22.0,7.451809922416924,1.0,0.0
BED,2023-12-22,2023Q4,356,364,1.0224719101123596,0.9375,0,0.5142942251240784,1.0,0.0
BED,2023-12-23,2023Q4,417,393,0.9424460431654677,3.25,0,1.624836375100178,1.0,0.0
BED,2023-12-24,2023Q4,119,126,1.0588235294117647,0.375,0,0.17448316106683406,0.375,0.25
BED,2023-12-25,2023Q4,72,64,0.8888888888888888,1.625,0,0.7830765102764196,0.25,0.0
BED,2023-12-26,2023Q4,296,240,0.8108108108108109,1.6875,0,0.6254703580620525,0.6875,0.0
BED,2023-12-27,2023Q4,338,299,0.8846153846153846,2.25,0,0.578340136798766,0.625,0.1875
BED,2023-12-28,2023Q4,94,60,0.6382978723404256,8.9375,22.0,2.274779890443661,0.0,0.875
BED,2023-12-29,2023Q4,99,59,0.5959595959595959,2.5,0,0.7852468145670753,0.125,0.125
BED,2023-12-30,2023Q4,85,61,0.7176470588235294,6.25,0,2.8472761794320305,0.5,0.375
BED,2023-12-31,2023Q4,431,389,0.9025522041763341,4.9375,0,2.4856357355295775,1.0,0.0
BED,2024-01-01,2024Q1,213,167,0.784037558685446,2.4375,0,1.437792743372961,1.0,0.0
BED,2024-01-02,2024Q1,315,279,0.8857142857142857,2.875,0,1.0986028532787255,1.0,0.0
BED,2024-01-03,2024Q1,363,289,0.7961432506887053,2.3125,0,0.7528823853410299,1.0,0.0
BED,2024-01-04,2024Q1,310,285,0.9193548387096774,9.8125,23.0,5.788426508371601,1.0,0.0
BED,2024-01-05,2024Q1,241,212,0.8796680497925311,7.4375,24.0,3.0378093191488453,1.0,0.0
BED,2024-01-06,2024Q1,376,267,0.7101063829787234,4.6875,0,0.9768548777709825,0.6875,0.125
BED,2024-01-07,2024Q1,46,43,0.9347826086956522,9.4375,21.0,4.97332015799883,0.0625,0.9375
BED,2024-01-08,2024Q1,139,128,0.920863309352518,4.8125,0,1.7860634076926565,0.9375,0.0
BED,2024-01-09,2024Q1,125,98,0.784,7.375,29.0,1.4365479254944042,0.625,0.375
BED,2024-01-10,2024Q1,150,123,0.82,10.5,23.0,3.2503654698701037,0.8125,0.0625
BED,2024-01-11,2024Q1,366,320,0.8743169398907104,7.125,19.0,1.5734760631447293,1.0,0.0
BED,2024-01-12,2024Q1,400,344,0.86,5.625,0,2.6744530810101077,1.0,0.0
BED,2024-01-13,2024Q1,78,66,0.8461538461538461,11.3125,25.0,2.887637994911667,0.5,0.25
BED,2024-01-14,2024Q1,148,120,0.8108108108108109,13.6875,31.0,2.4792250369418336,0.9375,0.0625
BED,2024-01-15,2024Q1,585,456,0.7794871794871795,4.1875,0,1.2752795102360421,1.0,0.0
BED,2024-01-16,2024Q1,59,56,0.9491525423728814,7.375,25.0,3.3291184064727184,0.1875,0.6875
BED,2024-01-17,2024Q1,180,151,0.8388888888888889,8.75,21.0,1.8214431354467322,1.0,0.0
BED,2024-01-18,2024Q1,345,331,0.9594202898550724,7.0,0,2.0413594766465013,1.0,0.0
BED,2024-01-19,2024Q1,272,263,0.9669117647058824,7.75,22.0,5.073687964299369,1.0,0.0
BED,2024-01-20,2024Q1,300,299,0.9966666666666667,11.0,19.0,5.6935060013800065,0.5625,0.4375
BED,2024-01-21,2024Q1,323,334,1.0340557275541795,9.8125,23.0,3.9988837583808756,1.0,0.0
BED,2024-01-22,2024Q1,387,323,0.834625322997416,7.375,17.0,1.5101928477922848,1.0,0.0
BED,2024-01-23,2024Q1,317,302,0.9526813880126183,4.0,0,1.8691800321369225,0.8125,0.1875
BED,2024-01-24,2024Q1,104,87,0.8365384615384616,0.625,0,0.32581047215138614,0.0,0.4375
BED,2024-01-25,2024Q1,268,215,0.8022388059701493,4.0625,0,1.6695223985672845,0.625,0.0
BED,2024-01-26,2024Q1,119,96,0.8067226890756303,5.6875,0,2.683045467487052,0.0,0.375
BED,2024-01-27,2024Q1,115,91,0.7913043478260869,2.0,0,0.9733628589839284,0.25,0.0625
BED,2024-01-28,2024Q1,102,76,0.7450980392156863,6.25,0,1.792743885404039,0.0,0.875
BED,2024-01-29,2024Q1,108,80,0.7407407407407407,9.0625,20.0,4.382281253262757,0.625,0.0
BED,2024-01-30,2024Q1,176,146,0.8295454545454546,7.0625,0,2.20384458216421,0.4375,0.0
BED,2024-01-31,2024Q1,435,363,0.8344827586206897,4.375,0,0.9026110539087958,0.875,0.0
BED,2024-02-01,2024Q1,502,432,0.8605577689243028,4.0625,0,0.6235400608202117,0.5625,0.0
BED,2024-02-02,2024Q1,410,317,0.7731707317073171,5.3125,15.0,3.9935148390102295,0.875,0.0
BED,2024-02-03,2024Q1,374,330,0.8823529411764706,9.0625,19.0,6.931991090539528,1.0,0.0
BED,2024-02-04,2024Q1,458,395,0.8624454148471615,7.4375,0,4.715210241826494,1.0,0.0
BED,2024-02-05,2024Q1,243,181,0.7448559670781894,8.6875,22.0,6.915264920339634,1.0,0.0
BED,2024-02-06,2024Q1,322,227,0.7049689440993789,4.875,16.0,2.0240247270557203,1.0,0.0
BED,2024-02-07,2024Q1,326,254,0.7791411042944786,3.25,0,1.494833777314575,1.0,0.0
BED,2024-02-08,2024Q1,454,364,0.801762114537445,2.125,0,0.4549810865210275,1.0,0.0
BED,2024-02-09,2024Q1,261,243,0.9310344827586207,6.75,17.0,3.2235668894656118,0.8125,0.0
BED,2024-02-10,2024Q1,412,368,0.8932038834951457,5.25,22.0,2.0189929676469562,0.9375,0.0625
BED,2024-02-11,2024Q1,380,146,0.38421052631578945,7.1875,18.0,1.3383967024805843,1.0,0.0
BED,2024-02-12,2024Q1,324,253,0.7808641975308642,4.428571428571429,0,2.757854327458089,1.0,0.0
BED,2024-02-13,2024Q1,44,33,0.75,8.0,23.0,2.490154814013778,0.5625,0.4375
BED,2024-02-14,2024Q1,159,137,0.8616352201257862,17.5,36.0,8.077693807153821,1.0,0.0
BED,2024-02-15,2024Q1,431,378,0.877030162412993,7.5625,18.0,1.953201708408629,0.8125,0.125
BED,2024-02-16,2024Q1,202,173,0.8564356435643564,13.0625,36.0,4.6846751859624645,1.0,0.0
BED,2024-02-17,2024Q1,354,316,0.8926553672316384,7.1875,24.0,1.352065772516014,0.5625,0.25
BED,2024-02-18,2024Q1,314,254,0.8089171974522293,7.9375,19.0,1.9380504409055235,1.0,0.0
BED,2024-02-19,2024Q1,375,258,0.688,8.0625,20.0,3.9928625407758966,1.0,0.0
BED,2024-02-20,2024Q1,356,308,0.8651685393258427,2.5,0,0.9920286323376206,1.0,0.0
BED,2024-02-21,2024Q1,359,268,0.7465181058495822,4.4375,0,1.938510354233819,0.9375,0.0
BED,2024-02-22,2024Q1,343,283,0.8250728862973761,6.5625,16.0,2.18124701937582,0.9375,0.0625
BED,2024-02-23,2024Q1,107,81,0.7570093457943925,1.5625,0,1.076978167322143,0.0,0.125
BED,2024-02-24,2024Q1,357,309,0.865546218487395,11.6875,23.0,8.634704317837329,0.75,0.0
BED,2024-02-25,2024Q1,552,432,0.782608695652174,5.5,0,2.196461849789223,1.0,0.0
BED,2024-02-26,2024Q1,250,212,0.848,6.75,23.0,1.0477342924760968,1.0,0.0
BED,2024-02-27,2024Q1,338,247,0.7307692307692307,7.25,19.0,3.7290029619700893,0.875,0.0625
BED,2024-02-28,2024Q1,110,103,0.9363636363636364,13.6875,32.0,5.277868651358794,0.0,0.25
BED,2024-02-29,2024Q1,129,105,0.813953488372093,14.6875,31.0,2.733905803764655,1.0,0.0
BED,2024-03-01,2024Q1,387,268,0.6925064599483204,8.0625,19.0,2.676310164451985,1.0,0.0
BED,2024-03-02,2024Q1,299,218,0.7290969899665551,5.4375,0,2.337425502972589,0.3125,0.625
BED,2024-03-03,2024Q1,217,151,0.695852534562212,6.0625,19.0,4.197162408949967,0.625,0.0
BED,2024-03-04,2024Q1,205,141,0.6878048780487804,7.9375,0,2.136531338623606,0.3125,0.0
BED,2024-03-05,2024Q1,132,69,0.5227272727272727,5.0,0,1.3673373054772069,0.0,0.5625
BED,2024-03-06,2024Q1,184,124,0.6739130434782609,4.5,0,1.1888438104256878,0.1875,0.375
BED,2024-03-07,2024Q1,131,84,0.6412213740458015,11.875,27.0,4.320147487386619,0.375,0.375
BED,2024-03-08,2024Q1,481,337,0.7006237006237006,5.6,19.0,2.4681560674109164,1.0,0.0
BED,2024-03-09,2024Q1,323,278,0.8606811145510835,8.0625,0,2.7131273739628403,0.0,0.125
BED,2024-03-10,2024Q1,220,166,0.7545454545454545,10.625,24.0,1.6855831250680064,0.6875,0.0625
BED,2024-03-11,2024Q1,135,114,0.8444444444444444,17.9375,40.0,5.91570832242767,1.0,0.0
BED,2024-03-12,2024Q1,247,192,0.7773279352226721,12.6875,30.0,6.604901517535223,1.0,0.0
BED,2024-03-13,2024Q1,411,316,0.7688564476885644,5.0625,0,1.7777988593290126,1.0,0.0
BED,2024-03-14,2024Q1,433,369,0.8521939953810623,4.466666666666667,0,1.3684776604218836,1.0,0.0
BED,2024-03-15,2024Q1,124,99,0.7983870967741935,6.0,17.0,2.1912915673466373,0.0625,0.0625
BED,2024-03-16,2024Q1,380,309,0.8131578947368421,6.625,0,2.0020561078783503,1.0,0.0
BED,2024-03-17,2024Q1,250,217,0.868,10.8125,31.0,3.3787087082722245,0.6875,0.0
BED,2024-03-18,2024Q1,313,238,0.7603833865814696,10.0625,22.0,2.347749780931055,1.0,0.0
BED,2024-03-19,2024Q1,339,257,0.7581120943952803,8.8125,25.0,2.4070123051916252,1.0,0.0
BED,2024-03-20,2024Q1,304,246,0.8092105263157895,9.0625,27.0,2.0421273363411556,0.75,0.1875
BED,2024-03-21,2024Q1,147,111,0.7551020408163265,17.0,33.0,2.0683770713550755,1.0,0.0
BED,2024-03-23,2024Q1,69,36,0.5217391304347826,8.0,24.0,3.585523025473316,0.0,1.0
BED,2024-03-24,2024Q1,444,291,0.6554054054054054,6.75,18.0,4.88682221422037,1.0,0.0
BED,2024-03-25,2024Q1,312,157,0.5032051282051282,11.23076923076923,24.0,2.96392474922442,1.0,0.0
BED,2024-03-26,2024Q1,117,58,0.49572649572649574,9.3125,26.0,1.6485606919348375,0.0,0.0625
BED,2024-03-27,2024Q1,219,165,0.7534246575342466,2.375,0,1.0739595303307141,0.375,0.3125
BED,2024-03-28,2024Q1,162,130,0.8024691358024691,3.6875,0,2.6490373347928484,0.0,1.0
BED,2024-03-29,2024Q1,162,135,0.8333333333333334,14.125,38.0,8.93239840450566,0.75,0.25
BED,2024-03-30,2024Q1,171,129,0.7543859649122807,12.375,36.0,3.806790898694341,1.0,0.0
BED,2024-03-31,2024Q1,528,402,0.7613636363636364,7.8,26.0,3.050359627834027,1.0,0.0
BED,2024-04-01,2024Q2,520,396,0.7615384615384615,3.8125,0,1.6890378801432515,1.0,0.0
BED,2024-04-02,2024Q2,385,302,0.7844155844155845,8.625,0,2.0482125006623333,0.625,0.25
BED,2024-04-03,2024Q2,130,84,0.6461538461538462,16.3125,34.0,3.964003960687016,0.25,0.6875
BED,2024-04-04,2024Q2,77,60,0.7792207792207793,13.0,38.0,5.9338412941482295,0.125,0.8125
BED,2024-04-05,2024Q2,292,235,0.8047945205479452,10.1875,23.0,1.9493944906164304,0.8125,0.0625
BED,2024-04-06,2024Q2,157,133,0.8471337579617835,8.625,21.0,4.9170275722649,0.3125,0.625
BED,2024-04-07,2024Q2,471,355,0.7537154989384289,6.375,20.0,3.9582876262960927,1.0,0.0
BED,2024-04-08,2024Q2,416,335,0.8052884615384616,3.8,0,1.5470433944859638,1.0,0.0
BED,2024-04-09,2024Q2,465,377,0.810752688172043,7.3125,0,1.7567131224596313,1.0,0.0
BED,2024-04-10,2024Q2,392,276,0.7040816326530612,6.75,17.0,2.705307617975158,0.75,0.125
BED,2024-04-11,2024Q2,151,117,0.7748344370860927,5.1875,0,1.1326478679979264,0.0,0.3125
BED,2024-04-12,2024Q2,170,134,0.788235294117647,14.0625,34.0,9.450701574787518,0.3125,0.375
BED,2024-04-13,2024Q2,305,194,0.6360655737704918,12.1875,29.0,2.3366824892974662,0.9375,0.0625
BED,2024-04-14,2024Q2,352,284,0.8068181818181818,6.5625,23.0,2.199977604212113,0.875,0.125
BED,2024-04-15,2024Q2,425,341,0.8023529411764706,7.642857142857143,35.0,2.6242281584499687,1.0,0.0
BED,2024-04-16,2024Q2,426,310,0.7276995305164319,8.0,25.0,2.7090844627215867,1.0,0.0
BED,2024-04-17,2024Q2,453,332,0.7328918322295805,6.0625,0,1.3250384692352697,1.0,0.0
BED,2024-04-18,2024Q2,422,335,0.7938388625592417,6.8125,0,1.7825105757245239,0.5,0.5
BED,2024-04-19,2024Q2,408,288,0.7058823529411765,8.875,20.0,2.5035800721963954,1.0,0.0
BED,2024-04-20,2024Q2,194,168,0.865979381443299,7.133333333333334,27.0,2.5597926886286757,0.6666666666666666,0.2
BED,2024-04-21,2024Q2,476,420,0.8823529411764706,7.9375,21.0,2.717896458246715,1.0,0.0
BED,2024-04-22,2024Q2,315,234,0.7428571428571429,6.5,27.0,3.439413832167861,1.0,0.0
BED,2024-04-23,2024Q2,439,355,0.8086560364464692,8.25,29.0,4.499388766104504,1.0,0.0
BED,2024-04-24,2024Q2,261,235,0.9003831417624522,10.625,31.0,4.6537677837811735,0.9375,0.0625
BED,2024-04-25,2024Q2,494,428,0.8663967611336032,5.3125,0,3.0707092172885515,1.0,0.0
BED,2024-04-26,2024Q2,436,400,0.9174311926605505,6.066666666666666,15.0,2.540329759664003,1.0,0.0
BED,2024-04-27,2024Q2,412,366,0.8883495145631068,6.5625,20.0,1.3070559828209642,1.0,0.0
BED,2024-04-28,2024Q2,305,268,0.8786885245901639,6.6875,16.0,1.2725772916070746,0.6875,0.0
BED,2024-04-29,2024Q2,330,193,0.5848484848484848,6.4375,17.0,3.7293364377869045,1.0,0.0
BED,2024-04-30,2024Q2,500,407,0.814,8.5625,0,2.054113724902292,0.6875,0.0625
BED,2024-05-01,2024Q2,197,111,0.5634517766497462,3.1875,0,1.0610566324851036,0.1875,0.0
BED,2024-05-02,2024Q2,345,263,0.7623188405797101,7.3125,24.0,1.897768301800195,0.5625,0.0625
BED,2024-05-03,2024Q2,432,270,0.625,5.1875,0,2.229292690832264,0.375,0.0
BED,2024-05-04,2024Q2,463,374,0.8077753779697624,7.6875,15.0,2.5369917388884233,0.5,0.0
BED,2024-05-05,2024Q2,208,127,0.6105769230769231,6.25,0,3.697115240605352,0.0,0.5625
BED,2024-05-06,2024Q2,279,200,0.7168458781362007,5.0625,0,1.6026671267751795,0.8125,0.0
BED,2024-05-07,2024Q2,397,210,0.5289672544080605,4.6875,18.0,1.5483422535875735,1.0,0.0
BED,2024-05-08,2024Q2,175,55,0.3142857142857143,3.75,0,1.1255093616619298,0.0625,0.4375
BED,2024-05-09,2024Q2,486,244,0.5020576131687243,8.5,20.0,4.207158953048682,1.0,0.0
BED,2024-05-10,2024Q2,448,170,0.3794642857142857,7.5,27.0,2.080275704921539,0.9375,0.0
BED,2024-05-11,2024Q2,408,130,0.31862745098039214,7.25,20.0,1.6183349274065524,0.9375,0.0
BED,2024-05-12,2024Q2,423,229,0.541371158392435,1.9375,0,0.5748584081229574,0.9375,0.0625
BED,2024-05-13,2024Q2,425,201,0.47294117647058825,7.4375,21.0,3.5762526698826553,1.0,0.0
BED,2024-05-14,2024Q2,345,195,0.5652173913043478,10.5625,23.0,3.3372225395231023,1.0,0.0
BED,2024-05-15,2024Q2,466,222,0.47639484978540775,4.5625,0,1.2630765383369298,0.8125,0.1875
BED,2024-05-17,2024Q2,406,127,0.312807881773399,9.375,22.0,1.8206559997604348,1.0,0.0
BED,2024-05-18,2024Q2,115,23,0.2,9.0625,17.0,1.2637101002636122,0.25,0.3125
BED,2024-05-20,2024Q2,449,120,0.267260579064588,4.4375,0,1.704749693256319,0.6875,0.0
BED,2024-05-21,2024Q2,373,171,0.4584450402144772,6.133333333333334,0,2.4363755991997125,1.0,0.0
BED,2024-05-22,2024Q2,463,305,0.6587473002159827,8.9375,19.0,1.750002632752287,1.0,0.0
BED,2024-05-23,2024Q2,333,197,0.5915915915915916,6.125,16.0,1.1385664554058714,0.875,0.125
BED,2024-05-24,2024Q2,455,253,0.5560439560439561,11.0,28.0,3.1990434832527233,1.0,0.0
BED,2024-05-25,2024Q2,400,249,0.6225,5.0625,14.0,1.878826796820854,1.0,0.0
BED,2024-05-26,2024Q2,364,147,0.40384615384615385,4.125,0,1.1145079463049714,1.0,0.0
BED,2024-05-28,2024Q2,401,230,0.57356608478803,7.6875,18.0,1.6746053109079715,0.6875,0.0
BED,2024-05-29,2024Q2,424,197,0.46462264150943394,5.4,0,2.3446466676395543,1.0,0.0
BED,2024-05-30,2024Q2,232,57,0.24568965517241378,6.3125,20.0,3.192446800682718,0.4375,0.5625
BED,2024-05-31,2024Q2,501,334,0.6666666666666666,6.6,23.0,3.1035918101060824,1.0,0.0
BED,2024-06-01,2024Q2,362,224,0.6187845303867403,4.333333333333333,18.0,1.779533190961305,1.0,0.0
BED,2024-06-02,2024Q2,450,323,0.7177777777777777,3.25,0,0.799704007749746,1.0,0.0
BED,2024-06-03,2024Q2,424,282,0.6650943396226415,7.333333333333333,14.0,3.2596873237133335,1.0,0.0
BED,2024-06-04,2024Q2,376,237,0.6303191489361702,5.0625,0,2.5877230154337463,1.0,0.0
BED,2024-06-05,2024Q2,451,364,0.8070953436807096,7.75,17.0,1.5914451301119754,0.9375,0.0625
BED,2024-06-06,2024Q2,172,44,0.2558139534883721,6.8125,0,3.4433860156020546,0.125,0.0625
BED,2024-06-07,2024Q2,384,232,0.6041666666666666,4.066666666666666,0,1.593752701161673,0.8,0.0
BED,2024-06-08,2024Q2,351,222,0.6324786324786325,11.0,28.0,2.033702565567348,1.0,0.0
BED,2024-06-09,2024Q2,330,196,0.593939393939394,4.533333333333333,0,2.0903974238274934,0.5333333333333333,0.3333333333333333
BED,2024-06-10,2024Q2,438,339,0.773972602739726,7.5,20.0,1.3783106050916591,1.0,0.0
BED,2024-06-11,2024Q2,443,327,0.7381489841986456,3.1875,0,1.7880492637433192,0.9375,0.0
BED,2024-06-12,2024Q2,508,346,0.6811023622047244,4.3125,0,1.1969175339865665,1.0,0.0
BED,2024-06-13,2024Q2,452,292,0.6460176991150443,7.3125,19.0,1.4513454128631977,1.0,0.0
BED,2024-06-14,2024Q2,268,185,0.6902985074626866,6.4375,0,1.9851224323039738,0.875,0.125
BED,2024-06-15,2024Q2,372,202,0.543010752688172,8.4375,24.0,6.206979541826125,1.0,0.0
BED,2024-06-16,2024Q2,470,292,0.6212765957446809,5.75,0,3.852462567946364,1.0,0.0
BED,2024-06-17,2024Q2,422,330,0.7819905213270142,9.625,22.0,2.1002191171112603,1.0,0.0
BED,2024-06-18,2024Q2,499,386,0.7735470941883767,6.5,17.0,1.0489014465423334,1.0,0.0
BED,2024-06-19,2024Q2,489,403,0.8241308793456033,7.5625,17.0,1.1381636375877604,1.0,0.0
BED,2024-06-20,2024Q2,374,225,0.6016042780748663,6.6875,27.0,2.679691879505507,0.9375,0.0625
BED,2024-06-21,2024Q2,255,140,0.5490196078431373,7.0625,0,2.641348571595933,0.625,0.125
BED,2024-06-22,2024Q2,113,40,0.35398230088495575,5.625,0,1.2918983103223867,0.0,0.1875
BED,2024-06-23,2024Q2,164,108,0.6585365853658537,8.9375,23.0,2.1016732640329328,0.625,0.0625
BED,2024-06-24,2024Q2,426,288,0.676056338028169,10.4375,25.0,3.408042368158973,0.875,0.0625
BED,2024-06-25,2024Q2,440,309,0.7022727272727273,7.625,18.0,3.3772660393374,1.0,0.0
BED,2024-06-26,2024Q2,401,274,0.683291770573566,7.9375,20.0,2.4149364435552396,0.875,0.125
BED,2024-06-27,2024Q2,424,256,0.6037735849056604,9.0,28.0,3.6480233101465322,1.0,0.0
BED,2024-06-28,2024Q2,433,298,0.6882217090069284,6.933333333333334,24.0,4.637581309489562,1.0,0.0
BED,2024-06-29,2024Q2,394,295,0.748730964467005,10.125,22.0,4.450664147635655,0.375,0.25
BED,2024-06-30,2024Q2,272,168,0.6176470588235294,9.1875,23.0,1.5547148308228087,0.9375,0.0625
BED,2024-07-01,2024Q3,265,113,0.42641509433962266,7.0625,23.0,3.0924292075753654,0.9375,0.0625
BED,2024-07-02,2024Q3,468,247,0.5277777777777778,3.9375,16.0,2.026364103469417,1.0,0.0
BED,2024-07-03,2024Q3,416,297,0.7139423076923077,6.4375,19.0,3.273566687319355,1.0,0.0
BED,2024-07-04,2024Q3,181,115,0.6353591160220995,6.5,15.0,0.7344510126407513,1.0,0.0
BED,2024-07-05,2024Q3,85,47,0.5529411764705883,6.5625,14.0,3.1192073518594237,0.375,0.0
BED,2024-07-06,2024Q3,108,65,0.6018518518518519,8.5625,19.0,1.5024614621844767,0.125,0.0625
BED,2024-07-07,2024Q3,376,225,0.598404255319149,2.933333333333333,0,0.6039341227084634,1.0,0.0
BED,2024-07-08,2024Q3,471,266,0.564755838641189,3.3125,0,0.6858482480190072,1.0,0.0
BED,2024-07-09,2024Q3,382,244,0.6387434554973822,7.9375,18.0,1.860474015487692,0.8125,0.1875
BED,2024-07-10,2024Q3,320,177,0.553125,11.25,24.0,3.182379745697568,0.75,0.0
BED,2024-07-11,2024Q3,213,131,0.6150234741784038,10.6875,25.0,1.0862683172673668,0.625,0.0
BED,2024-07-12,2024Q3,434,286,0.6589861751152074,9.1875,21.0,1.8308861341444458,1.0,0.0
BED,2024-07-13,2024Q3,186,127,0.6827956989247311,6.3125,15.0,1.3564366385238655,0.75,0.25
BED,2024-07-14,2024Q3,458,332,0.7248908296943232,4.25,0,1.4952423010215896,1.0,0.0
BED,2024-07-15,2024Q3,338,242,0.7159763313609467,6.3125,19.0,1.922014983556272,1.0,0.0
BED,2024-07-16,2024Q3,389,199,0.5115681233933161,9.25,25.0,2.360189683566045,0.875,0.125
BED,2024-07-17,2024Q3,405,291,0.7185185185185186,6.8125,26.0,2.1411546446538225,0.875,0.125
BED,2024-07-18,2024Q3,393,177,0.45038167938931295,6.875,0,2.6717160879084885,1.0,0.0
BED,2024-07-19,2024Q3,508,265,0.5216535433070866,5.375,0,3.5672646001479174,1.0,0.0
BED,2024-07-20,2024Q3,446,286,0.6412556053811659,7.0,0,1.632288895162389,1.0,0.0
BED,2024-07-21,2024Q3,455,284,0.6241758241758242,4.733333333333333,14.0,2.275415241991173,1.0,0.0
BED,2024-07-22,2024Q3,428,271,0.633177570093458,6.266666666666667,14.0,1.417970829285558,1.0,0.0
BED,2024-07-23,2024Q3,321,120,0.37383177570093457,5.9375,0,3.0752385159458684,0.9375,0.0
BED,2024-07-24,2024Q3,234,70,0.29914529914529914,6.25,0,1.7334889891417509,0.125,0.0625
BED,2024-07-25,2024Q3,352,223,0.6335227272727273,9.125,23.0,2.006873738558001,0.625,0.0
BED,2024-07-26,2024Q3,421,286,0.6793349168646081,8.0,21.0,5.467293438915754,1.0,0.0
BED,2024-07-27,2024Q3,420,333,0.7928571428571428,4.4375,0,1.9065338013714384,1.0,0.0
BED,2024-07-28,2024Q3,362,183,0.505524861878453,5.0625,17.0,1.5861528209208546,0.9375,0.0625
BED,2024-07-29,2024Q3,186,87,0.46774193548387094,4.625,0,1.5472492286663904,0.375,0.1875
BED,2024-07-30,2024Q3,385,269,0.6987012987012987,10.6875,22.0,2.740992632861887,0.75,0.0
BED,2024-07-31,2024Q3,213,119,0.5586854460093896,9.125,23.0,5.023533283822019,0.4375,0.125
BED,2024-08-01,2024Q3,431,282,0.654292343387471,6.9375,18.0,1.6780311879508767,1.0,0.0
BED,2024-08-02,2024Q3,429,271,0.6317016317016317,3.625,17.0,1.460718465855821,0.875,0.125
BED,2024-08-03,2024Q3,342,221,0.6461988304093568,7.1875,19.0,2.180026118526987,0.6875,0.0625
BED,2024-08-04,2024Q3,217,142,0.6543778801843319,6.125,25.0,2.2678731319862147,0.6875,0.125
BED,2024-08-05,2024Q3,391,267,0.6828644501278772,5.8125,0,1.2101914384500163,1.0,0.0
BED,2024-08-07,2024Q3,286,96,0.3356643356643357,4.3125,0,1.881927997523097,0.4375,0.125
BED,2024-08-08,2024Q3,446,188,0.42152466367713004,7.6875,20.0,1.9178004436073508,0.75,0.1875
BED,2024-08-09,2024Q3,135,49,0.362962962962963,10.0625,29.0,5.320493238508767,0.4375,0.125
BED,2024-08-10,2024Q3,300,181,0.6033333333333334,7.0625,19.0,2.086610205384906,0.9375,0.0625
BED,2024-08-11,2024Q3,395,312,0.789873417721519,6.4375,18.0,1.7006478940340013,1.0,0.0
BED,2024-08-12,2024Q3,392,288,0.7346938775510204,6.5625,18.0,2.062552937047408,1.0,0.0
BED,2024-08-13,2024Q3,343,288,0.8396501457725948,5.875,15.0,3.5793104993173697,1.0,0.0
BED,2024-08-14,2024Q3,467,337,0.721627408993576,4.133333333333334,0,2.130912053368118,1.0,0.0
BED,2024-08-15,2024Q3,331,238,0.7190332326283988,3.8125,0,1.3328689800320614,0.8125,0.0625
BED,2024-08-16,2024Q3,324,136,0.41975308641975306,3.8125,0,1.480088088013718,0.5,0.0
BED,2024-08-17,2024Q3,236,117,0.4957627118644068,5.6,0,1.7633113284175679,0.6,0.0
BED,2024-08-20,2024Q3,422,214,0.5071090047393365,9.375,21.0,3.899756739654209,0.875,0.0
BED,2024-08-21,2024Q3,472,280,0.5932203389830508,5.1875,17.0,1.7942556703758021,1.0,0.0
BED,2024-08-22,2024Q3,512,258,0.50390625,5.6875,15.0,1.7371604802537723,1.0,0.0
BED,2024-08-23,2024Q3,333,160,0.4804804804804805,4.0625,17.0,2.0119500431397954,1.0,0.0
BED,2024-08-24,2024Q3,322,163,0.5062111801242236,3.1875,0,1.882387477522099,1.0,0.0
BED,2024-08-25,2024Q3,377,183,0.4854111405835544,2.125,0,1.0163620383911842,1.0,0.0
BED,2024-08-26,2024Q3,286,134,0.46853146853146854,3.1875,0,1.5467163927285819,0.8125,0.0625
BED,2024-08-27,2024Q3,483,234,0.484472049689441,2.875,0,1.2031527720687551,1.0,0.0
BED,2024-08-28,2024Q3,302,109,0.3609271523178808,9.125,22.0,4.167012607687394,1.0,0.0
BED,2024-08-29,2024Q3,419,124,0.29594272076372313,5.333333333333333,0,1.473105248550467,0.9333333333333333,0.0
BED,2024-08-30,2024Q3,429,165,0.38461538461538464,6.3125,20.0,1.1194041504964112,0.875,0.0
BED,2024-08-31,2024Q3,218,156,0.7155963302752294,6.5,0,3.390451334357149,0.875,0.0
BED,2024-09-01,2024Q3,142,83,0.5845070422535211,8.0625,21.0,1.7103392884594373,0.75,0.0
BED,2024-09-02,2024Q3,356,210,0.5898876404494382,7.375,17.0,5.2759618402801225,1.0,0.0
BED,2024-09-03,2024Q3,404,233,0.5767326732673267,4.9375,0,2.8925597152482982,1.0,0.0
BED,2024-09-04,2024Q3,433,215,0.49653579676674364,3.3125,0,2.0483339865079473,1.0,0.0
BED,2024-09-05,2024Q3,548,227,0.4142335766423358,5.5625,0,1.4624237325817726,1.0,0.0
BED,2024-09-06,2024Q3,326,110,0.3374233128834356,6.375,0,2.338725526509153,0.4375,0.0
BED,2024-09-07,2024Q3,316,193,0.6107594936708861,4.75,26.0,1.8382401642227881,0.8125,0.125
BED,2024-09-08,2024Q3,357,225,0.6302521008403361,7.9375,23.0,2.0029275384588003,1.0,0.0
BED,2024-09-09,2024Q3,329,207,0.6291793313069909,6.4375,25.0,1.5909343930756499,1.0,0.0
BED,2024-09-10,2024Q3,399,273,0.6842105263157895,5.153846153846154,15.0,3.0829230955342797,1.0,0.0
BED,2024-09-11,2024Q3,375,222,0.592,3.125,0,1.4883956533134608,1.0,0.0
BED,2024-09-12,2024Q3,434,414,0.9539170506912442,4.625,0,0.8203979277285478,1.0,0.0
BED,2024-09-13,2024Q3,421,351,0.833729216152019,2.25,0,0.7563158154009798,1.0,0.0
BED,2024-09-14,2024Q3,387,346,0.8940568475452196,5.625,0,1.4057404566814165,1.0,0.0
BED,2024-09-15,2024Q3,361,310,0.8587257617728532,3.375,0,1.366126576835474,0.875,0.0
BED,2024-09-16,2024Q3,318,71,0.22327044025157233,3.625,0,0.9673565431271981,1.0,0.0
BED,2024-09-17,2024Q3,551,464,0.8421052631578947,2.0,0,0.8548930110524954,1.0,0.0
BED,2024-09-18,2024Q3,356,284,0.797752808988764,2.5625,0,0.528837382644655,1.0,0.0
BED,2024-09-19,2024Q3,267,179,0.6704119850187266,7.9375,19.0,2.078209419466025,0.4375,0.0625
BED,2024-09-20,2024Q3,188,124,0.6595744680851063,11.625,22.0,1.3633594292514293,0.0,0.0
BED,2024-09-21,2024Q3,128,70,0.546875,7.125,0,1.9610734890280785,0.0625,0.9375
BED,2024-09-22,2024Q3,252,205,0.8134920634920635,8.4375,24.0,1.9899762001414818,0.625,0.0625
BED,2024-09-23,2024Q3,378,261,0.6904761904761905,6.875,0,2.296123582647874,0.875,0.0
BED,2024-09-24,2024Q3,442,325,0.7352941176470589,7.066666666666666,0,1.6707784524802796,0.6666666666666666,0.0
BED,2024-09-25,2024Q3,409,297,0.726161369193154,6.375,0,2.2296452417793655,1.0,0.0
BED,2024-09-26,2024Q3,248,217,0.875,5.9375,0,3.4297149773798825,0.125,0.375
BED,2024-09-27,2024Q3,549,533,0.970856102003643,2.75,0,1.2162413237123304,1.0,0.0
BED,2024-09-28,2024Q3,334,297,0.8892215568862275,5.0625,0,1.233951798876706,0.8125,0.0
BED,2024-09-29,2024Q3,424,349,0.8231132075471698,2.0625,0,1.0203007815086673,0.5625,0.0
BED,2024-09-30,2024Q3,316,264,0.8354430379746836,3.25,0,0.6932451576366779,1.0,0.0
BED,2024-10-01,2024Q4,339,278,0.8200589970501475,7.875,0,1.8022929238146328,0.4375,0.0
BED,2024-10-02,2024Q4,320,244,0.7625,5.0,0,1.9024527752109945,0.5625,0.0
BED,2024-10-03,2024Q4,502,492,0.9800796812749004,4.533333333333333,0,1.6138039311318835,1.0,0.0
BED,2024-10-04,2024Q4,472,475,1.00635593220339,4.3125,0,1.7393807585882761,1.0,0.0
BED,2024-10-05,2024Q4,382,384,1.0052356020942408,5.0625,20.0,3.7980794584381683,1.0,0.0
BED,2024-10-06,2024Q4,330,369,1.1181818181818182,4.8125,0,1.984232728021405,1.0,0.0
BED,2024-10-07,2024Q4,177,172,0.9717514124293786,4.75,0,3.213718433781969,0.0625,0.3125
BED,2024-10-08,2024Q4,392,392,1.0,4.75,14.0,2.36458182551991,1.0,0.0
BED,2024-10-09,2024Q4,383,351,0.9164490861618799,6.6875,22.0,2.3462621097605463,0.9375,0.0625
BED,2024-10-10,2024Q4,305,311,1.019672131147541,10.25,25.0,6.039833343814864,1.0,0.0
BED,2024-10-11,2024Q4,416,388,0.9326923076923077,6.5,21.0,2.2544771419652943,1.0,0.0
BED,2024-10-12,2024Q4,215,195,0.9069767441860465,9.9375,35.0,3.395063411554776,1.0,0.0
BED,2024-10-13,2024Q4,255,249,0.9764705882352941,3.375,0,1.3741231468089539,0.3125,0.4375
BED,2024-10-14,2024Q4,230,228,0.991304347826087,5.6875,24.0,2.436511471206063,0.1875,0.25
BED,2024-10-15,2024Q4,486,424,0.8724279835390947,7.9375,22.0,2.1421096039953036,1.0,0.0
BED,2024-10-16,2024Q4,331,305,0.9214501510574018,8.0625,26.0,3.6725527565525,1.0,0.0
BED,2024-10-17,2024Q4,475,449,0.9452631578947368,3.4375,0,2.07160870496528,1.0,0.0
BED,2024-10-18,2024Q4,414,350,0.8454106280193237,4.5,20.0,1.4857436407675553,1.0,0.0
BED,2024-10-19,2024Q4,412,435,1.0558252427184467,2.75,0,0.44066755754592957,1.0,0.0
BED,2024-10-20,2024Q4,467,434,0.9293361884368309,3.0625,14.0,0.7983124396584466,1.0,0.0
BED,2024-10-21,2024Q4,404,403,0.9975247524752475,4.9375,22.0,1.1703923192259051,1.0,0.0
BED,2024-10-22,2024Q4,328,301,0.9176829268292683,4.0625,0,0.8096487199941353,1.0,0.0
BED,2024-10-23,2024Q4,389,377,0.9691516709511568,9.875,27.0,1.7078537002325918,0.875,0.0
BED,2024-10-24,2024Q4,381,345,0.905511811023622,8.125,22.0,6.246230070802769,1.0,0.0
BED,2024-10-25,2024Q4,430,401,0.9325581395348838,2.375,0,0.7218475611838384,1.0,0.0
BED,2024-10-26,2024Q4,274,271,0.9890510948905109,9.375,30.0,4.146266110650385,1.0,0.0
BED,2024-10-27,2024Q4,473,472,0.9978858350951374,7.0,24.0,1.7645726520379938,1.0,0.0
BED,2024-10-28,2024Q4,415,366,0.8819277108433735,2.0,0,1.1591063484708635,1.0,0.0
BED,2024-10-29,2024Q4,422,421,0.9976303317535545,5.5,21.0,3.7458990689597056,0.9375,0.0625
BED,2024-10-30,2024Q4,331,327,0.9879154078549849,4.1875,0,1.41546739410684,0.625,0.0
BED,2024-10-31,2024Q4,373,331,0.8873994638069705,7.5,20.0,2.1063677102477234,1.0,0.0
BED,2024-11-01,2024Q4,201,198,0.9850746268656716,11.0,30.0,2.9738984496896084,1.0,0.0
BED,2024-11-02,2024Q4,425,413,0.971764705882353,5.25,16.0,3.815718277931581,0.875,0.0
BED,2024-11-03,2024Q4,406,392,0.9655172413793104,2.0,0,0.9757266368850095,1.0,0.0
BED,2024-11-04,2024Q4,286,265,0.9265734265734266,3.3125,0,2.4687442463958416,0.8125,0.0
BED,2024-11-05,2024Q4,386,363,0.9404145077720207,9.4375,17.0,1.33658236553448,0.6875,0.0
BED,2024-11-06,2024Q4,286,266,0.9300699300699301,9.0625,23.0,2.2154266619504637,0.875,0.0
BED,2024-11-07,2024Q4,376,403,1.071808510638298,7.375,25.0,2.5733246859591405,0.8125,0.0
BED,2024-11-08,2024Q4,230,208,0.9043478260869565,12.4375,32.0,3.9072117573942626,0.6875,0.0
BED,2024-11-09,2024Q4,214,211,0.985981308411215,9.4375,26.0,6.7890789423741404,0.75,0.0
BED,2024-11-10,2024Q4,372,404,1.086021505376344,6.625,22.0,1.114807283291937,0.6875,0.3125
BED,2024-11-11,2024Q4,241,227,0.941908713692946,7.375,28.0,2.1881584728136656,1.0,0.0
BED,2024-11-12,2024Q4,163,151,0.9263803680981595,14.1875,37.0,11.362251146686258,0.75,0.0
BED,2024-11-13,2024Q4,389,329,0.8457583547557841,6.3125,17.0,2.672200065873619,0.9375,0.0
BED,2024-11-14,2024Q4,427,393,0.9203747072599532,3.5625,0,1.8397052302760237,0.8125,0.0
BED,2024-11-15,2024Q4,388,368,0.9484536082474226,7.625,19.0,4.875504214509966,0.6875,0.0
BED,2024-11-16,2024Q4,293,293,1.0,10.25,24.0,6.9012585309829975,0.8125,0.0
BED,2024-11-17,2024Q4,447,426,0.9530201342281879,5.1875,17.0,3.2033925139482573,0.875,0.0
BED,2024-11-18,2024Q4,365,373,1.021917808219178,6.75,23.0,4.520787074235629,0.6875,0.125
BED,2024-11-19,2024Q4,372,345,0.9274193548387096,7.4375,24.0,4.348296729821409,0.625,0.0
BED,2024-11-20,2024Q4,418,435,1.0406698564593302,2.875,0,0.972615716419064,0.8125,0.0
BED,2024-11-21,2024Q4,142,135,0.9507042253521126,11.6875,24.0,4.37631207536144,0.0,0.75
BED,2024-11-22,2024Q4,306,291,0.9509803921568627,6.5625,19.0,3.757841871358904,0.625,0.25
BED,2024-11-23,2024Q4,116,111,0.9568965517241379,12.25,38.0,5.71969757313835,0.375,0.25
BED,2024-11-24,2024Q4,186,179,0.9623655913978495,13.1875,34.0,2.348589313468888,1.0,0.0
BED,2024-11-25,2024Q4,380,372,0.9789473684210527,7.0,25.0,2.3263340923045033,0.6875,0.0
BED,2024-11-26,2024Q4,221,222,1.004524886877828,3.75,0,1.4767391156154654,0.125,0.3125
BED,2024-11-27,2024Q4,459,444,0.9673202614379085,4.1875,20.0,1.101344862998239,0.8125,0.0
BED,2024-11-28,2024Q4,70,67,0.9571428571428572,8.3125,23.0,3.5816687275006305,0.125,0.625
BED,2024-11-29,2024Q4,334,309,0.9251497005988024,4.875,20.0,1.5171949239076543,0.9375,0.0
BED,2024-11-30,2024Q4,374,356,0.9518716577540107,6.25,16.0,1.1058717587236724,0.5625,0.0
BED,2024-12-01,2024Q4,524,490,0.9351145038167938,6.5,15.0,1.693653462231293,0.8125,0.0
BED,2024-12-02,2024Q4,425,425,1.0,4.4,0,2.401001823302535,0.7333333333333333,0.0
BED,2024-12-03,2024Q4,410,436,1.0634146341463415,4.5,0,1.3973324702476446,0.875,0.0
BED,2024-12-04,2024Q4,422,417,0.9881516587677726,6.266666666666667,0,4.265522569322976,0.9333333333333333,0.06666666666666667
BED,2024-12-05,2024Q4,185,180,0.972972972972973,9.0625,27.0,1.5291433658772802,0.3125,0.1875
BED,2024-12-06,2024Q4,170,160,0.9411764705882353,10.8125,27.0,3.8978166031303627,1.0,0.0
BED,2024-12-07,2024Q4,371,366,0.9865229110512129,6.5625,16.0,2.404564599957161,0.5625,0.0
BED,2024-12-08,2024Q4,339,316,0.9321533923303835,8.3125,26.0,2.3327275359863155,0.875,0.0
BED,2024-12-09,2024Q4,311,332,1.067524115755627,6.0,0,1.621258472039504,0.4666666666666667,0.4666666666666667
BED,2024-12-10,2024Q4,108,106,0.9814814814814815,4.125,0,1.7831367094307728,0.0,0.0
BED,2024-12-11,2024Q4,99,94,0.9494949494949495,9.6875,37.0,5.524558672493456,0.0,0.8125
BED,2024-12-12,2024Q4,240,212,0.8833333333333333,12.375,27.0,4.251393339697209,0.8125,0.0
BED,2024-12-13,2024Q4,340,335,0.9852941176470589,8.5625,23.0,3.21531159414039,0.8125,0.0
BED,2024-12-14,2024Q4,388,424,1.092783505154639,3.0,0,1.9135963279194768,0.9375,0.0
BED,2024-12-15,2024Q4,348,360,1.0344827586206897,1.4375,0,0.35918692891197945,0.9375,0.0
BED,2024-12-16,2024Q4,122,121,0.9918032786885246,3.75,0,2.220455638651647,0.0625,0.125
BED,2024-12-17,2024Q4,321,303,0.9439252336448598,7.6875,22.0,1.6675075217583561,0.625,0.0
BED,2024-12-18,2024Q4,367,361,0.9836512261580381,4.0625,15.0,1.4973810846088962,0.6875,0.25
BED,2024-12-19,2024Q4,394,404,1.0253807106598984,6.8125,22.0,3.920581588691689,0.9375,0.0
BED,2024-12-20,2024Q4,246,237,0.9634146341463414,8.75,20.0,3.169145515939157,0.0625,0.4375
BED,2024-12-21,2024Q4,288,269,0.9340277777777778,13.125,29.0,8.000412299654805,0.8125,0.0
BED,2024-12-22,2024Q4,233,206,0.8841201716738197,9.25,22.0,6.434353387869289,1.0,0.0
BED,2024-12-23,2024Q4,281,273,0.9715302491103203,3.75,0,1.0993386260362739,0.875,0.0
BED,2024-12-24,2024Q4,119,105,0.8823529411764706,5.0,0,2.461871651217765,0.8125,0.0625
BED,2024-12-25,2024Q4,89,81,0.9101123595505618,4.125,0,3.178868004939006,0.9375,0.0
BED,2024-12-26,2024Q4,302,291,0.9635761589403974,0.625,0,0.45018802156777227,0.9375,0.0
BED,2024-12-27,2024Q4,373,343,0.9195710455764075,1.8125,0,0.4922757560858387,0.875,0.0
BED,2024-12-28,2024Q4,102,100,0.9803921568627451,2.9375,0,1.3520643548170692,0.0,0.125
BED,2024-12-29,2024Q4,70,68,0.9714285714285714,2.3125,0,1.5380800101694998,0.1875,0.0
BED,2024-12-30,2024Q4,100,96,0.96,9.25,22.0,3.2001799587932758,0.5625,0.25
BED,2024-12-31,2024Q4,387,338,0.8733850129198967,3.5625,0,1.0110186949241504,0.8125,0.0
BED,2025-01-01,2025Q1,103,98,0.9514563106796117,7.75,23.0,2.0646532181029853,0.375,0.125
BED,2025-01-02,2025Q1,91,80,0.8791208791208791,16.3125,40.0,2.6898443172290136,1.0,0.0
BED,2025-01-03,2025Q1,135,129,0.9555555555555556,9.875,29.0,2.5528050671529905,1.0,0.0
BED,2025-01-04,2025Q1,250,257,1.028,11.375,29.0,2.116730228069468,0.8125,0.0
BED,2025-01-05,2025Q1,250,237,0.948,10.9375,29.0,4.341142247682589,0.875,0.0
BED,2025-01-06,2025Q1,251,276,1.099601593625498,7.9375,21.0,3.4697409057931496,0.9375,0.0
BED,2025-01-07,2025Q1,107,93,0.8691588785046729,16.875,37.0,8.96795760222261,0.875,0.0
BED,2025-01-08,2025Q1,93,82,0.8817204301075269,17.0,36.0,5.128741333396232,0.9375,0.0
BED,2025-01-09,2025Q1,100,99,0.99,16.0,36.0,9.784651120027103,0.8125,0.125
BED,2025-01-10,2025Q1,309,282,0.912621359223301,6.0,22.0,3.051457506977394,1.0,0.0
BED,2025-01-11,2025Q1,77,75,0.974025974025974,5.75,0,3.4608790215969276,0.3125,0.625
BED,2025-01-12,2025Q1,408,384,0.9411764705882353,3.875,0,1.880545876513525,1.0,0.0
BED,2025-01-13,2025Q1,334,335,1.0029940119760479,3.9375,0,0.9039343249607086,1.0,0.0
BED,2025-01-14,2025Q1,181,166,0.9171270718232044,13.0625,31.0,2.9422557518521777,1.0,0.0
BED,2025-01-15,2025Q1,234,213,0.9102564102564102,10.125,29.0,5.050989782265471,1.0,0.0
BED,2025-01-16,2025Q1,403,372,0.9230769230769231,4.25,0,1.6337967504255344,1.0,0.0
BED,2025-01-17,2025Q1,391,436,1.1150895140664963,2.5,0,0.8224623996341877,1.0,0.0
BED,2025-01-18,2025Q1,305,321,1.0524590163934426,6.1875,17.0,3.302249330311868,0.25,0.375
BED,2025-01-19,2025Q1,292,291,0.9965753424657534,7.5,19.0,4.242874432700779,0.5625,0.4375
BED,2025-01-20,2025Q1,172,159,0.9244186046511628,8.5,24.0,3.455123533766919,1.0,0.0
BED,2025-01-21,2025Q1,135,129,0.9555555555555556,4.375,17.0,0.7681218253042389,1.0,0.0
BED,2025-01-22,2025Q1,245,229,0.9346938775510204,0.6875,0,0.369040601913179,1.0,0.0
BED,2025-01-23,2025Q1,293,262,0.89419795221843,7.0,22.0,1.460094545963681,1.0,0.0
BED,2025-01-24,2025Q1,283,267,0.9434628975265018,5.4375,15.0,1.5376960326849223,1.0,0.0
BED,2025-01-25,2025Q1,304,308,1.013157894736842,7.125,20.0,1.4443504843866255,1.0,0.0
BED,2025-01-26,2025Q1,224,211,0.9419642857142857,9.625,28.0,1.984549523771399,0.9375,0.0625
BED,2025-01-27,2025Q1,221,214,0.9683257918552036,11.5625,27.0,2.449517372538647,1.0,0.0
BED,2025-01-28,2025Q1,138,126,0.9130434782608695,11.5,44.0,3.53744396742786,1.0,0.0
BED,2025-01-29,2025Q1,150,140,0.9333333333333333,11.6875,41.0,3.140295377465127,0.875,0.125
BED,2025-01-30,2025Q1,283,257,0.9081272084805654,9.1875,29.0,2.188629967769089,1.0,0.0
BED,2025-01-31,2025Q1,134,133,0.9925373134328358,3.75,0,0.7375412763426807,0.0625,0.6875
BED,2025-02-01,2025Q1,98,100,1.0204081632653061,10.9375,25.0,7.648510423981553,0.6875,0.25
BED,2025-02-02,2025Q1,363,351,0.9669421487603306,4.6875,0,2.382926124222337,0.6875,0.1875
BED,2025-02-03,2025Q1,271,241,0.8892988929889298,6.9375,17.0,1.322613413697004,1.0,0.0
BED,2025-02-04,2025Q1,200,174,0.87,13.25,38.0,6.597378816023959,1.0,0.0
BED,2025-02-05,2025Q1,352,324,0.9204545454545454,6.75,21.0,2.768906825808065,1.0,0.0
BED,2025-02-06,2025Q1,79,75,0.9493670886075949,4.875,0,1.5375795572347046,0.0625,0.375
BED,2025-02-07,2025Q1,156,148,0.9487179487179487,11.75,33.0,1.7657488029995683,1.0,0.0
BED,2025-02-08,2025Q1,382,355,0.9293193717277487,4.0,0,1.0128220494855464,0.875,0.125
BED,2025-02-09,2025Q1,87,78,0.896551724137931,4.5,18.0,2.3864689897781295,0.5,0.25
BED,2025-02-10,2025Q1,373,353,0.9463806970509383,8.3125,22.0,3.227541044684004,1.0,0.0
BED,2025-02-11,2025Q1,408,387,0.9485294117647058,6.625,18.0,0.9905312926492083,1.0,0.0
BED,2025-02-12,2025Q1,214,187,0.8738317757009346,7.1875,0,1.7140665120208003,0.125,0.1875
BED,2025-02-13,2025Q1,117,105,0.8974358974358975,7.785714285714286,30.0,1.7820440744723864,0.35714285714285715,0.21428571428571427
BED,2025-02-14,2025Q1,202,193,0.9554455445544554,13.0625,39.0,4.365898021308326,1.0,0.0
BED,2025-02-15,2025Q1,340,367,1.0794117647058823,3.625,0,1.5191412032144282,0.625,0.375
BED,2025-02-16,2025Q1,60,53,0.8833333333333333,9.0625,22.0,3.283470042415513,0.0625,0.875
BED,2025-02-17,2025Q1,105,105,1.0,18.5625,41.0,1.8662457612364154,0.9375,0.0
BED,2025-02-18,2025Q1,146,144,0.9863013698630136,15.4375,34.0,1.4398978489347019,0.6875,0.0
BED,2025-02-19,2025Q1,335,319,0.9522388059701492,9.0,22.0,2.94305372241933,0.9375,0.0
BED,2025-02-20,2025Q1,407,395,0.9705159705159705,4.5625,0,2.686232721286467,0.4375,0.0
BED,2025-02-21,2025Q1,235,218,0.9276595744680851,13.5625,28.0,7.767653435024007,1.0,0.0
BED,2025-02-22,2025Q1,395,401,1.0151898734177216,6.8125,19.0,2.3239543741036814,1.0,0.0
BED,2025-02-23,2025Q1,469,432,0.9211087420042644,8.1875,20.0,1.8431989802311906,1.0,0.0
BED,2025-02-24,2025Q1,327,297,0.908256880733945,7.5,21.0,3.364243551622595,1.0,0.0
BED,2025-02-25,2025Q1,354,359,1.0141242937853108,4.666666666666667,0,1.8586625861592028,1.0,0.0
BED,2025-02-26,2025Q1,317,319,1.0063091482649842,9.625,25.0,2.43174933626713,1.0,0.0
BED,2025-02-27,2025Q1,139,131,0.9424460431654677,4.625,0,1.270436093055507,0.5,0.25
BED,2025-02-28,2025Q1,195,171,0.8769230769230769,9.8125,38.0,2.817107587338296,1.0,0.0
BED,2025-03-01,2025Q1,227,226,0.9955947136563876,12.4375,37.0,3.9580065330370524,0.8125,0.1875
BED,2025-03-02,2025Q1,207,189,0.9130434782608695,12.8125,29.0,4.735751632192546,1.0,0.0
BED,2025-03-03,2025Q1,365,354,0.9698630136986301,5.133333333333334,17.0,2.7848498354099958,1.0,0.0
BED,2025-03-04,2025Q1,310,315,1.0161290322580645,10.75,25.0,1.6029071170997986,1.0,0.0
BED,2025-03-05,2025Q1,126,112,0.8888888888888888,10.9375,34.0,5.801735993159852,0.625,0.3125
BED,2025-03-06,2025Q1,182,181,0.9945054945054945,8.25,28.0,2.348424453466608,0.4375,0.125
BED,2025-03-07,2025Q1,148,148,1.0,19.875,53.0,3.942919613816279,1.0,0.0
BED,2025-03-08,2025Q1,111,105,0.9459459459459459,15.8125,38.0,3.7984486921369753,1.0,0.0
BED,2025-03-09,2025Q1,385,353,0.9168831168831169,9.1875,24.0,1.7467433726708228,1.0,0.0
BED,2025-03-10,2025Q1,241,235,0.975103734439834,7.1875,25.0,2.058831948647347,1.0,0.0
BED,2025-03-11,2025Q1,303,274,0.9042904290429042,10.875,29.0,3.3778462695632077,1.0,0.0
BED,2025-03-12,2025Q1,353,312,0.8838526912181303,8.125,20.0,4.013690216565478,1.0,0.0
BED,2025-03-13,2025Q1,373,356,0.9544235924932976,9.3125,21.0,2.4762425610290513,1.0,0.0
BED,2025-03-14,2025Q1,441,428,0.9705215419501134,3.6875,0,1.3094911736431423,0.875,0.0
BED,2025-03-15,2025Q1,216,225,1.0416666666666667,7.9375,19.0,3.1191703241558484,0.5625,0.0
BED,2025-03-16,2025Q1,115,113,0.9826086956521739,13.3125,36.0,5.9329576195823,0.25,0.0
BED,2025-03-17,2025Q1,132,108,0.8181818181818182,7.625,26.0,4.824321550023935,0.3125,0.3125
BED,2025-03-18,2025Q1,431,392,0.9095127610208816,5.625,17.0,2.6695372965080186,1.0,0.0
BED,2025-03-19,2025Q1,368,348,0.9456521739130435,5.8125,0,2.1424519507100523,0.6875,0.0
BED,2025-03-20,2025Q1,149,128,0.8590604026845637,6.625,19.0,4.211022754937219,0.125,0.0
BED,2025-03-21,2025Q1,138,120,0.8695652173913043,16.375,33.0,9.480600675759897,0.8125,0.125
BED,2025-03-22,2025Q1,305,287,0.940983606557377,11.125,35.0,2.361376760290826,0.9375,0.0625
BED,2025-03-23,2025Q1,271,241,0.8892988929889298,10.5,27.0,4.592122202623052,1.0,0.0
BED,2025-03-24,2025Q1,113,102,0.9026548672566371,5.9375,0,3.567197308392537,0.125,0.6875
BED,2025-03-25,2025Q1,414,362,0.8743961352657005,6.6875,23.0,3.074938380349663,0.9375,0.0
BED,2025-03-26,2025Q1,408,401,0.9828431372549019,5.375,19.0,2.2473545308792113,1.0,0.0
BED,2025-03-27,2025Q1,244,218,0.8934426229508197,9.0,24.0,4.22927648003149,1.0,0.0
BED,2025-03-28,2025Q1,255,221,0.8666666666666667,9.0625,24.0,2.3186227537240987,1.0,0.0
BED,2025-03-29,2025Q1,80,70,0.875,8.3125,0,1.713425054839538,0.0625,0.25
BED,2025-03-30,2025Q1,127,111,0.8740157480314961,7.0625,16.0,1.30337565446264,0.0,0.0
BED,2025-03-31,2025Q1,117,116,0.9914529914529915,6.5625,21.0,1.4934983897412881,0.125,0.0
BED,2025-04-01,2025Q2,249,216,0.8674698795180723,14.0625,32.0,10.011507210670123,0.875,0.0
BED,2025-04-02,2025Q2,489,481,0.983640081799591,8.0625,15.0,3.3149494953240017,0.875,0.125
BED,2025-04-03,2025Q2,140,133,0.95,6.5,25.0,1.2192956207322458,0.3125,0.1875
BED,2025-04-04,2025Q2,408,394,0.9656862745098039,10.0,23.0,4.529931737777328,1.0,0.0
BED,2025-04-05,2025Q2,266,225,0.8458646616541353,7.9375,0,2.657499105007938,0.375,0.4375
BED,2025-04-06,2025Q2,187,178,0.9518716577540107,3.875,0,1.0869564491976098,0.5,0.4375
BED,2025-04-07,2025Q2,120,97,0.8083333333333333,6.5,0,1.7560582120671693,0.0,0.4375
BED,2025-04-08,2025Q2,123,112,0.9105691056910569,12.8125,32.0,2.582901203615266,0.625,0.1875
BED,2025-04-09,2025Q2,392,352,0.8979591836734694,8.0,23.0,3.094787297426624,1.0,0.0
BED,2025-04-10,2025Q2,440,453,1.0295454545454545,6.5625,0,2.3544890883744936,1.0,0.0
BED,2025-04-11,2025Q2,235,210,0.8936170212765957,7.4375,0,1.6790154504335875,0.5625,0.125
BED,2025-04-12,2025Q2,91,78,0.8571428571428571,10.3125,22.0,1.7241800019491087,0.0,0.1875
BED,2025-04-13,2025Q2,144,126,0.875,5.875,17.0,3.868789783993082,0.1875,0.25
BED,2025-04-14,2025Q2,500,462,0.924,7.625,24.0,4.48271008233887,1.0,0.0
BED,2025-04-15,2025Q2,234,226,0.9658119658119658,8.5,39.0,3.305161154611892,0.875,0.125
BED,2025-04-16,2025Q2,200,167,0.835,13.9375,31.0,2.346721647574507,1.0,0.0
BED,2025-04-17,2025Q2,380,343,0.9026315789473685,10.3125,27.0,2.390000078390286,1.0,0.0
BED,2025-04-18,2025Q2,433,413,0.953810623556582,11.1875,32.0,2.109311813066267,1.0,0.0
BED,2025-04-19,2025Q2,183,161,0.8797814207650273,10.6,25.0,2.0557771161872305,0.8666666666666667,0.13333333333333333
BED,2025-04-20,2025Q2,131,124,0.9465648854961832,16.5625,38.0,9.509670057534532,1.0,0.0
BED,2025-04-21,2025Q2,530,491,0.9264150943396227,8.066666666666666,19.0,4.163179933826764,1.0,0.0
BED,2025-04-22,2025Q2,269,242,0.8996282527881041,3.8125,20.0,1.2410446281512197,0.75,0.0
BED,2025-04-23,2025Q2,519,452,0.8709055876685935,6.333333333333333,21.0,3.296483507096053,1.0,0.0
BED,2025-04-24,2025Q2,435,400,0.9195402298850575,5.0625,16.0,2.0507615505191374,1.0,0.0
BED,2025-04-25,2025Q2,472,465,0.9851694915254238,4.625,0,1.5847940472948567,0.9375,0.0625
BED,2025-04-26,2025Q2,80,80,1.0,10.0625,23.0,3.747923909632544,0.125,0.375
BED,2025-04-27,2025Q2,321,301,0.9376947040498442,13.8125,32.0,5.529649524543756,0.625,0.375
BED,2025-04-28,2025Q2,463,407,0.8790496760259179,6.8125,21.0,4.779026358792552,1.0,0.0
BED,2025-04-29,2025Q2,276,251,0.9094202898550725,10.714285714285714,26.0,2.4054701771805287,1.0,0.0
BED,2025-04-30,2025Q2,237,216,0.9113924050632911,11.25,29.0,6.962138174824396,1.0,0.0
BED,2025-05-01,2025Q2,502,466,0.9282868525896414,5.928571428571429,18.0,2.988069795038987,1.0,0.0
BED,2025-05-02,2025Q2,227,229,1.0088105726872247,4.9375,0,1.5687763968878992,0.5625,0.0
BED,2025-05-03,2025Q2,314,297,0.945859872611465,8.0,45.0,1.9173186602284737,0.8125,0.125
BED,2025-05-04,2025Q2,286,276,0.965034965034965,7.1875,20.0,1.584530915566363,0.125,0.1875
BED,2025-05-05,2025Q2,181,169,0.9337016574585635,10.0625,21.0,3.4642165983598767,0.0,0.5625
BED,2025-05-06,2025Q2,167,140,0.8383233532934131,5.375,0,1.3742745239220027,0.0,0.3125
BED,2025-05-07,2025Q2,445,450,1.0112359550561798,7.1875,20.0,1.4057978951231507,0.9375,0.0
BED,2025-05-08,2025Q2,422,398,0.943127962085308,6.3125,0,2.1714646238071653,0.875,0.125
BED,2025-05-09,2025Q2,154,146,0.948051948051948,10.375,19.0,3.393962329203368,0.0,0.625
BED,2025-05-10,2025Q2,142,139,0.9788732394366197,8.125,28.0,3.9480325959397735,0.5,0.375
BED,2025-05-11,2025Q2,406,358,0.8817733990147784,9.9375,26.0,5.823937605347432,1.0,0.0
BED,2025-05-12,2025Q2,426,412,0.9671361502347418,9.4375,25.0,2.3853032767070252,1.0,0.0
BED,2025-05-13,2025Q2,543,496,0.9134438305709024,8.875,23.0,1.8057013169269125,1.0,0.0
BED,2025-05-14,2025Q2,513,507,0.9883040935672515,4.625,15.0,1.5759676334532575,0.875,0.0
BED,2025-05-15,2025Q2,156,137,0.8782051282051282,2.875,0,1.0675839313098108,0.0,0.375
BED,2025-05-16,2025Q2,366,344,0.9398907103825137,6.5625,0,2.4640402462771105,0.5625,0.0
BED,2025-05-17,2025Q2,146,143,0.9794520547945206,7.8125,19.0,4.4187915215563525,0.4375,0.125
BED,2025-05-18,2025Q2,505,427,0.8455445544554455,11.5,25.0,1.7214661475807629,0.9375,0.0625
BED,2025-05-19,2025Q2,217,187,0.8617511520737328,15.0,33.0,10.774443847552668,1.0,0.0
BED,2025-05-20,2025Q2,473,419,0.8858350951374208,7.25,0,3.6905935000228878,0.6875,0.0
BED,2025-05-21,2025Q2,333,265,0.7957957957957958,9.25,19.0,1.6710974663161533,0.125,0.0625
BED,2025-05-22,2025Q2,137,127,0.927007299270073,12.6875,32.0,2.9535124014758756,0.0,1.0
BED,2025-05-23,2025Q2,314,294,0.9363057324840764,5.375,15.0,2.3816835014526903,0.4375,0.25
BED,2025-05-24,2025Q2,237,229,0.9662447257383966,7.1875,23.0,3.463894652728977,0.625,0.1875
BED,2025-05-25,2025Q2,323,282,0.8730650154798761,7.875,24.0,4.735791985895088,1.0,0.0
BED,2025-05-26,2025Q2,473,383,0.8097251585623678,5.75,19.0,3.0412261321026035,1.0,0.0
BED,2025-05-27,2025Q2,587,533,0.9080068143100511,4.25,20.0,1.00234579378267,1.0,0.0
BED,2025-05-28,2025Q2,593,490,0.8263069139966274,7.75,17.0,2.5352109975733206,1.0,0.0
BED,2025-05-29,2025Q2,303,276,0.9108910891089109,3.875,0,1.9082162577249526,0.375,0.0
BED,2025-05-30,2025Q2,397,398,1.0025188916876575,7.5625,17.0,2.309530996488719,0.875,0.0625
BED,2025-05-31,2025Q2,90,88,0.9777777777777777,10.5625,35.0,4.274197314417352,0.1875,0.6875
BED,2025-06-01,2025Q2,318,324,1.0188679245283019,10.0625,26.0,2.6098417263848304,1.0,0.0
BED,2025-06-02,2025Q2,371,341,0.9191374663072777,6.25,17.0,1.8397851934905427,1.0,0.0
BED,2025-06-03,2025Q2,439,428,0.9749430523917996,4.571428571428571,0,1.375696954705756,1.0,0.0
BED,2025-06-04,2025Q2,474,433,0.9135021097046413,7.5,0,1.2345542165375205,1.0,0.0
BED,2025-06-05,2025Q2,499,459,0.9198396793587175,3.1875,0,1.3571764839557594,1.0,0.0
BED,2025-06-06,2025Q2,321,288,0.897196261682243,5.9375,17.0,2.0607801017991467,0.9375,0.0625
BED,2025-06-07,2025Q2,80,75,0.9375,3.9375,20.0,2.035277622448711,0.1875,0.375
BED,2025-06-08,2025Q2,460,387,0.841304347826087,6.6875,18.0,1.9575823860363601,0.5,0.0
BED,2025-06-09,2025Q2,178,154,0.8651685393258427,8.9375,0,1.8414749174063818,0.0,0.0
BED,2025-06-10,2025Q2,153,137,0.8954248366013072,3.0,0,0.89973434491691,0.0,0.1875
BED,2025-06-11,2025Q2,435,376,0.864367816091954,7.8125,25.0,2.4031262660133175,1.0,0.0
BED,2025-06-12,2025Q2,322,288,0.8944099378881988,11.25,28.0,2.174609065920058,0.9375,0.0
BED,2025-06-13,2025Q2,504,497,0.9861111111111112,5.266666666666667,0,2.2965962069393258,1.0,0.0
BED,2025-06-14,2025Q2,136,130,0.9558823529411765,6.066666666666666,0,2.2920074794430616,0.4,0.0
BED,2025-06-15,2025Q2,469,416,0.8869936034115139,5.625,0,2.7819573090476717,1.0,0.0
BED,2025-06-16,2025Q2,405,361,0.891358024691358,7.4375,16.0,2.947418177371518,0.8125,0.0
BED,2025-06-17,2025Q2,181,169,0.9337016574585635,4.8125,0,2.3483491758055584,0.0,0.125
BED,2025-06-18,2025Q2,226,218,0.9646017699115044,5.0625,0,1.5255348732194673,0.3125,0.0
BED,2025-06-19,2025Q2,391,371,0.948849104859335,9.625,20.0,2.34599096149984,0.75,0.0
BED,2025-06-20,2025Q2,171,160,0.935672514619883,16.5625,33.0,5.360336334226569,1.0,0.0
BED,2025-06-21,2025Q2,424,395,0.9316037735849056,5.3125,15.0,1.6484763007410177,1.0,0.0
BED,2025-06-22,2025Q2,281,259,0.9217081850533808,8.25,22.0,3.3005351044198448,0.9375,0.0625
BED,2025-06-23,2025Q2,394,357,0.9060913705583756,4.3125,0,1.0671722757780768,1.0,0.0
BED,2025-06-24,2025Q2,365,327,0.8958904109589041,7.6,19.0,2.7597278927430433,1.0,0.0
BED,2025-06-25,2025Q2,474,423,0.8924050632911392,5.5625,0,3.9369748509492832,1.0,0.0
BED,2025-06-26,2025Q2,386,343,0.8886010362694301,6.9375,0,1.8476981258900234,0.9375,0.0
BED,2025-06-27,2025Q2,369,308,0.8346883468834688,8.25,15.0,4.026148160975551,1.0,0.0
BED,2025-06-28,2025Q2,102,100,0.9803921568627451,1.875,0,0.38523424008026524,0.0,0.4375
BED,2025-06-29,2025Q2,460,378,0.8217391304347826,6.066666666666666,17.0,3.831491606275363,0.8666666666666667,0.0
BED,2025-06-30,2025Q2,428,388,0.9065420560747663,4.8125,0,1.276654265891525,1.0,0.0
BED,2025-07-01,2025Q3,208,191,0.9182692307692307,9.375,22.0,3.0920255357530113,0.5,0.1875
BED,2025-07-02,2025Q3,441,402,0.9115646258503401,6.3125,0,1.7290331549937747,1.0,0.0
BED,2025-07-03,2025Q3,337,296,0.8783382789317508,7.5,19.0,3.3745417197321506,1.0,0.0
BED,2025-07-04,2025Q3,135,118,0.8740740740740741,7.4375,21.0,5.317614688107189,1.0,0.0
BED,2025-07-05,2025Q3,347,315,0.9077809798270894,5.25,15.0,1.6870357881316806,1.0,0.0
BED,2025-07-06,2025Q3,362,362,1.0,8.875,19.0,3.124468352102341,1.0,0.0
BED,2025-07-07,2025Q3,295,264,0.8949152542372881,10.0,22.0,2.347474863803779,0.8125,0.0
BED,2025-07-08,2025Q3,389,347,0.8920308483290489,6.25,17.0,3.9575503339993596,1.0,0.0
BED,2025-07-09,2025Q3,152,146,0.9605263157894737,5.153846153846154,0,1.6057807679282785,0.15384615384615385,0.07692307692307693
BED,2025-07-10,2025Q3,143,148,1.034965034965035,5.125,0,1.6202610335334904,0.0,0.375
BED,2025-07-11,2025Q3,379,345,0.9102902374670184,3.0,0,1.4495659903328308,0.4375,0.0
BED,2025-07-12,2025Q3,409,365,0.8924205378973105,6.0,0,2.0385108351505843,0.8125,0.0
BED,2025-07-13,2025Q3,400,407,1.0175,6.625,0,3.2663157141313404,0.625,0.0
BED,2025-07-14,2025Q3,327,313,0.9571865443425076,7.5,17.0,1.8638877855401599,0.3125,0.0
BED,2025-07-15,2025Q3,455,406,0.8923076923076924,5.5625,0,1.7362012679199768,0.9375,0.0
BED,2025-07-16,2025Q3,455,454,0.9978021978021978,5.5625,0,1.4387502102444956,1.0,0.0
BED,2025-07-17,2025Q3,394,352,0.8934010152284264,10.75,23.0,1.4612170156799769,0.75,0.0
BED,2025-07-18,2025Q3,306,288,0.9411764705882353,8.0,26.0,5.062439403118343,1.0,0.0
BED,2025-07-19,2025Q3,374,332,0.8877005347593583,6.125,17.0,1.7939228724153757,1.0,0.0
BED,2025-07-20,2025Q3,306,305,0.9967320261437909,7.0625,15.0,2.2200136307513723,0.5,0.0625
BED,2025-07-21,2025Q3,364,352,0.967032967032967,9.625,23.0,6.94331871297825,0.875,0.125
BED,2025-07-22,2025Q3,490,474,0.9673469387755103,6.214285714285714,20.0,2.9333368500696015,1.0,0.0
BED,2025-07-23,2025Q3,528,522,0.9886363636363636,5.375,0,1.9667413678888321,1.0,0.0
BED,2025-07-24,2025Q3,379,350,0.9234828496042217,10.375,21.0,1.9716580868574012,1.0,0.0
BED,2025-07-25,2025Q3,279,254,0.910394265232975,7.4375,20.0,2.353124287744152,0.875,0.125
BED,2025-07-26,2025Q3,413,413,1.0,6.133333333333334,0,3.2054267478512815,1.0,0.0
BED,2025-07-27,2025Q3,179,190,1.0614525139664805,6.0625,22.0,0.979044341187964,0.4375,0.1875
BED,2025-07-28,2025Q3,395,374,0.9468354430379747,3.5625,0,1.0462925210616614,0.9375,0.0
BED,2025-07-29,2025Q3,532,479,0.900375939849624,6.25,18.0,2.480305347215718,1.0,0.0
BED,2025-07-30,2025Q3,443,423,0.9548532731376975,4.0,17.0,1.3325330587353668,1.0,0.0
BED,2025-07-31,2025Q3,263,253,0.9619771863117871,6.625,18.0,1.4692457962015284,0.25,0.75
BED,2025-08-01,2025Q3,294,280,0.9523809523809523,6.8125,19.0,2.4236953691456424,0.8125,0.125
BED,2025-08-02,2025Q3,438,421,0.9611872146118722,5.3125,15.0,2.946898958339543,1.0,0.0
BED,2025-08-03,2025Q3,480,531,1.10625,4.466666666666667,0,1.4914587949607454,1.0,0.0
BED,2025-08-04,2025Q3,479,461,0.9624217118997912,2.6875,0,1.5422645553342194,0.9375,0.0625
BED,2025-08-05,2025Q3,432,384,0.8888888888888888,5.5625,0,1.8038054217924604,0.75,0.0
BED,2025-08-06,2025Q3,624,576,0.9230769230769231,4.375,0,1.5070635873582996,1.0,0.0
BED,2025-08-07,2025Q3,505,482,0.9544554455445544,4.875,15.0,3.0977438050509027,1.0,0.0
BED,2025-08-08,2025Q3,444,388,0.8738738738738738,5.125,0,1.2912762734765726,1.0,0.0
BED,2025-08-09,2025Q3,497,459,0.9235412474849095,5.125,0,2.3496880825715527,1.0,0.0
BED,2025-08-10,2025Q3,481,453,0.9417879417879418,4.0625,0,1.571261522094961,1.0,0.0
BED,2025-08-11,2025Q3,337,359,1.0652818991097923,2.9285714285714284,0,0.7082728592021049,1.0,0.0
BED,2025-08-12,2025Q3,440,424,0.9636363636363636,4.375,0,1.271513330216624,1.0,0.0
BED,2025-08-13,2025Q3,466,437,0.9377682403433476,7.0625,17.0,1.6748097368308952,1.0,0.0
BED,2025-08-14,2025Q3,469,458,0.976545842217484,3.625,24.0,1.7954288838152785,1.0,0.0
BED,2025-08-15,2025Q3,447,440,0.9843400447427293,5.9375,18.0,1.6917766391928768,0.8125,0.0625
BED,2025-08-16,2025Q3,343,305,0.8892128279883382,5.6875,14.0,2.4405648509027404,1.0,0.0
BED,2025-08-17,2025Q3,420,399,0.95,7.3125,19.0,2.1784454296486664,0.8125,0.0625
BED,2025-08-18,2025Q3,415,392,0.944578313253012,5.8125,16.0,1.8701147908233413,0.9375,0.0
BED,2025-08-19,2025Q3,570,556,0.9754385964912281,3.466666666666667,0,1.4939107882641927,1.0,0.0
BED,2025-08-20,2025Q3,299,287,0.959866220735786,4.0625,0,1.0663805373228694,0.375,0.625
BED,2025-08-21,2025Q3,277,260,0.9386281588447654,9.4375,21.0,2.6407327122136195,0.6875,0.0
BED,2025-08-22,2025Q3,416,382,0.9182692307692307,6.5625,16.0,4.5191502868982205,1.0,0.0
BED,2025-08-23,2025Q3,379,335,0.8839050131926122,9.0625,22.0,1.7349528352933008,1.0,0.0
BED,2025-08-24,2025Q3,392,355,0.9056122448979592,9.8125,23.0,3.882271877963536,1.0,0.0
BED,2025-08-25,2025Q3,401,397,0.9900249376558603,3.5,15.0,1.027310550805752,0.75,0.0625
BED,2025-08-26,2025Q3,466,451,0.9678111587982833,7.5,20.0,1.498137339850785,1.0,0.0
BED,2025-08-27,2025Q3,474,467,0.9852320675105485,4.333333333333333,17.0,1.6493997673684544,0.9333333333333333,0.06666666666666667
BED,2025-08-28,2025Q3,437,446,1.0205949656750573,7.8125,20.0,2.1665142024047648,1.0,0.0
BED,2025-08-29,2025Q3,266,243,0.9135338345864662,6.625,20.0,3.631225716966058,0.8125,0.1875
BED,2025-08-30,2025Q3,364,339,0.9313186813186813,5.375,17.0,2.425718049300769,1.0,0.0
BED,2025-08-31,2025Q3,382,364,0.9528795811518325,5.125,0,2.437930234717807,1.0,0.0
BED,2025-09-01,2025Q3,528,503,0.9526515151515151,5.125,15.0,1.441705350350661,1.0,0.0
BED,2025-09-02,2025Q3,468,447,0.9551282051282052,5.266666666666667,16.0,2.6835249220357795,1.0,0.0
BED,2025-09-03,2025Q3,409,395,0.9657701711491442,5.8,0,2.873671954778783,1.0,0.0
BED,2025-09-04,2025Q3,388,403,1.038659793814433,7.4375,23.0,4.265760312104993,1.0,0.0
BED,2025-09-05,2025Q3,299,284,0.9498327759197325,8.5,19.0,2.1428583573459767,0.875,0.0
BED,2025-09-06,2025Q3,216,225,1.0416666666666667,8.5,26.0,3.263325231077314,0.6875,0.25
BED,2025-09-07,2025Q3,182,189,1.0384615384615385,2.6875,0,1.7620676856228623,0.125,0.5625
BED,2025-09-08,2025Q3,446,445,0.9977578475336323,2.6666666666666665,0,1.1083175560915532,1.0,0.0
BED,2025-09-09,2025Q3,525,498,0.9485714285714286,5.5625,18.0,2.250736170865579,1.0,0.0
BED,2025-09-10,2025Q3,351,318,0.905982905982906,5.8125,19.0,1.618476860803061,0.875,0.0
BED,2025-09-11,2025Q3,503,491,0.9761431411530815,3.25,0,2.0265664596808035,1.0,0.0
BED,2025-09-12,2025Q3,392,418,1.066326530612245,4.625,0,1.2686938302631638,1.0,0.0
BED,2025-09-13,2025Q3,397,367,0.924433249370277,5.4375,0,1.7238204398008754,0.9375,0.0625
BED,2025-09-14,2025Q3,508,494,0.9724409448818898,2.8666666666666667,0,1.5078542475607146,1.0,0.0
BED,2025-09-15,2025Q3,392,396,1.010204081632653,5.25,0,1.3336812374479572,0.5625,0.0
BED,2025-09-16,2025Q3,349,365,1.0458452722063036,4.3125,0,1.1909180637136438,0.8125,0.0
BED,2025-09-17,2025Q3,419,397,0.9474940334128878,5.4375,0,0.8341861358755104,0.9375,0.0
BED,2025-09-18,2025Q3,395,428,1.0835443037974684,1.75,0,0.9403271121166471,0.6875,0.0
BED,2025-09-19,2025Q3,403,372,0.9230769230769231,6.9375,17.0,3.688725378982334,1.0,0.0
BED,2025-09-20,2025Q3,421,399,0.9477434679334917,2.5625,0,0.7793450965454554,1.0,0.0
BED,2025-09-21,2025Q3,488,433,0.8872950819672131,3.5625,0,1.0098769661039564,1.0,0.0
BED,2025-09-22,2025Q3,478,476,0.99581589958159,5.5625,15.0,2.248328088675696,0.9375,0.0
BED,2025-09-23,2025Q3,373,397,1.064343163538874,5.1875,18.0,1.2867429313951866,0.9375,0.0
BED,2025-09-24,2025Q3,197,198,1.0050761421319796,6.6875,0,1.825065897239535,0.0,0.25
BED,2025-09-25,2025Q3,226,230,1.0176991150442478,7.1875,19.0,4.097990235214386,0.0,0.375
BED,2025-09-26,2025Q3,548,515,0.9397810218978102,5.3125,0,1.71140466521751,1.0,0.0
BED,2025-09-27,2025Q3,515,474,0.920388349514563,3.4375,0,1.5133389763186964,1.0,0.0
BED,2025-09-28,2025Q3,571,481,0.8423817863397548,6.125,15.0,1.4914275938569965,1.0,0.0
BED,2025-09-29,2025Q3,416,452,1.0865384615384615,3.375,0,1.0510607890888157,1.0,0.0
BED,2025-09-30,2025Q3,509,483,0.9489194499017681,5.4375,0,1.1958318040384626,1.0,0.0
BED,2025-10-01,2025Q4,344,330,0.9593023255813954,7.6875,19.0,1.8461463088916152,0.9375,0.0
BED,2025-10-02,2025Q4,484,455,0.9400826446280992,3.1875,0,1.426570342506299,1.0,0.0
BED,2025-10-03,2025Q4,477,433,0.9077568134171907,5.0,18.0,1.4386822556184788,1.0,0.0
BED,2025-10-04,2025Q4,486,460,0.9465020576131687,1.875,0,0.5501759772848166,1.0,0.0
BED,2025-10-05,2025Q4,473,466,0.985200845665962,2.9375,0,1.1740668556911449,1.0,0.0
BED,2025-10-06,2025Q4,427,391,0.9156908665105387,6.9375,17.0,2.0370358345876305,1.0,0.0
BED,2025-10-07,2025Q4,284,283,0.9964788732394366,10.6875,26.0,2.1106937729179727,0.75,0.0
BED,2025-10-08,2025Q4,203,228,1.1231527093596059,8.4375,28.0,5.535058192137012,0.6875,0.25
BED,2025-10-09,2025Q4,418,413,0.9880382775119617,7.0625,23.0,5.224042627956822,1.0,0.0
BED,2025-10-10,2025Q4,537,515,0.9590316573556797,5.5,16.0,2.307777083265726,1.0,0.0
BED,2025-10-11,2025Q4,469,419,0.8933901918976546,2.6875,0,1.114181213762028,1.0,0.0
BED,2025-10-12,2025Q4,160,156,0.975,11.9375,25.0,2.1631624981642816,0.125,0.5625
BED,2025-10-13,2025Q4,158,151,0.9556962025316456,13.875,28.0,2.400572346520743,0.0,0.75
BED,2025-10-14,2025Q4,239,191,0.799163179916318,5.0,0,1.8481597564500845,0.25,0.4375
BED,2025-10-15,2025Q4,310,316,1.0193548387096774,9.375,28.0,7.353275614178176,1.0,0.0
BED,2025-10-16,2025Q4,240,230,0.9583333333333334,12.875,27.0,10.180603770828487,1.0,0.0
BED,2025-10-17,2025Q4,443,452,1.020316027088036,6.0625,19.0,4.295368068297448,1.0,0.0
BED,2025-10-18,2025Q4,563,494,0.8774422735346359,2.0625,0,0.8276450600670852,1.0,0.0
BED,2025-10-19,2025Q4,464,451,0.9719827586206896,7.125,18.0,5.100381809076087,0.875,0.0
BED,2025-10-20,2025Q4,177,173,0.9774011299435028,8.75,24.0,4.870309206358936,0.5,0.375
BED,2025-10-21,2025Q4,456,435,0.9539473684210527,6.75,19.0,1.8392878062197706,1.0,0.0
BED,2025-10-22,2025Q4,254,270,1.062992125984252,7.3125,20.0,1.5503948535228103,0.75,0.1875
BED,2025-10-23,2025Q4,461,439,0.9522776572668112,6.1875,17.0,1.3784350523906475,1.0,0.0
BED,2025-10-24,2025Q4,502,519,1.0338645418326693,3.8125,0,0.8509948117788989,1.0,0.0
BED,2025-10-25,2025Q4,451,426,0.9445676274944568,3.9375,17.0,2.5892041712934875,1.0,0.0
BED,2025-10-26,2025Q4,392,408,1.0408163265306123,5.3125,19.0,3.7293512721176088,1.0,0.0
BED,2025-10-27,2025Q4,404,411,1.0173267326732673,3.75,0,2.5742800879241123,1.0,0.0
BED,2025-10-28,2025Q4,276,251,0.9094202898550725,8.0625,23.0,2.2680063745726753,0.9375,0.0
BED,2025-10-29,2025Q4,282,272,0.9645390070921985,5.1875,0,1.7128375168612144,0.1875,0.0
BED,2025-10-30,2025Q4,149,149,1.0,11.125,26.0,1.9086694617789586,0.0,0.5625
BED,2025-10-31,2025Q4,141,143,1.0141843971631206,13.4375,41.0,4.184192899143888,0.8125,0.0
BED,2025-11-01,2025Q4,232,209,0.9008620689655172,11.5,31.0,2.276330221057153,1.0,0.0
BED,2025-11-02,2025Q4,457,466,1.0196936542669583,7.3125,21.0,2.174048069222029,1.0,0.0
BED,2025-11-03,2025Q4,341,319,0.9354838709677419,8.8125,46.0,3.4205689881691486,0.9375,0.0625
BED,2025-11-04,2025Q4,164,150,0.9146341463414634,12.25,43.0,5.383037095948676,1.0,0.0
BED,2025-11-05,2025Q4,377,348,0.9230769230769231,5.9375,15.0,2.697049442890009,0.9375,0.0625
BED,2025-11-06,2025Q4,304,291,0.9572368421052632,10.5,28.0,2.986027839668877,1.0,0.0
BED,2025-11-07,2025Q4,383,358,0.9347258485639687,9.375,25.0,4.035665670055429,0.875,0.125
BED,2025-11-08,2025Q4,362,370,1.022099447513812,6.125,26.0,1.6264052774819895,1.0,0.0
BED,2025-11-09,2025Q4,222,218,0.9819819819819819,8.375,24.0,1.819166037460427,0.25,0.25
BED,2025-11-10,2025Q4,203,198,0.9753694581280788,5.125,17.0,1.4101869219744227,0.1875,0.5
BED,2025-11-11,2025Q4,338,318,0.9408284023668639,13.125,33.0,2.270446969818054,1.0,0.0
BED,2025-11-12,2025Q4,372,332,0.8924731182795699,6.9375,22.0,1.8584310360799465,1.0,0.0
BED,2025-11-13,2025Q4,412,388,0.941747572815534,8.0625,27.0,2.35396662750982,0.875,0.125
BED,2025-11-14,2025Q4,456,440,0.9649122807017544,6.625,21.0,2.578779312233601,1.0,0.0
BED,2025-11-15,2025Q4,420,419,0.9976190476190476,5.6875,16.0,2.6522092213549917,0.8125,0.1875
BED,2025-11-16,2025Q4,316,310,0.9810126582278481,11.125,33.0,2.167572431857172,0.875,0.125
BED,2025-11-17,2025Q4,216,201,0.9305555555555556,13.125,32.0,1.983041272034445,1.0,0.0
BED,2025-11-18,2025Q4,339,297,0.8761061946902655,8.125,24.0,2.1970995011767442,1.0,0.0
BED,2025-11-19,2025Q4,443,415,0.9367945823927766,2.8125,0,1.2419611874303276,1.0,0.0
BED,2025-11-20,2025Q4,496,487,0.9818548387096774,1.0625,0,0.5958104413254357,1.0,0.0
BED,2025-11-21,2025Q4,376,335,0.8909574468085106,3.5625,0,0.865097813973757,0.9375,0.0
BED,2025-11-22,2025Q4,181,166,0.9171270718232044,3.3125,0,1.8347217613999587,0.625,0.25
BED,2025-11-23,2025Q4,416,398,0.9567307692307693,1.6875,0,0.5292855128648009,0.9375,0.0625
BED,2025-11-24,2025Q4,407,406,0.9975429975429976,6.4375,23.0,3.133655246444502,1.0,0.0
BED,2025-11-25,2025Q4,444,413,0.9301801801801802,5.9375,0,2.339211609783511,0.8125,0.1875
BED,2025-11-26,2025Q4,214,232,1.0841121495327102,6.125,0,1.4965504463381762,0.125,0.0
BED,2025-11-27,2025Q4,97,104,1.0721649484536082,7.9375,29.0,1.5037689048767835,1.0,0.0
BED,2025-11-28,2025Q4,119,142,1.1932773109243697,11.875,29.0,3.4284780563095545,0.9375,0.0625
BED,2025-11-29,2025Q4,348,363,1.043103448275862,8.0625,28.0,2.0682643495192687,1.0,0.0
BED,2025-11-30,2025Q4,404,418,1.0346534653465347,5.5625,0,3.274984883840035,0.625,0.3125
BED,2025-12-01,2025Q4,341,362,1.06158357771261,7.625,27.0,4.713486654872981,1.0,0.0
BED,2025-12-02,2025Q4,108,124,1.1481481481481481,5.9375,21.0,2.854579606747393,0.1875,0.8125
BED,2025-12-03,2025Q4,368,372,1.0108695652173914,4.25,17.0,2.359315931614667,1.0,0.0
BED,2025-12-04,2025Q4,288,296,1.0277777777777777,12.4375,33.0,4.564323237061962,0.9375,0.0625
BED,2025-12-05,2025Q4,351,328,0.9344729344729344,3.25,0,1.1553345496450376,1.0,0.0
BED,2025-12-06,2025Q4,256,230,0.8984375,2.125,0,0.8261951535161834,0.75,0.0
BED,2025-12-07,2025Q4,398,385,0.9673366834170855,3.5625,0,1.6065874049732718,1.0,0.0
BED,2025-12-08,2025Q4,224,205,0.9151785714285714,8.75,25.0,5.756805360153748,1.0,0.0
BED,2025-12-09,2025Q4,356,344,0.9662921348314607,4.6875,0,2.24182099012255,1.0,0.0
BED,2025-12-10,2025Q4,293,267,0.9112627986348123,9.4375,24.0,2.544095892414157,0.5625,0.375
BED,2025-12-11,2025Q4,192,180,0.9375,15.625,35.0,2.7716379286499744,1.0,0.0
BED,2025-12-12,2025Q4,189,159,0.8412698412698413,12.3125,29.0,1.803791341264407,1.0,0.0
BED,2025-12-13,2025Q4,378,348,0.9206349206349206,5.375,20.0,1.0100083026969418,1.0,0.0
BED,2025-12-14,2025Q4,110,108,0.9818181818181818,9.4375,26.0,7.483793135631196,0.25,0.625
BED,2025-12-15,2025Q4,188,175,0.9308510638297872,9.625,28.0,3.7224592085039974,1.0,0.0
BED,2025-12-16,2025Q4,452,411,0.9092920353982301,5.0,0,1.0565740406770274,1.0,0.0
BED,2025-12-17,2025Q4,215,192,0.8930232558139535,9.5,25.0,1.7760574052382851,1.0,0.0
BED,2025-12-18,2025Q4,513,465,0.9064327485380117,4.5,0,2.444159678221455,0.8125,0.0
BED,2025-12-19,2025Q4,115,116,1.008695652173913,13.9375,49.0,6.320904901486976,0.375,0.4375
BED,2025-12-20,2025Q4,438,436,0.9954337899543378,6.375,0,1.7218985934123283,1.0,0.0
BED,2025-12-21,2025Q4,215,180,0.8372093023255814,11.375,30.0,2.8467170818663683,1.0,0.0
BED,2025-12-22,2025Q4,349,329,0.9426934097421203,6.375,27.0,4.114296594722227,1.0,0.0
BED,2025-12-23,2025Q4,208,200,0.9615384615384616,3.125,0,1.909056690886685,0.375,0.5
BED,2025-12-24,2025Q4,54,55,1.0185185185185186,9.0625,27.0,6.9689756041639725,0.6875,0.0625
BED,2025-12-25,2025Q4,87,88,1.0114942528735633,13.0625,34.0,8.324209040801428,1.0,0.0
BED,2025-12-26,2025Q4,284,279,0.9823943661971831,3.125,17.0,1.6360786847131947,0.9375,0.0625
BED,2025-12-27,2025Q4,214,207,0.9672897196261683,3.25,0,2.0870077166140972,0.6875,0.0
BED,2025-12-28,2025Q4,339,328,0.967551622418879,3.1875,0,1.2351313874674148,0.9375,0.0625
BED,2025-12-29,2025Q4,91,95,1.043956043956044,5.75,38.0,1.0262848627449255,0.3125,0.5625
BED,2025-12-30,2025Q4,67,67,1.0,14.3125,41.0,3.0046480382392136,1.0,0.0
BED,2025-12-31,2025Q4,223,197,0.8834080717488789,7.4375,20.0,1.6442466958054451,1.0,0.0
BED,2026-01-01,2026Q1,71,71,1.0,12.5625,30.0,4.080204632998213,0.875,0.125
BED,2026-01-02,2026Q1,306,294,0.9607843137254902,7.125,25.0,1.3912164934910378,1.0,0.0
BED,2026-01-03,2026Q1,391,358,0.9156010230179028,6.8125,24.0,1.4989312658493315,1.0,0.0
BED,2026-01-04,2026Q1,228,225,0.9868421052631579,4.5625,17.0,1.8408938823551297,0.75,0.125
BED,2026-01-05,2026Q1,337,335,0.9940652818991098,3.5,0,1.8263415558017562,0.625,0.375
BED,2026-01-06,2026Q1,135,140,1.037037037037037,2.375,0,0.6407464869072252,0.5625,0.125
BED,2026-01-07,2026Q1,91,103,1.1318681318681318,4.5,0,2.2834734559497716,0.375,0.1875
BED,2026-01-08,2026Q1,411,361,0.878345498783455,3.5625,0,0.8100912528627755,1.0,0.0
BED,2026-01-09,2026Q1,295,288,0.976271186440678,8.0,24.0,2.288576194652769,0.5,0.125
BED,2026-01-10,2026Q1,414,358,0.8647342995169082,4.875,0,1.292287714281076,0.6875,0.3125
BED,2026-01-11,2026Q1,132,141,1.0681818181818181,7.8125,27.0,1.4952442762144553,0.5625,0.0
BED,2026-01-12,2026Q1,178,172,0.9662921348314607,6.5,24.0,1.646410330731347,1.0,0.0
BED,2026-01-13,2026Q1,472,408,0.864406779661017,7.1875,19.0,2.7551849686208025,1.0,0.0
BED,2026-01-14,2026Q1,366,349,0.953551912568306,3.1875,0,1.0609368460517872,0.9375,0.0625
BED,2026-01-15,2026Q1,277,248,0.8953068592057761,9.5,23.0,2.8084365364524455,0.6875,0.0
BED,2026-01-16,2026Q1,227,221,0.973568281938326,9.5,31.0,1.993655261761564,1.0,0.0
BED,2026-01-17,2026Q1,115,123,1.0695652173913044,2.875,0,1.0312909495934741,0.375,0.3125
BED,2026-01-18,2026Q1,96,103,1.0729166666666667,3.25,0,1.4748131175350483,0.3125,0.5
BED,2026-01-19,2026Q1,166,178,1.072289156626506,6.1875,18.0,1.4869216650908323,0.75,0.1875
BED,2026-01-20,2026Q1,246,240,0.975609756097561,9.375,26.0,1.185514446385235,1.0,0.0
BED,2026-01-21,2026Q1,310,296,0.9548387096774194,6.0,19.0,1.6907020315250934,0.75,0.25
BED,2026-01-22,2026Q1,378,352,0.9312169312169312,6.5625,17.0,1.8963328801728214,1.0,0.0
BED,2026-01-23,2026Q1,265,223,0.8415094339622642,13.125,33.0,3.9135277079253106,1.0,0.0
BED,2026-01-24,2026Q1,137,116,0.8467153284671532,9.3125,19.0,3.91153741355289,1.0,0.0
BED,2026-01-26,2026Q1,48,51,1.0625,6.5625,17.0,3.3786724474064687,0.0,0.75
BED,2026-01-27,2026Q1,174,173,0.9942528735632183,6.4,16.0,1.6997020708645463,0.9333333333333333,0.06666666666666667
BED,2026-01-28,2026Q1,298,276,0.9261744966442953,4.375,16.0,1.0485245763177937,1.0,0.0
BED,2026-01-29,2026Q1,262,141,0.5381679389312977,6.5625,21.0,1.6424334670356493,0.9375,0.0625
BED,2026-01-30,2026Q1,207,187,0.9033816425120773,10.8125,27.0,2.537420856467113,1.0,0.0
BED,2026-01-31,2026Q1,327,321,0.981651376146789,3.875,0,2.3605202377004404,1.0,0.0
BED,2026-02-01,2026Q1,169,152,0.8994082840236687,10.375,24.0,7.728723722157498,0.875,0.0
BED,2026-02-02,2026Q1,361,352,0.9750692520775623,5.1875,0,2.57768105010548,1.0,0.0
BED,2026-02-03,2026Q1,408,418,1.0245098039215685,0.6875,0,0.29725359002368673,1.0,0.0
BED,2026-02-04,2026Q1,269,264,0.9814126394052045,8.0625,21.0,3.1334774681564252,1.0,0.0
BED,2026-02-05,2026Q1,427,421,0.9859484777517564,2.6875,0,1.3372274347907764,1.0,0.0
BED,2026-02-06,2026Q1,348,343,0.985632183908046,4.375,0,2.04692442410659,0.625,0.125
BED,2026-02-07,2026Q1,78,82,1.0512820512820513,11.0,29.0,7.210153479702884,0.5,0.5
BED,2026-02-08,2026Q1,89,81,0.9101123595505618,12.0625,23.0,7.228464383701975,0.9375,0.0625
BED,2026-02-09,2026Q1,221,208,0.9411764705882353,11.5,33.0,5.93013047856177,1.0,0.0
BED,2026-02-10,2026Q1,340,325,0.9558823529411765,4.625,19.0,2.522385034319005,0.75,0.25
BED,2026-02-11,2026Q1,195,205,1.0512820512820513,11.9375,25.0,4.04376046554077,0.8125,0.1875
BED,2026-02-12,2026Q1,267,241,0.9026217228464419,11.5625,26.0,8.056494883359008,1.0,0.0
BED,2026-02-13,2026Q1,374,373,0.9973262032085561,5.375,16.0,2.0429220227276135,0.9375,0.0625
BED,2026-02-14,2026Q1,404,378,0.9356435643564357,5.5625,0,1.5914895496270174,1.0,0.0
BED,2026-02-15,2026Q1,262,268,1.0229007633587786,3.5,20.0,1.8411576571603827,1.0,0.0
BED,2026-02-16,2026Q1,374,362,0.9679144385026738,3.75,0,1.1524958092715114,0.9375,0.0
BED,2026-02-17,2026Q1,162,165,1.0185185185185186,4.4,0,1.2550594006443403,0.5333333333333333,0.06666666666666667
BED,2026-02-18,2026Q1,123,121,0.983739837398374,3.0,0,1.1233931879690982,0.8125,0.0
BED,2026-02-19,2026Q1,351,331,0.9430199430199431,3.0625,0,1.1547796715543932,1.0,0.0
BED,2026-02-20,2026Q1,156,144,0.9230769230769231,5.8125,0,1.1708992819991098,0.4375,0.5625
BED,2026-02-21,2026Q1,94,101,1.074468085106383,3.875,0,1.0759644320454531,0.125,0.125
BED,2026-02-22,2026Q1,213,207,0.971830985915493,8.25,0,1.2152038090538744,0.25,0.1875
BED,2026-02-24,2026Q1,281,287,1.0213523131672597,10.4375,21.0,2.350597805373189,1.0,0.0
BED,2026-02-25,2026Q1,121,121,1.0,7.5,0,3.4993666940134984,0.5625,0.25
BED,2026-02-26,2026Q1,312,292,0.9358974358974359,6.5625,21.0,1.8169966249533422,1.0,0.0
BED,2026-02-27,2026Q1,308,321,1.0422077922077921,4.375,0,1.3324377186278071,1.0,0.0
BED,2026-02-28,2026Q1,334,303,0.907185628742515,7.1875,22.0,1.926568717294219,1.0,0.0
BED,2026-03-01,2026Q1,195,212,1.087179487179487,7.375,19.0,4.424946866968183,0.8125,0.125
BED,2026-03-02,2026Q1,337,299,0.887240356083086,2.9375,0,0.9354188855781072,1.0,0.0
BED,2026-03-03,2026Q1,231,212,0.9177489177489178,3.5625,0,0.9280085331717253,0.3125,0.6875
BED,2026-03-04,2026Q1,427,384,0.8992974238875878,2.3125,0,0.7260039516878426,1.0,0.0
BED,2026-03-05,2026Q1,138,121,0.8768115942028986,8.0,21.0,2.101970070200819,0.375,0.25
BED,2026-03-06,2026Q1,131,129,0.9847328244274809,6.875,0,1.4133184209543035,0.0,0.0625
BED,2026-03-07,2026Q1,114,116,1.0175438596491229,8.4375,22.0,1.4595617598996635,0.0,0.0
BED,2026-03-08,2026Q1,270,282,1.0444444444444445,6.4375,20.0,1.4944425137122461,0.625,0.0
BED,2026-03-09,2026Q1,316,311,0.9841772151898734,7.3125,24.0,0.9955558659990168,1.0,0.0
BED,2026-03-10,2026Q1,442,411,0.9298642533936652,4.25,21.0,0.7749694470102289,1.0,0.0
BED,2026-03-11,2026Q1,263,237,0.9011406844106464,7.4375,0,1.9166005780419502,0.75,0.0
BED,2026-03-12,2026Q1,158,163,1.0316455696202531,10.4375,32.0,2.289847724778852,0.4375,0.4375
BED,2026-03-13,2026Q1,384,352,0.9166666666666666,7.5625,19.0,3.3135933390877605,1.0,0.0
BED,2026-03-14,2026Q1,135,128,0.9481481481481482,12.8125,33.0,2.5109507359303804,1.0,0.0
BED,2026-03-15,2026Q1,447,409,0.9149888143176734,6.125,0,2.773474049246524,1.0,0.0
BED,2026-03-16,2026Q1,93,93,1.0,11.3125,34.0,5.448607742310932,0.0,0.75
BED,2026-03-17,2026Q1,150,143,0.9533333333333334,15.75,33.0,2.2083416657851687,1.0,0.0
BED,2026-03-18,2026Q1,515,440,0.8543689320388349,7.875,19.0,3.271775458674388,1.0,0.0
BED,2026-03-19,2026Q1,415,419,1.0096385542168675,6.1875,17.0,2.2892187153034773,1.0,0.0
BED,2026-03-20,2026Q1,330,307,0.9303030303030303,10.0625,30.0,3.10940285771993,0.6875,0.3125
BED,2026-03-21,2026Q1,378,334,0.8835978835978836,9.0,22.0,5.202509377153566,0.8125,0.0
BED,2026-03-22,2026Q1,246,247,1.0040650406504066,6.0625,25.0,3.0082668665518253,0.0625,0.5
BED,2026-03-23,2026Q1,158,154,0.9746835443037974,7.3125,0,2.679098886731288,0.1875,0.25
BED,2026-03-24,2026Q1,448,415,0.9263392857142857,7.466666666666667,17.0,3.307814047400314,0.9333333333333333,0.0
BED,2026-03-25,2026Q1,485,423,0.8721649484536083,8.875,24.0,4.3493113677344875,1.0,0.0
BED,2026-03-26,2026Q1,288,293,1.0173611111111112,8.0,20.0,2.26552181674266,0.9375,0.0625
BED,2026-03-27,2026Q1,318,306,0.9622641509433962,9.25,26.0,6.272044779680183,0.9375,0.0
BED,2026-03-28,2026Q1,452,439,0.9712389380530974,8.5,21.0,3.831357740344733,1.0,0.0
BED,2026-03-29,2026Q1,380,392,1.0315789473684212,9.1875,22.0,2.2278423849414404,1.0,0.0
BED,2026-03-30,2026Q1,211,201,0.95260663507109,12.5625,26.0,2.024830896382773,1.0,0.0
BED,2026-03-31,2026Q1,138,140,1.0144927536231885,6.3125,0,2.118548642037027,0.1875,0.3125
BED,2026-04-01,2026Q2,321,218,0.6791277258566978,7.0,16.0,2.532537151584377,0.6875,0.125
BED,2026-04-02,2026Q2,164,155,0.9451219512195121,8.3125,0,2.4609157829140735,0.0,0.625
BED,2026-04-03,2026Q2,117,121,1.0341880341880343,6.3125,18.0,1.224954328456948,0.5625,0.0
BED,2026-04-04,2026Q2,333,309,0.9279279279279279,12.5,23.0,3.8053811515988385,0.5625,0.0
BED,2026-04-05,2026Q2,124,136,1.096774193548387,4.875,20.0,1.4020755541511096,0.25,0.25
BED,2026-04-06,2026Q2,296,287,0.9695945945945946,12.5625,35.0,2.955648432586723,1.0,0.0
BED,2026-04-07,2026Q2,169,167,0.9881656804733728,7.875,26.0,2.920419188056449,0.5,0.25
BED,2026-04-08,2026Q2,611,492,0.8052373158756138,5.5625,0,3.1817857427039704,1.0,0.0
BED,2026-04-09,2026Q2,409,353,0.863080684596577,10.625,23.0,5.879336046762695,1.0,0.0
BED,2026-04-10,2026Q2,425,399,0.9388235294117647,10.8125,25.0,2.8857542024220786,1.0,0.0
BED,2026-04-11,2026Q2,181,166,0.9171270718232044,12.625,31.0,8.039261089900277,1.0,0.0
BED,2026-04-12,2026Q2,481,455,0.9459459459459459,7.3125,16.0,3.6115202761668135,0.875,0.125
BED,2026-04-13,2026Q2,231,208,0.9004329004329005,9.8125,26.0,1.7623959468772274,0.75,0.0
BED,2026-04-14,2026Q2,339,362,1.0678466076696165,9.375,28.0,4.5266487641842765,0.9375,0.0625
BED,2026-04-15,2026Q2,438,388,0.8858447488584474,7.3125,0,2.1281450026606406,0.6875,0.0
BED,2026-04-16,2026Q2,275,281,1.0218181818181817,4.6875,0,1.2767598729344556,0.6875,0.0
BED,2026-04-17,2026Q2,246,242,0.983739837398374,5.5625,17.0,1.5065954903338579,0.625,0.125
BED,2026-04-18,2026Q2,239,231,0.9665271966527197,7.25,13.0,2.8584236001263377,0.0,0.0
BED,2026-04-19,2026Q2,157,172,1.0955414012738853,5.9375,23.0,2.9552875442900883,0.25,0.3125
BED,2026-04-20,2026Q2,433,413,0.953810623556582,7.8125,21.0,4.155705140495422,1.0,0.0
BED,2026-04-21,2026Q2,407,407,1.0,6.9375,21.0,3.0756677274792885,1.0,0.0
BED,2026-04-22,2026Q2,234,212,0.905982905982906,7.625,17.0,3.562587337626403,0.4375,0.0
BED,2026-04-23,2026Q2,291,240,0.8247422680412371,11.1875,42.0,6.905291847881176,1.0,0.0
BED,2026-04-24,2026Q2,496,458,0.9233870967741935,8.5,23.0,3.313914793337316,1.0,0.0
BED,2026-04-25,2026Q2,495,437,0.8828282828282829,5.0,0,2.4934464942261485,1.0,0.0
BED,2026-04-26,2026Q2,469,490,1.044776119402985,3.6875,16.0,0.9187593401545728,1.0,0.0
BED,2026-04-27,2026Q2,460,432,0.9391304347826087,5.933333333333334,15.0,2.3419146553413217,1.0,0.0
BED,2026-04-28,2026Q2,409,415,1.0146699266503667,7.5,23.0,3.0187878183279824,1.0,0.0
BED,2026-04-29,2026Q2,362,349,0.9640883977900553,7.3125,18.0,2.0439659737904847,0.25,0.0
BED,2026-04-30,2026Q2,210,219,1.042857142857143,1.625,0,0.6919591088185083,0.1875,0.1875
BED,2026-05-01,2026Q2,379,298,0.7862796833773087,8.071428571428571,19.0,5.050949929058162,1.0,0.0
BED,2026-05-02,2026Q2,146,148,1.0136986301369864,5.25,19.0,2.481064999602386,0.875,0.125
BED,2026-05-03,2026Q2,166,175,1.0542168674698795,9.6875,28.0,6.643199291088735,0.75,0.0625
BED,2026-05-04,2026Q2,167,116,0.6946107784431138,12.4,31.0,3.707494872212559,1.0,0.0
BED,2026-05-07,2026Q2,563,216,0.3836589698046181,9.375,23.0,2.937665579142922,1.0,0.0
BED,2026-05-08,2026Q2,492,436,0.8861788617886179,7.875,22.0,1.4927580432584633,1.0,0.0
BED,2026-05-09,2026Q2,299,190,0.6354515050167224,4.1875,0,1.5571612075054038,0.25,0.6875
BED,2026-05-10,2026Q2,338,319,0.9437869822485208,7.0625,17.0,2.002433746978744,0.8125,0.0625
BED,2026-05-11,2026Q2,421,378,0.8978622327790974,5.8125,18.0,3.7022406383724578,1.0,0.0
BED,2026-05-12,2026Q2,450,430,0.9555555555555556,6.125,23.0,3.8434446319565723,1.0,0.0
BED,2026-05-13,2026Q2,421,375,0.8907363420427553,6.875,23.0,3.9889166971248486,0.6875,0.3125
BED,2026-05-14,2026Q2,189,193,1.0211640211640212,5.8125,19.0,2.847304455992948,0.0625,0.4375
BED,2026-05-15,2026Q2,184,199,1.0815217391304348,4.1875,0,0.9149027608221929,0.125,0.1875
BED,2026-05-16,2026Q2,447,417,0.9328859060402684,10.25,24.0,2.182496537437921,1.0,0.0
BED,2026-05-17,2026Q2,493,480,0.973630831643002,7.875,25.0,2.3323014506869204,1.0,0.0
BED,2026-05-18,2026Q2,469,386,0.8230277185501066,7.5,17.0,1.6789007682969954,1.0,0.0
BED,2026-05-19,2026Q2,378,325,0.8597883597883598,8.8125,34.0,2.246496070003011,0.9375,0.0625
BED,2026-05-20,2026Q2,370,359,0.9702702702702702,10.625,27.0,1.8891672158264678,1.0,0.0
BED,2026-05-21,2026Q2,507,459,0.9053254437869822,5.125,0,3.5916456513225157,1.0,0.0
BED,2026-05-22,2026Q2,498,446,0.8955823293172691,5.25,0,2.437932322781938,1.0,0.0
BED,2026-05-23,2026Q2,337,322,0.9554896142433235,6.0,0,1.5394994543384004,1.0,0.0
BED,2026-05-24,2026Q2,132,131,0.9924242424242424,9.4375,18.0,1.5914385218302463,0.0625,0.8125
BED,2026-05-25,2026Q2,249,248,0.9959839357429718,5.4375,17.0,1.788765962180638,0.5,0.125
BED,2026-05-26,2026Q2,487,470,0.9650924024640657,6.533333333333333,18.0,1.5177829514134327,1.0,0.0
BED,2026-05-27,2026Q2,535,498,0.930841121495327,9.25,21.0,3.563423618860759,1.0,0.0
BED,2026-05-28,2026Q2,383,354,0.9242819843342036,8.9375,24.0,7.1641893252623445,0.875,0.125
BED,2026-05-29,2026Q2,374,332,0.8877005347593583,8.5,24.0,4.371769653499765,0.9375,0.0625
BED,2026-05-30,2026Q2,82,83,1.0121951219512195,10.875,38.0,3.0850066564503997,0.5,0.5
BED,2026-05-31,2026Q2,383,359,0.9373368146214099,5.0,18.0,2.244395955933219,0.6875,0.3125
BED,2026-06-01,2026Q2,325,317,0.9753846153846154,5.5625,15.0,1.2427479465726956,0.8125,0.0
BED,2026-06-02,2026Q2,520,453,0.8711538461538462,4.6875,17.0,3.1011219230338507,1.0,0.0
BED,2026-06-03,2026Q2,529,475,0.8979206049149339,6.0625,18.0,2.515166685424497,1.0,0.0
BED,2026-06-04,2026Q2,508,423,0.8326771653543307,5.625,16.0,1.7531910669215802,1.0,0.0
BED,2026-06-05,2026Q2,431,357,0.8283062645011601,5.0625,16.0,2.4496645990704433,1.0,0.0
BED,2026-06-06,2026Q2,372,329,0.8844086021505376,7.9375,24.0,1.8699541080525746,0.9375,0.0625
BED,2026-06-07,2026Q2,295,189,0.6406779661016949,9.9375,26.0,2.987096345118742,0.75,0.1875
BED,2026-06-08,2026Q2,448,366,0.8169642857142857,5.1875,0,2.490299753044905,1.0,0.0
BED,2026-06-09,2026Q2,417,378,0.9064748201438849,8.0,20.0,2.12275223503879,1.0,0.0
BED,2026-06-10,2026Q2,423,305,0.7210401891252955,8.5,22.0,2.1809680911253775,1.0,0.0
BED,2026-06-12,2026Q2,519,436,0.8400770712909441,3.2,0,0.758214606934887,1.0,0.0
BED,2026-06-13,2026Q2,423,363,0.8581560283687943,7.0,21.0,3.5797504118486247,1.0,0.0
BED,2026-06-14,2026Q2,393,345,0.8778625954198473,9.125,22.0,2.6080789659761083,1.0,0.0
BED,2026-06-15,2026Q2,321,316,0.9844236760124611,9.3125,24.0,4.936481858060674,0.9375,0.0
BED,2026-06-16,2026Q2,421,390,0.9263657957244655,6.0625,19.0,2.5123025011584095,1.0,0.0
BED,2026-06-17,2026Q2,591,560,0.9475465313028765,5.866666666666666,0,2.621730042452567,1.0,0.0
BED,2026-06-18,2026Q2,172,179,1.0406976744186047,11.5625,34.0,5.3779443823439745,0.75,0.1875
BED,2026-06-19,2026Q2,225,190,0.8444444444444444,11.5625,31.0,1.8021731634931928,1.0,0.0
BED,2026-06-20,2026Q2,188,172,0.9148936170212766,11.9375,30.0,4.213003890248587,1.0,0.0
BED,2026-06-21,2026Q2,414,396,0.9565217391304348,6.125,21.0,1.8850328846636804,1.0,0.0
BED,2026-06-22,2026Q2,369,302,0.8184281842818428,5.0625,0,0.8380196382764231,0.4375,0.4375
BED,2026-06-23,2026Q2,184,136,0.7391304347826086,2.5625,0,1.8602528740189506,0.1875,0.25
BED,2026-06-24,2026Q2,597,463,0.7755443886097152,7.5625,20.0,2.040744912990139,1.0,0.0
BED,2026-06-25,2026Q2,607,168,0.27677100494233936,4.5625,0,1.5350450807216454,1.0,0.0
BED,2026-06-26,2026Q2,269,251,0.9330855018587361,6.1875,15.0,2.7086281623510953,0.6875,0.125
BED,2026-06-27,2026Q2,451,394,0.8736141906873615,5.933333333333334,0,2.8738566301915154,0.8666666666666667,0.13333333333333333
BED,2026-06-28,2026Q2,381,381,1.0,4.125,0,1.5974766541598633,0.75,0.0
BED,2026-06-29,2026Q2,420,398,0.9476190476190476,5.4375,0,2.0279400406577848,1.0,0.0
BED,2026-06-30,2026Q2,482,416,0.8630705394190872,6.6875,0,2.3493815514141727,0.875,0.125
BED,2026-07-01,2026Q3,530,470,0.8867924528301887,5.75,18.0,1.2243278083153175,1.0,0.0
BED,2026-07-02,2026Q3,506,406,0.8023715415019763,7.375,18.0,2.359276379531494,1.0,0.0
BED,2026-07-03,2026Q3,366,311,0.8497267759562842,8.8125,22.0,2.1779688244307875,1.0,0.0
BED,2026-07-04,2026Q3,176,155,0.8806818181818182,6.875,32.0,2.2845892839094795,0.875,0.125
BED,2026-07-05,2026Q3,355,345,0.971830985915493,6.0625,16.0,2.0762343274568678,1.0,0.0
BED,2026-07-06,2026Q3,392,371,0.9464285714285714,6.5625,0,1.4991120028931584,1.0,0.0
BED,2026-07-07,2026Q3,179,178,0.994413407821229,10.6875,24.0,1.953018133330433,0.0,0.9375
BED,2026-07-08,2026Q3,649,537,0.827426810477658,4.066666666666666,0,1.7398149539548085,0.8666666666666667,0.0
BED,2026-07-09,2026Q3,509,473,0.9292730844793713,7.625,17.0,1.6935585668177318,1.0,0.0
BED,2026-07-10,2026Q3,419,415,0.9904534606205251,6.25,18.0,3.188473806349587,1.0,0.0
BED,2026-07-11,2026Q3,499,432,0.8657314629258517,4.0,0,2.0035787219629175,1.0,0.0
BED,2026-07-12,2026Q3,630,501,0.7952380952380952,5.9375,0,2.673939815503848,1.0,0.0
BED,2026-07-13,2026Q3,387,360,0.9302325581395349,9.8125,20.0,1.3527169828091028,1.0,0.0
BED,2026-07-14,2026Q3,362,345,0.9530386740331491,8.25,24.0,2.362651309195927,1.0,0.0
BED,2026-07-15,2026Q3,446,395,0.8856502242152466,6.625,19.0,1.2999042897189852,1.0,0.0
BED,2026-07-16,2026Q3,358,323,0.9022346368715084,9.066666666666666,29.0,2.484301197917645,1.0,0.0
BED,2026-07-17,2026Q3,472,392,0.8305084745762712,6.8,22.0,3.458382228656589,1.0,0.0
BED,2026-07-18,2026Q3,198,188,0.9494949494949495,10.3125,24.0,2.613753595627764,0.1875,0.125
BED,2026-07-19,2026Q3,385,349,0.9064935064935065,10.6875,30.0,5.206651567770076,1.0,0.0
BED,2026-07-20,2026Q3,478,438,0.9163179916317992,6.1875,15.0,1.802070803898913,1.0,0.0
BED,2026-07-21,2026Q3,257,239,0.9299610894941635,8.375,22.0,4.48483790254168,0.5,0.25
BED,2026-07-22,2026Q3,275,239,0.8690909090909091,7.125,21.0,2.013227174742162,0.875,0.0625
BED,2026-07-23,2026Q3,644,575,0.8928571428571429,5.625,17.0,3.661118035848028,1.0,0.0
BED,2026-07-24,2026Q3,522,453,0.867816091954023,4.6875,0,2.377678514516499,1.0,0.0
BED,2026-07-25,2026Q3,437,362,0.8283752860411899,5.875,17.0,1.5752061786150264,1.0,0.0
BED,2026-07-26,2026Q3,386,359,0.9300518134715026,5.5,17.0,1.3772161457000447,1.0,0.0
BED,2026-07-27,2026Q3,494,469,0.9493927125506073,3.6875,0,1.392801680249797,1.0,0.0
BED,2026-07-28,2026Q3,340,306,0.9,7.2,19.0,4.652830369289252,0.6,0.06666666666666667
BED,2026-07-29,2026Q3,178,170,0.9550561797752809,11.375,23.0,1.4864531953675504,0.125,0.75
BED,2026-07-30,2026Q3,223,228,1.0224215246636772,6.125,18.0,2.010665402853373,0.3125,0.0625
BED,2026-07-31,2026Q3,606,521,0.8597359735973598,3.875,0,2.2581301912300904,0.75,0.0
BED,2026-08-01,2026Q3,443,114,0.25733634311512416,4.4375,0,1.2762844869736196,1.0,0.0
BED,2026-08-02,2026Q3,401,397,0.9900249376558603,9.0,20.0,3.7861941317551833,0.6875,0.0
BED,2026-08-03,2026Q3,147,147,1.0,9.6875,22.0,4.08504247237617,0.25,0.5625
BED,2026-08-04,2026Q3,557,506,0.9084380610412927,4.8125,0,1.2783846043646871,1.0,0.0
BED,2026-08-05,2026Q3,635,594,0.9354330708661417,5.4375,16.0,1.2948008256452093,1.0,0.0
BED,2026-08-06,2026Q3,466,436,0.9356223175965666,5.133333333333334,0,1.3603697634736431,0.9333333333333333,0.0
BED,2026-08-07,2026Q3,468,405,0.8653846153846154,4.533333333333333,16.0,1.024208780401203,1.0,0.0
BED,2026-08-08,2026Q3,403,375,0.9305210918114144,6.9375,16.0,1.9553969201386292,1.0,0.0
BED,2026-08-09,2026Q3,385,169,0.43896103896103894,7.625,19.0,2.213862309920512,1.0,0.0
BED,2026-08-10,2026Q3,429,406,0.9463869463869464,4.0,0,0.9008951623383659,1.0,0.0
BED,2026-08-11,2026Q3,477,429,0.89937106918239,6.5625,18.0,2.6388568763989726,1.0,0.0
BED,2026-08-12,2026Q3,547,297,0.5429616087751371,4.125,0,1.6973427227234787,1.0,0.0
BED,2026-08-13,2026Q3,509,477,0.93713163064833,6.125,17.0,2.1737228098443886,1.0,0.0
BED,2026-08-14,2026Q3,382,392,1.0261780104712042,5.0625,15.0,3.230582631278412,1.0,0.0
BED,2026-08-15,2026Q3,485,446,0.9195876288659793,4.266666666666667,0,2.1598555828507076,1.0,0.0
BED,2026-08-16,2026Q3,436,385,0.8830275229357798,5.625,19.0,1.9695744142539362,1.0,0.0
BED,2026-08-17,2026Q3,221,209,0.9457013574660633,5.0,0,2.0199230814810827,0.0625,0.0625
BED,2026-08-18,2026Q3,454,422,0.9295154185022027,3.933333333333333,0,1.499840138977644,0.6,0.0
BED,2026-08-19,2026Q3,448,399,0.890625,5.5,21.0,2.0285884780934866,1.0,0.0
BED,2026-08-20,2026Q3,452,447,0.9889380530973452,5.333333333333333,0,2.595567331829606,0.8,0.2
BED,2026-08-21,2026Q3,348,324,0.9310344827586207,6.125,18.0,1.3974081853625806,1.0,0.0
BED,2026-08-22,2026Q3,188,178,0.9468085106382979,6.0,0,1.2727657818012357,0.0625,0.0625
BED,2026-08-23,2026Q3,186,195,1.0483870967741935,4.3125,0,1.4815047847380542,0.3125,0.125
BED,2026-08-24,2026Q3,354,370,1.0451977401129944,6.4375,21.0,1.156583435095788,0.9375,0.0
BED,2026-08-25,2026Q3,524,543,1.036259541984733,5.9375,16.0,1.2678180911668901,1.0,0.0
BED,2026-08-26,2026Q3,556,547,0.9838129496402878,3.0,0,1.2900265439028082,1.0,0.0
BED,2026-08-27,2026Q3,407,378,0.9287469287469288,8.3125,21.0,3.1835903186742933,0.875,0.0
BED,2026-08-28,2026Q3,415,391,0.9421686746987952,5.125,0,1.3841631839488309,0.75,0.0625
BED,2026-08-29,2026Q3,513,524,1.0214424951267056,4.3125,0,2.287194009812609,1.0,0.0
BED,2026-08-30,2026Q3,313,318,1.0159744408945688,6.25,18.0,1.6224790650014573,1.0,0.0
BED,2026-08-31,2026Q3,316,264,0.8354430379746836,3.9375,0,1.3270156867635443,1.0,0.0
BVY,2023-02-18,2023Q1,343,87,0.2536443148688047,7.384615384615385,16.0,2.2991724372078686,1.0,0.0
BVY,2023-02-22,2023Q1,212,77,0.3632075471698113,6.6923076923076925,0,2.260865489329942,0.9230769230769231,0.07692307692307693
BVY,2023-02-25,2023Q1,206,137,0.6650485436893204,2.8461538461538463,0,0.8041876700943428,0.6153846153846154,0.3076923076923077
BVY,2023-02-27,2023Q1,280,158,0.5642857142857143,6.090909090909091,0,3.3716327559842423,1.0,0.0
BVY,2023-03-03,2023Q1,393,251,0.638676844783715,4.615384615384615,0,1.151614663917925,1.0,0.0
BVY,2023-03-05,2023Q1,275,172,0.6254545454545455,9.384615384615385,20.0,2.1277551067653104,1.0,0.0
BVY,2023-03-06,2023Q1,103,44,0.42718446601941745,15.461538461538462,32.0,5.498788759085302,1.0,0.0
BVY,2023-03-07,2023Q1,210,125,0.5952380952380952,13.076923076923077,27.0,1.8825056198266745,0.9230769230769231,0.07692307692307693
BVY,2023-03-08,2023Q1,197,92,0.467005076142132,12.153846153846153,22.0,2.4317075244108755,0.7692307692307693,0.15384615384615385
BVY,2023-03-09,2023Q1,330,105,0.3181818181818182,9.23076923076923,17.0,3.606448423682539,1.0,0.0
BVY,2023-03-10,2023Q1,364,216,0.5934065934065934,5.6923076923076925,0,1.4832282769939689,1.0,0.0
BVY,2023-03-12,2023Q1,396,226,0.5707070707070707,8.923076923076923,21.0,4.865841563801206,0.7692307692307693,0.0
BVY,2023-03-13,2023Q1,241,165,0.6846473029045643,6.3076923076923075,0,2.1896245583898124,0.5384615384615384,0.3076923076923077
BVY,2023-03-15,2023Q1,63,41,0.6507936507936508,18.23076923076923,32.0,1.6854373008359422,0.9230769230769231,0.0
BVY,2023-03-16,2023Q1,343,240,0.6997084548104956,11.307692307692308,23.0,4.041029563308456,1.0,0.0
BVY,2023-03-17,2023Q1,338,243,0.7189349112426036,8.846153846153847,17.0,1.3407301786713255,1.0,0.0
BVY,2023-03-18,2023Q1,367,301,0.8201634877384196,8.615384615384615,18.0,1.9191963062573811,1.0,0.0
BVY,2023-03-19,2023Q1,34,18,0.5294117647058824,15.615384615384615,35.0,5.284721474382883,1.0,0.0
BVY,2023-03-20,2023Q1,289,164,0.5674740484429066,12.384615384615385,23.0,2.230893060997145,1.0,0.0
BVY,2023-03-21,2023Q1,361,202,0.5595567867036011,8.692307692307692,25.0,1.7808082701293786,1.0,0.0
BVY,2023-03-22,2023Q1,369,215,0.5826558265582655,8.846153846153847,15.0,3.0123049809571842,0.9230769230769231,0.0
BVY,2023-03-23,2023Q1,74,45,0.6081081081081081,9.307692307692308,22.0,3.6459931909589964,0.5384615384615384,0.0
BVY,2023-03-24,2023Q1,295,154,0.5220338983050847,11.615384615384615,25.0,2.8598330653439152,1.0,0.0
BVY,2023-03-25,2023Q1,159,120,0.7547169811320755,10.153846153846153,20.0,4.572541163692114,0.46153846153846156,0.38461538461538464
BVY,2023-03-26,2023Q1,46,19,0.41304347826086957,13.615384615384615,33.0,5.614307858220546,0.9230769230769231,0.0
BVY,2023-03-27,2023Q1,292,205,0.702054794520548,6.230769230769231,0,1.8287078164686201,1.0,0.0
BVY,2023-03-28,2023Q1,95,46,0.4842105263157895,6.384615384615385,17.0,2.6301399675417882,0.46153846153846156,0.15384615384615385
BVY,2023-03-29,2023Q1,481,348,0.7234927234927235,7.769230769230769,17.0,1.192377284496938,1.0,0.0
BVY,2023-03-30,2023Q1,130,53,0.4076923076923077,13.76923076923077,27.0,3.9564814204319534,1.0,0.0
BVY,2023-04-04,2023Q2,293,225,0.7679180887372014,6.076923076923077,0,2.272894909521359,1.0,0.0
BVY,2023-04-05,2023Q2,175,113,0.6457142857142857,8.615384615384615,21.0,2.2539514474506377,0.5384615384615384,0.0
BVY,2023-04-06,2023Q2,86,56,0.6511627906976745,3.076923076923077,0,0.9970098583719765,0.5384615384615384,0.0
BVY,2023-04-07,2023Q2,198,69,0.3484848484848485,14.692307692307692,30.0,3.3766741041897683,1.0,0.0
BVY,2023-04-08,2023Q2,452,303,0.6703539823008849,9.76923076923077,21.0,2.0937553812662446,1.0,0.0
BVY,2023-04-09,2023Q2,327,261,0.7981651376146789,7.076923076923077,0,0.9353074220489109,1.0,0.0
BVY,2023-04-10,2023Q2,339,167,0.49262536873156343,6.461538461538462,16.0,1.6565314889109173,1.0,0.0
BVY,2023-04-11,2023Q2,221,60,0.27149321266968324,11.0,25.0,1.678659810586101,1.0,0.0
BVY,2023-04-12,2023Q2,165,47,0.28484848484848485,13.538461538461538,32.0,2.585880394210324,1.0,0.0
BVY,2023-04-13,2023Q2,365,235,0.6438356164383562,7.153846153846154,20.0,2.0635731213807857,1.0,0.0
BVY,2023-04-14,2023Q2,377,233,0.6180371352785146,7.846153846153846,0,2.4829288900294375,1.0,0.0
BVY,2023-04-15,2023Q2,286,203,0.7097902097902098,6.538461538461538,0,3.2957249009544998,0.6153846153846154,0.0
BVY,2023-04-18,2023Q2,235,106,0.451063829787234,12.076923076923077,29.0,3.3898170645758734,1.0,0.0
BVY,2023-04-19,2023Q2,249,117,0.46987951807228917,10.76923076923077,21.0,3.9288400544777295,1.0,0.0
BVY,2023-04-20,2023Q2,459,320,0.6971677559912854,8.416666666666666,18.0,1.7165217741220453,1.0,0.0
BVY,2023-04-21,2023Q2,391,241,0.6163682864450127,8.76923076923077,0,2.7298826166285344,1.0,0.0
BVY,2023-04-22,2023Q2,302,195,0.6456953642384106,8.846153846153847,0,3.137083248604542,0.6923076923076923,0.0
BVY,2023-04-24,2023Q2,146,81,0.5547945205479452,6.384615384615385,0,0.9225757192121895,0.46153846153846156,0.0
BVY,2023-04-25,2023Q2,353,252,0.7138810198300283,5.615384615384615,0,1.199308394280362,0.7692307692307693,0.0
BVY,2023-04-26,2023Q2,269,205,0.7620817843866171,6.3076923076923075,15.0,1.7686407234465635,0.3076923076923077,0.0
BVY,2023-04-28,2023Q2,444,321,0.722972972972973,8.307692307692308,0,1.8438639084818609,0.9230769230769231,0.0
BVY,2023-04-29,2023Q2,325,249,0.7661538461538462,9.76923076923077,21.0,4.195162884810203,0.6923076923076923,0.15384615384615385
BVY,2023-05-01,2023Q2,63,25,0.3968253968253968,12.923076923076923,35.0,6.170533921680617,0.7692307692307693,0.0
BVY,2023-05-02,2023Q2,136,95,0.6985294117647058,7.461538461538462,17.0,2.0758149662491174,0.23076923076923078,0.6923076923076923
BVY,2023-05-03,2023Q2,313,223,0.7124600638977636,7.538461538461538,0,1.8170406108537591,0.6923076923076923,0.0
BVY,2023-05-04,2023Q2,75,43,0.5733333333333334,6.846153846153846,19.0,4.514215337250727,0.3076923076923077,0.23076923076923078
BVY,2023-05-05,2023Q2,292,189,0.6472602739726028,6.384615384615385,0,2.580484664851803,0.5384615384615384,0.07692307692307693
BVY,2023-05-06,2023Q2,431,292,0.6774941995359629,9.076923076923077,21.0,2.291168098406039,1.0,0.0
BVY,2023-05-07,2023Q2,303,200,0.6600660066006601,8.615384615384615,22.0,2.4807967965998707,1.0,0.0
BVY,2023-05-09,2023Q2,391,252,0.6445012787723785,9.461538461538462,18.0,2.8021686365098684,1.0,0.0
BVY,2023-05-10,2023Q2,408,230,0.5637254901960784,7.461538461538462,18.0,1.805739676612016,1.0,0.0
BVY,2023-05-11,2023Q2,321,178,0.5545171339563862,6.076923076923077,15.0,1.886822565219389,1.0,0.0
BVY,2023-05-12,2023Q2,302,148,0.4900662251655629,9.23076923076923,24.0,2.127905613446323,1.0,0.0
BVY,2023-05-13,2023Q2,328,211,0.6432926829268293,9.923076923076923,19.0,2.1446808540287203,1.0,0.0
BVY,2023-05-14,2023Q2,271,156,0.5756457564575646,11.153846153846153,23.0,1.6028373468713353,1.0,0.0
BVY,2023-05-15,2023Q2,280,109,0.3892857142857143,9.357142857142858,22.0,2.2180593295006434,1.0,0.0
BVY,2023-05-16,2023Q2,175,72,0.4114285714285714,12.714285714285714,26.0,2.6537797887586296,1.0,0.0
BVY,2023-05-17,2023Q2,139,65,0.4676258992805755,15.785714285714286,30.0,3.0146705990991185,1.0,0.0
BVY,2023-05-18,2023Q2,432,311,0.7199074074074074,8.428571428571429,20.0,2.995147391127571,1.0,0.0
BVY,2023-05-19,2023Q2,246,119,0.483739837398374,12.142857142857142,22.0,7.508087309344681,1.0,0.0
BVY,2023-05-20,2023Q2,63,34,0.5396825396825397,7.071428571428571,18.0,1.4640515568058947,0.35714285714285715,0.6428571428571429
BVY,2023-05-21,2023Q2,306,205,0.6699346405228758,8.571428571428571,19.0,2.1945417618555223,0.9285714285714286,0.0
BVY,2023-05-22,2023Q2,206,122,0.5922330097087378,9.428571428571429,22.0,4.247093674744192,1.0,0.0
BVY,2023-05-24,2023Q2,371,200,0.5390835579514824,9.857142857142858,22.0,2.110892656135779,0.7142857142857143,0.21428571428571427
BVY,2023-05-25,2023Q2,310,179,0.5774193548387097,8.0,19.0,1.854272724889595,1.0,0.0
BVY,2023-05-26,2023Q2,433,275,0.6351039260969977,7.642857142857143,0,1.8170317584381048,1.0,0.0
BVY,2023-05-27,2023Q2,334,206,0.6167664670658682,6.642857142857143,0,1.6670867472147652,1.0,0.0
BVY,2023-05-28,2023Q2,261,103,0.3946360153256705,8.785714285714286,19.0,3.4966197251494044,1.0,0.0
BVY,2023-05-29,2023Q2,177,101,0.5706214689265536,8.857142857142858,22.0,3.0254809404628005,1.0,0.0
BVY,2023-05-30,2023Q2,386,262,0.6787564766839378,3.7142857142857144,0,1.0717221362100826,1.0,0.0
BVY,2023-05-31,2023Q2,336,183,0.5446428571428571,5.857142857142857,0,1.181966854981244,1.0,0.0
BVY,2023-06-01,2023Q2,390,237,0.6076923076923076,4.857142857142857,0,0.7724482383868552,1.0,0.0
BVY,2023-06-02,2023Q2,319,180,0.5642633228840125,5.285714285714286,23.0,2.6092854100350333,0.9285714285714286,0.07142857142857142
BVY,2023-06-04,2023Q2,65,39,0.6,8.928571428571429,20.0,5.60196942561908,0.0,0.7142857142857143
BVY,2023-06-05,2023Q2,83,41,0.4939759036144578,6.428571428571429,15.0,2.723195513023853,0.35714285714285715,0.42857142857142855
BVY,2023-06-06,2023Q2,359,202,0.5626740947075209,8.785714285714286,21.0,1.1312358784095609,1.0,0.0
BVY,2023-06-07,2023Q2,405,249,0.6148148148148148,8.642857142857142,19.0,2.5996901662835716,1.0,0.0
BVY,2023-06-08,2023Q2,333,192,0.5765765765765766,4.714285714285714,0,1.3721252201457068,0.9285714285714286,0.07142857142857142
BVY,2023-06-09,2023Q2,112,118,1.0535714285714286,4.642857142857143,0,1.948839708718197,0.2857142857142857,0.07142857142857142
BVY,2023-06-10,2023Q2,159,50,0.31446540880503143,3.2142857142857144,0,0.8609611692245003,0.5,0.14285714285714285
BVY,2023-06-11,2023Q2,341,251,0.7360703812316716,6.071428571428571,0,1.1560845048298758,1.0,0.0
BVY,2023-06-12,2023Q2,251,181,0.7211155378486056,8.071428571428571,0,1.4775231243110662,1.0,0.0
BVY,2023-06-14,2023Q2,310,193,0.6225806451612903,7.714285714285714,19.0,3.1681065759794604,0.7142857142857143,0.14285714285714285
BVY,2023-06-15,2023Q2,403,224,0.5558312655086849,5.928571428571429,0,1.5714325646798548,0.5714285714285714,0.0
BVY,2023-06-16,2023Q2,353,218,0.6175637393767706,5.142857142857143,0,1.0352745009581419,1.0,0.0
BVY,2023-06-18,2023Q2,157,90,0.5732484076433121,5.785714285714286,0,1.8755084938829425,0.5714285714285714,0.2857142857142857
BVY,2023-06-19,2023Q2,314,197,0.6273885350318471,7.142857142857143,0,2.1221092270449384,1.0,0.0
BVY,2023-06-20,2023Q2,417,268,0.6426858513189448,6.714285714285714,0,1.942069142571175,0.9285714285714286,0.0
BVY,2023-06-21,2023Q2,351,308,0.8774928774928775,6.142857142857143,0,1.3305849931821503,0.6428571428571429,0.0
BVY,2023-06-22,2023Q2,407,267,0.6560196560196561,6.428571428571429,0,2.2349902248842253,0.8571428571428571,0.0
BVY,2023-06-23,2023Q2,214,219,1.0233644859813085,4.785714285714286,0,0.8051641907410244,0.5714285714285714,0.0
BVY,2023-06-25,2023Q2,309,266,0.86084142394822,5.642857142857143,0,1.2350857061911191,0.9285714285714286,0.0
BVY,2023-06-26,2023Q2,66,42,0.6363636363636364,7.285714285714286,0,2.593186696215396,0.21428571428571427,0.21428571428571427
BVY,2023-06-27,2023Q2,38,25,0.6578947368421053,10.071428571428571,22.0,3.2059923197682054,0.5714285714285714,0.14285714285714285
BVY,2023-06-28,2023Q2,99,64,0.6464646464646465,6.928571428571429,0,1.6733831155749421,0.5,0.2857142857142857
BVY,2023-06-29,2023Q2,432,322,0.7453703703703703,5.928571428571429,0,1.9962814140839549,0.9285714285714286,0.0
BVY,2023-06-30,2023Q2,414,333,0.8043478260869565,6.5,0,1.2754858572815395,1.0,0.0
BVY,2023-07-01,2023Q3,283,217,0.7667844522968198,4.714285714285714,0,1.416834871260004,0.35714285714285715,0.0
BVY,2023-07-03,2023Q3,60,44,0.7333333333333333,5.285714285714286,0,1.9923359561231497,0.2857142857142857,0.07142857142857142
BVY,2023-07-05,2023Q3,404,272,0.6732673267326733,5.214285714285714,0,1.2748371725061263,1.0,0.0
BVY,2023-07-06,2023Q3,382,265,0.693717277486911,5.857142857142857,0,1.5631799616451905,1.0,0.0
BVY,2023-07-07,2023Q3,348,248,0.7126436781609196,7.928571428571429,0,2.389052709243284,1.0,0.0
BVY,2023-07-08,2023Q3,208,163,0.7836538461538461,5.928571428571429,0,1.151127690687277,0.35714285714285715,0.0
BVY,2023-07-09,2023Q3,86,41,0.47674418604651164,6.642857142857143,0,2.5031429151145823,0.42857142857142855,0.0
BVY,2023-07-11,2023Q3,323,241,0.7461300309597523,7.285714285714286,22.0,1.929248618145749,0.9285714285714286,0.0
BVY,2023-07-12,2023Q3,428,341,0.7967289719626168,4.785714285714286,0,0.8326682248377091,1.0,0.0
BVY,2023-07-13,2023Q3,295,209,0.7084745762711865,8.428571428571429,23.0,4.040034224106304,1.0,0.0
BVY,2023-07-14,2023Q3,275,204,0.7418181818181818,5.428571428571429,15.0,1.5167207455351697,0.8571428571428571,0.07142857142857142
BVY,2023-07-15,2023Q3,268,163,0.6082089552238806,7.214285714285714,0,2.420709028668424,0.6428571428571429,0.14285714285714285
BVY,2023-07-17,2023Q3,285,159,0.5578947368421052,4.857142857142857,0,0.8160200638939595,0.2857142857142857,0.0
BVY,2023-07-18,2023Q3,260,178,0.6846153846153846,6.428571428571429,0,2.7318873179471304,0.7857142857142857,0.07142857142857142
BVY,2023-07-19,2023Q3,324,196,0.6049382716049383,5.5,0,1.5232409883470515,0.9285714285714286,0.07142857142857142
BVY,2023-07-20,2023Q3,508,374,0.7362204724409449,6.214285714285714,0,1.6170532628665395,1.0,0.0
BVY,2023-07-21,2023Q3,199,158,0.7939698492462312,6.285714285714286,0,1.7314532020362121,0.7857142857142857,0.21428571428571427
BVY,2023-07-22,2023Q3,263,179,0.6806083650190115,4.285714285714286,0,1.1697379292975454,0.6428571428571429,0.0
BVY,2023-07-23,2023Q3,490,302,0.6163265306122448,5.642857142857143,0,0.7514273188469717,1.0,0.0
BVY,2023-07-24,2023Q3,333,236,0.7087087087087087,4.214285714285714,0,0.9878814969632087,1.0,0.0
BVY,2023-07-25,2023Q3,245,204,0.8326530612244898,7.285714285714286,17.0,3.3753317377037066,0.7142857142857143,0.21428571428571427
BVY,2023-07-26,2023Q3,428,282,0.6588785046728972,6.928571428571429,18.0,1.7431214771977843,1.0,0.0
BVY,2023-07-27,2023Q3,114,73,0.6403508771929824,11.642857142857142,23.0,6.0481890928504445,0.8571428571428571,0.07142857142857142
BVY,2023-07-28,2023Q3,412,278,0.6747572815533981,5.571428571428571,0,1.1350202228056927,1.0,0.0
BVY,2023-07-29,2023Q3,92,154,1.673913043478261,4.785714285714286,0,1.8434204051083436,0.6428571428571429,0.35714285714285715
BVY,2023-07-30,2023Q3,451,297,0.6585365853658537,6.428571428571429,0,1.087616894407421,1.0,0.0
BVY,2023-07-31,2023Q3,393,244,0.6208651399491094,5.642857142857143,0,1.453357244249925,1.0,0.0
BVY,2023-08-01,2023Q3,296,193,0.652027027027027,7.714285714285714,17.0,1.8551166318074215,1.0,0.0
BVY,2023-08-02,2023Q3,470,327,0.6957446808510638,5.857142857142857,0,1.4026312436696018,1.0,0.0
BVY,2023-08-03,2023Q3,382,286,0.7486910994764397,8.642857142857142,19.0,4.842455283863201,1.0,0.0
BVY,2023-08-04,2023Q3,133,82,0.6165413533834586,7.642857142857143,18.0,3.699963355878211,0.9285714285714286,0.0
BVY,2023-08-05,2023Q3,453,366,0.8079470198675497,4.857142857142857,0,1.3114871472356326,0.9285714285714286,0.0
BVY,2023-08-06,2023Q3,416,328,0.7884615384615384,5.071428571428571,0,1.39475932784707,1.0,0.0
BVY,2023-08-07,2023Q3,231,160,0.6926406926406926,6.714285714285714,17.0,1.7682653856741868,0.8571428571428571,0.07142857142857142
BVY,2023-08-08,2023Q3,30,15,0.5,8.857142857142858,20.0,2.382334723886855,0.5,0.42857142857142855
BVY,2023-08-09,2023Q3,214,124,0.5794392523364486,11.714285714285714,26.0,3.4592613231564457,1.0,0.0
BVY,2023-08-10,2023Q3,306,222,0.7254901960784313,7.5,18.0,3.173526380604348,0.8571428571428571,0.14285714285714285
BVY,2023-08-11,2023Q3,255,149,0.5843137254901961,9.0,21.0,2.5939156013240483,1.0,0.0
BVY,2023-08-12,2023Q3,311,257,0.8263665594855305,6.357142857142857,16.0,1.6384466278960848,1.0,0.0
BVY,2023-08-13,2023Q3,170,102,0.6,7.928571428571429,16.0,4.178432190637796,0.9285714285714286,0.07142857142857142
BVY,2023-08-14,2023Q3,337,224,0.6646884272997032,6.928571428571429,0,1.9230468945254036,1.0,0.0
BVY,2023-08-16,2023Q3,63,40,0.6349206349206349,6.642857142857143,0,1.9839509446558272,0.07142857142857142,0.0
BVY,2023-08-17,2023Q3,64,37,0.578125,5.142857142857143,0,1.492613008169109,0.0,0.0
BVY,2023-08-18,2023Q3,44,18,0.4090909090909091,5.357142857142857,19.0,1.2685180093127226,0.2857142857142857,0.35714285714285715
BVY,2023-08-19,2023Q3,318,227,0.7138364779874213,8.714285714285714,19.0,1.7987593767089183,1.0,0.0
BVY,2023-08-20,2023Q3,404,238,0.5891089108910891,7.071428571428571,16.0,1.7748521328289413,1.0,0.0
BVY,2023-08-21,2023Q3,425,263,0.6188235294117647,5.714285714285714,0,1.0946915825057355,0.9285714285714286,0.07142857142857142
BVY,2023-08-22,2023Q3,389,215,0.5526992287917738,6.428571428571429,0,3.0936295224217356,1.0,0.0
BVY,2023-08-23,2023Q3,427,328,0.7681498829039812,5.071428571428571,0,1.7603542941808976,1.0,0.0
BVY,2023-08-24,2023Q3,375,274,0.7306666666666667,7.285714285714286,0,2.585652232129515,1.0,0.0
BVY,2023-08-26,2023Q3,463,221,0.4773218142548596,5.642857142857143,17.0,1.3631530564017835,0.9285714285714286,0.0
BVY,2023-08-27,2023Q3,341,157,0.4604105571847507,6.0,0,2.9665559173038067,0.5714285714285714,0.0
BVY,2023-08-28,2023Q3,336,175,0.5208333333333334,6.142857142857143,0,1.4292471152805548,0.7857142857142857,0.0
BVY,2023-08-29,2023Q3,87,50,0.5747126436781609,5.285714285714286,0,1.5740438259721248,0.5,0.0
BVY,2023-08-30,2023Q3,114,147,1.2894736842105263,5.071428571428571,0,1.275207576465682,0.5,0.5
BVY,2023-08-31,2023Q3,414,270,0.6521739130434783,7.142857142857143,23.0,2.495701195025301,1.0,0.0
BVY,2023-09-01,2023Q3,382,275,0.7198952879581152,5.071428571428571,0,1.98913783032868,1.0,0.0
BVY,2023-09-02,2023Q3,343,231,0.673469387755102,7.571428571428571,0,3.0599219635358077,1.0,0.0
BVY,2023-09-03,2023Q3,207,148,0.714975845410628,4.857142857142857,0,1.3570467116321203,1.0,0.0
BVY,2023-09-04,2023Q3,215,162,0.7534883720930232,4.142857142857143,0,1.1171659465620818,1.0,0.0
BVY,2023-09-05,2023Q3,429,250,0.5827505827505828,4.785714285714286,0,2.5632822749710957,1.0,0.0
BVY,2023-09-06,2023Q3,340,204,0.6,3.4285714285714284,0,1.3084530577439693,1.0,0.0
BVY,2023-09-07,2023Q3,230,152,0.6608695652173913,3.5714285714285716,0,0.9727818717616821,1.0,0.0
BVY,2023-09-08,2023Q3,216,138,0.6388888888888888,4.928571428571429,32.0,1.8650511105540901,0.42857142857142855,0.21428571428571427
BVY,2023-09-09,2023Q3,189,124,0.656084656084656,3.5,0,0.6856947821266488,0.5714285714285714,0.14285714285714285
BVY,2023-09-12,2023Q3,45,23,0.5111111111111111,3.9285714285714284,0,1.5495760226930353,0.42857142857142855,0.14285714285714285
BVY,2023-09-13,2023Q3,154,86,0.5584415584415584,5.571428571428571,0,2.4583859283949363,0.5,0.42857142857142855
BVY,2023-09-14,2023Q3,347,169,0.48703170028818443,6.5,0,1.2089233691673662,1.0,0.0
BVY,2023-09-15,2023Q3,295,106,0.3593220338983051,9.714285714285714,23.0,6.902107524915905,1.0,0.0
BVY,2023-09-17,2023Q3,370,241,0.6513513513513514,6.928571428571429,0,1.7509444064390824,1.0,0.0
BVY,2023-09-19,2023Q3,356,145,0.40730337078651685,11.357142857142858,25.0,2.895036586985309,1.0,0.0
BVY,2023-09-20,2023Q3,381,244,0.6404199475065617,5.642857142857143,18.0,1.7457798784421112,1.0,0.0
BVY,2023-09-21,2023Q3,364,238,0.6538461538461539,3.2142857142857144,0,0.6247878757597914,1.0,0.0
BVY,2023-09-22,2023Q3,437,291,0.665903890160183,5.785714285714286,0,1.8886733369148732,1.0,0.0
BVY,2023-09-23,2023Q3,227,121,0.5330396475770925,6.214285714285714,0,2.8969471004686076,0.5,0.2857142857142857
BVY,2023-09-26,2023Q3,299,182,0.6086956521739131,8.428571428571429,20.0,4.6441536519953335,0.5,0.0
BVY,2023-09-27,2023Q3,431,268,0.6218097447795824,4.285714285714286,0,2.0973536966494986,1.0,0.0
BVY,2023-09-28,2023Q3,343,224,0.6530612244897959,3.857142857142857,0,1.164500272052315,0.9285714285714286,0.0
BVY,2023-09-29,2023Q3,170,118,0.6941176470588235,4.857142857142857,0,2.860174092759504,0.5714285714285714,0.35714285714285715
BVY,2023-09-30,2023Q3,240,163,0.6791666666666667,5.142857142857143,14.0,3.2616990894798223,1.0,0.0
BVY,2023-10-01,2023Q4,350,246,0.7028571428571428,4.357142857142857,0,2.1769174473828152,0.8571428571428571,0.0
BVY,2023-10-02,2023Q4,395,253,0.640506329113924,6.071428571428571,19.0,4.099728119497351,1.0,0.0
BVY,2023-10-03,2023Q4,334,178,0.5329341317365269,4.0,0,0.9173557472090933,1.0,0.0
BVY,2023-10-04,2023Q4,354,244,0.6892655367231638,3.0714285714285716,0,0.6915971332577088,1.0,0.0
BVY,2023-10-05,2023Q4,304,209,0.6875,5.214285714285714,0,1.2094306284292464,0.7142857142857143,0.0
BVY,2023-10-08,2023Q4,262,195,0.7442748091603053,9.285714285714286,20.0,2.2222863041264973,1.0,0.0
BVY,2023-10-09,2023Q4,291,229,0.7869415807560137,5.928571428571429,0,2.8757317286280726,1.0,0.0
BVY,2023-10-10,2023Q4,303,189,0.6237623762376238,2.642857142857143,0,0.8765742560393143,0.8571428571428571,0.07142857142857142
BVY,2023-10-11,2023Q4,406,263,0.6477832512315271,5.142857142857143,0,1.9438057051056294,1.0,0.0
BVY,2023-10-12,2023Q4,372,254,0.6827956989247311,3.357142857142857,0,1.0548186832813085,1.0,0.0
BVY,2023-10-13,2023Q4,196,147,0.75,10.357142857142858,21.0,1.327972133600243,1.0,0.0
BVY,2023-10-14,2023Q4,281,228,0.8113879003558719,4.428571428571429,0,1.165395749515245,1.0,0.0
BVY,2023-10-15,2023Q4,312,240,0.7692307692307693,7.571428571428571,0,2.0772343255178196,1.0,0.0
BVY,2023-10-16,2023Q4,290,198,0.6827586206896552,5.5,0,2.3019577283567516,0.9285714285714286,0.07142857142857142
BVY,2023-10-17,2023Q4,263,133,0.5057034220532319,3.2857142857142856,0,1.4135877571347968,0.8571428571428571,0.07142857142857142
BVY,2023-10-18,2023Q4,299,190,0.6354515050167224,2.357142857142857,0,0.6293920410899838,0.9285714285714286,0.07142857142857142
BVY,2023-10-19,2023Q4,338,249,0.7366863905325444,7.571428571428571,18.0,4.3020178833272995,1.0,0.0
BVY,2023-10-20,2023Q4,64,42,0.65625,7.428571428571429,0,1.6804236534880312,0.5,0.07142857142857142
BVY,2023-10-22,2023Q4,148,80,0.5405405405405406,11.0,23.0,3.7703063366984613,1.0,0.0
BVY,2023-10-23,2023Q4,309,237,0.7669902912621359,7.142857142857143,0,1.224553407876178,1.0,0.0
BVY,2023-10-24,2023Q4,411,277,0.6739659367396593,4.571428571428571,0,2.1699702474349776,1.0,0.0
BVY,2023-10-25,2023Q4,401,279,0.6957605985037406,6.5,0,3.3312466740698783,1.0,0.0
BVY,2023-10-26,2023Q4,423,275,0.6501182033096927,3.0714285714285716,0,0.6307861764376945,1.0,0.0
BVY,2023-10-27,2023Q4,365,266,0.7287671232876712,5.428571428571429,0,2.5886826088267525,1.0,0.0
BVY,2023-10-28,2023Q4,344,224,0.6511627906976745,8.571428571428571,21.0,2.379143004941428,1.0,0.0
BVY,2023-10-29,2023Q4,209,159,0.7607655502392344,2.9285714285714284,0,1.265452812639166,0.35714285714285715,0.2857142857142857
BVY,2023-10-31,2023Q4,438,251,0.5730593607305936,5.0,0,1.3113146200864512,1.0,0.0
BVY,2023-11-01,2023Q4,220,178,0.8090909090909091,6.3076923076923075,17.0,2.9030975392472844,0.9230769230769231,0.07692307692307693
BVY,2023-11-02,2023Q4,356,264,0.7415730337078652,4.538461538461538,0,1.2399949815958762,1.0,0.0
BVY,2023-11-03,2023Q4,284,196,0.6901408450704225,9.461538461538462,21.0,6.117031186382047,1.0,0.0
BVY,2023-11-04,2023Q4,293,228,0.7781569965870307,3.8461538461538463,0,1.4518608789077996,1.0,0.0
BVY,2023-11-05,2023Q4,335,275,0.8208955223880597,3.230769230769231,0,0.99817224097877,1.0,0.0
BVY,2023-11-06,2023Q4,315,252,0.8,6.3076923076923075,0,1.892862157994151,0.8461538461538461,0.0
BVY,2023-11-07,2023Q4,228,118,0.5175438596491229,10.307692307692308,21.0,3.4352356680258462,0.6153846153846154,0.0
BVY,2023-11-08,2023Q4,180,90,0.5,12.538461538461538,26.0,3.0552183872158123,1.0,0.0
BVY,2023-11-09,2023Q4,53,42,0.7924528301886793,3.6153846153846154,0,1.6077826652969356,0.15384615384615385,0.38461538461538464
BVY,2023-11-10,2023Q4,303,141,0.46534653465346537,6.923076923076923,18.0,1.0307037334062692,1.0,0.0
BVY,2023-11-11,2023Q4,346,241,0.6965317919075145,9.538461538461538,22.0,1.6920353921474494,1.0,0.0
BVY,2023-11-12,2023Q4,265,218,0.8226415094339623,5.846153846153846,0,1.3082336604427935,1.0,0.0
BVY,2023-11-13,2023Q4,350,289,0.8257142857142857,3.3076923076923075,0,1.0596831160624192,0.7692307692307693,0.0
BVY,2023-11-14,2023Q4,359,279,0.7771587743732591,8.0,20.0,2.1937620023013458,1.0,0.0
BVY,2023-11-15,2023Q4,423,278,0.6572104018912529,5.076923076923077,0,2.9904974028934177,1.0,0.0
BVY,2023-11-16,2023Q4,333,272,0.8168168168168168,3.769230769230769,0,0.8493480174517398,1.0,0.0
BVY,2023-11-17,2023Q4,123,53,0.43089430894308944,11.538461538461538,29.0,8.035259081481746,0.8461538461538461,0.0
BVY,2023-11-18,2023Q4,84,62,0.7380952380952381,10.923076923076923,22.0,1.6749634342066602,0.7692307692307693,0.07692307692307693
BVY,2023-11-19,2023Q4,317,215,0.6782334384858044,8.538461538461538,20.0,1.88847628606918,1.0,0.0
BVY,2023-11-20,2023Q4,287,206,0.7177700348432056,9.307692307692308,19.0,1.0791869460931953,1.0,0.0
BVY,2023-11-21,2023Q4,512,387,0.755859375,5.615384615384615,0,1.377007822642994,1.0,0.0
BVY,2023-11-24,2023Q4,284,138,0.4859154929577465,9.076923076923077,20.0,1.4985442418824522,1.0,0.0
BVY,2023-11-25,2023Q4,356,257,0.7219101123595506,4.3076923076923075,0,1.04148743507637,1.0,0.0
BVY,2023-11-26,2023Q4,400,333,0.8325,6.384615384615385,18.0,2.205737301532716,0.8461538461538461,0.0
BVY,2023-11-27,2023Q4,180,116,0.6444444444444445,10.0,23.0,3.7051411747840044,1.0,0.0
BVY,2023-11-28,2023Q4,106,73,0.6886792452830188,11.923076923076923,24.0,3.6841075411183053,1.0,0.0
BVY,2023-11-29,2023Q4,251,197,0.7848605577689243,6.769230769230769,20.0,1.3555873756044827,1.0,0.0
BVY,2023-11-30,2023Q4,325,247,0.76,7.923076923076923,0,3.9877790933605013,1.0,0.0
BVY,2023-12-01,2023Q4,329,249,0.756838905775076,6.461538461538462,0,4.22567825693813,0.6923076923076923,0.3076923076923077
BVY,2023-12-02,2023Q4,52,47,0.9038461538461539,4.384615384615385,0,1.3163738155010496,0.23076923076923078,0.0
BVY,2023-12-04,2023Q4,115,68,0.591304347826087,2.6153846153846154,0,0.8946938541559372,0.46153846153846156,0.15384615384615385
BVY,2023-12-05,2023Q4,96,88,0.9166666666666666,6.153846153846154,0,1.9693722793585655,0.7692307692307693,0.0
BVY,2023-12-06,2023Q4,220,157,0.7136363636363636,6.230769230769231,0,3.5130212687282434,0.5384615384615384,0.23076923076923078
BVY,2023-12-07,2023Q4,340,301,0.8852941176470588,3.923076923076923,0,0.7317803312432847,1.0,0.0
BVY,2023-12-08,2023Q4,323,308,0.9535603715170279,2.076923076923077,0,0.5073762582825478,1.0,0.0
BVY,2023-12-09,2023Q4,299,225,0.7525083612040134,6.461538461538462,0,2.4895239645528875,0.6153846153846154,0.0
BVY,2023-12-11,2023Q4,41,20,0.4878048780487805,9.923076923076923,24.0,3.639749354011699,0.6923076923076923,0.23076923076923078
BVY,2023-12-12,2023Q4,370,280,0.7567567567567568,8.153846153846153,17.0,3.8197002360901324,1.0,0.0
BVY,2023-12-13,2023Q4,275,182,0.6618181818181819,10.23076923076923,24.0,3.5770186261703896,1.0,0.0
BVY,2023-12-14,2023Q4,340,299,0.8794117647058823,6.461538461538462,16.0,2.1351668478442196,1.0,0.0
BVY,2023-12-15,2023Q4,397,333,0.8387909319899244,6.384615384615385,15.0,1.4738389625543487,1.0,0.0
BVY,2023-12-16,2023Q4,471,415,0.881104033970276,4.846153846153846,0,1.4871213328627326,1.0,0.0
BVY,2023-12-17,2023Q4,46,44,0.9565217391304348,7.615384615384615,0,2.619155264039861,0.07692307692307693,0.23076923076923078
BVY,2023-12-19,2023Q4,320,229,0.715625,8.076923076923077,0,2.9206873743670894,1.0,0.0
BVY,2023-12-20,2023Q4,354,292,0.8248587570621468,7.461538461538462,0,1.1000732780197109,1.0,0.0
BVY,2023-12-21,2023Q4,169,126,0.7455621301775148,11.307692307692308,22.0,2.6473675758417157,1.0,0.0
BVY,2023-12-22,2023Q4,263,189,0.7186311787072244,3.076923076923077,0,0.7775711628325603,1.0,0.0
BVY,2023-12-23,2023Q4,242,209,0.8636363636363636,3.6923076923076925,0,2.3463128881848223,1.0,0.0
BVY,2023-12-24,2023Q4,62,50,0.8064516129032258,1.2307692307692308,0,0.374775116529141,0.5384615384615384,0.0
BVY,2023-12-26,2023Q4,43,37,0.8604651162790697,3.0,0,1.0042414605042411,0.23076923076923078,0.0
BVY,2023-12-27,2023Q4,99,66,0.6666666666666666,2.076923076923077,0,0.7284858655919166,0.3076923076923077,0.15384615384615385
BVY,2023-12-30,2023Q4,58,44,0.7586206896551724,7.923076923076923,21.0,1.9868312289120598,0.38461538461538464,0.3076923076923077
BVY,2023-12-31,2023Q4,261,214,0.8199233716475096,5.3076923076923075,0,1.5483191678105825,0.9230769230769231,0.0
BVY,2024-01-01,2024Q1,208,137,0.6586538461538461,4.153846153846154,0,1.5741110935424045,1.0,0.0
BVY,2024-01-02,2024Q1,353,247,0.6997167138810199,3.3076923076923075,0,0.9475425355702509,1.0,0.0
BVY,2024-01-03,2024Q1,275,213,0.7745454545454545,3.5384615384615383,0,0.8245264060269464,1.0,0.0
BVY,2024-01-04,2024Q1,270,228,0.8444444444444444,10.076923076923077,26.0,1.5296854844430783,1.0,0.0
BVY,2024-01-05,2024Q1,189,134,0.708994708994709,10.307692307692308,27.0,2.997366389606058,1.0,0.0
BVY,2024-01-06,2024Q1,295,274,0.9288135593220339,5.769230769230769,15.0,1.5516269089110228,0.6923076923076923,0.3076923076923077
BVY,2024-01-08,2024Q1,71,44,0.6197183098591549,7.615384615384615,20.0,1.106443208150875,1.0,0.0
BVY,2024-01-09,2024Q1,356,274,0.7696629213483146,5.846153846153846,27.0,1.8674388601063088,0.6923076923076923,0.15384615384615385
BVY,2024-01-10,2024Q1,37,26,0.7027027027027027,12.461538461538462,27.0,2.632314547876883,0.8461538461538461,0.07692307692307693
BVY,2024-01-11,2024Q1,318,291,0.9150943396226415,7.923076923076923,19.0,1.6355707491402305,1.0,0.0
BVY,2024-01-12,2024Q1,372,311,0.8360215053763441,5.615384615384615,0,1.8786251343625675,1.0,0.0
BVY,2024-01-14,2024Q1,53,35,0.660377358490566,16.23076923076923,35.0,5.862298642093843,1.0,0.0
BVY,2024-01-15,2024Q1,315,231,0.7333333333333333,5.3076923076923075,0,1.7930348640723575,1.0,0.0
BVY,2024-01-17,2024Q1,66,38,0.5757575757575758,9.4,19.0,3.4558882868379697,1.0,0.0
BVY,2024-01-18,2024Q1,308,271,0.8798701298701299,7.461538461538462,0,1.9528517135268286,1.0,0.0
BVY,2024-01-19,2024Q1,320,241,0.753125,7.461538461538462,18.0,2.523455024762185,1.0,0.0
BVY,2024-01-20,2024Q1,263,188,0.714828897338403,10.384615384615385,22.0,2.316103618153327,0.6923076923076923,0.3076923076923077
BVY,2024-01-21,2024Q1,259,178,0.6872586872586872,11.23076923076923,26.0,2.1976154909986896,1.0,0.0
BVY,2024-01-22,2024Q1,318,218,0.6855345911949685,7.461538461538462,0,3.210328693560155,1.0,0.0
BVY,2024-01-23,2024Q1,290,235,0.8103448275862069,5.923076923076923,17.0,1.5385696162664313,1.0,0.0
BVY,2024-01-25,2024Q1,158,106,0.6708860759493671,3.4615384615384617,0,1.4494867073614561,0.6923076923076923,0.0
BVY,2024-01-27,2024Q1,41,36,0.8780487804878049,3.4615384615384617,0,1.1934266958685678,0.15384615384615385,0.0
BVY,2024-01-30,2024Q1,161,116,0.7204968944099379,7.615384615384615,20.0,2.895268128545141,0.38461538461538464,0.0
BVY,2024-01-31,2024Q1,429,377,0.8787878787878788,4.6923076923076925,0,1.900796934760146,0.9230769230769231,0.0
BVY,2024-02-01,2024Q1,307,240,0.7817589576547231,6.3076923076923075,17.0,2.405441068958248,0.38461538461538464,0.0
BVY,2024-02-02,2024Q1,261,211,0.8084291187739464,4.461538461538462,15.0,2.5871046828274236,0.7692307692307693,0.07692307692307693
BVY,2024-02-03,2024Q1,305,266,0.8721311475409836,8.923076923076923,22.0,4.7185639162601705,0.9230769230769231,0.0
BVY,2024-02-04,2024Q1,337,249,0.7388724035608308,8.692307692307692,16.0,1.4503466458243766,1.0,0.0
BVY,2024-02-05,2024Q1,215,123,0.5720930232558139,8.615384615384615,24.0,3.0764199772082703,1.0,0.0
BVY,2024-02-06,2024Q1,324,218,0.6728395061728395,9.166666666666666,19.0,6.322437687329109,0.3333333333333333,0.0
BVY,2024-02-07,2024Q1,320,229,0.715625,4.615384615384615,17.0,2.0564507956182223,0.8461538461538461,0.0
BVY,2024-02-08,2024Q1,402,284,0.7064676616915423,3.3076923076923075,0,0.8321002734663702,1.0,0.0
BVY,2024-02-09,2024Q1,308,250,0.8116883116883117,6.769230769230769,0,3.9210015065456574,1.0,0.0
BVY,2024-02-10,2024Q1,378,279,0.7380952380952381,6.0,17.0,2.423135390773801,0.8461538461538461,0.07692307692307693
BVY,2024-02-11,2024Q1,248,112,0.45161290322580644,8.153846153846153,22.0,3.5457688281625255,1.0,0.0
BVY,2024-02-12,2024Q1,217,124,0.5714285714285714,4.461538461538462,0,1.1157926214260707,1.0,0.0
BVY,2024-02-15,2024Q1,278,189,0.6798561151079137,8.615384615384615,22.0,2.9182644096408126,1.0,0.0
BVY,2024-02-17,2024Q1,293,262,0.89419795221843,7.153846153846154,17.0,2.333799225021786,0.9230769230769231,0.07692307692307693
BVY,2024-02-18,2024Q1,154,131,0.8506493506493507,9.384615384615385,24.0,3.1081918429775324,1.0,0.0
BVY,2024-02-19,2024Q1,358,253,0.7067039106145251,8.461538461538462,20.0,2.1126183587145184,1.0,0.0
BVY,2024-02-20,2024Q1,332,280,0.8433734939759037,3.230769230769231,0,1.134895974023553,1.0,0.0
BVY,2024-02-21,2024Q1,278,244,0.8776978417266187,6.538461538461538,0,1.322352104714368,1.0,0.0
BVY,2024-02-22,2024Q1,312,237,0.7596153846153846,6.076923076923077,0,2.589506134969084,1.0,0.0
BVY,2024-02-24,2024Q1,208,149,0.7163461538461539,12.923076923076923,27.0,2.104549515171957,1.0,0.0
BVY,2024-02-25,2024Q1,396,354,0.8939393939393939,5.076923076923077,0,1.9721556974426142,1.0,0.0
BVY,2024-02-26,2024Q1,214,141,0.6588785046728972,9.461538461538462,22.0,3.7272195669223134,1.0,0.0
BVY,2024-02-27,2024Q1,250,203,0.812,4.769230769230769,0,1.1499701567375977,0.9230769230769231,0.0
BVY,2024-03-01,2024Q1,301,231,0.7674418604651163,9.076923076923077,24.0,3.044770476002072,1.0,0.0
BVY,2024-03-02,2024Q1,239,203,0.8493723849372385,6.769230769230769,0,2.7254096070308007,0.38461538461538464,0.46153846153846156
BVY,2024-03-03,2024Q1,62,52,0.8387096774193549,8.076923076923077,20.0,2.5682958360783563,0.3076923076923077,0.0
BVY,2024-03-04,2024Q1,82,58,0.7073170731707317,7.636363636363637,18.0,3.4226290619151865,0.18181818181818182,0.0
BVY,2024-03-06,2024Q1,103,86,0.8349514563106796,5.0,0,1.239050793091933,0.3076923076923077,0.23076923076923078
BVY,2024-03-08,2024Q1,359,285,0.7938718662952646,7.769230769230769,26.0,4.093125931047082,1.0,0.0
BVY,2024-03-09,2024Q1,225,202,0.8977777777777778,10.461538461538462,23.0,2.0585748826485,0.0,0.0
BVY,2024-03-10,2024Q1,73,50,0.684931506849315,12.0,29.0,4.159788943898039,0.5384615384615384,0.15384615384615385
BVY,2024-03-12,2024Q1,131,101,0.7709923664122137,15.153846153846153,38.0,2.6373406176198224,1.0,0.0
BVY,2024-03-13,2024Q1,395,350,0.8860759493670886,6.3076923076923075,17.0,1.3342885009216034,1.0,0.0
BVY,2024-03-14,2024Q1,441,370,0.8390022675736961,5.923076923076923,0,1.537696881844344,1.0,0.0
BVY,2024-03-16,2024Q1,420,290,0.6904761904761905,5.230769230769231,0,0.7512611333343029,0.8461538461538461,0.0
BVY,2024-03-17,2024Q1,73,84,1.1506849315068493,10.384615384615385,22.0,4.907765721293093,0.6923076923076923,0.23076923076923078
BVY,2024-03-18,2024Q1,165,75,0.45454545454545453,11.307692307692308,29.0,3.67687734129034,1.0,0.0
BVY,2024-03-19,2024Q1,215,157,0.7302325581395349,12.307692307692308,28.0,3.5495992989369043,1.0,0.0
BVY,2024-03-20,2024Q1,303,203,0.66996699669967,8.846153846153847,28.0,2.8175387603758724,0.6153846153846154,0.3076923076923077
BVY,2024-03-21,2024Q1,37,20,0.5405405405405406,17.083333333333332,40.0,6.178626130790021,1.0,0.0
BVY,2024-03-24,2024Q1,349,225,0.6446991404011462,10.0,24.0,2.8846516239391935,1.0,0.0
BVY,2024-03-25,2024Q1,95,57,0.6,14.076923076923077,29.0,7.903167227158196,1.0,0.0
BVY,2024-03-27,2024Q1,93,80,0.8602150537634409,3.1538461538461537,0,0.7869206858015926,0.3076923076923077,0.0
BVY,2024-03-29,2024Q1,46,32,0.6956521739130435,15.76923076923077,39.0,2.3384386042962677,0.5384615384615384,0.46153846153846156
BVY,2024-03-30,2024Q1,87,59,0.6781609195402298,12.76923076923077,30.0,4.663895731391424,1.0,0.0
BVY,2024-03-31,2024Q1,302,221,0.7317880794701986,8.153846153846153,20.0,1.9104821651866726,1.0,0.0
BVY,2024-04-01,2024Q2,382,334,0.8743455497382199,6.615384615384615,0,1.0352635972450213,1.0,0.0
BVY,2024-04-02,2024Q2,399,298,0.7468671679197995,8.538461538461538,19.0,4.244333337205377,0.8461538461538461,0.0
BVY,2024-04-03,2024Q2,109,57,0.5229357798165137,12.461538461538462,32.0,2.264073040863945,0.46153846153846156,0.46153846153846156
BVY,2024-04-05,2024Q2,183,161,0.8797814207650273,10.153846153846153,22.0,3.96472523611973,0.6153846153846154,0.0
BVY,2024-04-06,2024Q2,77,58,0.7532467532467533,9.615384615384615,21.0,4.014998784673678,0.38461538461538464,0.5384615384615384
BVY,2024-04-07,2024Q2,365,311,0.852054794520548,7.538461538461538,20.0,4.046137402440999,1.0,0.0
BVY,2024-04-08,2024Q2,299,201,0.6722408026755853,4.615384615384615,0,1.0510953930254454,1.0,0.0
BVY,2024-04-09,2024Q2,497,372,0.7484909456740443,7.461538461538462,0,2.318325787409809,1.0,0.0
BVY,2024-04-10,2024Q2,320,299,0.934375,8.615384615384615,17.0,2.1277640053523945,0.9230769230769231,0.07692307692307693
BVY,2024-04-13,2024Q2,285,192,0.6736842105263158,12.384615384615385,30.0,4.880079770829261,1.0,0.0
BVY,2024-04-14,2024Q2,257,226,0.8793774319066148,9.846153846153847,28.0,2.9518710977490312,0.9230769230769231,0.07692307692307693
BVY,2024-04-15,2024Q2,207,170,0.821256038647343,8.615384615384615,29.0,3.857917843673489,0.9230769230769231,0.0
BVY,2024-04-16,2024Q2,350,270,0.7714285714285715,8.923076923076923,24.0,2.5921339087573214,1.0,0.0
BVY,2024-04-17,2024Q2,462,290,0.6277056277056277,9.0,0,1.5436544939837056,1.0,0.0
BVY,2024-04-18,2024Q2,254,209,0.8228346456692913,6.230769230769231,0,2.4661408572888566,0.6923076923076923,0.3076923076923077
BVY,2024-04-19,2024Q2,441,235,0.5328798185941043,10.461538461538462,24.0,1.6312913217082188,1.0,0.0
BVY,2024-04-20,2024Q2,116,76,0.6551724137931034,5.6923076923076925,14.0,2.6387543801424256,0.46153846153846156,0.3076923076923077
BVY,2024-04-21,2024Q2,369,269,0.7289972899728997,9.153846153846153,24.0,2.9484607958797935,1.0,0.0
BVY,2024-04-22,2024Q2,271,171,0.6309963099630996,10.23076923076923,28.0,2.2226168422602037,1.0,0.0
BVY,2024-04-23,2024Q2,264,218,0.8257575757575758,12.153846153846153,28.0,2.983549486625077,1.0,0.0
BVY,2024-04-24,2024Q2,332,265,0.7981927710843374,11.923076923076923,33.0,3.2740153793566855,0.7692307692307693,0.23076923076923078
BVY,2024-04-25,2024Q2,452,343,0.7588495575221239,7.916666666666667,18.0,2.222186249141353,1.0,0.0
BVY,2024-04-26,2024Q2,475,368,0.7747368421052632,9.153846153846153,15.0,1.85601639825744,1.0,0.0
BVY,2024-04-27,2024Q2,490,440,0.8979591836734694,7.230769230769231,0,1.522543613688505,1.0,0.0
BVY,2024-04-28,2024Q2,504,386,0.7658730158730159,7.384615384615385,0,2.3864963122026865,0.9230769230769231,0.0
BVY,2024-04-29,2024Q2,315,268,0.8507936507936508,7.076923076923077,20.0,1.3645024199170475,1.0,0.0
BVY,2024-04-30,2024Q2,310,258,0.832258064516129,8.384615384615385,18.0,2.3066936125838073,1.0,0.0
BVY,2024-05-01,2024Q2,30,17,0.5666666666666667,4.538461538461538,0,1.9031336178167206,0.15384615384615385,0.0
BVY,2024-05-02,2024Q2,253,221,0.8735177865612648,8.23076923076923,24.0,4.406049719595677,0.6153846153846154,0.23076923076923078
BVY,2024-05-03,2024Q2,283,236,0.833922261484099,7.153846153846154,16.0,2.4642423435499827,0.5384615384615384,0.0
BVY,2024-05-04,2024Q2,359,335,0.9331476323119777,6.3076923076923075,0,2.3924484423670083,0.6153846153846154,0.0
BVY,2024-05-05,2024Q2,47,33,0.7021276595744681,8.692307692307692,0,1.3387600199031482,0.15384615384615385,0.46153846153846156
BVY,2024-05-06,2024Q2,254,166,0.6535433070866141,4.538461538461538,0,1.0928342516920184,0.7692307692307693,0.0
BVY,2024-05-07,2024Q2,464,263,0.5668103448275862,7.0,0,1.7609382820656037,1.0,0.0
BVY,2024-05-09,2024Q2,357,237,0.6638655462184874,7.769230769230769,19.0,2.3968111557258647,0.8461538461538461,0.0
BVY,2024-05-10,2024Q2,343,187,0.5451895043731778,8.0,19.0,3.2012318061288725,1.0,0.0
BVY,2024-05-11,2024Q2,353,278,0.7875354107648725,6.769230769230769,19.0,1.872487152336272,0.6153846153846154,0.0
BVY,2024-05-12,2024Q2,298,194,0.6510067114093959,4.461538461538462,0,1.8596243317055172,1.0,0.0
BVY,2024-05-13,2024Q2,303,198,0.6534653465346535,10.0,23.0,1.0812886353218618,1.0,0.0
BVY,2024-05-14,2024Q2,417,224,0.5371702637889688,10.307692307692308,24.0,5.623038570474364,1.0,0.0
BVY,2024-05-15,2024Q2,429,275,0.6410256410256411,6.428571428571429,0,2.4711939904772464,0.9285714285714286,0.07142857142857142
BVY,2024-05-16,2024Q2,190,80,0.42105263157894735,7.928571428571429,18.0,4.243067232105562,0.8571428571428571,0.07142857142857142
BVY,2024-05-17,2024Q2,422,225,0.533175355450237,8.5,21.0,4.843883685591309,1.0,0.0
BVY,2024-05-18,2024Q2,41,29,0.7073170731707317,10.071428571428571,24.0,6.373179081470164,0.2857142857142857,0.21428571428571427
BVY,2024-05-19,2024Q2,34,21,0.6176470588235294,7.928571428571429,20.0,4.931036622600361,0.07142857142857142,0.21428571428571427
BVY,2024-05-20,2024Q2,242,138,0.5702479338842975,6.214285714285714,0,1.8350715336056531,0.5,0.0
BVY,2024-05-21,2024Q2,102,51,0.5,6.642857142857143,0,2.0901461244965986,1.0,0.0
BVY,2024-05-22,2024Q2,469,233,0.4968017057569296,8.5,19.0,4.761237232996804,1.0,0.0
BVY,2024-05-23,2024Q2,282,170,0.6028368794326241,8.285714285714286,20.0,2.998020926768199,0.9285714285714286,0.07142857142857142
BVY,2024-05-24,2024Q2,320,139,0.434375,10.785714285714286,27.0,1.8128270392160473,1.0,0.0
BVY,2024-05-25,2024Q2,425,294,0.691764705882353,7.071428571428571,0,1.464376725343019,1.0,0.0
BVY,2024-05-26,2024Q2,339,225,0.6637168141592921,4.857142857142857,0,1.1795549425059233,1.0,0.0
BVY,2024-05-28,2024Q2,260,138,0.5307692307692308,8.357142857142858,19.0,1.7145633589162703,0.7857142857142857,0.0
BVY,2024-05-30,2024Q2,172,96,0.5581395348837209,7.357142857142857,20.0,4.8209155783471145,0.35714285714285715,0.5714285714285714
BVY,2024-05-31,2024Q2,463,277,0.5982721382289417,6.642857142857143,20.0,1.3292233894463645,1.0,0.0
BVY,2024-06-01,2024Q2,409,249,0.60880195599022,5.642857142857143,17.0,2.1227082497020344,1.0,0.0
BVY,2024-06-02,2024Q2,294,181,0.6156462585034014,3.5,0,0.8174941731065128,1.0,0.0
BVY,2024-06-03,2024Q2,349,172,0.49283667621776506,7.357142857142857,21.0,2.5330451691363343,1.0,0.0
BVY,2024-06-04,2024Q2,415,254,0.6120481927710844,6.785714285714286,0,1.6229581014001526,0.9285714285714286,0.0
BVY,2024-06-05,2024Q2,355,144,0.4056338028169014,6.857142857142857,0,2.9520961519588096,1.0,0.0
BVY,2024-06-07,2024Q2,278,160,0.5755395683453237,7.0,17.0,1.5073295520049568,0.5714285714285714,0.0
BVY,2024-06-08,2024Q2,219,84,0.3835616438356164,12.357142857142858,28.0,2.6769541972369373,1.0,0.0
BVY,2024-06-09,2024Q2,115,63,0.5478260869565217,5.357142857142857,15.0,1.7344252851843993,0.5714285714285714,0.35714285714285715
BVY,2024-06-10,2024Q2,355,147,0.4140845070422535,7.642857142857143,18.0,2.2675478409441765,1.0,0.0
BVY,2024-06-11,2024Q2,445,331,0.7438202247191011,5.928571428571429,0,1.4240431788653112,0.8571428571428571,0.0
BVY,2024-06-12,2024Q2,452,178,0.3938053097345133,5.928571428571429,0,1.5934677874159504,1.0,0.0
BVY,2024-06-13,2024Q2,436,157,0.36009174311926606,9.071428571428571,18.0,3.4275619500392596,1.0,0.0
BVY,2024-06-14,2024Q2,129,44,0.34108527131782945,7.357142857142857,21.0,3.5522913473057423,0.7857142857142857,0.21428571428571427
BVY,2024-06-15,2024Q2,315,102,0.3238095238095238,10.0,22.0,2.6831109534303414,0.9285714285714286,0.0
BVY,2024-06-16,2024Q2,432,199,0.46064814814814814,7.285714285714286,0,1.9150664895442788,1.0,0.0
BVY,2024-06-17,2024Q2,364,139,0.38186813186813184,9.571428571428571,20.0,6.05786655004607,1.0,0.0
BVY,2024-06-18,2024Q2,345,216,0.6260869565217392,6.0,0,1.5382148811514595,1.0,0.0
BVY,2024-06-19,2024Q2,342,158,0.4619883040935672,8.214285714285714,20.0,2.6248523038275904,1.0,0.0
BVY,2024-06-20,2024Q2,261,95,0.36398467432950193,8.285714285714286,32.0,2.444383215867093,0.9285714285714286,0.07142857142857142
BVY,2024-06-21,2024Q2,175,107,0.6114285714285714,7.285714285714286,21.0,3.743249766797179,0.9285714285714286,0.07142857142857142
BVY,2024-06-23,2024Q2,47,20,0.425531914893617,8.642857142857142,20.0,4.7182919479924434,0.6428571428571429,0.0
BVY,2024-06-24,2024Q2,365,149,0.40821917808219177,10.928571428571429,26.0,3.841468481801339,1.0,0.0
BVY,2024-06-25,2024Q2,465,315,0.6774193548387096,7.571428571428571,16.0,1.9488053150382698,1.0,0.0
BVY,2024-06-26,2024Q2,291,165,0.5670103092783505,10.928571428571429,22.0,2.935833642137655,0.9285714285714286,0.07142857142857142
BVY,2024-06-27,2024Q2,358,197,0.5502793296089385,9.214285714285714,21.0,1.4827574350210928,1.0,0.0
BVY,2024-06-28,2024Q2,345,257,0.744927536231884,9.785714285714286,20.0,2.3029603886685197,1.0,0.0
BVY,2024-06-29,2024Q2,336,231,0.6875,9.0,20.0,5.435657481002806,0.7142857142857143,0.14285714285714285
BVY,2024-06-30,2024Q2,119,56,0.47058823529411764,9.071428571428571,26.0,4.70442800581671,1.0,0.0
BVY,2024-07-01,2024Q3,236,139,0.5889830508474576,6.428571428571429,19.0,3.9661158536781724,0.8571428571428571,0.14285714285714285
BVY,2024-07-02,2024Q3,476,288,0.6050420168067226,6.071428571428571,0,2.0339523798597092,0.9285714285714286,0.07142857142857142
BVY,2024-07-03,2024Q3,506,334,0.6600790513833992,7.928571428571429,0,1.943757652083826,1.0,0.0
BVY,2024-07-04,2024Q3,163,77,0.4723926380368098,8.428571428571429,19.0,3.4262520264064675,1.0,0.0
BVY,2024-07-05,2024Q3,61,32,0.5245901639344263,6.428571428571429,0,2.943685063581287,0.35714285714285715,0.14285714285714285
BVY,2024-07-07,2024Q3,404,291,0.7202970297029703,4.785714285714286,0,1.105265954316863,1.0,0.0
BVY,2024-07-08,2024Q3,393,228,0.5801526717557252,4.857142857142857,0,0.9729918020042072,1.0,0.0
BVY,2024-07-09,2024Q3,325,194,0.5969230769230769,8.214285714285714,19.0,4.908918125458243,1.0,0.0
BVY,2024-07-10,2024Q3,226,142,0.6283185840707964,10.428571428571429,27.0,7.27622599555701,1.0,0.0
BVY,2024-07-11,2024Q3,64,28,0.4375,12.5,28.0,8.266777059144758,0.5714285714285714,0.0
BVY,2024-07-12,2024Q3,292,121,0.4143835616438356,10.214285714285714,22.0,4.259299917933354,1.0,0.0
BVY,2024-07-13,2024Q3,130,44,0.3384615384615385,8.214285714285714,18.0,4.5895437128654475,0.6428571428571429,0.21428571428571427
BVY,2024-07-14,2024Q3,439,273,0.621867881548975,6.357142857142857,0,1.4047503121389724,1.0,0.0
BVY,2024-07-15,2024Q3,208,93,0.44711538461538464,7.571428571428571,22.0,3.249820057138092,0.9285714285714286,0.07142857142857142
BVY,2024-07-16,2024Q3,234,111,0.47435897435897434,10.571428571428571,22.0,4.295145531106764,1.0,0.0
BVY,2024-07-17,2024Q3,367,255,0.6948228882833788,8.214285714285714,19.0,3.6140398666501063,0.8571428571428571,0.14285714285714285
BVY,2024-07-18,2024Q3,377,107,0.2838196286472148,7.642857142857143,15.0,2.230796050752774,1.0,0.0
BVY,2024-07-19,2024Q3,492,160,0.3252032520325203,7.071428571428571,0,1.297491050525743,1.0,0.0
BVY,2024-07-20,2024Q3,392,160,0.40816326530612246,8.142857142857142,16.0,2.094895429593163,1.0,0.0
BVY,2024-07-21,2024Q3,495,164,0.33131313131313134,4.357142857142857,0,0.8902067922835322,1.0,0.0
BVY,2024-07-22,2024Q3,395,138,0.3493670886075949,6.5,0,1.8302502429456775,1.0,0.0
BVY,2024-07-23,2024Q3,278,154,0.5539568345323741,5.214285714285714,0,1.266026677293575,0.9285714285714286,0.0
BVY,2024-07-24,2024Q3,39,21,0.5384615384615384,6.5,0,1.894511845760468,0.0,0.0
BVY,2024-07-25,2024Q3,165,77,0.4666666666666667,7.357142857142857,26.0,2.283570613820241,0.5714285714285714,0.07142857142857142
BVY,2024-07-26,2024Q3,474,265,0.5590717299578059,8.357142857142858,21.0,1.6851547909505107,1.0,0.0
BVY,2024-07-27,2024Q3,443,279,0.6297968397291196,6.071428571428571,0,1.3448253018851646,1.0,0.0
BVY,2024-07-28,2024Q3,423,293,0.6926713947990544,5.5,0,1.6306158238360227,1.0,0.0
BVY,2024-07-29,2024Q3,77,48,0.6233766233766234,3.142857142857143,0,1.4421122577717171,0.35714285714285715,0.42857142857142855
BVY,2024-07-30,2024Q3,376,228,0.6063829787234043,10.142857142857142,21.0,6.3368743959239975,0.8571428571428571,0.0
BVY,2024-07-31,2024Q3,203,120,0.5911330049261084,9.714285714285714,23.0,5.162840232419927,0.5714285714285714,0.14285714285714285
BVY,2024-08-01,2024Q3,492,215,0.4369918699186992,7.571428571428571,17.0,1.8953930914592387,1.0,0.0
BVY,2024-08-02,2024Q3,401,238,0.5935162094763092,4.928571428571429,0,1.1476630890254298,0.8571428571428571,0.14285714285714285
BVY,2024-08-03,2024Q3,310,174,0.5612903225806452,7.857142857142857,18.0,1.8940928696115527,0.9285714285714286,0.0
BVY,2024-08-04,2024Q3,235,93,0.39574468085106385,7.071428571428571,20.0,2.416422329751383,0.7142857142857143,0.21428571428571427
BVY,2024-08-05,2024Q3,467,295,0.6316916488222698,5.642857142857143,0,1.4110187774666112,1.0,0.0
BVY,2024-08-06,2024Q3,70,41,0.5857142857142857,5.285714285714286,16.0,2.77774312853154,0.2857142857142857,0.42857142857142855
BVY,2024-08-07,2024Q3,262,194,0.7404580152671756,4.0,0,1.0044781237116323,0.42857142857142855,0.0
BVY,2024-08-08,2024Q3,477,266,0.5576519916142557,7.571428571428571,17.0,1.7562443036332918,0.9285714285714286,0.07142857142857142
BVY,2024-08-10,2024Q3,250,121,0.484,8.714285714285714,25.0,2.020179068641601,0.8571428571428571,0.14285714285714285
BVY,2024-08-11,2024Q3,328,160,0.4878048780487805,8.357142857142858,20.0,2.7039187587710365,1.0,0.0
BVY,2024-08-12,2024Q3,307,162,0.5276872964169381,7.785714285714286,23.0,1.5314944495863767,0.9285714285714286,0.07142857142857142
BVY,2024-08-13,2024Q3,394,247,0.6269035532994924,6.571428571428571,18.0,1.9495277732796594,1.0,0.0
BVY,2024-08-14,2024Q3,442,360,0.8144796380090498,3.4285714285714284,0,1.114407188904832,1.0,0.0
BVY,2024-08-15,2024Q3,243,198,0.8148148148148148,3.857142857142857,19.0,1.5476775647729077,0.7142857142857143,0.14285714285714285
BVY,2024-08-16,2024Q3,238,175,0.7352941176470589,4.428571428571429,0,1.4290440982522963,0.42857142857142855,0.0
BVY,2024-08-17,2024Q3,292,218,0.7465753424657534,7.857142857142857,0,2.3453969148956815,0.42857142857142855,0.0
BVY,2024-08-18,2024Q3,96,63,0.65625,4.5,0,1.0000131844732563,0.2857142857142857,0.07142857142857142
BVY,2024-08-20,2024Q3,424,235,0.5542452830188679,8.846153846153847,19.0,2.551809871413374,0.7692307692307693,0.07692307692307693
BVY,2024-08-21,2024Q3,327,204,0.6238532110091743,6.1,0,1.9495941794671239,0.9,0.1
BVY,2024-08-22,2024Q3,428,203,0.4742990654205608,8.0,0,2.9144024411496785,1.0,0.0
BVY,2024-08-23,2024Q3,485,228,0.47010309278350515,4.769230769230769,0,1.5996558677148502,1.0,0.0
BVY,2024-08-24,2024Q3,394,222,0.5634517766497462,4.714285714285714,0,1.0432564540126332,1.0,0.0
BVY,2024-08-25,2024Q3,393,200,0.5089058524173028,3.857142857142857,0,0.4704579531845286,1.0,0.0
BVY,2024-08-26,2024Q3,334,150,0.4491017964071856,4.5,0,1.5512424202693305,1.0,0.0
BVY,2024-08-27,2024Q3,299,135,0.451505016722408,5.142857142857143,0,0.6014426010259165,0.7857142857142857,0.0
BVY,2024-08-28,2024Q3,269,150,0.5576208178438662,9.642857142857142,23.0,2.15197345413303,1.0,0.0
BVY,2024-08-29,2024Q3,414,271,0.6545893719806763,5.769230769230769,16.0,1.627624571610992,0.9230769230769231,0.0
BVY,2024-08-30,2024Q3,327,204,0.6238532110091743,6.785714285714286,19.0,2.3824686627804987,0.9285714285714286,0.0
BVY,2024-08-31,2024Q3,270,186,0.6888888888888889,7.428571428571429,18.0,2.3915207669195655,0.9285714285714286,0.0
BVY,2024-09-01,2024Q3,189,80,0.42328042328042326,9.5,21.0,4.160453459048324,0.9285714285714286,0.0
BVY,2024-09-02,2024Q3,288,171,0.59375,8.214285714285714,24.0,1.7537784490197008,1.0,0.0
BVY,2024-09-03,2024Q3,280,144,0.5142857142857142,6.357142857142857,22.0,1.9483796820078145,1.0,0.0
BVY,2024-09-04,2024Q3,361,285,0.7894736842105263,5.642857142857143,0,1.0330786942812273,1.0,0.0
BVY,2024-09-05,2024Q3,374,255,0.6818181818181818,7.071428571428571,0,1.6509682586178938,1.0,0.0
BVY,2024-09-06,2024Q3,61,26,0.4262295081967213,6.857142857142857,16.0,4.307268727071838,0.0,0.0
BVY,2024-09-07,2024Q3,361,224,0.6204986149584487,6.857142857142857,0,1.8392220171908953,1.0,0.0
BVY,2024-09-08,2024Q3,287,121,0.42160278745644597,10.846153846153847,24.0,3.503635931617014,1.0,0.0
BVY,2024-09-09,2024Q3,336,141,0.41964285714285715,8.928571428571429,23.0,1.900853519398776,1.0,0.0
BVY,2024-09-10,2024Q3,390,222,0.5692307692307692,6.5,19.0,1.6654407180720214,1.0,0.0
BVY,2024-09-11,2024Q3,484,360,0.743801652892562,5.5,0,1.2161993581403008,1.0,0.0
BVY,2024-09-12,2024Q3,388,323,0.8324742268041238,5.0,14.0,1.467297675121957,1.0,0.0
BVY,2024-09-13,2024Q3,329,191,0.5805471124620061,4.785714285714286,0,1.3276403971073292,0.9285714285714286,0.0
BVY,2024-09-14,2024Q3,198,123,0.6212121212121212,6.5,0,3.132359518436679,0.9285714285714286,0.0
BVY,2024-09-15,2024Q3,299,166,0.5551839464882943,5.214285714285714,17.0,0.9554028465240152,0.8571428571428571,0.0
BVY,2024-09-17,2024Q3,387,305,0.7881136950904393,3.857142857142857,0,0.7478892782402722,1.0,0.0
BVY,2024-09-18,2024Q3,391,245,0.6265984654731458,3.857142857142857,0,0.5782861628684659,0.6428571428571429,0.0
BVY,2024-09-19,2024Q3,43,27,0.627906976744186,7.214285714285714,0,5.4464069204841525,0.07142857142857142,0.14285714285714285
BVY,2024-09-22,2024Q3,209,102,0.4880382775119617,8.785714285714286,26.0,4.709871751833056,0.5,0.07142857142857142
BVY,2024-09-23,2024Q3,321,166,0.5171339563862928,7.214285714285714,18.0,2.970172083192228,1.0,0.0
BVY,2024-09-24,2024Q3,382,221,0.5785340314136126,7.857142857142857,16.0,3.515670742426752,0.8571428571428571,0.0
BVY,2024-09-25,2024Q3,317,245,0.7728706624605678,8.0,19.0,2.238386730538857,0.9285714285714286,0.0
BVY,2024-09-27,2024Q3,389,283,0.7275064267352185,4.357142857142857,0,1.1147984121096934,1.0,0.0
BVY,2024-09-28,2024Q3,390,248,0.6358974358974359,5.357142857142857,0,1.9758620150071315,0.7142857142857143,0.0
BVY,2024-09-29,2024Q3,252,172,0.6825396825396826,3.2857142857142856,0,0.7641868020238898,0.5,0.0
BVY,2024-09-30,2024Q3,302,166,0.5496688741721855,3.9285714285714284,0,0.9425602767146356,1.0,0.0
BVY,2024-10-01,2024Q4,300,220,0.7333333333333333,6.928571428571429,17.0,2.8548730893137266,0.5714285714285714,0.0
BVY,2024-10-02,2024Q4,370,211,0.5702702702702702,5.357142857142857,0,2.233244810979927,0.9285714285714286,0.0
BVY,2024-10-03,2024Q4,389,312,0.8020565552699229,5.857142857142857,0,1.247601943153125,1.0,0.0
BVY,2024-10-04,2024Q4,345,244,0.7072463768115942,4.928571428571429,0,1.3736692635941548,0.9285714285714286,0.0
BVY,2024-10-05,2024Q4,422,263,0.6232227488151659,5.928571428571429,17.0,1.8376542581098436,0.9285714285714286,0.0
BVY,2024-10-06,2024Q4,372,263,0.706989247311828,4.142857142857143,0,1.4960703815591871,0.8571428571428571,0.0
BVY,2024-10-07,2024Q4,31,27,0.8709677419354839,6.071428571428571,0,1.5349744271467443,0.07142857142857142,0.5
BVY,2024-10-08,2024Q4,254,194,0.7637795275590551,6.285714285714286,19.0,2.062526617751907,1.0,0.0
BVY,2024-10-09,2024Q4,417,271,0.6498800959232613,7.0,20.0,2.169658709856921,1.0,0.0
BVY,2024-10-10,2024Q4,205,129,0.6292682926829268,11.142857142857142,24.0,2.371510891342911,1.0,0.0
BVY,2024-10-11,2024Q4,372,252,0.6774193548387096,7.071428571428571,20.0,1.672502996150876,1.0,0.0
BVY,2024-10-12,2024Q4,41,17,0.4146341463414634,11.857142857142858,31.0,3.4197927612592083,1.0,0.0
BVY,2024-10-13,2024Q4,220,170,0.7727272727272727,3.2857142857142856,0,1.707775337550056,0.35714285714285715,0.5
BVY,2024-10-15,2024Q4,246,164,0.6666666666666666,9.071428571428571,22.0,3.290482980289984,1.0,0.0
BVY,2024-10-16,2024Q4,196,141,0.7193877551020408,9.714285714285714,24.0,2.3971274029412877,1.0,0.0
BVY,2024-10-17,2024Q4,415,267,0.6433734939759036,3.357142857142857,0,1.4154548254793566,1.0,0.0
BVY,2024-10-18,2024Q4,324,217,0.6697530864197531,6.214285714285714,19.0,2.781124525264115,1.0,0.0
BVY,2024-10-19,2024Q4,342,243,0.7105263157894737,4.071428571428571,0,0.9763455176379301,1.0,0.0
BVY,2024-10-20,2024Q4,370,222,0.6,5.571428571428571,0,1.6232184264717395,1.0,0.0
BVY,2024-10-21,2024Q4,324,174,0.5370370370370371,6.285714285714286,21.0,1.5460795909950966,1.0,0.0
BVY,2024-10-22,2024Q4,172,119,0.6918604651162791,4.428571428571429,0,1.5270435386677326,1.0,0.0
BVY,2024-10-23,2024Q4,277,157,0.5667870036101083,8.428571428571429,23.0,5.615237666405805,0.7857142857142857,0.0
BVY,2024-10-24,2024Q4,301,209,0.6943521594684385,8.5,21.0,2.5061829466990937,1.0,0.0
BVY,2024-10-25,2024Q4,430,285,0.6627906976744186,5.714285714285714,0,2.31609503423623,1.0,0.0
BVY,2024-10-26,2024Q4,230,135,0.5869565217391305,10.5,26.0,2.7170139219383787,1.0,0.0
BVY,2024-10-27,2024Q4,307,156,0.50814332247557,8.76923076923077,22.0,1.9450878406531105,1.0,0.0
BVY,2024-10-28,2024Q4,272,169,0.6213235294117647,4.5,0,1.6700440167638855,0.9285714285714286,0.0
BVY,2024-10-29,2024Q4,276,210,0.7608695652173914,7.357142857142857,18.0,2.4725047578175663,1.0,0.0
BVY,2024-10-30,2024Q4,150,101,0.6733333333333333,5.0,0,2.012315099365676,0.5,0.0
BVY,2024-10-31,2024Q4,377,226,0.5994694960212201,7.785714285714286,0,2.963323302674714,1.0,0.0
BVY,2024-11-01,2024Q4,128,88,0.6875,12.307692307692308,30.0,3.9508675616059064,1.0,0.0
BVY,2024-11-02,2024Q4,308,215,0.698051948051948,7.0,15.0,2.5112783641958374,1.0,0.0
BVY,2024-11-03,2024Q4,352,289,0.8210227272727273,3.1538461538461537,0,0.6495389841594446,1.0,0.0
BVY,2024-11-04,2024Q4,265,193,0.7283018867924528,3.6923076923076925,0,1.3074929974391247,0.9230769230769231,0.0
BVY,2024-11-05,2024Q4,217,122,0.5622119815668203,9.384615384615385,16.0,4.114930623684824,1.0,0.0
BVY,2024-11-06,2024Q4,230,118,0.5130434782608696,12.538461538461538,27.0,3.335376406092973,1.0,0.0
BVY,2024-11-07,2024Q4,301,113,0.3754152823920266,10.846153846153847,23.0,2.299299495262864,1.0,0.0
BVY,2024-11-08,2024Q4,183,77,0.4207650273224044,12.692307692307692,30.0,3.8731248536286733,1.0,0.0
BVY,2024-11-09,2024Q4,156,93,0.5961538461538461,11.307692307692308,28.0,2.0888191042166224,1.0,0.0
BVY,2024-11-10,2024Q4,309,174,0.5631067961165048,7.923076923076923,23.0,3.919002171006862,1.0,0.0
BVY,2024-11-11,2024Q4,211,128,0.6066350710900474,10.384615384615385,26.0,2.715823341892355,1.0,0.0
BVY,2024-11-13,2024Q4,217,147,0.6774193548387096,7.230769230769231,21.0,4.722063762224574,1.0,0.0
BVY,2024-11-14,2024Q4,328,219,0.6676829268292683,5.769230769230769,17.0,3.3319726473634748,1.0,0.0
BVY,2024-11-15,2024Q4,410,252,0.6146341463414634,9.076923076923077,24.0,2.2642322058780326,1.0,0.0
BVY,2024-11-16,2024Q4,299,158,0.5284280936454849,10.615384615384615,23.0,1.7939565601350256,1.0,0.0
BVY,2024-11-17,2024Q4,408,284,0.696078431372549,7.6923076923076925,20.0,1.2599595130689136,1.0,0.0
BVY,2024-11-18,2024Q4,234,153,0.6538461538461539,7.3076923076923075,23.0,1.304611967671447,0.7692307692307693,0.07692307692307693
BVY,2024-11-19,2024Q4,248,180,0.7258064516129032,10.23076923076923,22.0,2.167202293960784,0.9230769230769231,0.0
BVY,2024-11-20,2024Q4,306,231,0.7549019607843137,5.153846153846154,0,1.9896459245943743,0.9230769230769231,0.0
BVY,2024-11-22,2024Q4,328,246,0.75,8.076923076923077,22.0,2.6280797214376532,0.8461538461538461,0.15384615384615385
BVY,2024-11-24,2024Q4,46,12,0.2608695652173913,14.923076923076923,34.0,6.754571447759805,1.0,0.0
BVY,2024-11-25,2024Q4,188,123,0.6542553191489362,8.307692307692308,22.0,2.7258948936604708,1.0,0.0
BVY,2024-11-26,2024Q4,121,84,0.6942148760330579,4.769230769230769,18.0,1.9486712174441425,0.38461538461538464,0.46153846153846156
BVY,2024-11-27,2024Q4,301,171,0.5681063122923588,7.846153846153846,24.0,1.995905397334663,0.9230769230769231,0.0
BVY,2024-11-29,2024Q4,219,135,0.6164383561643836,6.846153846153846,25.0,1.0995731489378802,1.0,0.0
BVY,2024-11-30,2024Q4,253,205,0.8102766798418972,8.384615384615385,17.0,2.341296734517571,1.0,0.0
BVY,2024-12-01,2024Q4,271,206,0.7601476014760148,7.0,19.0,0.9055216939892521,1.0,0.0
BVY,2024-12-02,2024Q4,232,146,0.6293103448275862,6.230769230769231,0,1.3488622888794517,1.0,0.0
BVY,2024-12-03,2024Q4,289,188,0.6505190311418685,4.615384615384615,16.0,1.5015127850421488,1.0,0.0
BVY,2024-12-04,2024Q4,235,150,0.6382978723404256,6.769230769230769,20.0,3.057704243160953,1.0,0.0
BVY,2024-12-05,2024Q4,77,47,0.6103896103896104,8.461538461538462,21.0,2.5244704418152093,0.5384615384615384,0.23076923076923078
BVY,2024-12-06,2024Q4,117,75,0.6410256410256411,11.076923076923077,31.0,4.450061461535262,1.0,0.0
BVY,2024-12-07,2024Q4,327,181,0.5535168195718655,5.3076923076923075,17.0,1.9209241129420085,1.0,0.0
BVY,2024-12-08,2024Q4,233,104,0.44635193133047213,9.0,23.0,1.9810331715693603,1.0,0.0
BVY,2024-12-09,2024Q4,243,181,0.7448559670781894,5.153846153846154,0,0.9676049363239998,0.46153846153846156,0.38461538461538464
BVY,2024-12-12,2024Q4,162,104,0.6419753086419753,12.846153846153847,30.0,3.6701831986139926,1.0,0.0
BVY,2024-12-13,2024Q4,261,188,0.7203065134099617,9.153846153846153,27.0,2.9288910423267307,1.0,0.0
BVY,2024-12-14,2024Q4,296,242,0.8175675675675675,5.615384615384615,0,1.5443525630766348,1.0,0.0
BVY,2024-12-15,2024Q4,266,161,0.6052631578947368,1.9230769230769231,0,0.5763242865389554,1.0,0.0
BVY,2024-12-16,2024Q4,130,76,0.5846153846153846,6.538461538461538,16.0,2.1023287938610222,0.15384615384615385,0.0
BVY,2024-12-17,2024Q4,130,62,0.47692307692307695,10.0,24.0,1.850591099410593,0.8461538461538461,0.0
BVY,2024-12-18,2024Q4,321,255,0.794392523364486,5.538461538461538,0,2.142096337330509,0.9230769230769231,0.07692307692307693
BVY,2024-12-19,2024Q4,340,200,0.5882352941176471,9.384615384615385,23.0,2.47052692130875,1.0,0.0
BVY,2024-12-20,2024Q4,43,35,0.813953488372093,8.846153846153847,21.0,5.927413513491863,0.0,0.6923076923076923
BVY,2024-12-21,2024Q4,45,34,0.7555555555555555,13.076923076923077,31.0,2.197183920696911,1.0,0.0
BVY,2024-12-22,2024Q4,83,58,0.6987951807228916,10.692307692307692,0,1.4134510348692997,1.0,0.0
BVY,2024-12-23,2024Q4,250,170,0.68,3.923076923076923,0,1.5441335348702987,1.0,0.0
BVY,2024-12-26,2024Q4,238,266,1.1176470588235294,1.9230769230769231,0,0.6180038947830955,0.6923076923076923,0.0
BVY,2024-12-27,2024Q4,407,265,0.6511056511056511,2.230769230769231,0,1.0649116626605226,1.0,0.0
BVY,2024-12-31,2024Q4,374,259,0.6925133689839572,5.615384615384615,0,1.5782545579640492,1.0,0.0
BVY,2025-01-03,2025Q1,60,18,0.3,12.307692307692308,31.0,3.5446386163337613,1.0,0.0
BVY,2025-01-04,2025Q1,134,99,0.7388059701492538,10.538461538461538,29.0,2.8334035307565135,1.0,0.0
BVY,2025-01-05,2025Q1,174,132,0.7586206896551724,9.615384615384615,26.0,2.1320676922803314,1.0,0.0
BVY,2025-01-06,2025Q1,266,211,0.793233082706767,8.307692307692308,17.0,2.0380008426957668,1.0,0.0
BVY,2025-01-10,2025Q1,197,126,0.6395939086294417,10.0,28.0,2.305337016691451,1.0,0.0
BVY,2025-01-12,2025Q1,208,143,0.6875,4.6923076923076925,0,0.9225367054955491,1.0,0.0
BVY,2025-01-13,2025Q1,315,165,0.5238095238095238,3.076923076923077,0,1.1046571091044541,1.0,0.0
BVY,2025-01-14,2025Q1,184,94,0.5108695652173914,11.307692307692308,26.0,4.185928880066397,1.0,0.0
BVY,2025-01-15,2025Q1,83,107,1.2891566265060241,13.0,30.0,1.8020457373096017,1.0,0.0
BVY,2025-01-16,2025Q1,337,270,0.8011869436201781,4.6923076923076925,0,1.7527543307262414,1.0,0.0
BVY,2025-01-17,2025Q1,362,245,0.6767955801104972,4.3076923076923075,0,1.0925006974698623,1.0,0.0
BVY,2025-01-18,2025Q1,151,119,0.7880794701986755,7.538461538461538,18.0,2.95490055511478,0.38461538461538464,0.38461538461538464
BVY,2025-01-19,2025Q1,208,171,0.8221153846153846,5.538461538461538,16.0,1.9026058231536496,0.6153846153846154,0.3076923076923077
BVY,2025-01-20,2025Q1,63,32,0.5079365079365079,10.0,23.0,2.4303773635286796,1.0,0.0
BVY,2025-01-21,2025Q1,73,44,0.6027397260273972,6.461538461538462,16.0,1.5160020355937738,1.0,0.0
BVY,2025-01-22,2025Q1,178,105,0.5898876404494382,3.5384615384615383,0,1.1142879098019534,1.0,0.0
BVY,2025-01-23,2025Q1,276,185,0.6702898550724637,7.769230769230769,18.0,2.786434979134054,1.0,0.0
BVY,2025-01-24,2025Q1,237,152,0.6413502109704642,6.076923076923077,0,1.7875181852282453,1.0,0.0
BVY,2025-01-25,2025Q1,264,181,0.6856060606060606,6.846153846153846,17.0,1.900279443659787,1.0,0.0
BVY,2025-01-26,2025Q1,110,54,0.4909090909090909,10.923076923076923,28.0,2.56695237215397,1.0,0.0
BVY,2025-01-27,2025Q1,181,98,0.5414364640883977,13.461538461538462,27.0,4.948422856669272,1.0,0.0
BVY,2025-01-28,2025Q1,48,26,0.5416666666666666,12.23076923076923,36.0,3.8316577355448542,0.9230769230769231,0.07692307692307693
BVY,2025-01-30,2025Q1,178,87,0.4887640449438202,10.153846153846153,26.0,4.26767183373196,1.0,0.0
BVY,2025-01-31,2025Q1,117,106,0.905982905982906,4.076923076923077,0,2.0369980211677228,0.23076923076923078,0.6923076923076923
BVY,2025-02-02,2025Q1,163,96,0.588957055214724,3.5384615384615383,0,1.1803020205622696,0.7692307692307693,0.0
BVY,2025-02-03,2025Q1,225,163,0.7244444444444444,6.3076923076923075,0,3.5788520822266814,1.0,0.0
BVY,2025-02-04,2025Q1,162,107,0.6604938271604939,13.538461538461538,32.0,2.2849997187411235,0.8461538461538461,0.0
BVY,2025-02-05,2025Q1,222,136,0.6126126126126126,9.076923076923077,24.0,1.73365324535125,1.0,0.0
BVY,2025-02-08,2025Q1,343,227,0.6618075801749271,5.153846153846154,0,1.477389247991929,1.0,0.0
BVY,2025-02-10,2025Q1,286,196,0.6853146853146853,7.769230769230769,20.0,2.828411094963078,1.0,0.0
BVY,2025-02-11,2025Q1,262,186,0.7099236641221374,9.307692307692308,19.0,3.2208159980726467,1.0,0.0
BVY,2025-02-12,2025Q1,265,209,0.7886792452830189,6.384615384615385,17.0,2.1039726832043835,0.15384615384615385,0.0
BVY,2025-02-15,2025Q1,268,160,0.5970149253731343,4.769230769230769,14.0,1.6028083536764668,0.8461538461538461,0.15384615384615385
BVY,2025-02-19,2025Q1,252,153,0.6071428571428571,10.0,25.0,3.833107184790531,1.0,0.0
BVY,2025-02-20,2025Q1,258,211,0.8178294573643411,4.6923076923076925,0,2.5078286865199755,0.5384615384615384,0.0
BVY,2025-02-21,2025Q1,162,93,0.5740740740740741,15.923076923076923,31.0,2.283877070714664,1.0,0.0
BVY,2025-02-22,2025Q1,267,199,0.7453183520599251,9.0,24.0,3.4143245513949996,1.0,0.0
BVY,2025-02-23,2025Q1,311,164,0.5273311897106109,8.076923076923077,21.0,2.5869048955471134,1.0,0.0
BVY,2025-02-24,2025Q1,339,264,0.7787610619469026,7.6923076923076925,21.0,3.51311806234482,1.0,0.0
BVY,2025-02-25,2025Q1,292,201,0.6883561643835616,4.384615384615385,0,2.347120941219381,1.0,0.0
BVY,2025-02-26,2025Q1,262,125,0.4770992366412214,9.384615384615385,22.0,2.99967310304117,1.0,0.0
BVY,2025-02-27,2025Q1,56,23,0.4107142857142857,7.769230769230769,22.0,3.0142054711753,0.46153846153846156,0.5384615384615384
BVY,2025-02-28,2025Q1,173,75,0.43352601156069365,10.923076923076923,31.0,3.646702222626744,1.0,0.0
BVY,2025-03-01,2025Q1,151,105,0.695364238410596,11.0,33.0,6.690692002910432,0.7692307692307693,0.23076923076923078
BVY,2025-03-02,2025Q1,87,41,0.47126436781609193,12.615384615384615,32.0,3.226781975256012,1.0,0.0
BVY,2025-03-03,2025Q1,230,152,0.6608695652173913,6.076923076923077,15.0,1.2255192597297184,1.0,0.0
BVY,2025-03-04,2025Q1,168,88,0.5238095238095238,12.538461538461538,28.0,6.450720515576093,1.0,0.0
BVY,2025-03-05,2025Q1,171,115,0.672514619883041,9.0,22.0,5.195292966386068,0.9230769230769231,0.07692307692307693
BVY,2025-03-06,2025Q1,62,45,0.7258064516129032,6.461538461538462,17.0,2.6803655629333516,0.3076923076923077,0.15384615384615385
BVY,2025-03-09,2025Q1,240,86,0.35833333333333334,11.692307692307692,34.0,2.683920248375932,1.0,0.0
BVY,2025-03-10,2025Q1,241,110,0.45643153526970953,9.846153846153847,24.0,3.1265099586562988,1.0,0.0
BVY,2025-03-11,2025Q1,304,217,0.7138157894736842,10.23076923076923,27.0,7.166645039896597,1.0,0.0
BVY,2025-03-12,2025Q1,357,201,0.5630252100840336,7.3076923076923075,18.0,2.5976340991202296,1.0,0.0
BVY,2025-03-13,2025Q1,277,154,0.555956678700361,9.307692307692308,20.0,1.9268706085896798,0.7692307692307693,0.0
BVY,2025-03-14,2025Q1,240,153,0.6375,5.461538461538462,0,0.918009337082877,0.7692307692307693,0.0
BVY,2025-03-15,2025Q1,156,126,0.8076923076923077,8.307692307692308,19.0,3.7563302374342347,0.6153846153846154,0.0
BVY,2025-03-18,2025Q1,278,174,0.6258992805755396,7.0,21.0,3.880152794367225,1.0,0.0
BVY,2025-03-19,2025Q1,361,248,0.6869806094182825,5.6923076923076925,0,2.3309421065846783,0.7692307692307693,0.0
BVY,2025-03-22,2025Q1,178,114,0.6404494382022472,11.615384615384615,28.0,4.473593205927581,1.0,0.0
BVY,2025-03-23,2025Q1,124,45,0.3629032258064516,14.076923076923077,34.0,3.637675011059627,1.0,0.0
BVY,2025-03-24,2025Q1,82,60,0.7317073170731707,7.923076923076923,20.0,1.7443129376836939,0.15384615384615385,0.7692307692307693
BVY,2025-03-25,2025Q1,291,128,0.43986254295532645,8.923076923076923,22.0,2.0704937954491616,0.8461538461538461,0.0
BVY,2025-03-26,2025Q1,307,228,0.742671009771987,4.846153846153846,0,0.9994911066677612,1.0,0.0
BVY,2025-03-27,2025Q1,258,140,0.5426356589147286,10.76923076923077,25.0,3.0694930075436417,1.0,0.0
BVY,2025-03-28,2025Q1,193,73,0.37823834196891193,10.846153846153847,31.0,3.2380602973516805,1.0,0.0
BVY,2025-04-01,2025Q2,100,40,0.4,15.461538461538462,37.0,2.408334873449926,1.0,0.0
BVY,2025-04-02,2025Q2,338,254,0.7514792899408284,9.307692307692308,19.0,2.8031999096139084,1.0,0.0
BVY,2025-04-04,2025Q2,313,188,0.6006389776357828,10.153846153846153,23.0,2.9480236271629354,1.0,0.0
BVY,2025-04-05,2025Q2,150,142,0.9466666666666667,10.076923076923077,22.0,2.165121417765867,0.38461538461538464,0.5384615384615384
BVY,2025-04-06,2025Q2,210,190,0.9047619047619048,3.923076923076923,0,1.0474863848753417,0.38461538461538464,0.5384615384615384
BVY,2025-04-09,2025Q2,349,278,0.7965616045845272,10.615384615384615,24.0,2.8628602604807187,1.0,0.0
BVY,2025-04-10,2025Q2,419,357,0.8520286396181385,5.3076923076923075,0,1.1815744719721786,1.0,0.0
BVY,2025-04-11,2025Q2,250,255,1.02,6.3076923076923075,16.0,2.3848693284759497,0.6153846153846154,0.0
BVY,2025-04-14,2025Q2,391,299,0.7647058823529411,9.307692307692308,21.0,2.9466889024195377,1.0,0.0
BVY,2025-04-15,2025Q2,228,194,0.8508771929824561,7.0,39.0,2.832393549863606,0.6923076923076923,0.3076923076923077
BVY,2025-04-16,2025Q2,125,92,0.736,13.384615384615385,29.0,4.29292597360184,1.0,0.0
BVY,2025-04-17,2025Q2,272,195,0.7169117647058824,12.076923076923077,26.0,4.065606252135632,1.0,0.0
BVY,2025-04-18,2025Q2,355,278,0.7830985915492957,9.833333333333334,28.0,5.448655815473011,0.9166666666666666,0.0
BVY,2025-04-19,2025Q2,190,153,0.8052631578947368,12.0,28.0,4.409537897232045,1.0,0.0
BVY,2025-04-21,2025Q2,482,424,0.8796680497925311,8.416666666666666,19.0,1.56617633552945,0.9166666666666666,0.0
BVY,2025-04-22,2025Q2,157,124,0.7898089171974523,4.076923076923077,0,0.9214701762736335,0.38461538461538464,0.07692307692307693
BVY,2025-04-23,2025Q2,343,291,0.8483965014577259,7.538461538461538,20.0,2.4732078086209603,0.9230769230769231,0.0
BVY,2025-04-24,2025Q2,287,278,0.9686411149825784,8.615384615384615,22.0,1.0325997210284763,1.0,0.0
BVY,2025-04-25,2025Q2,406,363,0.8940886699507389,5.0,0,1.5777939134924148,1.0,0.0
BVY,2025-04-27,2025Q2,48,38,0.7916666666666666,15.153846153846153,35.0,2.6365783762946893,0.6153846153846154,0.38461538461538464
BVY,2025-04-28,2025Q2,361,249,0.6897506925207756,8.76923076923077,20.0,2.1208122666406948,1.0,0.0
BVY,2025-04-29,2025Q2,133,111,0.8345864661654135,13.428571428571429,25.0,6.3931306921269595,1.0,0.0
BVY,2025-04-30,2025Q2,105,90,0.8571428571428571,12.666666666666666,27.0,1.6445788376272625,1.0,0.0
BVY,2025-05-01,2025Q2,446,349,0.7825112107623319,8.545454545454545,0,1.9082138784530152,1.0,0.0
BVY,2025-05-02,2025Q2,144,123,0.8541666666666666,5.846153846153846,0,1.5751834662896975,0.46153846153846156,0.0
BVY,2025-05-03,2025Q2,224,179,0.7991071428571429,8.076923076923077,31.0,3.972543453870448,0.9230769230769231,0.07692307692307693
BVY,2025-05-04,2025Q2,101,91,0.900990099009901,7.0,0,3.4842803577547437,0.15384615384615385,0.15384615384615385
BVY,2025-05-07,2025Q2,285,256,0.8982456140350877,7.230769230769231,16.0,2.5414232798861627,0.9230769230769231,0.0
BVY,2025-05-08,2025Q2,405,366,0.9037037037037037,6.769230769230769,0,2.094363595118018,1.0,0.0
BVY,2025-05-10,2025Q2,41,34,0.8292682926829268,9.384615384615385,24.0,2.7166082334904447,0.3076923076923077,0.5384615384615384
BVY,2025-05-11,2025Q2,231,193,0.8354978354978355,13.461538461538462,29.0,2.674256501159877,1.0,0.0
BVY,2025-05-12,2025Q2,292,188,0.6438356164383562,10.846153846153847,26.0,3.9167833075831613,1.0,0.0
BVY,2025-05-13,2025Q2,372,290,0.7795698924731183,7.923076923076923,17.0,1.7570252331048968,1.0,0.0
BVY,2025-05-14,2025Q2,403,302,0.749379652605459,5.6923076923076925,0,1.0836108985954775,1.0,0.0
BVY,2025-05-16,2025Q2,277,229,0.8267148014440433,5.857142857142857,0,1.8322440241772548,0.5714285714285714,0.0
BVY,2025-05-17,2025Q2,83,79,0.9518072289156626,7.714285714285714,0,2.369780094243799,0.42857142857142855,0.0
BVY,2025-05-18,2025Q2,211,191,0.9052132701421801,11.571428571428571,28.0,3.61645039597851,1.0,0.0
BVY,2025-05-19,2025Q2,36,25,0.6944444444444444,17.785714285714285,34.0,3.113576414115218,1.0,0.0
BVY,2025-05-20,2025Q2,329,299,0.9088145896656535,8.642857142857142,20.0,3.0329950297488533,0.8571428571428571,0.0
BVY,2025-05-21,2025Q2,186,157,0.8440860215053764,7.357142857142857,20.0,2.2180541363628383,0.14285714285714285,0.14285714285714285
BVY,2025-05-23,2025Q2,155,128,0.8258064516129032,6.785714285714286,24.0,0.9135817836103644,0.2857142857142857,0.35714285714285715
BVY,2025-05-24,2025Q2,185,151,0.8162162162162162,7.428571428571429,25.0,2.7380996546968124,0.6428571428571429,0.2857142857142857
BVY,2025-05-25,2025Q2,218,196,0.8990825688073395,9.071428571428571,25.0,1.6687246212668634,1.0,0.0
BVY,2025-05-26,2025Q2,197,130,0.6598984771573604,7.142857142857143,0,1.4387345028286027,1.0,0.0
BVY,2025-05-27,2025Q2,415,332,0.8,6.642857142857143,18.0,2.114472999031754,1.0,0.0
BVY,2025-05-28,2025Q2,375,302,0.8053333333333333,7.785714285714286,19.0,4.164843167450525,1.0,0.0
BVY,2025-05-29,2025Q2,171,144,0.8421052631578947,6.642857142857143,0,1.1714789027284962,1.0,0.0
BVY,2025-05-30,2025Q2,331,287,0.8670694864048338,5.928571428571429,17.0,2.946759085332404,0.9285714285714286,0.07142857142857142
BVY,2025-06-01,2025Q2,119,105,0.8823529411764706,12.857142857142858,30.0,1.599163299473909,1.0,0.0
BVY,2025-06-02,2025Q2,315,235,0.746031746031746,7.142857142857143,18.0,2.234096842324066,1.0,0.0
BVY,2025-06-03,2025Q2,466,401,0.8605150214592274,6.785714285714286,0,1.53675144165684,1.0,0.0
BVY,2025-06-04,2025Q2,375,316,0.8426666666666667,7.071428571428571,0,3.4524096340548143,1.0,0.0
BVY,2025-06-05,2025Q2,352,337,0.9573863636363636,5.214285714285714,0,1.1736487605629833,1.0,0.0
BVY,2025-06-06,2025Q2,209,188,0.8995215311004785,5.142857142857143,0,2.2661024608025953,0.9285714285714286,0.07142857142857142
BVY,2025-06-08,2025Q2,291,272,0.9347079037800687,7.5,15.0,2.6413022835415383,0.42857142857142855,0.0
BVY,2025-06-09,2025Q2,42,30,0.7142857142857143,7.0,0,2.5964642058316794,0.07142857142857142,0.07142857142857142
BVY,2025-06-11,2025Q2,336,317,0.9434523809523809,9.642857142857142,22.0,2.1307453859513736,1.0,0.0
BVY,2025-06-12,2025Q2,157,125,0.7961783439490446,12.428571428571429,30.0,3.530249701036493,1.0,0.0
BVY,2025-06-13,2025Q2,406,358,0.8817733990147784,6.428571428571429,0,1.4262437116583448,1.0,0.0
BVY,2025-06-14,2025Q2,86,69,0.8023255813953488,5.142857142857143,0,2.2445608836503244,0.5,0.2857142857142857
BVY,2025-06-15,2025Q2,230,227,0.9869565217391304,6.714285714285714,0,1.8557791060906395,0.8571428571428571,0.0
BVY,2025-06-16,2025Q2,283,261,0.9222614840989399,7.357142857142857,16.0,1.9461016236024686,0.8571428571428571,0.0
BVY,2025-06-17,2025Q2,66,57,0.8636363636363636,8.0,18.0,1.028959280182128,0.35714285714285715,0.21428571428571427
BVY,2025-06-18,2025Q2,61,59,0.9672131147540983,4.714285714285714,0,2.0743848924181725,0.14285714285714285,0.07142857142857142
BVY,2025-06-19,2025Q2,169,128,0.757396449704142,8.0,24.0,3.3701005492618874,0.7142857142857143,0.0
BVY,2025-06-20,2025Q2,44,38,0.8636363636363636,16.5,41.0,5.237705655876974,1.0,0.0
BVY,2025-06-21,2025Q2,255,219,0.8588235294117647,6.0,14.0,1.5244314185082701,1.0,0.0
BVY,2025-06-22,2025Q2,92,87,0.9456521739130435,9.285714285714286,21.0,3.1094943122298866,0.8571428571428571,0.14285714285714285
BVY,2025-06-23,2025Q2,238,178,0.7478991596638656,6.785714285714286,0,1.6960331163631845,1.0,0.0
BVY,2025-06-24,2025Q2,137,101,0.7372262773722628,7.714285714285714,18.0,2.6691254734291525,1.0,0.0
BVY,2025-06-25,2025Q2,214,156,0.7289719626168224,6.714285714285714,0,1.8849182640339281,1.0,0.0
BVY,2025-06-26,2025Q2,210,168,0.8,6.785714285714286,16.0,3.3213120483059293,0.9285714285714286,0.07142857142857142
BVY,2025-06-27,2025Q2,352,284,0.8068181818181818,7.142857142857143,0,1.294660342814463,1.0,0.0
BVY,2025-06-29,2025Q2,185,174,0.9405405405405406,6.5,17.0,1.1199890318760517,0.7857142857142857,0.0
BVY,2025-06-30,2025Q2,200,144,0.72,5.769230769230769,0,1.0043106867450893,1.0,0.0
BVY,2025-07-01,2025Q3,166,133,0.8012048192771084,11.428571428571429,28.0,5.324618894407898,0.7142857142857143,0.07142857142857142
BVY,2025-07-02,2025Q3,271,254,0.9372693726937269,7.5,0,1.8399297967280488,1.0,0.0
BVY,2025-07-03,2025Q3,200,164,0.82,7.857142857142857,29.0,1.9434915405539186,1.0,0.0
BVY,2025-07-04,2025Q3,76,78,1.0263157894736843,10.0,23.0,2.105819059762489,1.0,0.0
BVY,2025-07-05,2025Q3,222,187,0.8423423423423423,5.142857142857143,0,1.692325989069291,1.0,0.0
BVY,2025-07-06,2025Q3,200,181,0.905,10.071428571428571,20.0,3.495733841494342,1.0,0.0
BVY,2025-07-07,2025Q3,267,176,0.6591760299625468,10.428571428571429,25.0,5.3786053839824515,0.9285714285714286,0.0
BVY,2025-07-08,2025Q3,197,146,0.7411167512690355,7.071428571428571,21.0,2.7432950340365636,0.8571428571428571,0.0
BVY,2025-07-11,2025Q3,168,154,0.9166666666666666,4.642857142857143,0,1.194071784674609,0.5714285714285714,0.0
BVY,2025-07-12,2025Q3,147,131,0.891156462585034,7.357142857142857,15.0,1.9698304565316516,0.7857142857142857,0.0
BVY,2025-07-13,2025Q3,247,224,0.9068825910931174,7.571428571428571,19.0,1.2648956591361962,0.7857142857142857,0.0
BVY,2025-07-14,2025Q3,273,227,0.8315018315018315,7.142857142857143,16.0,3.478268460216371,0.6428571428571429,0.0
BVY,2025-07-15,2025Q3,201,162,0.8059701492537313,6.642857142857143,0,1.963059119264894,0.9285714285714286,0.0
BVY,2025-07-16,2025Q3,166,125,0.7530120481927711,6.642857142857143,0,2.5962503240182397,1.0,0.0
BVY,2025-07-17,2025Q3,95,55,0.5789473684210527,11.428571428571429,27.0,5.336685566445102,0.6428571428571429,0.0
BVY,2025-07-18,2025Q3,92,135,1.4673913043478262,8.285714285714286,25.0,1.27009312707537,1.0,0.0
BVY,2025-07-19,2025Q3,287,243,0.8466898954703833,6.285714285714286,0,1.4552737463767929,1.0,0.0
BVY,2025-07-20,2025Q3,103,95,0.9223300970873787,8.0,30.0,3.1160001553097656,0.6428571428571429,0.07142857142857142
BVY,2025-07-21,2025Q3,187,149,0.7967914438502673,11.285714285714286,27.0,2.502063928719552,1.0,0.0
BVY,2025-07-22,2025Q3,257,231,0.8988326848249028,6.571428571428571,0,1.5904706053502977,1.0,0.0
BVY,2025-07-23,2025Q3,240,197,0.8208333333333333,7.0,19.0,1.7287301747680373,1.0,0.0
BVY,2025-07-24,2025Q3,258,204,0.7906976744186046,11.928571428571429,22.0,5.418097425949424,1.0,0.0
BVY,2025-07-25,2025Q3,143,110,0.7692307692307693,9.928571428571429,29.0,1.8213036261215307,1.0,0.0
BVY,2025-07-26,2025Q3,256,211,0.82421875,7.214285714285714,17.0,2.69318937019975,0.8571428571428571,0.0
BVY,2025-07-27,2025Q3,76,63,0.8289473684210527,7.071428571428571,17.0,3.672175875635264,0.2857142857142857,0.2857142857142857
BVY,2025-07-28,2025Q3,231,179,0.7748917748917749,5.428571428571429,0,1.024237350132311,0.8571428571428571,0.0
BVY,2025-07-29,2025Q3,164,137,0.8353658536585366,6.928571428571429,20.0,1.8441693942291817,1.0,0.0
BVY,2025-07-30,2025Q3,277,215,0.776173285198556,3.9285714285714284,0,0.6754576694253582,1.0,0.0
BVY,2025-07-31,2025Q3,94,101,1.074468085106383,7.071428571428571,19.0,5.476818623515161,0.2857142857142857,0.7142857142857143
BVY,2025-08-01,2025Q3,224,180,0.8035714285714286,5.928571428571429,17.0,3.528789655683989,0.7142857142857143,0.0
BVY,2025-08-02,2025Q3,305,242,0.7934426229508197,7.071428571428571,17.0,2.835322619421256,1.0,0.0
BVY,2025-08-03,2025Q3,335,290,0.8656716417910447,4.714285714285714,0,1.203470887713437,1.0,0.0
BVY,2025-08-04,2025Q3,229,193,0.8427947598253275,4.285714285714286,0,0.9395535480004321,1.0,0.0
BVY,2025-08-05,2025Q3,180,156,0.8666666666666667,6.642857142857143,21.0,3.5651010420227145,0.7142857142857143,0.0
BVY,2025-08-06,2025Q3,283,255,0.901060070671378,4.428571428571429,0,2.1078559616545793,1.0,0.0
BVY,2025-08-07,2025Q3,284,223,0.7852112676056338,5.5,0,1.2921283350638362,1.0,0.0
BVY,2025-08-08,2025Q3,329,279,0.8480243161094225,7.714285714285714,0,1.8113039725653632,1.0,0.0
BVY,2025-08-09,2025Q3,377,339,0.8992042440318302,7.285714285714286,16.0,1.2771310192534764,1.0,0.0
BVY,2025-08-10,2025Q3,334,254,0.7604790419161677,4.857142857142857,0,1.385045343593135,1.0,0.0
BVY,2025-08-11,2025Q3,335,241,0.7194029850746269,4.571428571428571,0,0.9825301268706349,0.8571428571428571,0.0
BVY,2025-08-12,2025Q3,214,171,0.7990654205607477,4.857142857142857,16.0,1.5576200024337417,1.0,0.0
BVY,2025-08-13,2025Q3,236,170,0.7203389830508474,8.0,17.0,3.014692777214004,0.8571428571428571,0.14285714285714285
BVY,2025-08-14,2025Q3,261,225,0.8620689655172413,5.285714285714286,28.0,1.5941564642612722,0.9285714285714286,0.07142857142857142
BVY,2025-08-15,2025Q3,212,222,1.0471698113207548,7.071428571428571,20.0,2.980717691170993,1.0,0.0
BVY,2025-08-16,2025Q3,258,233,0.9031007751937985,7.5,18.0,1.3407639965603662,1.0,0.0
BVY,2025-08-17,2025Q3,267,255,0.9550561797752809,7.857142857142857,27.0,3.0390507739397044,1.0,0.0
BVY,2025-08-18,2025Q3,396,276,0.696969696969697,7.928571428571429,22.0,3.9208299733206977,1.0,0.0
BVY,2025-08-19,2025Q3,271,229,0.8450184501845018,5.928571428571429,0,1.547725679968797,1.0,0.0
BVY,2025-08-20,2025Q3,156,150,0.9615384615384616,3.5,0,1.7490639601325526,0.5,0.5
BVY,2025-08-21,2025Q3,180,129,0.7166666666666667,10.0,23.0,5.232058460364596,0.5714285714285714,0.14285714285714285
BVY,2025-08-22,2025Q3,309,264,0.8543689320388349,8.0,20.0,3.757994163981813,1.0,0.0
BVY,2025-08-23,2025Q3,239,221,0.9246861924686193,9.0,22.0,5.214007192260645,1.0,0.0
BVY,2025-08-24,2025Q3,195,139,0.7128205128205128,10.428571428571429,24.0,6.773869894048855,1.0,0.0
BVY,2025-08-25,2025Q3,242,214,0.8842975206611571,4.5,29.0,1.374929380199969,0.5,0.07142857142857142
BVY,2025-08-26,2025Q3,227,211,0.9295154185022027,9.714285714285714,21.0,3.177488479530676,1.0,0.0
BVY,2025-08-27,2025Q3,243,218,0.897119341563786,6.0,18.0,1.9613672566241351,0.7857142857142857,0.14285714285714285
BVY,2025-08-28,2025Q3,255,229,0.8980392156862745,7.714285714285714,18.0,3.2898981141343016,1.0,0.0
BVY,2025-08-29,2025Q3,111,89,0.8018018018018018,7.0,21.0,2.8187532948405005,0.7142857142857143,0.2857142857142857
BVY,2025-08-30,2025Q3,330,310,0.9393939393939394,6.642857142857143,17.0,1.9870756489850503,1.0,0.0
BVY,2025-08-31,2025Q3,274,246,0.8978102189781022,6.071428571428571,18.0,1.032188507380098,1.0,0.0
BVY,2025-09-01,2025Q3,216,175,0.8101851851851852,4.928571428571429,0,3.0439834282886427,1.0,0.0
BVY,2025-09-02,2025Q3,281,261,0.9288256227758007,6.928571428571429,0,1.8722519353186076,1.0,0.0
BVY,2025-09-03,2025Q3,261,234,0.896551724137931,8.071428571428571,19.0,1.8064163069483532,1.0,0.0
BVY,2025-09-04,2025Q3,246,209,0.8495934959349594,8.714285714285714,19.0,2.6031735216973706,1.0,0.0
BVY,2025-09-05,2025Q3,92,61,0.6630434782608695,7.928571428571429,25.0,4.394119458617946,0.6428571428571429,0.0
BVY,2025-09-06,2025Q3,125,104,0.832,9.928571428571429,39.0,5.873138591709171,0.7142857142857143,0.21428571428571427
BVY,2025-09-08,2025Q3,277,216,0.779783393501805,5.357142857142857,0,1.4157653022223313,1.0,0.0
BVY,2025-09-09,2025Q3,276,251,0.9094202898550725,6.928571428571429,16.0,1.9146929804170418,1.0,0.0
BVY,2025-09-10,2025Q3,152,104,0.6842105263157895,7.357142857142857,17.0,3.9877890093069683,0.5714285714285714,0.0
BVY,2025-09-11,2025Q3,321,311,0.9688473520249221,4.642857142857143,20.0,1.5856430855992523,1.0,0.0
BVY,2025-09-12,2025Q3,253,245,0.9683794466403162,6.285714285714286,0,2.610546999524831,1.0,0.0
BVY,2025-09-13,2025Q3,294,279,0.9489795918367347,7.357142857142857,0,1.9167972239430833,0.9285714285714286,0.07142857142857142
BVY,2025-09-14,2025Q3,373,310,0.8310991957104558,3.642857142857143,0,0.8790726474637304,1.0,0.0
BVY,2025-09-15,2025Q3,239,209,0.8744769874476988,6.0,0,3.696182415756452,0.6153846153846154,0.0
BVY,2025-09-16,2025Q3,305,243,0.7967213114754098,3.0714285714285716,0,0.49190793473798794,0.7857142857142857,0.0
BVY,2025-09-17,2025Q3,293,282,0.962457337883959,5.0,0,1.4236341803712949,1.0,0.0
BVY,2025-09-18,2025Q3,115,98,0.8521739130434782,4.357142857142857,0,1.2577780782292118,0.42857142857142855,0.07142857142857142
BVY,2025-09-19,2025Q3,373,328,0.8793565683646113,8.857142857142858,23.0,2.1012137621249174,1.0,0.0
BVY,2025-09-20,2025Q3,331,280,0.8459214501510574,5.785714285714286,0,2.118920102041277,1.0,0.0
BVY,2025-09-21,2025Q3,291,241,0.8281786941580757,4.0,15.0,1.1657397919708818,1.0,0.0
BVY,2025-09-22,2025Q3,258,227,0.8798449612403101,5.428571428571429,0,1.1311801999640019,0.9285714285714286,0.0
BVY,2025-09-23,2025Q3,355,286,0.8056338028169014,7.714285714285714,18.0,2.113968523892852,1.0,0.0
BVY,2025-09-26,2025Q3,362,292,0.8066298342541437,5.714285714285714,0,1.571616534036767,1.0,0.0
BVY,2025-09-27,2025Q3,294,259,0.8809523809523809,5.714285714285714,0,2.0284906439284915,1.0,0.0
BVY,2025-09-29,2025Q3,248,191,0.7701612903225806,3.5,0,1.1792307268240079,1.0,0.0
BVY,2025-09-30,2025Q3,223,210,0.9417040358744395,5.285714285714286,16.0,2.569037752945886,1.0,0.0
BVY,2025-10-01,2025Q4,125,99,0.792,8.142857142857142,23.0,4.675437681570789,1.0,0.0
BVY,2025-10-02,2025Q4,254,208,0.8188976377952756,5.5,15.0,2.0001470367498544,1.0,0.0
BVY,2025-10-03,2025Q4,250,205,0.82,6.214285714285714,15.0,1.4265986704523244,1.0,0.0
BVY,2025-10-04,2025Q4,298,246,0.825503355704698,2.2857142857142856,0,0.7214117731244779,1.0,0.0
BVY,2025-10-05,2025Q4,273,218,0.7985347985347986,3.4285714285714284,0,0.7669828493692235,1.0,0.0
BVY,2025-10-06,2025Q4,292,240,0.821917808219178,8.071428571428571,17.0,3.5055209594454317,1.0,0.0
BVY,2025-10-07,2025Q4,130,112,0.8615384615384616,10.357142857142858,24.0,5.5592114724848045,0.8571428571428571,0.07142857142857142
BVY,2025-10-08,2025Q4,130,126,0.9692307692307692,7.714285714285714,19.0,1.8854209743870063,0.5,0.35714285714285715
BVY,2025-10-09,2025Q4,258,215,0.8333333333333334,8.928571428571429,21.0,1.6523976835667795,1.0,0.0
BVY,2025-10-10,2025Q4,251,213,0.848605577689243,6.071428571428571,0,2.6812908956850676,1.0,0.0
BVY,2025-10-11,2025Q4,294,259,0.8809523809523809,6.142857142857143,0,1.5866037435714497,1.0,0.0
BVY,2025-10-15,2025Q4,245,193,0.7877551020408163,10.142857142857142,25.0,2.1020033125992663,1.0,0.0
BVY,2025-10-16,2025Q4,123,95,0.7723577235772358,12.357142857142858,30.0,2.5696049260297293,1.0,0.0
BVY,2025-10-17,2025Q4,193,172,0.8911917098445595,6.142857142857143,20.0,2.6593647408673484,1.0,0.0
BVY,2025-10-18,2025Q4,290,267,0.9206896551724137,3.7857142857142856,0,0.9349424719535502,1.0,0.0
BVY,2025-10-19,2025Q4,318,287,0.9025157232704403,7.357142857142857,0,2.0923913697618155,1.0,0.0
BVY,2025-10-20,2025Q4,44,33,0.75,10.785714285714286,27.0,2.9333088599880845,0.42857142857142855,0.2857142857142857
BVY,2025-10-21,2025Q4,205,175,0.8536585365853658,8.714285714285714,22.0,2.7741123931484233,1.0,0.0
BVY,2025-10-22,2025Q4,73,68,0.9315068493150684,5.5,22.0,1.690328711979721,0.6428571428571429,0.2857142857142857
BVY,2025-10-23,2025Q4,311,217,0.6977491961414791,7.571428571428571,19.0,3.2514607758741603,1.0,0.0
BVY,2025-10-24,2025Q4,346,304,0.8786127167630058,4.857142857142857,0,1.5572917530035657,1.0,0.0
BVY,2025-10-25,2025Q4,301,269,0.893687707641196,4.857142857142857,0,1.5797681949831615,1.0,0.0
BVY,2025-10-26,2025Q4,207,174,0.8405797101449275,7.857142857142857,18.0,2.042658593666797,1.0,0.0
BVY,2025-10-27,2025Q4,285,233,0.8175438596491228,4.571428571428571,0,1.593761789341505,1.0,0.0
BVY,2025-10-28,2025Q4,130,110,0.8461538461538461,9.142857142857142,24.0,4.910931696822526,0.42857142857142855,0.0
BVY,2025-10-29,2025Q4,57,50,0.8771929824561403,6.285714285714286,20.0,4.468111749469416,0.07142857142857142,0.07142857142857142
BVY,2025-11-01,2025Q4,86,82,0.9534883720930233,11.538461538461538,25.0,3.942718768665632,1.0,0.0
BVY,2025-11-03,2025Q4,103,143,1.3883495145631068,7.6923076923076925,18.0,4.814092103252408,0.8461538461538461,0.07692307692307693
BVY,2025-11-04,2025Q4,34,28,0.8235294117647058,13.846153846153847,38.0,3.940263337438094,1.0,0.0
BVY,2025-11-05,2025Q4,335,259,0.7731343283582089,6.3076923076923075,19.0,3.590792880663105,0.9230769230769231,0.07692307692307693
BVY,2025-11-07,2025Q4,305,249,0.8163934426229508,8.153846153846153,20.0,3.630193295274567,1.0,0.0
BVY,2025-11-08,2025Q4,328,278,0.8475609756097561,6.538461538461538,17.0,1.943656142859839,0.9230769230769231,0.07692307692307693
BVY,2025-11-09,2025Q4,54,47,0.8703703703703703,10.0,30.0,3.682574385488981,0.15384615384615385,0.23076923076923078
BVY,2025-11-11,2025Q4,63,41,0.6507936507936508,13.23076923076923,29.0,3.878584536320548,1.0,0.0
BVY,2025-11-12,2025Q4,153,124,0.8104575163398693,7.384615384615385,22.0,2.5909534712862685,1.0,0.0
BVY,2025-11-13,2025Q4,297,277,0.9326599326599326,7.0,20.0,1.6541708797324584,1.0,0.0
BVY,2025-11-14,2025Q4,275,258,0.9381818181818182,8.307692307692308,20.0,1.6506020716960514,1.0,0.0
BVY,2025-11-15,2025Q4,384,336,0.875,5.923076923076923,16.0,1.6367673655231338,1.0,0.0
BVY,2025-11-16,2025Q4,34,31,0.9117647058823529,11.461538461538462,32.0,3.846044881344628,1.0,0.0
BVY,2025-11-18,2025Q4,128,102,0.796875,9.23076923076923,25.0,3.669758715447242,1.0,0.0
BVY,2025-11-19,2025Q4,329,279,0.8480243161094225,5.0,0,1.680435874022653,1.0,0.0
BVY,2025-11-20,2025Q4,233,211,0.9055793991416309,3.6923076923076925,0,1.7411109957293562,1.0,0.0
BVY,2025-11-21,2025Q4,202,170,0.8415841584158416,5.0,18.0,2.6278538086830405,0.9230769230769231,0.0
BVY,2025-11-22,2025Q4,151,133,0.8807947019867549,4.230769230769231,0,0.9106976859299949,0.5384615384615384,0.0
BVY,2025-11-23,2025Q4,258,211,0.8178294573643411,3.8461538461538463,0,0.9538786562012406,0.9230769230769231,0.07692307692307693
BVY,2025-11-24,2025Q4,235,173,0.7361702127659574,6.6923076923076925,22.0,1.1404887675668147,1.0,0.0
BVY,2025-11-25,2025Q4,268,213,0.7947761194029851,7.461538461538462,18.0,4.5441332861095445,0.9230769230769231,0.0
BVY,2025-11-26,2025Q4,45,33,0.7333333333333333,6.769230769230769,0,4.176043702344465,0.23076923076923078,0.0
BVY,2025-11-29,2025Q4,109,74,0.6788990825688074,10.615384615384615,28.0,3.5273609392643843,1.0,0.0
BVY,2025-11-30,2025Q4,174,157,0.9022988505747126,8.23076923076923,20.0,3.3711990218474637,0.46153846153846156,0.5384615384615384
BVY,2025-12-01,2025Q4,127,75,0.5905511811023622,9.461538461538462,32.0,2.398672015123548,1.0,0.0
BVY,2025-12-03,2025Q4,235,187,0.7957446808510639,5.769230769230769,16.0,1.7051180155388022,1.0,0.0
BVY,2025-12-04,2025Q4,138,126,0.9130434782608695,12.384615384615385,38.0,2.4941239284727468,0.8461538461538461,0.15384615384615385
BVY,2025-12-05,2025Q4,181,150,0.8287292817679558,5.538461538461538,0,3.220806458739162,1.0,0.0
BVY,2025-12-06,2025Q4,142,164,1.1549295774647887,2.4615384615384617,0,1.2205637784954628,0.6923076923076923,0.23076923076923078
BVY,2025-12-07,2025Q4,249,222,0.891566265060241,3.8461538461538463,0,1.3163787765262367,1.0,0.0
BVY,2025-12-08,2025Q4,109,84,0.7706422018348624,10.384615384615385,24.0,1.8247334660353498,1.0,0.0
BVY,2025-12-09,2025Q4,217,160,0.7373271889400922,6.461538461538462,0,3.113648552318159,0.9230769230769231,0.07692307692307693
BVY,2025-12-10,2025Q4,155,111,0.7161290322580646,10.384615384615385,24.0,6.914030924736737,0.7692307692307693,0.23076923076923078
BVY,2025-12-12,2025Q4,41,21,0.5121951219512195,13.076923076923077,32.0,3.050617105611155,1.0,0.0
BVY,2025-12-13,2025Q4,297,240,0.8080808080808081,6.769230769230769,22.0,3.3976133310699383,1.0,0.0
BVY,2025-12-16,2025Q4,238,106,0.44537815126050423,4.153846153846154,0,2.5480569213244113,1.0,0.0
BVY,2025-12-17,2025Q4,74,17,0.22972972972972974,11.0,26.0,5.078340619101547,1.0,0.0
BVY,2025-12-18,2025Q4,357,186,0.5210084033613446,6.6923076923076925,18.0,3.059150297996003,1.0,0.0
BVY,2025-12-20,2025Q4,217,142,0.6543778801843319,7.769230769230769,15.0,2.348961968354981,1.0,0.0
BVY,2025-12-22,2025Q4,181,97,0.5359116022099447,7.923076923076923,24.0,1.7269150612306703,1.0,0.0
BVY,2025-12-23,2025Q4,175,123,0.7028571428571428,3.6153846153846154,0,1.3378017369827047,0.5384615384615384,0.3076923076923077
BVY,2025-12-25,2025Q4,30,23,0.7666666666666667,12.23076923076923,33.0,1.9901254536815915,1.0,0.0
BVY,2025-12-26,2025Q4,88,52,0.5909090909090909,5.461538461538462,19.0,0.6143724981301583,1.0,0.0
BVY,2025-12-27,2025Q4,61,48,0.7868852459016393,5.153846153846154,20.0,2.625591273884811,0.7692307692307693,0.0
BVY,2025-12-28,2025Q4,191,141,0.7382198952879581,3.4615384615384617,0,1.2956605558754293,1.0,0.0
BVY,2025-12-31,2025Q4,63,28,0.4444444444444444,8.923076923076923,21.0,3.3483474849394246,1.0,0.0
BVY,2026-01-02,2026Q1,87,44,0.5057471264367817,8.923076923076923,21.0,1.7610703146457807,1.0,0.0
BVY,2026-01-03,2026Q1,221,127,0.5746606334841629,7.6923076923076925,21.0,2.1336993070492833,1.0,0.0
BVY,2026-01-04,2026Q1,43,24,0.5581395348837209,5.461538461538462,17.0,1.7723483106128959,0.6153846153846154,0.23076923076923078
BVY,2026-01-05,2026Q1,165,102,0.6181818181818182,4.769230769230769,0,1.6047479483643503,0.8461538461538461,0.0
BVY,2026-01-08,2026Q1,264,77,0.2916666666666667,5.0,21.0,1.1065514332742135,1.0,0.0
BVY,2026-01-09,2026Q1,127,94,0.7401574803149606,8.615384615384615,23.0,5.799808024586643,0.5384615384615384,0.07692307692307693
BVY,2026-01-10,2026Q1,216,135,0.625,3.6153846153846154,0,0.8644695913218683,0.8461538461538461,0.15384615384615385
BVY,2026-01-11,2026Q1,63,31,0.49206349206349204,6.0,24.0,2.203603636733461,0.46153846153846156,0.0
BVY,2026-01-12,2026Q1,154,61,0.3961038961038961,7.923076923076923,22.0,1.9466132643063814,1.0,0.0
BVY,2026-01-13,2026Q1,318,178,0.559748427672956,8.153846153846153,0,3.5716218357145753,1.0,0.0
BVY,2026-01-14,2026Q1,337,175,0.5192878338278932,4.769230769230769,0,2.433436671388612,1.0,0.0
BVY,2026-01-15,2026Q1,123,71,0.5772357723577236,10.538461538461538,31.0,3.9176631890314964,0.8461538461538461,0.0
BVY,2026-01-19,2026Q1,52,29,0.5576923076923077,7.3076923076923075,22.0,2.13234222493777,0.5384615384615384,0.3076923076923077
BVY,2026-01-20,2026Q1,149,99,0.6644295302013423,10.923076923076923,26.0,2.7977467411288353,1.0,0.0
BVY,2026-01-21,2026Q1,298,185,0.6208053691275168,15.153846153846153,0,8.356857969039112,1.0,0.0
BVY,2026-01-22,2026Q1,170,124,0.7294117647058823,9.846153846153847,22.0,1.9382986119993821,1.0,0.0
BVY,2026-01-23,2026Q1,149,62,0.4161073825503356,11.23076923076923,31.0,2.6303757539930217,1.0,0.0
BVY,2026-01-24,2026Q1,36,25,0.6944444444444444,11.0,26.0,1.9921867019049404,1.0,0.0
BVY,2026-01-28,2026Q1,103,65,0.6310679611650486,6.3076923076923075,17.0,1.9751584317152031,0.8461538461538461,0.07692307692307693
BVY,2026-01-29,2026Q1,141,43,0.3049645390070922,9.23076923076923,21.0,2.4702391440021785,1.0,0.0
BVY,2026-01-30,2026Q1,47,11,0.23404255319148937,11.76923076923077,29.0,4.187201484166833,1.0,0.0
BVY,2026-01-31,2026Q1,117,64,0.5470085470085471,4.6923076923076925,0,1.4299009636081703,1.0,0.0
BVY,2026-02-03,2026Q1,301,155,0.5149501661129569,3.230769230769231,0,0.8432891295126299,1.0,0.0
BVY,2026-02-04,2026Q1,231,100,0.4329004329004329,9.076923076923077,24.0,3.0420959182456104,1.0,0.0
BVY,2026-02-05,2026Q1,218,87,0.39908256880733944,6.769230769230769,17.0,1.7708237021374476,1.0,0.0
BVY,2026-02-06,2026Q1,94,26,0.2765957446808511,6.846153846153846,18.0,4.952833101443251,0.46153846153846156,0.3076923076923077
BVY,2026-02-09,2026Q1,97,28,0.28865979381443296,13.384615384615385,29.0,2.644072292992493,1.0,0.0
BVY,2026-02-10,2026Q1,189,93,0.49206349206349204,4.538461538461538,0,1.7331092680754228,0.8461538461538461,0.15384615384615385
BVY,2026-02-11,2026Q1,84,30,0.35714285714285715,9.615384615384615,26.0,3.7025690974389134,1.0,0.0
BVY,2026-02-12,2026Q1,136,55,0.40441176470588236,11.615384615384615,23.0,1.7386882176073093,1.0,0.0
BVY,2026-02-13,2026Q1,334,131,0.39221556886227543,5.923076923076923,0,1.2391923932150906,1.0,0.0
BVY,2026-02-14,2026Q1,272,157,0.5772058823529411,6.0,15.0,1.4295917624094654,1.0,0.0
BVY,2026-02-15,2026Q1,223,132,0.5919282511210763,5.153846153846154,0,1.5305857983284177,1.0,0.0
BVY,2026-02-16,2026Q1,302,146,0.48344370860927155,4.769230769230769,0,2.321678914957479,0.5384615384615384,0.0
BVY,2026-02-17,2026Q1,65,47,0.7230769230769231,4.615384615384615,0,2.8643939019981395,0.38461538461538464,0.07692307692307693
BVY,2026-02-18,2026Q1,128,82,0.640625,3.6153846153846154,0,1.8555603422837978,0.7692307692307693,0.0
BVY,2026-02-19,2026Q1,326,226,0.6932515337423313,4.153846153846154,0,0.5691802123371583,1.0,0.0
BVY,2026-02-20,2026Q1,209,150,0.7177033492822966,5.384615384615385,0,1.5074016951862947,0.6153846153846154,0.38461538461538464
BVY,2026-02-22,2026Q1,33,10,0.30303030303030304,5.538461538461538,0,2.637637945939517,0.23076923076923078,0.0
BVY,2026-02-26,2026Q1,240,121,0.5041666666666667,8.23076923076923,23.0,2.3788213683260997,1.0,0.0
BVY,2026-02-27,2026Q1,303,165,0.5445544554455446,4.6923076923076925,0,1.6835681181926263,1.0,0.0
BVY,2026-02-28,2026Q1,199,179,0.8994974874371859,8.615384615384615,20.0,5.746340600668154,1.0,0.0
BVY,2026-03-01,2026Q1,68,27,0.39705882352941174,9.461538461538462,22.0,2.299450139701846,0.8461538461538461,0.15384615384615385
BVY,2026-03-02,2026Q1,181,91,0.5027624309392266,5.923076923076923,0,1.7760501400816093,1.0,0.0
BVY,2026-03-03,2026Q1,87,58,0.6666666666666666,4.846153846153846,0,2.8684238581354595,0.5384615384615384,0.46153846153846156
BVY,2026-03-04,2026Q1,245,143,0.5836734693877551,4.384615384615385,0,1.400807336815086,1.0,0.0
BVY,2026-03-05,2026Q1,32,22,0.6875,7.615384615384615,21.0,2.959191958318933,0.38461538461538464,0.15384615384615385
BVY,2026-03-08,2026Q1,91,56,0.6153846153846154,9.23076923076923,21.0,2.4527843223345887,0.7692307692307693,0.15384615384615385
BVY,2026-03-09,2026Q1,245,137,0.5591836734693878,7.384615384615385,23.0,4.453421459675795,0.9230769230769231,0.0
BVY,2026-03-10,2026Q1,286,163,0.5699300699300699,6.769230769230769,21.0,3.128768546047184,1.0,0.0
BVY,2026-03-11,2026Q1,142,89,0.6267605633802817,8.461538461538462,21.0,3.7126305558194868,0.23076923076923078,0.0
BVY,2026-03-12,2026Q1,70,42,0.6,7.846153846153846,21.0,2.873986830631458,0.5384615384615384,0.3076923076923077
BVY,2026-03-13,2026Q1,278,175,0.6294964028776978,8.461538461538462,20.0,3.522946909051138,1.0,0.0
BVY,2026-03-14,2026Q1,50,22,0.44,14.923076923076923,39.0,5.332909012459647,1.0,0.0
BVY,2026-03-15,2026Q1,316,198,0.6265822784810127,7.3076923076923075,19.0,1.4970596457841792,1.0,0.0
BVY,2026-03-18,2026Q1,296,193,0.652027027027027,7.833333333333333,19.0,2.0813238482705,1.0,0.0
BVY,2026-03-19,2026Q1,295,224,0.7593220338983051,5.923076923076923,0,1.7578155407852154,1.0,0.0
BVY,2026-03-20,2026Q1,238,158,0.6638655462184874,8.692307692307692,27.0,4.183037128516235,0.9230769230769231,0.07692307692307693
BVY,2026-03-21,2026Q1,190,157,0.8263157894736842,10.923076923076923,27.0,2.2170560114694875,0.6923076923076923,0.0
BVY,2026-03-24,2026Q1,321,237,0.7383177570093458,7.384615384615385,0,1.31704016214241,0.8461538461538461,0.0
BVY,2026-03-25,2026Q1,207,142,0.6859903381642513,8.25,18.0,2.7091652279625302,1.0,0.0
BVY,2026-03-26,2026Q1,157,105,0.6687898089171974,9.23076923076923,20.0,5.637569914961691,0.9230769230769231,0.07692307692307693
BVY,2026-03-27,2026Q1,79,51,0.6455696202531646,11.461538461538462,31.0,2.1927262853348854,1.0,0.0
BVY,2026-03-28,2026Q1,229,195,0.851528384279476,8.461538461538462,22.0,1.7658627249449828,1.0,0.0
BVY,2026-03-29,2026Q1,143,106,0.7412587412587412,9.461538461538462,22.0,4.331942632778445,1.0,0.0
BVY,2026-03-30,2026Q1,114,71,0.6228070175438597,12.846153846153847,26.0,6.758747637840502,1.0,0.0
BVY,2026-04-01,2026Q2,155,102,0.6580645161290323,6.384615384615385,21.0,2.9686960421536153,0.6923076923076923,0.15384615384615385
BVY,2026-04-03,2026Q2,41,34,0.8292682926829268,5.538461538461538,0,2.5790068515859623,0.46153846153846156,0.0
BVY,2026-04-04,2026Q2,197,141,0.7157360406091371,12.0,25.0,4.310127658967817,0.7692307692307693,0.0
BVY,2026-04-06,2026Q2,64,34,0.53125,13.076923076923077,31.0,5.622667425568952,1.0,0.0
BVY,2026-04-08,2026Q2,323,242,0.7492260061919505,7.846153846153846,19.0,2.1411581059616793,1.0,0.0
BVY,2026-04-09,2026Q2,231,156,0.6753246753246753,11.461538461538462,25.0,4.919689750012852,1.0,0.0
BVY,2026-04-10,2026Q2,307,226,0.7361563517915309,10.384615384615385,24.0,6.449154616075821,1.0,0.0
BVY,2026-04-11,2026Q2,109,69,0.6330275229357798,13.384615384615385,31.0,2.191836956450099,1.0,0.0
BVY,2026-04-13,2026Q2,31,18,0.5806451612903226,13.23076923076923,29.0,6.977826825146429,0.6923076923076923,0.0
BVY,2026-04-14,2026Q2,298,212,0.7114093959731543,10.384615384615385,25.0,3.905196343865246,1.0,0.0
BVY,2026-04-15,2026Q2,100,69,0.69,5.615384615384615,14.0,1.892374175074533,0.6153846153846154,0.0
BVY,2026-04-16,2026Q2,109,73,0.6697247706422018,3.923076923076923,0,0.8737832387632767,0.5384615384615384,0.0
BVY,2026-04-18,2026Q2,173,137,0.791907514450867,8.0,0,4.006726364564219,0.15384615384615385,0.0
BVY,2026-04-20,2026Q2,286,175,0.6118881118881119,8.666666666666666,20.0,2.54898285238052,1.0,0.0
BVY,2026-04-21,2026Q2,331,209,0.6314199395770392,9.666666666666666,23.0,2.227895587645341,1.0,0.0
BVY,2026-04-22,2026Q2,146,96,0.6575342465753424,8.923076923076923,22.0,6.334226413816477,0.8461538461538461,0.0
BVY,2026-04-23,2026Q2,148,97,0.6554054054054054,12.76923076923077,33.0,2.608936323688575,1.0,0.0
BVY,2026-04-24,2026Q2,322,218,0.6770186335403726,8.384615384615385,18.0,2.1333537759224854,1.0,0.0
BVY,2026-04-25,2026Q2,281,221,0.7864768683274022,6.076923076923077,14.0,1.6828324465538613,1.0,0.0
BVY,2026-04-26,2026Q2,323,236,0.7306501547987616,5.153846153846154,0,1.058089614299879,1.0,0.0
BVY,2026-04-27,2026Q2,281,193,0.6868327402135231,6.3076923076923075,0,1.6485575671918733,1.0,0.0
BVY,2026-04-28,2026Q2,304,209,0.6875,7.538461538461538,0,2.948032840862088,1.0,0.0
BVY,2026-04-29,2026Q2,40,29,0.725,7.461538461538462,14.0,3.706201263536705,0.0,0.0
BVY,2026-05-01,2026Q2,209,106,0.507177033492823,10.0,26.0,2.814780713025258,1.0,0.0
BVY,2026-05-02,2026Q2,253,196,0.7747035573122529,6.076923076923077,15.0,2.7042826566308062,0.7692307692307693,0.23076923076923078
BVY,2026-05-03,2026Q2,64,39,0.609375,11.923076923076923,29.0,2.5568307176558327,0.6153846153846154,0.07692307692307693
BVY,2026-05-04,2026Q2,30,8,0.26666666666666666,14.384615384615385,39.0,5.313597184262407,1.0,0.0
BVY,2026-05-08,2026Q2,244,120,0.4918032786885246,9.76923076923077,23.0,3.550692027659944,1.0,0.0
BVY,2026-05-09,2026Q2,129,70,0.5426356589147286,4.3076923076923075,0,2.038269550369659,0.15384615384615385,0.7692307692307693
BVY,2026-05-10,2026Q2,160,88,0.55,6.6923076923076925,0,2.449731487627265,0.8461538461538461,0.0
BVY,2026-05-11,2026Q2,268,161,0.6007462686567164,6.846153846153846,16.0,1.2090531540632798,1.0,0.0
BVY,2026-05-12,2026Q2,223,164,0.7354260089686099,7.153846153846154,18.0,2.4921467697368183,1.0,0.0
BVY,2026-05-13,2026Q2,214,161,0.7523364485981309,7.538461538461538,22.0,3.7253014411456458,0.6153846153846154,0.38461538461538464
BVY,2026-05-16,2026Q2,214,134,0.6261682242990654,10.714285714285714,22.0,3.297651965712251,1.0,0.0
BVY,2026-05-17,2026Q2,247,139,0.562753036437247,9.571428571428571,27.0,3.126782816629024,1.0,0.0
BVY,2026-05-18,2026Q2,198,136,0.6868686868686869,7.928571428571429,20.0,1.9467144077251943,1.0,0.0
BVY,2026-05-19,2026Q2,137,60,0.43795620437956206,9.571428571428571,23.0,2.7040170195691675,0.9285714285714286,0.07142857142857142
BVY,2026-05-20,2026Q2,127,64,0.5039370078740157,12.285714285714286,32.0,3.829237685837779,1.0,0.0
BVY,2026-05-21,2026Q2,297,171,0.5757575757575758,5.642857142857143,16.0,1.2553560039765121,1.0,0.0
BVY,2026-05-22,2026Q2,300,225,0.75,6.428571428571429,15.0,1.5556705240938957,1.0,0.0
BVY,2026-05-23,2026Q2,239,183,0.7656903765690377,5.428571428571429,0,2.0357068922119828,1.0,0.0
BVY,2026-05-24,2026Q2,77,75,0.974025974025974,8.928571428571429,19.0,2.535545637268909,0.14285714285714285,0.8571428571428571
BVY,2026-05-25,2026Q2,71,38,0.5352112676056338,5.142857142857143,18.0,1.7435522112506352,0.42857142857142855,0.21428571428571427
BVY,2026-05-26,2026Q2,244,123,0.5040983606557377,7.5,17.0,2.0845522667450322,1.0,0.0
BVY,2026-05-27,2026Q2,185,113,0.6108108108108108,7.857142857142857,17.0,1.6077869203768727,1.0,0.0
BVY,2026-05-28,2026Q2,152,56,0.3684210526315789,7.0,21.0,2.471536331902061,1.0,0.0
BVY,2026-05-29,2026Q2,207,115,0.5555555555555556,9.642857142857142,23.0,2.3078776284279563,0.7142857142857143,0.2857142857142857
BVY,2026-05-31,2026Q2,186,84,0.45161290322580644,6.714285714285714,21.0,2.2998328216742907,0.7857142857142857,0.21428571428571427
BVY,2026-06-01,2026Q2,163,97,0.5950920245398773,6.571428571428571,0,2.076253329872112,0.6428571428571429,0.0
BVY,2026-06-02,2026Q2,168,85,0.5059523809523809,4.428571428571429,0,1.2460431541193644,1.0,0.0
BVY,2026-06-03,2026Q2,291,163,0.5601374570446735,6.857142857142857,0,2.222182540466825,0.9285714285714286,0.0
BVY,2026-06-04,2026Q2,214,102,0.4766355140186916,6.642857142857143,17.0,1.2464633445437747,1.0,0.0
BVY,2026-06-05,2026Q2,272,124,0.45588235294117646,6.714285714285714,0,1.7036630874119314,1.0,0.0
BVY,2026-06-06,2026Q2,227,126,0.5550660792951542,4.5,0,1.59794932582431,1.0,0.0
BVY,2026-06-07,2026Q2,77,24,0.3116883116883117,10.928571428571429,25.0,3.9233226779822354,0.7142857142857143,0.2857142857142857
BVY,2026-06-08,2026Q2,301,205,0.6810631229235881,6.5,0,1.5530055720645952,1.0,0.0
BVY,2026-06-09,2026Q2,273,190,0.6959706959706959,8.357142857142858,21.0,2.362946903069836,1.0,0.0
BVY,2026-06-10,2026Q2,197,112,0.5685279187817259,8.785714285714286,18.0,4.2568859009237805,1.0,0.0
BVY,2026-06-12,2026Q2,287,160,0.5574912891986062,3.0714285714285716,0,0.37814016962086894,1.0,0.0
BVY,2026-06-13,2026Q2,211,99,0.46919431279620855,8.846153846153847,24.0,1.7804121917106017,1.0,0.0
BVY,2026-06-14,2026Q2,188,67,0.35638297872340424,9.642857142857142,25.0,5.400615358408103,0.9285714285714286,0.07142857142857142
BVY,2026-06-15,2026Q2,195,92,0.4717948717948718,9.571428571428571,21.0,1.6082671000842272,0.7857142857142857,0.0
BVY,2026-06-16,2026Q2,253,112,0.4426877470355731,7.714285714285714,20.0,1.7884862382604203,1.0,0.0
BVY,2026-06-17,2026Q2,292,176,0.6027397260273972,6.857142857142857,19.0,1.4542875668893775,1.0,0.0
BVY,2026-06-19,2026Q2,93,24,0.25806451612903225,11.714285714285714,29.0,2.691328023690342,1.0,0.0
BVY,2026-06-20,2026Q2,72,28,0.3888888888888889,12.928571428571429,32.0,3.467953406603936,1.0,0.0
BVY,2026-06-21,2026Q2,257,141,0.5486381322957199,6.785714285714286,27.0,2.158619391508114,0.9285714285714286,0.07142857142857142
BVY,2026-06-22,2026Q2,179,109,0.6089385474860335,4.0,0,1.1542060397387812,0.42857142857142855,0.5
BVY,2026-06-23,2026Q2,57,16,0.2807017543859649,3.642857142857143,0,1.5434418383852666,0.0,0.35714285714285715
BVY,2026-06-24,2026Q2,400,203,0.5075,8.461538461538462,21.0,2.8006654181352792,1.0,0.0
BVY,2026-06-26,2026Q2,110,35,0.3181818181818182,6.0,0,1.4318859786043954,0.6428571428571429,0.21428571428571427
BVY,2026-06-27,2026Q2,284,206,0.7253521126760564,6.785714285714286,0,2.0319383575502172,1.0,0.0
BVY,2026-06-28,2026Q2,219,138,0.6301369863013698,4.714285714285714,0,1.19450943132597,0.7857142857142857,0.0
BVY,2026-06-29,2026Q2,329,178,0.541033434650456,6.0,0,2.466912199740732,1.0,0.0
BVY,2026-06-30,2026Q2,216,99,0.4583333333333333,6.928571428571429,0,1.877488722567836,0.8571428571428571,0.14285714285714285
BVY,2026-07-01,2026Q3,216,54,0.25,5.571428571428571,0,1.6793625062390745,1.0,0.0
BVY,2026-07-02,2026Q3,107,30,0.2803738317757009,7.714285714285714,18.0,1.8239603909493898,1.0,0.0
BVY,2026-07-03,2026Q3,100,44,0.44,8.846153846153847,22.0,2.7366254971030317,1.0,0.0
BVY,2026-07-04,2026Q3,78,49,0.6282051282051282,7.928571428571429,17.0,2.1612795586346873,1.0,0.0
BVY,2026-07-05,2026Q3,212,168,0.7924528301886793,6.642857142857143,0,0.9195550597328283,1.0,0.0
BVY,2026-07-06,2026Q3,176,104,0.5909090909090909,6.285714285714286,0,1.5251171063870446,1.0,0.0
BVY,2026-07-08,2026Q3,282,184,0.6524822695035462,5.5,0,1.719758531764031,1.0,0.0
BVY,2026-07-09,2026Q3,252,145,0.5753968253968254,8.071428571428571,19.0,2.48695784096645,1.0,0.0
BVY,2026-07-10,2026Q3,278,216,0.7769784172661871,7.357142857142857,18.0,1.6053710322914774,0.9285714285714286,0.07142857142857142
BVY,2026-07-11,2026Q3,264,212,0.803030303030303,6.428571428571429,0,2.2367271064747194,1.0,0.0
BVY,2026-07-12,2026Q3,247,205,0.8299595141700404,7.357142857142857,0,2.0271186576203624,1.0,0.0
BVY,2026-07-13,2026Q3,213,146,0.6854460093896714,10.428571428571429,22.0,5.4801158217306,1.0,0.0
BVY,2026-07-14,2026Q3,240,177,0.7375,9.5,24.0,1.9214503362030597,1.0,0.0
BVY,2026-07-15,2026Q3,263,198,0.752851711026616,7.214285714285714,19.0,3.019825834681722,0.8571428571428571,0.0
BVY,2026-07-16,2026Q3,119,90,0.7563025210084033,10.285714285714286,32.0,2.9927876969085507,1.0,0.0
BVY,2026-07-17,2026Q3,267,181,0.6779026217228464,8.642857142857142,21.0,2.680601830243533,1.0,0.0
BVY,2026-07-18,2026Q3,81,56,0.691358024691358,10.357142857142858,27.0,7.154174733740908,0.2857142857142857,0.42857142857142855
BVY,2026-07-19,2026Q3,106,99,0.9339622641509434,12.0,31.0,1.7534671445593577,1.0,0.0
BVY,2026-07-20,2026Q3,244,206,0.8442622950819673,6.857142857142857,20.0,2.3071845840181098,1.0,0.0
BVY,2026-07-21,2026Q3,118,80,0.6779661016949152,9.785714285714286,23.0,3.217679896672646,0.6428571428571429,0.2857142857142857
BVY,2026-07-22,2026Q3,76,60,0.7894736842105263,8.857142857142858,22.0,3.7059227362527056,0.7142857142857143,0.07142857142857142
BVY,2026-07-23,2026Q3,209,183,0.8755980861244019,8.571428571428571,19.0,1.624154844099745,1.0,0.0
BVY,2026-07-24,2026Q3,265,206,0.7773584905660378,6.642857142857143,0,1.4753200505799682,1.0,0.0
BVY,2026-07-25,2026Q3,185,143,0.772972972972973,5.928571428571429,0,1.1610669242534977,1.0,0.0
BVY,2026-07-26,2026Q3,289,225,0.7785467128027682,6.357142857142857,0,2.9706850593795666,1.0,0.0
BVY,2026-07-27,2026Q3,190,152,0.8,4.785714285714286,0,1.2031808884984816,1.0,0.0
BVY,2026-07-28,2026Q3,180,169,0.9388888888888889,8.642857142857142,19.0,3.3796951101317605,0.5714285714285714,0.0
BVY,2026-07-31,2026Q3,309,253,0.8187702265372169,5.285714285714286,0,1.4876789554203718,0.9285714285714286,0.0
BVY,2026-08-02,2026Q3,169,135,0.7988165680473372,9.357142857142858,21.0,5.008767380439664,0.7857142857142857,0.0
BVY,2026-08-04,2026Q3,230,158,0.6869565217391305,5.714285714285714,15.0,1.3608692251469516,1.0,0.0
BVY,2026-08-05,2026Q3,198,138,0.696969696969697,5.5,0,1.609997306235688,1.0,0.0
BVY,2026-08-06,2026Q3,235,178,0.7574468085106383,6.071428571428571,0,1.940090735235358,0.5714285714285714,0.0
BVY,2026-08-07,2026Q3,248,139,0.5604838709677419,6.071428571428571,0,2.127139128673685,1.0,0.0
BVY,2026-08-08,2026Q3,227,183,0.8061674008810573,5.857142857142857,19.0,1.1812999086963125,1.0,0.0
BVY,2026-08-09,2026Q3,282,63,0.22340425531914893,8.857142857142858,20.0,2.294998377987993,1.0,0.0
BVY,2026-08-10,2026Q3,259,219,0.8455598455598455,5.285714285714286,0,1.3510222365017321,1.0,0.0
BVY,2026-08-11,2026Q3,176,143,0.8125,7.928571428571429,18.0,1.9351589305356998,1.0,0.0
BVY,2026-08-12,2026Q3,249,124,0.4979919678714859,4.857142857142857,0,1.028928536834152,1.0,0.0
BVY,2026-08-13,2026Q3,250,232,0.928,5.714285714285714,17.0,1.394665550371428,0.9285714285714286,0.07142857142857142
BVY,2026-08-14,2026Q3,203,168,0.8275862068965517,8.285714285714286,19.0,1.7633802309962383,1.0,0.0
BVY,2026-08-15,2026Q3,324,265,0.8179012345679012,4.714285714285714,0,1.3082660579164025,1.0,0.0
BVY,2026-08-16,2026Q3,237,181,0.7637130801687764,7.214285714285714,0,2.538558047865013,1.0,0.0
BVY,2026-08-17,2026Q3,86,76,0.8837209302325582,6.857142857142857,0,3.1053325641641716,0.2857142857142857,0.0
BVY,2026-08-18,2026Q3,69,95,1.3768115942028984,5.214285714285714,0,1.5372910918009064,0.42857142857142855,0.0
BVY,2026-08-19,2026Q3,359,178,0.4958217270194986,6.642857142857143,20.0,1.7544893685642662,0.8571428571428571,0.0
BVY,2026-08-20,2026Q3,285,164,0.5754385964912281,4.857142857142857,0,0.8217705110672004,0.7857142857142857,0.21428571428571427
BVY,2026-08-21,2026Q3,325,240,0.7384615384615385,6.214285714285714,17.0,3.9043565540109126,1.0,0.0
BVY,2026-08-22,2026Q3,37,31,0.8378378378378378,6.428571428571429,0,4.2776628886110375,0.07142857142857142,0.0
BVY,2026-08-24,2026Q3,193,130,0.6735751295336787,8.857142857142858,25.0,3.9157522932338678,1.0,0.0
BVY,2026-08-25,2026Q3,260,219,0.8423076923076923,7.142857142857143,0,2.169199885488778,1.0,0.0
BVY,2026-08-26,2026Q3,279,259,0.9283154121863799,6.214285714285714,14.0,1.0397958814074517,1.0,0.0
BVY,2026-08-27,2026Q3,246,180,0.7317073170731707,8.642857142857142,21.0,5.342941014469711,0.9285714285714286,0.0
BVY,2026-08-28,2026Q3,248,220,0.8870967741935484,4.5,0,1.419529007154491,0.9285714285714286,0.0
BVY,2026-08-29,2026Q3,282,235,0.8333333333333334,6.714285714285714,0,1.8521260373222133,1.0,0.0
BVY,2026-08-30,2026Q3,242,194,0.8016528925619835,8.428571428571429,20.0,1.8958252971565928,1.0,0.0
BVY,2026-08-31,2026Q3,320,235,0.734375,6.857142857142857,0,2.316967843635393,1.0,0.0
DXR,2023-11-05,2023Q4,235,48,0.20425531914893616,3.3333333333333335,0,1.4731223342628663,0.9333333333333333,0.0
DXR,2023-11-30,2023Q4,53,20,0.37735849056603776,5.071428571428571,0,1.937928339435692,1.0,0.0
DXR,2023-12-31,2023Q4,223,52,0.23318385650224216,3.2666666666666666,0,1.390209192381704,1.0,0.0
DXR,2024-01-06,2024Q1,280,71,0.25357142857142856,7.333333333333333,20.0,0.9931515503302867,0.5333333333333333,0.3333333333333333
DXR,2024-06-14,2024Q2,130,39,0.3,4.733333333333333,0,1.1301366246755147,0.8666666666666667,0.13333333333333333
DXR,2024-08-10,2024Q3,269,66,0.24535315985130113,5.666666666666667,17.0,2.0112471636519573,0.9333333333333333,0.0
DXR,2024-08-11,2024Q3,249,64,0.2570281124497992,4.2,0,1.5432553148362644,1.0,0.0
DXR,2024-08-12,2024Q3,206,53,0.25728155339805825,6.666666666666667,20.0,2.09731325192819,1.0,0.0
DXR,2024-08-15,2024Q3,342,86,0.25146198830409355,4.133333333333334,0,0.993413153955336,1.0,0.0
DXR,2024-08-16,2024Q3,311,68,0.21864951768488747,4.2,0,0.9171137490045888,0.9333333333333333,0.0
DXR,2024-08-21,2024Q3,308,75,0.2435064935064935,6.533333333333333,17.0,2.903923589260715,0.9333333333333333,0.06666666666666667
DXR,2024-08-22,2024Q3,286,66,0.23076923076923078,4.733333333333333,15.0,1.6209958079561049,1.0,0.0
DXR,2024-08-23,2024Q3,329,81,0.24620060790273557,2.6666666666666665,0,1.0566530089011708,1.0,0.0
DXR,2024-08-24,2024Q3,298,98,0.3288590604026846,3.1333333333333333,0,1.1953939546279677,1.0,0.0
DXR,2024-08-25,2024Q3,250,54,0.216,3.8,0,0.8633575794446579,0.9333333333333333,0.06666666666666667
DXR,2024-08-27,2024Q3,158,44,0.27848101265822783,3.6,0,1.1562258439329842,1.0,0.0
DXR,2024-08-28,2024Q3,238,64,0.2689075630252101,4.8,0,0.8936305036115361,1.0,0.0
DXR,2024-08-30,2024Q3,197,50,0.25380710659898476,5.666666666666667,15.0,2.2581352569468174,0.9333333333333333,0.0
DXR,2024-09-06,2024Q3,219,58,0.2648401826484018,3.7333333333333334,0,0.5744452327243885,0.6666666666666666,0.0
DXR,2024-09-08,2024Q3,212,58,0.27358490566037735,6.2,21.0,2.9595678803158854,1.0,0.0
DXR,2024-09-09,2024Q3,279,63,0.22580645161290322,6.533333333333333,18.0,1.6572532252614478,1.0,0.0
DXR,2024-09-15,2024Q3,299,64,0.2140468227424749,3.8,0,0.4547386139974852,0.8666666666666667,0.0
DXR,2024-09-17,2024Q3,118,33,0.2796610169491525,3.533333333333333,0,0.9283630560409482,0.9333333333333333,0.0
DXR,2024-09-21,2024Q3,141,38,0.2695035460992908,8.0,19.0,2.8822509247424595,1.0,0.0
DXR,2024-09-22,2024Q3,221,86,0.3891402714932127,5.6,18.0,1.692566859157883,1.0,0.0
DXR,2024-09-23,2024Q3,223,62,0.27802690582959644,4.8,0,1.3540978716279861,0.8666666666666667,0.06666666666666667
DXR,2024-10-01,2024Q4,166,55,0.3313253012048193,5.8,0,1.5422252249662567,0.9333333333333333,0.0
DXR,2024-10-05,2024Q4,233,83,0.3562231759656652,6.4,22.0,3.018555470588609,1.0,0.0
DXR,2024-10-06,2024Q4,330,148,0.4484848484848485,4.133333333333334,0,1.4241756557286063,1.0,0.0
DXR,2024-10-07,2024Q4,62,14,0.22580645161290322,6.066666666666666,20.0,1.6949227515900043,0.7333333333333333,0.06666666666666667
DXR,2024-10-08,2024Q4,79,33,0.4177215189873418,4.666666666666667,22.0,1.0921290318919954,1.0,0.0
DXR,2024-10-11,2024Q4,491,147,0.29938900203665986,4.6,18.0,1.3003906042842979,1.0,0.0
DXR,2024-10-20,2024Q4,279,72,0.25806451612903225,1.7333333333333334,0,0.28077104488743165,1.0,0.0
DXR,2024-10-22,2024Q4,99,25,0.25252525252525254,3.066666666666667,0,1.5156898727580554,1.0,0.0
DXR,2024-11-10,2024Q4,123,69,0.5609756097560976,5.266666666666667,22.0,1.5110923144010027,0.7333333333333333,0.2
DXR,2024-11-17,2024Q4,72,26,0.3611111111111111,3.066666666666667,0,0.7686031350832663,1.0,0.0
DXR,2024-12-15,2024Q4,258,55,0.2131782945736434,3.6666666666666665,0,1.0521097097411762,1.0,0.0
DXR,2024-12-23,2024Q4,264,163,0.6174242424242424,2.2666666666666666,0,0.7401123248289477,1.0,0.0
DXR,2024-12-26,2024Q4,168,81,0.48214285714285715,1.3333333333333333,0,0.41560212208326336,1.0,0.0
DXR,2024-12-27,2024Q4,335,138,0.41194029850746267,2.2666666666666666,0,0.5018796487179616,1.0,0.0
DXR,2024-12-30,2024Q4,144,50,0.3472222222222222,8.642857142857142,21.0,1.860998813147486,0.8571428571428571,0.07142857142857142
DXR,2024-12-31,2024Q4,217,75,0.3456221198156682,4.933333333333334,0,0.717854310878218,1.0,0.0
DXR,2025-01-03,2025Q1,94,60,0.6382978723404256,8.2,25.0,3.480879351644465,1.0,0.0
DXR,2025-01-05,2025Q1,90,58,0.6444444444444445,9.2,27.0,4.612081801855802,1.0,0.0
DXR,2025-01-10,2025Q1,80,39,0.4875,6.466666666666667,30.0,1.2167995923955277,1.0,0.0
DXR,2025-01-12,2025Q1,289,153,0.5294117647058824,3.466666666666667,0,0.7882463006727332,1.0,0.0
DXR,2025-01-13,2025Q1,217,136,0.6267281105990783,4.8,15.0,0.99351224479115,1.0,0.0
DXR,2025-01-15,2025Q1,36,14,0.3888888888888889,8.066666666666666,29.0,2.251351047411461,1.0,0.0
DXR,2025-01-16,2025Q1,149,90,0.6040268456375839,4.866666666666666,0,1.8458944377193256,0.6666666666666666,0.3333333333333333
DXR,2025-01-17,2025Q1,168,64,0.38095238095238093,4.066666666666666,0,1.3023777269138912,1.0,0.0
DXR,2025-01-18,2025Q1,75,50,0.6666666666666666,3.7333333333333334,0,0.6628542804766511,0.3333333333333333,0.3333333333333333
DXR,2025-01-21,2025Q1,77,51,0.6623376623376623,3.6,0,1.4975592329764411,1.0,0.0
DXR,2025-01-22,2025Q1,115,77,0.6695652173913044,2.6666666666666665,16.0,1.2504135071301894,1.0,0.0
DXR,2025-01-23,2025Q1,114,77,0.6754385964912281,4.666666666666667,20.0,1.1512453512470022,1.0,0.0
DXR,2025-01-24,2025Q1,138,86,0.6231884057971014,3.4,0,0.942191534958268,1.0,0.0
DXR,2025-01-25,2025Q1,222,126,0.5675675675675675,5.2,0,1.2835624224136841,1.0,0.0
DXR,2025-01-26,2025Q1,87,46,0.5287356321839081,6.866666666666666,24.0,2.6535468357160554,1.0,0.0
DXR,2025-01-27,2025Q1,138,83,0.6014492753623188,10.666666666666666,23.0,3.5688812693608725,1.0,0.0
DXR,2025-01-28,2025Q1,30,18,0.6,9.866666666666667,36.0,3.3522531659216237,1.0,0.0
DXR,2025-01-30,2025Q1,94,50,0.5319148936170213,6.333333333333333,25.0,2.701087473898313,1.0,0.0
DXR,2025-02-01,2025Q1,42,28,0.6666666666666666,11.733333333333333,28.0,5.248166122428627,0.8666666666666667,0.0
DXR,2025-02-02,2025Q1,298,107,0.35906040268456374,3.0,0,1.0095271476426022,0.8,0.2
DXR,2025-02-03,2025Q1,106,51,0.4811320754716981,2.6666666666666665,0,0.8465737246587719,0.7333333333333333,0.0
DXR,2025-02-05,2025Q1,228,128,0.5614035087719298,4.866666666666666,17.0,1.1092957437650355,1.0,0.0
DXR,2025-02-07,2025Q1,32,8,0.25,10.0,33.0,4.768240873564323,1.0,0.0
DXR,2025-02-08,2025Q1,317,170,0.5362776025236593,4.666666666666667,0,1.2594209343750558,0.8666666666666667,0.13333333333333333
DXR,2025-02-10,2025Q1,203,88,0.43349753694581283,5.2,15.0,1.977450828556808,1.0,0.0
DXR,2025-02-11,2025Q1,156,82,0.5256410256410257,3.8666666666666667,0,0.9502464156529834,1.0,0.0
DXR,2025-02-12,2025Q1,50,18,0.36,6.466666666666667,0,1.7347410553320388,0.5333333333333333,0.13333333333333333
DXR,2025-02-14,2025Q1,83,36,0.43373493975903615,8.0,24.0,3.095835986116059,1.0,0.0
DXR,2025-02-15,2025Q1,137,52,0.3795620437956204,4.533333333333333,0,0.9833959891004359,0.4666666666666667,0.5333333333333333
DXR,2025-02-19,2025Q1,192,128,0.6666666666666666,8.066666666666666,20.0,3.1393503354127366,1.0,0.0
DXR,2025-02-20,2025Q1,171,79,0.4619883040935672,8.666666666666666,20.0,2.062927846472851,0.6666666666666666,0.3333333333333333
DXR,2025-02-22,2025Q1,300,138,0.46,4.8,0,1.0693293359293492,1.0,0.0
DXR,2025-02-23,2025Q1,294,123,0.41836734693877553,4.2,17.0,1.2573916652193833,1.0,0.0
DXR,2025-02-24,2025Q1,265,130,0.49056603773584906,7.266666666666667,22.0,3.377333353881945,1.0,0.0
DXR,2025-02-25,2025Q1,187,89,0.47593582887700536,4.533333333333333,18.0,1.3554128115297692,1.0,0.0
DXR,2025-02-26,2025Q1,221,89,0.40271493212669685,5.533333333333333,19.0,2.5843395715740223,1.0,0.0
DXR,2025-02-27,2025Q1,68,56,0.8235294117647058,4.666666666666667,15.0,1.3395865472222133,0.8,0.2
DXR,2025-02-28,2025Q1,69,30,0.43478260869565216,7.066666666666666,27.0,3.2335399275115426,1.0,0.0
DXR,2025-03-01,2025Q1,95,66,0.6947368421052632,10.333333333333334,37.0,3.104936886915856,1.0,0.0
DXR,2025-03-02,2025Q1,61,51,0.8360655737704918,8.8,22.0,4.115518782331415,1.0,0.0
DXR,2025-03-03,2025Q1,197,99,0.5025380710659898,3.533333333333333,0,0.9812603055678443,1.0,0.0
DXR,2025-03-04,2025Q1,97,64,0.6597938144329897,5.133333333333334,15.0,2.573735914880667,1.0,0.0
DXR,2025-03-06,2025Q1,40,25,0.625,8.8,27.0,3.359092370514005,0.6,0.0
DXR,2025-03-09,2025Q1,232,147,0.6336206896551724,7.733333333333333,18.0,2.2128708611890393,1.0,0.0
DXR,2025-03-10,2025Q1,233,111,0.47639484978540775,7.0,19.0,3.077038548581126,1.0,0.0
DXR,2025-03-11,2025Q1,174,83,0.47701149425287354,6.333333333333333,26.0,3.546278492862821,1.0,0.0
DXR,2025-03-12,2025Q1,213,92,0.431924882629108,6.133333333333334,22.0,2.653023605950238,1.0,0.0
DXR,2025-03-13,2025Q1,77,46,0.5974025974025974,7.2,20.0,2.7240397376750485,0.9333333333333333,0.0
DXR,2025-03-14,2025Q1,183,79,0.43169398907103823,3.7857142857142856,0,1.2680519667850403,0.7857142857142857,0.0
DXR,2025-03-18,2025Q1,191,91,0.47643979057591623,5.666666666666667,19.0,2.3841355339090304,1.0,0.0
DXR,2025-03-19,2025Q1,238,145,0.6092436974789915,5.466666666666667,0,1.5332720637289672,1.0,0.0
DXR,2025-03-22,2025Q1,221,85,0.38461538461538464,11.733333333333333,42.0,4.6288628691924805,0.9333333333333333,0.06666666666666667
DXR,2025-03-23,2025Q1,354,202,0.5706214689265536,5.933333333333334,19.0,1.9471676024344833,1.0,0.0
DXR,2025-03-25,2025Q1,103,69,0.6699029126213593,9.533333333333333,27.0,1.8594582181594832,1.0,0.0
DXR,2025-03-26,2025Q1,108,81,0.75,4.466666666666667,21.0,0.5126037218623771,0.8,0.2
DXR,2025-03-27,2025Q1,144,90,0.625,7.133333333333334,22.0,3.5378252543941513,1.0,0.0
DXR,2025-03-28,2025Q1,201,136,0.6766169154228856,8.0,25.0,2.777467552138118,0.9333333333333333,0.06666666666666667
DXR,2025-03-29,2025Q1,148,96,0.6486486486486487,8.428571428571429,26.0,2.1592030077944444,0.8571428571428571,0.07142857142857142
DXR,2025-04-01,2025Q2,73,38,0.5205479452054794,11.133333333333333,26.0,2.4480666632049757,1.0,0.0
DXR,2025-04-02,2025Q2,126,78,0.6190476190476191,7.2,17.0,2.1803079557106764,0.8666666666666667,0.0
DXR,2025-04-04,2025Q2,173,113,0.653179190751445,7.266666666666667,18.0,2.7243475219123736,1.0,0.0
DXR,2025-04-06,2025Q2,172,78,0.45348837209302323,3.6,0,1.1865361439659168,0.7333333333333333,0.06666666666666667
DXR,2025-04-09,2025Q2,290,155,0.5344827586206896,5.857142857142857,18.0,3.216528983651473,1.0,0.0
DXR,2025-04-10,2025Q2,255,138,0.5411764705882353,6.333333333333333,21.0,1.962203926717398,0.7333333333333333,0.26666666666666666
DXR,2025-04-14,2025Q2,301,193,0.6411960132890365,3.933333333333333,17.0,1.4530279602084264,1.0,0.0
DXR,2025-04-15,2025Q2,65,29,0.4461538461538462,9.466666666666667,35.0,2.1977136621675766,0.8666666666666667,0.06666666666666667
DXR,2025-04-17,2025Q2,195,120,0.6153846153846154,8.466666666666667,22.0,3.7571807629375455,1.0,0.0
DXR,2025-04-18,2025Q2,213,100,0.4694835680751174,8.866666666666667,23.0,5.189522481906406,1.0,0.0
DXR,2025-04-19,2025Q2,96,55,0.5729166666666666,11.066666666666666,26.0,2.840139682159457,0.9333333333333333,0.06666666666666667
DXR,2025-04-21,2025Q2,292,136,0.4657534246575342,7.133333333333334,17.0,1.6665291450627397,0.9333333333333333,0.0
DXR,2025-04-22,2025Q2,134,75,0.5597014925373134,6.666666666666667,21.0,4.103875164094974,0.8,0.0
DXR,2025-04-23,2025Q2,324,181,0.558641975308642,5.4,19.0,1.3595081167704006,1.0,0.0
DXR,2025-04-24,2025Q2,201,125,0.6218905472636815,7.6,20.0,4.4688145230791125,1.0,0.0
DXR,2025-04-25,2025Q2,175,110,0.6285714285714286,8.866666666666667,19.0,2.6415981808432147,1.0,0.0
DXR,2025-04-28,2025Q2,206,136,0.6601941747572816,6.4,15.0,3.6277043719979147,1.0,0.0
DXR,2025-04-29,2025Q2,72,38,0.5277777777777778,11.266666666666667,28.0,4.834367811875681,1.0,0.0
DXR,2025-04-30,2025Q2,202,110,0.5445544554455446,8.466666666666667,22.0,2.9594799146384307,1.0,0.0
DXR,2025-05-01,2025Q2,252,170,0.6746031746031746,6.6,19.0,2.691516524614191,1.0,0.0
DXR,2025-05-02,2025Q2,149,90,0.6040268456375839,5.733333333333333,26.0,2.0910613251605286,0.4666666666666667,0.2
DXR,2025-05-03,2025Q2,98,68,0.6938775510204082,6.666666666666667,26.0,2.3951357986884925,0.8,0.2
DXR,2025-05-07,2025Q2,366,176,0.4808743169398907,5.466666666666667,16.0,1.439856570432864,1.0,0.0
DXR,2025-05-08,2025Q2,219,114,0.5205479452054794,3.0,0,0.6890512969270235,0.6,0.4
DXR,2025-05-10,2025Q2,36,26,0.7222222222222222,8.133333333333333,23.0,1.9799820796214642,0.8666666666666667,0.0
DXR,2025-05-11,2025Q2,292,154,0.5273972602739726,5.8,17.0,2.562346020022718,1.0,0.0
DXR,2025-05-12,2025Q2,298,167,0.5604026845637584,5.733333333333333,24.0,2.019778398862604,1.0,0.0
DXR,2025-05-13,2025Q2,232,99,0.4267241379310345,6.933333333333334,16.0,2.908615086885187,0.6,0.0
DXR,2025-05-17,2025Q2,67,37,0.5522388059701493,7.266666666666667,35.0,2.590984719050613,0.6,0.06666666666666667
DXR,2025-05-18,2025Q2,76,46,0.6052631578947368,10.733333333333333,30.0,4.810988559724469,1.0,0.0
DXR,2025-05-19,2025Q2,36,18,0.5,11.466666666666667,29.0,3.4217350250121394,0.9333333333333333,0.0
DXR,2025-05-20,2025Q2,154,79,0.512987012987013,8.466666666666667,20.0,3.7439606353004224,1.0,0.0
DXR,2025-05-21,2025Q2,45,30,0.6666666666666666,6.666666666666667,17.0,3.124772564055671,0.0,0.3333333333333333
DXR,2025-05-24,2025Q2,105,69,0.6571428571428571,8.066666666666666,25.0,3.5342482241690463,0.8,0.2
DXR,2025-05-25,2025Q2,511,238,0.4657534246575342,6.733333333333333,19.0,2.891240526931539,1.0,0.0
DXR,2025-05-26,2025Q2,419,218,0.5202863961813843,5.733333333333333,16.0,2.1664272797951725,1.0,0.0
DXR,2025-05-27,2025Q2,354,142,0.4011299435028249,4.066666666666666,0,2.110904983580888,1.0,0.0
DXR,2025-05-28,2025Q2,331,178,0.5377643504531722,3.533333333333333,18.0,1.2297911175818763,0.6666666666666666,0.3333333333333333
DXR,2025-05-29,2025Q2,34,38,1.1176470588235294,3.8,0,1.0224341171554747,0.26666666666666666,0.0
DXR,2025-05-30,2025Q2,317,161,0.5078864353312302,5.8,14.0,1.9277537834866212,0.8,0.0
DXR,2025-06-01,2025Q2,149,92,0.6174496644295302,7.0,23.0,2.5523672438564575,1.0,0.0
DXR,2025-06-02,2025Q2,373,264,0.707774798927614,4.666666666666667,16.0,0.7377882133388632,1.0,0.0
DXR,2025-06-03,2025Q2,283,173,0.6113074204946997,3.3333333333333335,0,1.0731495985106023,1.0,0.0
DXR,2025-06-04,2025Q2,370,162,0.43783783783783786,5.4,19.0,2.311317743169484,1.0,0.0
DXR,2025-06-05,2025Q2,359,139,0.3871866295264624,5.466666666666667,0,2.6593256814107074,1.0,0.0
DXR,2025-06-06,2025Q2,286,138,0.4825174825174825,4.933333333333334,16.0,1.5553289622216224,1.0,0.0
DXR,2025-06-08,2025Q2,407,190,0.4668304668304668,7.133333333333334,19.0,1.7467239617864894,0.8,0.13333333333333333
DXR,2025-06-10,2025Q2,32,19,0.59375,3.6,0,1.1365418215443654,0.26666666666666666,0.4666666666666667
DXR,2025-06-12,2025Q2,383,212,0.5535248041775457,7.333333333333333,20.0,2.3801539034571144,1.0,0.0
DXR,2025-06-13,2025Q2,350,165,0.4714285714285714,4.266666666666667,0,0.7957786298638267,0.9333333333333333,0.06666666666666667
DXR,2025-06-15,2025Q2,65,48,0.7384615384615385,3.466666666666667,0,0.9757340299133038,0.06666666666666667,0.0
DXR,2025-06-16,2025Q2,308,139,0.4512987012987013,6.333333333333333,16.0,2.233647096809964,0.6666666666666666,0.2
DXR,2025-06-19,2025Q2,173,94,0.5433526011560693,8.066666666666666,19.0,3.8691981984839487,0.7333333333333333,0.2
DXR,2025-06-20,2025Q2,105,59,0.5619047619047619,10.2,28.0,4.797556249872387,1.0,0.0
DXR,2025-06-21,2025Q2,333,185,0.5555555555555556,4.933333333333334,0,1.8587038195145764,1.0,0.0
DXR,2025-06-22,2025Q2,119,48,0.40336134453781514,8.133333333333333,29.0,3.0322801452504784,0.8666666666666667,0.13333333333333333
DXR,2025-06-23,2025Q2,210,101,0.48095238095238096,4.0,15.0,1.2562398607247875,1.0,0.0
DXR,2025-06-24,2025Q2,215,89,0.413953488372093,5.733333333333333,15.0,1.3169539667938501,1.0,0.0
DXR,2025-06-25,2025Q2,271,94,0.34686346863468637,4.933333333333334,16.0,1.4213570960210438,1.0,0.0
DXR,2025-06-26,2025Q2,195,92,0.4717948717948718,9.133333333333333,22.0,2.489107575139055,0.8,0.06666666666666667
DXR,2025-06-27,2025Q2,208,126,0.6057692307692307,7.133333333333334,21.0,2.2233802755217464,1.0,0.0
DXR,2025-06-28,2025Q2,105,57,0.5428571428571428,5.466666666666667,0,2.31794384466295,0.4666666666666667,0.0
DXR,2025-06-29,2025Q2,406,221,0.5443349753694581,5.533333333333333,0,2.457336230687215,0.9333333333333333,0.0
DXR,2025-06-30,2025Q2,248,147,0.592741935483871,4.533333333333333,22.0,2.0619132579722073,1.0,0.0
DXR,2025-07-01,2025Q3,114,66,0.5789473684210527,6.733333333333333,20.0,1.6752203958772867,0.6,0.2
DXR,2025-07-02,2025Q3,286,114,0.3986013986013986,2.933333333333333,0,0.9132509334376291,0.6,0.0
DXR,2025-07-03,2025Q3,313,195,0.6230031948881789,5.733333333333333,30.0,1.7825449690129684,0.9333333333333333,0.06666666666666667
DXR,2025-07-04,2025Q3,203,91,0.4482758620689655,6.4,17.0,2.054795029603141,1.0,0.0
DXR,2025-07-05,2025Q3,279,155,0.5555555555555556,4.8,15.0,2.014254758987391,1.0,0.0
DXR,2025-07-06,2025Q3,313,161,0.5143769968051118,8.6,19.0,3.07563304283108,1.0,0.0
DXR,2025-07-07,2025Q3,137,65,0.4744525547445255,5.0,17.0,2.282707232610647,0.8,0.06666666666666667
DXR,2025-07-08,2025Q3,202,135,0.6683168316831684,4.133333333333334,19.0,1.0170528904959506,0.8,0.06666666666666667
DXR,2025-07-09,2025Q3,346,181,0.523121387283237,4.666666666666667,0,1.4836790921716294,0.9333333333333333,0.06666666666666667
DXR,2025-07-10,2025Q3,71,30,0.4225352112676056,3.8666666666666667,0,1.8437822037348934,0.6666666666666666,0.13333333333333333
DXR,2025-07-11,2025Q3,151,81,0.5364238410596026,5.0,16.0,1.443232843189379,0.6666666666666666,0.0
DXR,2025-07-12,2025Q3,219,105,0.4794520547945205,5.142857142857143,0,1.8658811263912476,0.5,0.0
DXR,2025-07-13,2025Q3,207,82,0.3961352657004831,5.733333333333333,15.0,0.9437141217139046,0.4,0.0
DXR,2025-07-14,2025Q3,50,22,0.44,4.8,0,1.7004768635079777,0.4,0.4666666666666667
DXR,2025-07-15,2025Q3,200,101,0.505,4.0,0,1.5441704903306592,0.8,0.0
DXR,2025-07-16,2025Q3,248,132,0.532258064516129,4.8,17.0,1.9064525489759354,1.0,0.0
DXR,2025-07-17,2025Q3,306,186,0.6078431372549019,9.066666666666666,20.0,1.6545243959814466,0.8,0.06666666666666667
DXR,2025-07-18,2025Q3,297,146,0.49158249158249157,7.0,17.0,2.542521580275987,1.0,0.0
DXR,2025-07-19,2025Q3,431,242,0.5614849187935035,5.133333333333334,16.0,2.8064025060975046,1.0,0.0
DXR,2025-07-20,2025Q3,219,83,0.3789954337899543,6.0,25.0,1.2981733461024798,0.7333333333333333,0.06666666666666667
DXR,2025-07-21,2025Q3,324,166,0.5123456790123457,6.066666666666666,16.0,2.7496164252610305,1.0,0.0
DXR,2025-07-22,2025Q3,442,215,0.48642533936651583,3.6666666666666665,0,0.869901936384837,1.0,0.0
DXR,2025-07-23,2025Q3,283,146,0.5159010600706714,5.666666666666667,16.0,2.339341073043392,1.0,0.0
DXR,2025-07-24,2025Q3,283,137,0.4840989399293286,8.933333333333334,19.0,3.6160535610814586,1.0,0.0
DXR,2025-07-25,2025Q3,232,108,0.46551724137931033,6.533333333333333,17.0,1.1175634975788904,1.0,0.0
DXR,2025-07-26,2025Q3,266,120,0.45112781954887216,4.866666666666666,17.0,1.8415700293545278,0.8666666666666667,0.0
DXR,2025-07-27,2025Q3,81,35,0.43209876543209874,4.133333333333334,15.0,2.5921545273002065,0.3333333333333333,0.0
DXR,2025-07-28,2025Q3,208,137,0.6586538461538461,5.6,0,1.6986045374718501,1.0,0.0
DXR,2025-07-29,2025Q3,249,129,0.5180722891566265,4.866666666666666,0,1.2588350781180138,1.0,0.0
DXR,2025-07-30,2025Q3,199,110,0.5527638190954773,3.1333333333333333,0,1.2101147373357626,1.0,0.0
DXR,2025-07-31,2025Q3,86,34,0.3953488372093023,8.666666666666666,20.0,2.114885879101371,0.3333333333333333,0.26666666666666666
DXR,2025-08-01,2025Q3,148,57,0.38513513513513514,5.6,0,2.8559082646078378,0.5333333333333333,0.0
DXR,2025-08-02,2025Q3,409,192,0.46943765281173594,6.0,0,2.6952437886700884,1.0,0.0
DXR,2025-08-03,2025Q3,227,106,0.4669603524229075,2.7333333333333334,0,0.7295346277296879,1.0,0.0
DXR,2025-08-04,2025Q3,300,137,0.45666666666666667,3.4,17.0,0.6397848951843801,1.0,0.0
DXR,2025-08-05,2025Q3,316,157,0.49683544303797467,3.8,0,1.1634852352952942,1.0,0.0
DXR,2025-08-06,2025Q3,398,224,0.5628140703517588,4.4,0,1.3597211883048779,1.0,0.0
DXR,2025-08-07,2025Q3,318,192,0.6037735849056604,5.8,0,1.6386298650433804,1.0,0.0
DXR,2025-08-08,2025Q3,378,209,0.5529100529100529,3.6666666666666665,0,0.8366447912269067,1.0,0.0
DXR,2025-08-09,2025Q3,318,185,0.5817610062893082,3.466666666666667,0,1.0464141663928483,1.0,0.0
DXR,2025-08-10,2025Q3,278,128,0.460431654676259,3.3333333333333335,0,1.2134595145427471,1.0,0.0
DXR,2025-08-11,2025Q3,260,102,0.3923076923076923,4.866666666666666,0,1.4323620724670005,1.0,0.0
DXR,2025-08-12,2025Q3,200,115,0.575,4.933333333333334,0,2.636125749572714,1.0,0.0
DXR,2025-08-13,2025Q3,163,86,0.5276073619631901,6.2,25.0,2.3134234677103236,0.7333333333333333,0.26666666666666666
DXR,2025-08-14,2025Q3,210,107,0.5095238095238095,4.666666666666667,0,1.9222794565023749,0.8666666666666667,0.0
DXR,2025-08-15,2025Q3,375,226,0.6026666666666667,4.666666666666667,0,2.0374797218018,1.0,0.0
DXR,2025-08-16,2025Q3,269,134,0.49814126394052044,5.6,15.0,2.3636362000646125,0.6666666666666666,0.0
DXR,2025-08-17,2025Q3,297,178,0.5993265993265994,5.333333333333333,0,1.119034833669699,1.0,0.0
DXR,2025-08-18,2025Q3,291,149,0.5120274914089347,6.133333333333334,17.0,2.8792955953809325,0.9333333333333333,0.0
DXR,2025-08-19,2025Q3,227,127,0.5594713656387665,6.2,18.0,2.013554450899261,1.0,0.0
DXR,2025-08-20,2025Q3,66,33,0.5,7.866666666666666,17.0,1.5686065517936603,0.13333333333333333,0.3333333333333333
DXR,2025-08-21,2025Q3,53,29,0.5471698113207547,8.133333333333333,24.0,2.4833496089450184,0.4666666666666667,0.0
DXR,2025-08-22,2025Q3,336,178,0.5297619047619048,5.533333333333333,0,2.033479582125183,1.0,0.0
DXR,2025-08-23,2025Q3,312,176,0.5641025641025641,8.466666666666667,21.0,3.2695741452239178,1.0,0.0
DXR,2025-08-24,2025Q3,226,128,0.5663716814159292,7.4,20.0,3.144944466586654,0.8666666666666667,0.0
DXR,2025-08-25,2025Q3,240,171,0.7125,5.2,17.0,1.244717994900311,0.8,0.0
DXR,2025-08-26,2025Q3,351,216,0.6153846153846154,6.4,19.0,2.049324930878592,1.0,0.0
DXR,2025-08-27,2025Q3,318,218,0.6855345911949685,6.4,16.0,2.287537649779967,1.0,0.0
DXR,2025-08-28,2025Q3,264,155,0.5871212121212122,6.533333333333333,19.0,2.570221766263537,1.0,0.0
DXR,2025-08-29,2025Q3,312,188,0.6025641025641025,4.4,0,1.429402440413861,0.9333333333333333,0.06666666666666667
DXR,2025-08-30,2025Q3,270,136,0.5037037037037037,5.066666666666666,17.0,1.53959373185703,1.0,0.0
DXR,2025-08-31,2025Q3,302,159,0.5264900662251656,5.2,0,1.8874726843806824,1.0,0.0
DXR,2025-09-01,2025Q3,261,108,0.41379310344827586,3.7333333333333334,0,1.2756481009703764,1.0,0.0
DXR,2025-09-02,2025Q3,280,160,0.5714285714285714,5.0,16.0,1.1702638055422956,0.9333333333333333,0.0
DXR,2025-09-03,2025Q3,277,158,0.5703971119133574,3.6666666666666665,0,1.0142837696269087,1.0,0.0
DXR,2025-09-04,2025Q3,206,124,0.6019417475728155,7.133333333333334,22.0,2.376740434177827,0.9333333333333333,0.06666666666666667
DXR,2025-09-05,2025Q3,109,64,0.5871559633027523,5.466666666666667,23.0,2.934731586538244,0.6666666666666666,0.0
DXR,2025-09-06,2025Q3,160,88,0.55,5.733333333333333,22.0,3.547529612180324,0.7333333333333333,0.2
DXR,2025-09-07,2025Q3,39,20,0.5128205128205128,2.0,0,0.5407498262445619,0.5333333333333333,0.3333333333333333
DXR,2025-09-08,2025Q3,267,163,0.6104868913857678,4.333333333333333,15.0,1.9451642412396783,1.0,0.0
DXR,2025-09-09,2025Q3,216,115,0.5324074074074074,4.8,18.0,1.5913567410965377,1.0,0.0
DXR,2025-09-10,2025Q3,167,91,0.5449101796407185,6.266666666666667,18.0,1.8013395437572695,1.0,0.0
DXR,2025-09-11,2025Q3,298,215,0.7214765100671141,5.666666666666667,20.0,2.984807298711608,1.0,0.0
DXR,2025-09-12,2025Q3,312,198,0.6346153846153846,3.5714285714285716,0,1.8612570944730573,1.0,0.0
DXR,2025-09-13,2025Q3,232,133,0.5732758620689655,4.4,0,2.091900794753581,0.8666666666666667,0.0
DXR,2025-09-15,2025Q3,311,162,0.5209003215434084,4.333333333333333,0,1.241538670968903,1.0,0.0
DXR,2025-09-16,2025Q3,260,170,0.6538461538461539,5.133333333333334,18.0,1.0232632877381573,0.9333333333333333,0.0
DXR,2025-09-17,2025Q3,280,136,0.4857142857142857,5.615384615384615,15.0,1.535596213225036,0.9230769230769231,0.07692307692307693
DXR,2025-09-18,2025Q3,283,123,0.43462897526501765,3.642857142857143,14.0,1.5629103249206358,1.0,0.0
DXR,2025-09-19,2025Q3,203,136,0.6699507389162561,4.733333333333333,16.0,1.8401573307889862,1.0,0.0
DXR,2025-09-20,2025Q3,239,151,0.6317991631799164,3.6,16.0,0.7435517626846261,1.0,0.0
DXR,2025-09-21,2025Q3,300,162,0.54,4.466666666666667,18.0,0.8409314093663365,0.8666666666666667,0.0
DXR,2025-09-22,2025Q3,208,138,0.6634615384615384,4.0,15.0,1.634403434960407,1.0,0.0
DXR,2025-09-23,2025Q3,256,181,0.70703125,3.933333333333333,0,0.9772634780443624,0.6,0.0
DXR,2025-09-26,2025Q3,318,222,0.6981132075471698,3.533333333333333,0,1.0419064291870537,1.0,0.0
DXR,2025-09-27,2025Q3,251,156,0.6215139442231076,1.4666666666666666,0,0.32826926193729794,1.0,0.0
DXR,2025-09-28,2025Q3,443,267,0.6027088036117382,4.266666666666667,0,1.468414073201848,1.0,0.0
DXR,2025-09-29,2025Q3,242,137,0.5661157024793388,2.6666666666666665,0,0.5755323328711678,1.0,0.0
DXR,2025-09-30,2025Q3,153,97,0.6339869281045751,3.6666666666666665,0,2.0299056002486795,1.0,0.0
DXR,2025-10-01,2025Q4,186,128,0.6881720430107527,7.533333333333333,19.0,3.110792733598976,1.0,0.0
DXR,2025-10-02,2025Q4,271,145,0.5350553505535055,3.6666666666666665,0,1.289558547760117,1.0,0.0
DXR,2025-10-03,2025Q4,248,167,0.6733870967741935,4.8,16.0,1.5278080770489215,1.0,0.0
DXR,2025-10-04,2025Q4,218,144,0.6605504587155964,2.533333333333333,0,0.594828674897299,0.9333333333333333,0.0
DXR,2025-10-05,2025Q4,337,225,0.6676557863501483,3.3333333333333335,0,0.7372845552948356,1.0,0.0
DXR,2025-10-06,2025Q4,208,138,0.6634615384615384,4.533333333333333,16.0,1.81236883824384,1.0,0.0
DXR,2025-10-07,2025Q4,131,98,0.7480916030534351,7.933333333333334,23.0,3.7425664179867253,0.9333333333333333,0.0
DXR,2025-10-08,2025Q4,40,25,0.625,7.4,25.0,2.3083581843150536,0.6,0.2
DXR,2025-10-09,2025Q4,142,115,0.8098591549295775,7.866666666666666,23.0,3.5646727571667327,1.0,0.0
DXR,2025-10-10,2025Q4,351,185,0.5270655270655271,3.7333333333333334,14.0,0.6253522750533713,1.0,0.0
DXR,2025-10-11,2025Q4,247,170,0.6882591093117408,4.133333333333334,0,1.4668533579113385,0.6666666666666666,0.06666666666666667
DXR,2025-10-15,2025Q4,381,239,0.6272965879265092,7.066666666666666,22.0,2.4335724067394535,0.6666666666666666,0.0
DXR,2025-10-16,2025Q4,42,30,0.7142857142857143,11.933333333333334,30.0,3.1343993640926295,1.0,0.0
DXR,2025-10-17,2025Q4,278,120,0.4316546762589928,6.4,18.0,1.437684623975123,1.0,0.0
DXR,2025-10-18,2025Q4,437,283,0.6475972540045767,1.0,0,0.07776349793329611,1.0,0.0
DXR,2025-10-19,2025Q4,165,114,0.6909090909090909,7.066666666666666,22.0,1.4934450585195287,0.2,0.0
DXR,2025-10-20,2025Q4,47,30,0.6382978723404256,10.2,26.0,3.1688512520719314,0.7333333333333333,0.0
DXR,2025-10-21,2025Q4,250,165,0.66,7.333333333333333,18.0,2.3097734990767034,1.0,0.0
DXR,2025-10-22,2025Q4,145,114,0.7862068965517242,7.666666666666667,22.0,2.1397237833704077,0.7333333333333333,0.0
DXR,2025-10-23,2025Q4,336,245,0.7291666666666666,7.4,21.0,1.307437128754034,1.0,0.0
DXR,2025-10-24,2025Q4,352,236,0.6704545454545454,3.6666666666666665,18.0,0.8496445700581764,0.9333333333333333,0.06666666666666667
DXR,2025-10-25,2025Q4,197,134,0.6802030456852792,3.5714285714285716,17.0,0.9317670475113145,1.0,0.0
DXR,2025-10-26,2025Q4,403,236,0.5856079404466501,4.066666666666666,0,1.9755532877024644,1.0,0.0
DXR,2025-10-27,2025Q4,263,162,0.6159695817490495,4.133333333333334,0,1.737003526328284,1.0,0.0
DXR,2025-10-28,2025Q4,210,101,0.48095238095238096,7.0,24.0,2.1202780829553523,0.9333333333333333,0.0
DXR,2025-10-29,2025Q4,291,187,0.6426116838487973,6.266666666666667,0,1.4730757211831889,0.6,0.0
DXR,2025-10-31,2025Q4,44,33,0.75,12.733333333333333,37.0,4.013304464813139,0.8666666666666667,0.0
DXR,2025-11-01,2025Q4,32,18,0.5625,8.4,28.0,4.06443201126461,1.0,0.0
DXR,2025-11-02,2025Q4,325,210,0.6461538461538462,2.642857142857143,0,0.734148138911051,1.0,0.0
DXR,2025-11-03,2025Q4,220,144,0.6545454545454545,6.6,19.0,2.9071875903838924,0.9333333333333333,0.0
DXR,2025-11-05,2025Q4,207,129,0.6231884057971014,7.8,28.0,3.9000476536753,0.9333333333333333,0.06666666666666667
DXR,2025-11-06,2025Q4,61,51,0.8360655737704918,8.533333333333333,25.0,4.260666678268807,1.0,0.0
DXR,2025-11-07,2025Q4,196,138,0.7040816326530612,7.8,25.0,3.9640201806238773,0.8,0.2
DXR,2025-11-08,2025Q4,183,115,0.6284153005464481,4.8,17.0,2.1457578564235407,1.0,0.0
DXR,2025-11-09,2025Q4,43,17,0.3953488372093023,5.133333333333334,17.0,1.9229436710600296,0.2,0.13333333333333333
DXR,2025-11-10,2025Q4,40,25,0.625,5.066666666666666,18.0,2.3759870658035456,0.13333333333333333,0.13333333333333333
DXR,2025-11-12,2025Q4,139,118,0.8489208633093526,5.8,21.0,1.1229753105242264,0.9333333333333333,0.06666666666666667
DXR,2025-11-13,2025Q4,57,46,0.8070175438596491,9.6,21.0,5.37703891256348,1.0,0.0
DXR,2025-11-14,2025Q4,292,204,0.6986301369863014,4.466666666666667,0,1.8183416940340156,1.0,0.0
DXR,2025-11-15,2025Q4,372,268,0.7204301075268817,3.1333333333333333,0,0.8675524277236452,0.8,0.2
DXR,2025-11-18,2025Q4,245,190,0.7755102040816326,5.133333333333334,18.0,2.3386511924724136,1.0,0.0
DXR,2025-11-19,2025Q4,224,154,0.6875,2.466666666666667,0,0.9434054282490947,1.0,0.0
DXR,2025-11-20,2025Q4,359,205,0.5710306406685237,0.0,0,0.0,1.0,0.0
DXR,2025-11-21,2025Q4,48,16,0.3333333333333333,2.6666666666666665,0,0.6907843696506474,0.26666666666666666,0.0
DXR,2025-11-22,2025Q4,67,42,0.6268656716417911,3.0,0,1.1275177261604894,0.6,0.2
DXR,2025-11-23,2025Q4,333,232,0.6966966966966966,5.0,0,1.0929385983265059,1.0,0.0
DXR,2025-11-24,2025Q4,212,144,0.6792452830188679,4.4,14.0,2.0151740486693157,1.0,0.0
DXR,2025-11-25,2025Q4,164,138,0.8414634146341463,5.0,18.0,1.9091085084048192,0.6428571428571429,0.35714285714285715
DXR,2025-11-29,2025Q4,331,182,0.5498489425981873,6.538461538461538,22.0,2.8329514735542856,1.0,0.0
DXR,2025-11-30,2025Q4,54,34,0.6296296296296297,6.333333333333333,24.0,1.6386749894521262,0.2,0.5333333333333333
DXR,2025-12-01,2025Q4,231,162,0.7012987012987013,5.066666666666666,21.0,1.444665556229568,1.0,0.0
DXR,2025-12-03,2025Q4,182,107,0.5879120879120879,4.0,20.0,1.5835781302873884,0.8666666666666667,0.0
DXR,2025-12-04,2025Q4,54,43,0.7962962962962963,11.066666666666666,30.0,4.967931959540806,1.0,0.0
DXR,2025-12-05,2025Q4,208,133,0.6394230769230769,2.533333333333333,0,0.8683272387986711,0.7333333333333333,0.0
DXR,2025-12-06,2025Q4,210,146,0.6952380952380952,3.1333333333333333,0,1.1756130669259226,0.8,0.0
DXR,2025-12-07,2025Q4,380,226,0.5947368421052631,4.0,0,1.0695056218184127,1.0,0.0
DXR,2025-12-08,2025Q4,38,29,0.7631578947368421,8.4,26.0,3.2704279408794545,1.0,0.0
DXR,2025-12-09,2025Q4,167,117,0.7005988023952096,3.6,0,1.3928872471713698,1.0,0.0
DXR,2025-12-12,2025Q4,108,95,0.8796296296296297,7.266666666666667,23.0,3.1327439400140937,1.0,0.0
DXR,2025-12-13,2025Q4,296,206,0.6959459459459459,3.3333333333333335,0,0.827294138653834,0.8,0.06666666666666667
DXR,2025-12-16,2025Q4,127,81,0.6377952755905512,3.933333333333333,0,1.3795866216957018,1.0,0.0
DXR,2025-12-17,2025Q4,201,135,0.6716417910447762,6.533333333333333,20.0,1.382674254151766,1.0,0.0
DXR,2025-12-18,2025Q4,139,116,0.8345323741007195,3.076923076923077,19.0,1.0118869996323776,0.6923076923076923,0.0
DXR,2025-12-20,2025Q4,302,246,0.8145695364238411,4.133333333333334,0,1.3835626824650427,1.0,0.0
DXR,2025-12-21,2025Q4,90,74,0.8222222222222222,10.266666666666667,34.0,4.594939479321279,1.0,0.0
DXR,2025-12-22,2025Q4,285,195,0.6842105263157895,5.933333333333334,15.0,1.518998987911871,1.0,0.0
DXR,2025-12-26,2025Q4,112,69,0.6160714285714286,4.0,0,1.2216495469081905,0.6666666666666666,0.3333333333333333
DXR,2025-12-31,2025Q4,198,166,0.8383838383838383,8.0,18.0,2.0258476021872904,1.0,0.0
DXR,2026-01-02,2026Q1,89,102,1.146067415730337,6.666666666666667,16.0,2.485227892928589,0.9333333333333333,0.0
DXR,2026-01-03,2026Q1,201,127,0.6318407960199005,5.333333333333333,16.0,1.721257819763713,1.0,0.0
DXR,2026-01-04,2026Q1,112,75,0.6696428571428571,2.8,0,0.6588987584904963,0.9333333333333333,0.06666666666666667
DXR,2026-01-05,2026Q1,140,91,0.65,2.6666666666666665,0,0.3413652327609863,0.8666666666666667,0.13333333333333333
DXR,2026-01-06,2026Q1,142,87,0.6126760563380281,3.466666666666667,0,0.6678012245462861,0.6666666666666666,0.0
DXR,2026-01-08,2026Q1,377,163,0.4323607427055703,2.5833333333333335,0,0.5607708231084483,1.0,0.0
DXR,2026-01-10,2026Q1,120,67,0.5583333333333333,4.666666666666667,0,1.5202917917190746,0.5333333333333333,0.4666666666666667
DXR,2026-01-12,2026Q1,175,125,0.7142857142857143,7.4,26.0,2.5630910740822754,1.0,0.0
DXR,2026-01-13,2026Q1,254,155,0.610236220472441,7.0,19.0,3.2175251954396713,1.0,0.0
DXR,2026-01-14,2026Q1,166,132,0.7951807228915663,1.6666666666666667,0,0.4131804617270423,0.8666666666666667,0.13333333333333333
DXR,2026-01-15,2026Q1,60,41,0.6833333333333333,9.866666666666667,25.0,3.0479351277740574,0.8,0.0
DXR,2026-01-16,2026Q1,73,45,0.6164383561643836,7.785714285714286,26.0,3.1012964485647045,1.0,0.0
DXR,2026-01-20,2026Q1,60,53,0.8833333333333333,7.533333333333333,22.0,2.540967616923963,1.0,0.0
DXR,2026-01-21,2026Q1,170,115,0.6764705882352942,6.4,24.0,3.6062539686481974,0.8,0.13333333333333333
DXR,2026-01-22,2026Q1,148,110,0.7432432432432432,8.0,22.0,1.240996532043792,1.0,0.0
DXR,2026-01-23,2026Q1,82,55,0.6707317073170732,11.6,30.0,4.10729161160804,1.0,0.0
DXR,2026-01-24,2026Q1,74,64,0.8648648648648649,8.333333333333334,22.0,2.3153943853797894,1.0,0.0
DXR,2026-01-28,2026Q1,62,44,0.7096774193548387,4.4,0,0.9995279592924909,1.0,0.0
DXR,2026-01-29,2026Q1,57,20,0.3508771929824561,6.2,20.0,2.283627920146762,1.0,0.0
DXR,2026-01-30,2026Q1,39,32,0.8205128205128205,7.333333333333333,23.0,3.3097325717721424,1.0,0.0
DXR,2026-01-31,2026Q1,165,105,0.6363636363636364,7.2,19.0,2.6761027416269356,1.0,0.0
DXR,2026-02-02,2026Q1,42,29,0.6904761904761905,6.466666666666667,24.0,2.147080881743176,1.0,0.0
DXR,2026-02-03,2026Q1,173,117,0.6763005780346821,2.0,0,0.16254371271618326,1.0,0.0
DXR,2026-02-04,2026Q1,97,65,0.6701030927835051,5.666666666666667,18.0,1.3196233850654433,1.0,0.0
DXR,2026-02-05,2026Q1,188,140,0.7446808510638298,4.0,19.0,1.4535553656200895,1.0,0.0
DXR,2026-02-06,2026Q1,204,147,0.7205882352941176,3.1333333333333333,0,1.518699655385085,0.8666666666666667,0.13333333333333333
DXR,2026-02-09,2026Q1,123,64,0.5203252032520326,6.8,21.0,2.3244803915166314,1.0,0.0
DXR,2026-02-10,2026Q1,263,187,0.7110266159695817,2.933333333333333,0,0.823596911561005,1.0,0.0
DXR,2026-02-11,2026Q1,65,46,0.7076923076923077,8.6,27.0,4.2694365492139275,0.8,0.0
DXR,2026-02-12,2026Q1,88,74,0.8409090909090909,8.8,24.0,2.09370471898887,1.0,0.0
DXR,2026-02-13,2026Q1,226,169,0.7477876106194691,3.8666666666666667,0,1.1112951954262456,1.0,0.0
DXR,2026-02-14,2026Q1,224,181,0.8080357142857143,5.666666666666667,16.0,1.480702551675479,1.0,0.0
DXR,2026-02-15,2026Q1,214,121,0.5654205607476636,3.466666666666667,0,1.0918155513700574,1.0,0.0
DXR,2026-02-16,2026Q1,291,149,0.5120274914089347,3.4,0,0.9061687699117859,0.9333333333333333,0.0
DXR,2026-02-17,2026Q1,84,70,0.8333333333333334,4.25,0,0.6490170947457218,0.4166666666666667,0.0
DXR,2026-02-19,2026Q1,235,165,0.7021276595744681,4.066666666666666,0,0.7423582603476225,1.0,0.0
DXR,2026-02-21,2026Q1,324,216,0.6666666666666666,4.2,0,1.9152862684450558,0.8,0.0
DXR,2026-02-26,2026Q1,136,85,0.625,3.466666666666667,16.0,1.2971745505568528,1.0,0.0
DXR,2026-02-27,2026Q1,264,178,0.6742424242424242,4.333333333333333,0,1.7297284285785641,1.0,0.0
DXR,2026-02-28,2026Q1,314,213,0.678343949044586,4.2,19.0,2.3465343854928675,0.8666666666666667,0.0
DXR,2026-03-02,2026Q1,308,176,0.5714285714285714,3.2,0,1.3178878798821758,1.0,0.0
DXR,2026-03-04,2026Q1,226,163,0.7212389380530974,2.2,0,0.7264515006158117,0.8666666666666667,0.0
DXR,2026-03-08,2026Q1,273,145,0.5311355311355311,4.733333333333333,0,1.3672095486951557,0.8666666666666667,0.13333333333333333
DXR,2026-03-09,2026Q1,359,239,0.6657381615598886,6.866666666666666,22.0,2.9690674574451728,1.0,0.0
DXR,2026-03-10,2026Q1,283,201,0.7102473498233216,5.133333333333334,22.0,0.4647800038425645,1.0,0.0
DXR,2026-03-11,2026Q1,146,94,0.6438356164383562,6.4,17.0,1.481232699167655,0.8666666666666667,0.13333333333333333
DXR,2026-03-13,2026Q1,294,203,0.6904761904761905,6.533333333333333,19.0,1.8659705961151547,1.0,0.0
DXR,2026-03-14,2026Q1,38,25,0.6578947368421053,10.533333333333333,36.0,4.936231328608792,1.0,0.0
DXR,2026-03-15,2026Q1,372,180,0.4838709677419355,8.266666666666667,22.0,3.0208318504381975,0.7333333333333333,0.0
DXR,2026-03-17,2026Q1,37,29,0.7837837837837838,11.066666666666666,30.0,5.421640286347697,1.0,0.0
DXR,2026-03-18,2026Q1,249,129,0.5180722891566265,6.066666666666666,14.0,1.8303422862637975,1.0,0.0
DXR,2026-03-19,2026Q1,212,125,0.589622641509434,4.666666666666667,16.0,2.12208699190878,1.0,0.0
DXR,2026-03-20,2026Q1,239,167,0.698744769874477,4.866666666666666,22.0,1.8827511702960835,0.7333333333333333,0.26666666666666666
DXR,2026-03-21,2026Q1,164,91,0.5548780487804879,7.866666666666666,19.0,3.75090108202442,0.8,0.0
DXR,2026-03-22,2026Q1,38,23,0.6052631578947368,2.933333333333333,0,0.869174669523222,0.2,0.2
DXR,2026-03-24,2026Q1,274,151,0.551094890510949,7.6,22.0,2.3701038741265634,1.0,0.0
DXR,2026-03-25,2026Q1,235,172,0.7319148936170212,7.2,19.0,3.1804907120958714,1.0,0.0
DXR,2026-03-26,2026Q1,295,153,0.5186440677966102,8.6,24.0,4.127097302442196,1.0,0.0
DXR,2026-03-27,2026Q1,77,41,0.5324675324675324,9.8,32.0,4.403010696308088,0.8666666666666667,0.0
DXR,2026-03-28,2026Q1,93,75,0.8064516129032258,8.533333333333333,21.0,3.607603909001802,1.0,0.0
DXR,2026-03-29,2026Q1,308,195,0.6331168831168831,8.266666666666667,24.0,3.868111562837591,1.0,0.0
DXR,2026-03-30,2026Q1,87,63,0.7241379310344828,10.466666666666667,26.0,3.836821355552815,1.0,0.0
DXR,2026-03-31,2026Q1,136,95,0.6985294117647058,10.533333333333333,27.0,4.258895070728937,1.0,0.0
DXR,2026-04-01,2026Q2,119,70,0.5882352941176471,7.733333333333333,18.0,2.911854285317866,0.9333333333333333,0.06666666666666667
DXR,2026-04-03,2026Q2,99,89,0.898989898989899,6.538461538461538,21.0,1.8029261049623013,0.5384615384615384,0.0
DXR,2026-04-04,2026Q2,307,147,0.4788273615635179,8.357142857142858,25.0,3.2666699625246483,0.9285714285714286,0.0
DXR,2026-04-06,2026Q2,89,73,0.8202247191011236,8.4,27.0,4.846404686009811,1.0,0.0
DXR,2026-04-07,2026Q2,73,56,0.7671232876712328,9.6,27.0,3.892843113009496,1.0,0.0
DXR,2026-04-08,2026Q2,347,203,0.5850144092219021,6.642857142857143,18.0,2.8596922962093134,1.0,0.0
DXR,2026-04-09,2026Q2,329,189,0.574468085106383,6.666666666666667,20.0,3.410508790911137,1.0,0.0
DXR,2026-04-10,2026Q2,281,221,0.7864768683274022,7.066666666666666,19.0,3.4830574313603635,1.0,0.0
DXR,2026-04-11,2026Q2,65,60,0.9230769230769231,10.133333333333333,29.0,2.803569279347457,1.0,0.0
DXR,2026-04-12,2026Q2,438,285,0.6506849315068494,7.2,20.0,2.869438633388961,1.0,0.0
DXR,2026-04-13,2026Q2,61,45,0.7377049180327869,9.066666666666666,30.0,2.883637336490653,0.6666666666666666,0.0
DXR,2026-04-14,2026Q2,198,147,0.7424242424242424,8.571428571428571,38.0,3.3580695952572746,0.9285714285714286,0.07142857142857142
DXR,2026-04-15,2026Q2,284,150,0.528169014084507,7.4,18.0,2.605490580576856,0.9333333333333333,0.06666666666666667
DXR,2026-04-16,2026Q2,249,158,0.6345381526104418,8.4,21.0,3.3376497367187015,1.0,0.0
DXR,2026-04-17,2026Q2,211,118,0.5592417061611374,7.466666666666667,22.0,2.114835537314238,1.0,0.0
DXR,2026-04-18,2026Q2,423,212,0.5011820330969267,7.666666666666667,18.0,1.764891448461236,0.6666666666666666,0.0
DXR,2026-04-20,2026Q2,225,134,0.5955555555555555,7.2,21.0,1.2168758349225026,0.9333333333333333,0.06666666666666667
DXR,2026-04-21,2026Q2,370,201,0.5432432432432432,6.066666666666666,16.0,2.7294017121941083,1.0,0.0
DXR,2026-04-23,2026Q2,180,133,0.7388888888888889,7.666666666666667,24.0,3.2830638902324276,1.0,0.0
DXR,2026-04-24,2026Q2,257,138,0.5369649805447471,7.666666666666667,22.0,2.2370240105177723,1.0,0.0
DXR,2026-04-25,2026Q2,70,40,0.5714285714285714,5.666666666666667,0,1.3773749579693184,0.3333333333333333,0.6666666666666666
DXR,2026-04-26,2026Q2,372,155,0.4166666666666667,6.4,17.0,2.666797236980857,0.6666666666666666,0.0
DXR,2026-04-27,2026Q2,242,119,0.49173553719008267,5.066666666666666,18.0,1.9248790537479301,1.0,0.0
DXR,2026-04-28,2026Q2,219,133,0.6073059360730594,5.666666666666667,0,2.8740868066892205,1.0,0.0
DXR,2026-04-29,2026Q2,312,124,0.3974358974358974,6.066666666666666,20.0,2.205439611286544,0.9333333333333333,0.06666666666666667
DXR,2026-05-01,2026Q2,221,115,0.5203619909502263,6.466666666666667,17.0,2.6063353202757065,1.0,0.0
DXR,2026-05-02,2026Q2,137,101,0.7372262773722628,5.4,15.0,2.0636779165690977,0.5333333333333333,0.0
DXR,2026-05-03,2026Q2,97,63,0.6494845360824743,8.8,24.0,2.5257315795501456,0.9333333333333333,0.06666666666666667
DXR,2026-05-04,2026Q2,59,26,0.4406779661016949,12.0,31.0,4.6125517105929195,1.0,0.0
DXR,2026-05-07,2026Q2,201,89,0.4427860696517413,7.2,20.0,2.0504120286687604,0.9333333333333333,0.0
DXR,2026-05-08,2026Q2,213,109,0.5117370892018779,7.6,26.0,1.3594894219724714,0.9333333333333333,0.06666666666666667
DXR,2026-05-10,2026Q2,98,39,0.3979591836734694,3.8,17.0,1.2195630854847959,0.7333333333333333,0.0
DXR,2026-05-11,2026Q2,278,154,0.5539568345323741,5.933333333333334,18.0,3.001729676718864,1.0,0.0
DXR,2026-05-12,2026Q2,336,182,0.5416666666666666,6.333333333333333,17.0,3.094044310535455,1.0,0.0
DXR,2026-05-13,2026Q2,122,47,0.38524590163934425,9.733333333333333,28.0,4.220501394410701,0.8666666666666667,0.13333333333333333
DXR,2026-05-14,2026Q2,133,95,0.7142857142857143,4.571428571428571,17.0,2.167015162847256,0.7857142857142857,0.07142857142857142
DXR,2026-05-15,2026Q2,245,101,0.4122448979591837,6.333333333333333,18.0,1.8026098916715567,0.9333333333333333,0.0
DXR,2026-05-16,2026Q2,380,194,0.5105263157894737,8.066666666666666,23.0,2.9300175027391075,1.0,0.0
DXR,2026-05-17,2026Q2,413,234,0.5665859564164649,6.666666666666667,23.0,2.4667481697048066,1.0,0.0
DXR,2026-05-18,2026Q2,210,103,0.49047619047619045,7.4,22.0,3.4703768145151144,1.0,0.0
DXR,2026-05-19,2026Q2,130,87,0.6692307692307692,7.133333333333334,21.0,2.4471057657165782,0.9333333333333333,0.06666666666666667
DXR,2026-05-20,2026Q2,172,82,0.47674418604651164,7.066666666666666,22.0,3.5423990893674477,0.8666666666666667,0.13333333333333333
DXR,2026-05-21,2026Q2,182,73,0.4010989010989011,4.066666666666666,0,1.4164809911902634,0.7333333333333333,0.26666666666666666
DXR,2026-05-22,2026Q2,261,76,0.29118773946360155,6.733333333333333,19.0,1.8905848525012525,1.0,0.0
DXR,2026-05-23,2026Q2,174,79,0.4540229885057471,3.933333333333333,0,0.8519372656853993,0.13333333333333333,0.8666666666666667
DXR,2026-05-25,2026Q2,120,57,0.475,4.133333333333334,0,1.2660710902877037,0.5333333333333333,0.13333333333333333
DXR,2026-05-26,2026Q2,286,151,0.527972027972028,5.0,19.0,2.6287337020610075,1.0,0.0
DXR,2026-05-27,2026Q2,407,172,0.4226044226044226,6.666666666666667,20.0,1.1324297334001456,1.0,0.0
DXR,2026-05-28,2026Q2,233,90,0.38626609442060084,8.8,28.0,1.332104304059356,1.0,0.0
DXR,2026-05-29,2026Q2,404,172,0.42574257425742573,4.4,17.0,1.5373423781112363,1.0,0.0
DXR,2026-05-31,2026Q2,414,223,0.538647342995169,4.785714285714286,15.0,1.6537361628633966,1.0,0.0
DXR,2026-06-01,2026Q2,337,121,0.3590504451038576,7.8,19.0,2.834656131860236,1.0,0.0
DXR,2026-06-02,2026Q2,270,126,0.4666666666666667,7.2,23.0,2.080258505401649,0.9333333333333333,0.06666666666666667
DXR,2026-06-03,2026Q2,234,146,0.6239316239316239,5.466666666666667,17.0,2.1435778352383057,1.0,0.0
DXR,2026-06-04,2026Q2,324,194,0.5987654320987654,3.933333333333333,0,1.0531407163463258,1.0,0.0
DXR,2026-06-05,2026Q2,389,238,0.6118251928020566,4.066666666666666,0,1.3931404097101974,1.0,0.0
DXR,2026-06-06,2026Q2,217,183,0.8433179723502304,8.0,27.0,2.1373286124563413,0.9333333333333333,0.06666666666666667
DXR,2026-06-07,2026Q2,148,37,0.25,8.933333333333334,27.0,2.6860815100618822,1.0,0.0
DXR,2026-06-08,2026Q2,306,129,0.4215686274509804,5.933333333333334,17.0,2.1585691797113533,1.0,0.0
DXR,2026-06-09,2026Q2,339,215,0.6342182890855457,8.733333333333333,20.0,2.9779891770520455,1.0,0.0
DXR,2026-06-10,2026Q2,363,143,0.3939393939393939,5.4,16.0,2.6733821838772873,1.0,0.0
DXR,2026-06-12,2026Q2,268,135,0.503731343283582,7.666666666666667,20.0,2.5787210053964995,1.0,0.0
DXR,2026-06-13,2026Q2,328,157,0.47865853658536583,6.133333333333334,22.0,2.9452645818800023,1.0,0.0
DXR,2026-06-14,2026Q2,229,103,0.4497816593886463,8.6,20.0,3.3530108779403522,1.0,0.0
DXR,2026-06-15,2026Q2,284,95,0.3345070422535211,8.866666666666667,20.0,2.9528684467845334,1.0,0.0
DXR,2026-06-16,2026Q2,441,207,0.46938775510204084,6.266666666666667,17.0,2.9012621892087824,1.0,0.0
DXR,2026-06-17,2026Q2,314,179,0.5700636942675159,5.8,19.0,1.560794464022983,1.0,0.0
DXR,2026-06-19,2026Q2,276,164,0.5942028985507246,8.266666666666667,24.0,2.9605953497705313,0.9333333333333333,0.06666666666666667
DXR,2026-06-20,2026Q2,80,59,0.7375,8.0,24.0,3.8185834970574755,1.0,0.0
DXR,2026-06-21,2026Q2,375,209,0.5573333333333333,4.6,16.0,1.426596747003946,1.0,0.0
DXR,2026-06-22,2026Q2,195,87,0.4461538461538462,5.266666666666667,0,2.119803945517166,0.4,0.4666666666666667
DXR,2026-06-23,2026Q2,45,15,0.3333333333333333,4.133333333333334,16.0,1.1917802676133296,0.4,0.3333333333333333
DXR,2026-06-24,2026Q2,270,176,0.6518518518518519,6.133333333333334,17.0,1.9569834234206478,1.0,0.0
DXR,2026-06-25,2026Q2,373,80,0.21447721179624665,4.8,17.0,1.2469271473992676,1.0,0.0
DXR,2026-06-26,2026Q2,222,81,0.36486486486486486,4.533333333333333,0,2.359266502904368,0.6,0.0
DXR,2026-06-27,2026Q2,264,135,0.5113636363636364,3.2666666666666666,0,1.274550569735386,0.7333333333333333,0.26666666666666666
DXR,2026-06-28,2026Q2,324,150,0.46296296296296297,4.533333333333333,0,1.8577276938220768,0.8666666666666667,0.0
DXR,2026-06-29,2026Q2,239,155,0.6485355648535565,2.8666666666666667,0,1.4032440983005898,0.9333333333333333,0.0
DXR,2026-06-30,2026Q2,349,197,0.5644699140401146,7.466666666666667,20.0,3.6172911330685693,1.0,0.0
DXR,2026-07-01,2026Q3,252,167,0.6626984126984127,5.466666666666667,0,2.234872185129357,1.0,0.0
DXR,2026-07-02,2026Q3,245,181,0.7387755102040816,6.466666666666667,14.0,2.2211910367377596,1.0,0.0
DXR,2026-07-03,2026Q3,344,187,0.5436046511627907,6.6,19.0,2.038655667986134,0.9333333333333333,0.06666666666666667
DXR,2026-07-04,2026Q3,56,45,0.8035714285714286,5.466666666666667,42.0,1.4786521011751717,0.8666666666666667,0.13333333333333333
DXR,2026-07-05,2026Q3,70,38,0.5428571428571428,5.923076923076923,0,1.5391181963703178,0.6153846153846154,0.0
DXR,2026-07-08,2026Q3,320,233,0.728125,4.4,0,2.010164825892924,1.0,0.0
DXR,2026-07-09,2026Q3,325,234,0.72,8.066666666666666,18.0,4.143574587427521,0.7333333333333333,0.0
DXR,2026-07-10,2026Q3,210,148,0.7047619047619048,5.2,16.0,1.6611288117859708,0.8666666666666667,0.06666666666666667
DXR,2026-07-11,2026Q3,321,181,0.5638629283489096,4.333333333333333,0,1.623292649655837,1.0,0.0
DXR,2026-07-12,2026Q3,322,233,0.7236024844720497,3.642857142857143,0,1.0682361849352802,1.0,0.0
DXR,2026-07-13,2026Q3,219,165,0.7534246575342466,8.2,21.0,3.3932654005388367,1.0,0.0
DXR,2026-07-14,2026Q3,193,147,0.7616580310880829,8.333333333333334,21.0,1.398698209513801,1.0,0.0
DXR,2026-07-15,2026Q3,147,134,0.9115646258503401,6.533333333333333,17.0,2.2522805594689843,0.8666666666666667,0.0
DXR,2026-07-16,2026Q3,70,59,0.8428571428571429,5.8,0,1.1126223418721792,0.4666666666666667,0.0
DXR,2026-07-17,2026Q3,449,260,0.579064587973274,4.066666666666666,0,1.367164984702015,1.0,0.0
DXR,2026-07-19,2026Q3,185,158,0.8540540540540541,6.8,22.0,1.7484639874657617,1.0,0.0
DXR,2026-07-20,2026Q3,499,337,0.6753507014028056,4.8,0,1.652954912317434,1.0,0.0
DXR,2026-07-21,2026Q3,112,58,0.5178571428571429,4.666666666666667,19.0,1.404580228116816,0.3333333333333333,0.4
DXR,2026-07-22,2026Q3,300,198,0.66,6.933333333333334,19.0,1.726631008633256,0.7333333333333333,0.0
DXR,2026-07-23,2026Q3,281,237,0.8434163701067615,4.466666666666667,0,1.7264469311921637,1.0,0.0
DXR,2026-07-24,2026Q3,404,245,0.6064356435643564,4.538461538461538,0,1.0613291008899512,1.0,0.0
DXR,2026-07-25,2026Q3,236,141,0.597457627118644,3.4,0,1.2380153708667767,1.0,0.0
DXR,2026-07-26,2026Q3,234,157,0.6709401709401709,2.533333333333333,0,0.880577174240858,1.0,0.0
DXR,2026-07-27,2026Q3,428,265,0.6191588785046729,3.533333333333333,18.0,0.7171344887826472,1.0,0.0
DXR,2026-07-28,2026Q3,45,38,0.8444444444444444,5.4,18.0,1.9066269647133611,0.3333333333333333,0.3333333333333333
DXR,2026-07-29,2026Q3,37,13,0.35135135135135137,3.6666666666666665,0,0.9358097336032366,0.3333333333333333,0.26666666666666666
DXR,2026-07-30,2026Q3,46,20,0.43478260869565216,5.0,0,2.6871416461490845,0.4,0.13333333333333333
DXR,2026-07-31,2026Q3,516,310,0.6007751937984496,3.1333333333333333,0,0.9447266688076522,0.9333333333333333,0.0
DXR,2026-08-01,2026Q3,83,40,0.4819277108433735,7.2,19.0,3.0437948700852813,1.0,0.0
DXR,2026-08-02,2026Q3,149,135,0.9060402684563759,6.933333333333334,17.0,1.8470535996721298,0.6,0.06666666666666667
DXR,2026-08-04,2026Q3,430,254,0.5906976744186047,3.533333333333333,0,1.3115595733736756,1.0,0.0
DXR,2026-08-05,2026Q3,357,275,0.7703081232492998,3.4,0,0.6447497742169702,0.8666666666666667,0.0
DXR,2026-08-06,2026Q3,243,166,0.6831275720164609,6.466666666666667,15.0,2.629436429677669,0.5333333333333333,0.13333333333333333
DXR,2026-08-07,2026Q3,290,245,0.8448275862068966,4.6,19.0,2.0742450296268418,0.7333333333333333,0.13333333333333333
DXR,2026-08-08,2026Q3,235,133,0.5659574468085107,5.4,0,1.3699520084873809,0.6666666666666666,0.0
DXR,2026-08-09,2026Q3,339,90,0.26548672566371684,4.866666666666666,0,1.7714123031639002,1.0,0.0
DXR,2026-08-10,2026Q3,233,165,0.7081545064377682,3.3333333333333335,15.0,1.015174065790173,0.8666666666666667,0.0
DXR,2026-08-11,2026Q3,285,181,0.6350877192982456,4.066666666666666,0,1.4238885279662747,0.9333333333333333,0.0
DXR,2026-08-12,2026Q3,214,106,0.4953271028037383,3.6666666666666665,0,1.4235844061905294,1.0,0.0
DXR,2026-08-13,2026Q3,337,207,0.6142433234421365,4.466666666666667,0,1.368951361900521,0.9333333333333333,0.0
DXR,2026-08-14,2026Q3,273,175,0.6410256410256411,3.2666666666666666,0,1.0324426287058077,0.9333333333333333,0.06666666666666667
DXR,2026-08-15,2026Q3,287,189,0.6585365853658537,2.7333333333333334,0,0.44547528628169175,1.0,0.0
DXR,2026-08-16,2026Q3,206,171,0.8300970873786407,4.933333333333334,20.0,2.6537040055107872,1.0,0.0
DXR,2026-08-18,2026Q3,279,199,0.7132616487455197,3.7333333333333334,14.0,0.8261848252422395,1.0,0.0
DXR,2026-08-19,2026Q3,257,127,0.49416342412451364,3.8,15.0,1.1736291994865777,1.0,0.0
DXR,2026-08-20,2026Q3,224,156,0.6964285714285714,3.1333333333333333,0,0.5584270218009322,0.5333333333333333,0.4666666666666667
DXR,2026-08-21,2026Q3,338,221,0.6538461538461539,5.333333333333333,14.0,1.9222139966199807,1.0,0.0
DXR,2026-08-22,2026Q3,131,113,0.8625954198473282,3.6666666666666665,0,1.272531873933476,0.26666666666666666,0.0
DXR,2026-08-23,2026Q3,105,77,0.7333333333333333,5.866666666666666,0,1.1499765583227342,0.4666666666666667,0.2
DXR,2026-08-24,2026Q3,293,221,0.7542662116040956,6.133333333333334,17.0,1.397381465266574,1.0,0.0
DXR,2026-08-25,2026Q3,341,215,0.6304985337243402,5.733333333333333,0,2.142352634560551,1.0,0.0
DXR,2026-08-26,2026Q3,412,274,0.6650485436893204,2.8,0,0.7636516037587374,1.0,0.0
DXR,2026-08-27,2026Q3,41,27,0.6585365853658537,4.466666666666667,0,2.1130178793464465,0.6,0.2
DXR,2026-08-28,2026Q3,361,244,0.6759002770083102,3.933333333333333,0,1.9735450560814487,0.8666666666666667,0.0
DXR,2026-08-29,2026Q3,265,184,0.6943396226415094,5.266666666666667,16.0,2.093469995503389,1.0,0.0
DXR,2026-08-30,2026Q3,260,227,0.8730769230769231,6.466666666666667,16.0,1.8382876602713694,0.7333333333333333,0.2
DXR,2026-08-31,2026Q3,359,205,0.5710306406685237,4.733333333333333,0,1.4939662537451943,0.8,0.06666666666666667
EWB,2024-09-23,2024Q3,193,57,0.29533678756476683,7.0,21.0,1.2075196728189297,1.0,0.0
EWB,2024-09-24,2024Q3,328,80,0.24390243902439024,5.75,21.0,1.7150592014527348,0.9375,0.0
EWB,2024-09-25,2024Q3,166,54,0.3253012048192771,6.0,0,2.1938271845127963,0.9375,0.0
EWB,2024-09-27,2024Q3,234,116,0.49572649572649574,2.125,0,0.8852492454124069,0.875,0.0
EWB,2024-09-28,2024Q3,112,45,0.4017857142857143,6.75,0,2.8068274812739658,0.8125,0.0
EWB,2024-09-29,2024Q3,66,14,0.21212121212121213,4.75,0,1.6701347289109105,0.375,0.0
EWB,2024-09-30,2024Q3,146,49,0.3356164383561644,3.5625,0,1.4229209539713004,0.75,0.0
EWB,2024-10-01,2024Q4,63,22,0.3492063492063492,6.9375,19.0,2.1484650997648633,0.75,0.0
EWB,2024-10-02,2024Q4,152,33,0.21710526315789475,5.3125,15.0,2.337843596901108,1.0,0.0
EWB,2024-10-03,2024Q4,300,97,0.3233333333333333,3.0,0,1.5450351417811803,1.0,0.0
EWB,2024-10-04,2024Q4,284,130,0.45774647887323944,4.375,0,2.505268556655847,0.9375,0.0
EWB,2024-10-08,2024Q4,396,106,0.2676767676767677,3.75,15.0,0.8135003058722016,1.0,0.0
EWB,2024-10-11,2024Q4,209,49,0.23444976076555024,7.0625,18.0,3.658021856318475,1.0,0.0
EWB,2024-10-15,2024Q4,195,61,0.3128205128205128,8.25,22.0,4.742746176970739,1.0,0.0
EWB,2024-10-16,2024Q4,139,33,0.23741007194244604,6.125,20.0,2.1472485447445355,1.0,0.0
EWB,2024-10-18,2024Q4,274,56,0.20437956204379562,7.1875,25.0,1.4799183704280543,1.0,0.0
EWB,2024-10-19,2024Q4,359,130,0.362116991643454,2.75,0,0.6638513423749913,1.0,0.0
EWB,2024-10-21,2024Q4,404,87,0.21534653465346534,5.625,18.0,1.8892216450039565,1.0,0.0
EWB,2024-10-22,2024Q4,309,79,0.255663430420712,3.375,0,0.7696022463489708,1.0,0.0
EWB,2024-10-23,2024Q4,238,97,0.40756302521008403,8.5625,26.0,1.4795010687976842,0.875,0.0
EWB,2024-10-24,2024Q4,192,44,0.22916666666666666,5.5,22.0,1.8821488341405497,0.9375,0.0
EWB,2024-10-25,2024Q4,250,102,0.408,5.0,0,1.292889597627633,1.0,0.0
EWB,2024-10-26,2024Q4,154,46,0.2987012987012987,6.8125,23.0,2.361458036637214,1.0,0.0
EWB,2024-10-28,2024Q4,444,152,0.34234234234234234,4.4375,15.0,1.654452888920641,1.0,0.0
EWB,2024-10-29,2024Q4,309,111,0.3592233009708738,9.3125,19.0,1.957209863445392,1.0,0.0
EWB,2024-10-30,2024Q4,195,67,0.3435897435897436,8.1875,18.0,1.54722459625662,0.5625,0.0
EWB,2024-10-31,2024Q4,320,151,0.471875,6.6875,0,1.3484357440923807,1.0,0.0
EWB,2024-11-01,2024Q4,133,41,0.3082706766917293,9.0625,23.0,2.097529789007677,0.9375,0.0625
EWB,2024-11-02,2024Q4,187,72,0.3850267379679144,4.75,17.0,1.4676111577289086,1.0,0.0
EWB,2024-11-04,2024Q4,300,193,0.6433333333333333,5.25,0,2.77170389986672,0.75,0.0
EWB,2024-11-05,2024Q4,158,51,0.3227848101265823,10.0625,25.0,1.4033126294071192,1.0,0.0
EWB,2024-11-06,2024Q4,123,38,0.3089430894308943,10.5625,28.0,2.1450638630793066,1.0,0.0
EWB,2024-11-07,2024Q4,242,64,0.2644628099173554,7.5625,31.0,2.397118402796257,1.0,0.0
EWB,2024-11-08,2024Q4,175,71,0.4057142857142857,8.9375,26.0,3.236881823922518,1.0,0.0
EWB,2024-11-09,2024Q4,106,32,0.3018867924528302,4.625,22.0,1.7653059938854412,1.0,0.0
EWB,2024-11-10,2024Q4,160,54,0.3375,7.625,22.0,1.2692642637162463,1.0,0.0
EWB,2024-11-11,2024Q4,69,21,0.30434782608695654,7.75,25.0,3.970469256348299,0.6875,0.0
EWB,2024-11-14,2024Q4,434,89,0.20506912442396313,5.125,20.0,1.557492896485211,1.0,0.0
EWB,2024-11-15,2024Q4,405,92,0.2271604938271605,4.625,0,1.0082423279645971,1.0,0.0
EWB,2024-11-16,2024Q4,193,42,0.21761658031088082,5.25,18.0,2.2365454650393035,1.0,0.0
EWB,2024-11-18,2024Q4,258,57,0.22093023255813954,5.1875,17.0,1.3467614158960441,1.0,0.0
EWB,2024-11-19,2024Q4,116,32,0.27586206896551724,4.875,20.0,1.3494844387566183,1.0,0.0
EWB,2024-11-22,2024Q4,120,65,0.5416666666666666,7.875,23.0,3.5774721231721016,0.8125,0.1875
EWB,2024-11-26,2024Q4,144,69,0.4791666666666667,7.375,22.0,2.438426875287834,0.625,0.25
EWB,2024-11-27,2024Q4,346,120,0.3468208092485549,3.5625,18.0,1.7612068851977511,1.0,0.0
EWB,2024-11-29,2024Q4,70,33,0.4714285714285714,6.0625,25.0,2.9793389121950047,1.0,0.0
EWB,2024-11-30,2024Q4,166,46,0.27710843373493976,6.875,18.0,3.2968698514661705,1.0,0.0
EWB,2024-12-02,2024Q4,220,59,0.2681818181818182,3.9375,0,1.259013000333908,1.0,0.0
EWB,2024-12-04,2024Q4,268,66,0.2462686567164179,7.4,23.0,3.6205787677559718,0.8666666666666667,0.13333333333333333
EWB,2024-12-07,2024Q4,287,110,0.3832752613240418,5.25,17.0,3.1743593174554094,1.0,0.0
EWB,2024-12-09,2024Q4,249,154,0.6184738955823293,5.3125,0,2.629668505055373,0.5,0.375
EWB,2024-12-10,2024Q4,31,7,0.22580645161290322,4.125,0,2.017879900273242,0.0,0.0
EWB,2024-12-13,2024Q4,252,101,0.4007936507936508,5.5625,23.0,1.5796384469640765,1.0,0.0
EWB,2024-12-14,2024Q4,235,81,0.3446808510638298,1.8125,0,0.23734427774009476,1.0,0.0
EWB,2024-12-15,2024Q4,222,111,0.5,1.875,0,0.5011690247283197,1.0,0.0
EWB,2024-12-17,2024Q4,79,22,0.27848101265822783,8.3125,28.0,1.431772837630233,0.5625,0.0625
EWB,2024-12-18,2024Q4,276,82,0.2971014492753623,3.75,0,1.4962538455194765,0.8125,0.1875
EWB,2024-12-19,2024Q4,278,57,0.20503597122302158,5.0625,19.0,1.3482884333624683,1.0,0.0
EWB,2024-12-20,2024Q4,49,11,0.22448979591836735,5.571428571428571,17.0,2.165488502007712,0.2857142857142857,0.42857142857142855
EWB,2024-12-23,2024Q4,167,55,0.32934131736526945,2.4375,0,0.5604337460885905,0.6875,0.0
EWB,2024-12-26,2024Q4,160,49,0.30625,2.25,0,0.7336929915491079,1.0,0.0
EWB,2024-12-27,2024Q4,153,79,0.5163398692810458,2.0,0,0.9106298418148465,1.0,0.0
EWB,2024-12-31,2024Q4,243,71,0.29218106995884774,3.4375,0,1.9152485625924687,1.0,0.0
EWB,2025-01-04,2025Q1,77,24,0.3116883116883117,11.9375,32.0,3.523369586292279,1.0,0.0
EWB,2025-01-06,2025Q1,182,48,0.26373626373626374,5.625,16.0,1.6121701119784781,1.0,0.0
EWB,2025-01-10,2025Q1,138,48,0.34782608695652173,5.0625,26.0,0.8719725875070276,1.0,0.0
EWB,2025-01-12,2025Q1,201,61,0.3034825870646766,2.75,16.0,0.9652710996183895,1.0,0.0
EWB,2025-01-15,2025Q1,264,59,0.22348484848484848,8.1875,21.0,1.7755614453527249,1.0,0.0
EWB,2025-01-16,2025Q1,235,105,0.44680851063829785,4.875,0,1.5780041654232828,0.9375,0.0625
EWB,2025-01-17,2025Q1,289,89,0.3079584775086505,3.466666666666667,15.0,0.9679111837521588,1.0,0.0
EWB,2025-01-18,2025Q1,88,34,0.38636363636363635,9.125,25.0,4.602565511881721,0.375,0.375
EWB,2025-01-19,2025Q1,143,42,0.2937062937062937,4.875,0,1.6729293122738023,0.5625,0.3125
EWB,2025-01-21,2025Q1,87,58,0.6666666666666666,3.25,0,1.421512736750107,1.0,0.0
EWB,2025-01-23,2025Q1,128,79,0.6171875,3.5,0,1.1116033951576993,1.0,0.0
EWB,2025-01-24,2025Q1,156,73,0.46794871794871795,5.8125,20.0,1.7366769368602228,1.0,0.0
EWB,2025-01-25,2025Q1,206,84,0.4077669902912621,6.5,22.0,2.5730777239089027,1.0,0.0
EWB,2025-01-30,2025Q1,170,35,0.20588235294117646,7.75,25.0,2.8786724573874003,1.0,0.0
EWB,2025-02-02,2025Q1,145,66,0.45517241379310347,5.6875,0,1.3606811355427129,0.75,0.0625
EWB,2025-02-03,2025Q1,127,26,0.2047244094488189,6.75,0,2.16012587452711,0.75,0.0
EWB,2025-02-05,2025Q1,288,85,0.2951388888888889,4.8125,20.0,0.9030394409290102,1.0,0.0
EWB,2025-02-08,2025Q1,274,89,0.3248175182481752,5.4375,0,2.29686252591142,1.0,0.0
EWB,2025-02-10,2025Q1,217,58,0.2672811059907834,6.1875,0,1.8206838591294698,1.0,0.0
EWB,2025-02-15,2025Q1,272,117,0.43014705882352944,4.4375,0,1.993060133348476,0.6875,0.3125
EWB,2025-02-20,2025Q1,259,87,0.3359073359073359,4.25,0,1.6393864958502675,0.9375,0.0
EWB,2025-02-21,2025Q1,235,61,0.25957446808510637,8.9375,26.0,1.8266561223424178,1.0,0.0
EWB,2025-02-22,2025Q1,98,108,1.1020408163265305,7.6875,18.0,2.1825149962204997,1.0,0.0
EWB,2025-02-24,2025Q1,273,121,0.4432234432234432,7.75,21.0,3.6447213520620276,1.0,0.0
EWB,2025-02-25,2025Q1,425,153,0.36,8.3125,21.0,2.3249025281174736,1.0,0.0
EWB,2025-02-28,2025Q1,132,33,0.25,9.1875,31.0,3.6824895632654857,1.0,0.0
EWB,2025-03-01,2025Q1,91,20,0.21978021978021978,11.75,32.0,3.1096995469429904,1.0,0.0
EWB,2025-03-03,2025Q1,215,55,0.2558139534883721,5.25,17.0,1.7106177724097558,1.0,0.0
EWB,2025-03-04,2025Q1,236,50,0.211864406779661,12.5625,32.0,1.7790275198683012,0.875,0.0
EWB,2025-03-08,2025Q1,48,11,0.22916666666666666,14.625,39.0,6.462292600072671,1.0,0.0
EWB,2025-03-09,2025Q1,148,42,0.28378378378378377,8.5,23.0,3.342418886281382,1.0,0.0
EWB,2025-03-10,2025Q1,322,93,0.2888198757763975,9.4375,25.0,3.9189045221912315,0.9375,0.0
EWB,2025-03-11,2025Q1,234,82,0.3504273504273504,9.9375,25.0,3.0644137653157975,1.0,0.0
EWB,2025-03-12,2025Q1,394,116,0.29441624365482233,7.8125,19.0,3.545526949645451,1.0,0.0
EWB,2025-03-13,2025Q1,298,117,0.3926174496644295,7.714285714285714,18.0,2.6818081504009337,0.9285714285714286,0.0
EWB,2025-03-14,2025Q1,240,83,0.3458333333333333,4.9375,0,1.5714855081473367,1.0,0.0
EWB,2025-03-18,2025Q1,335,100,0.29850746268656714,7.5,26.0,2.6890806439358697,0.75,0.0
EWB,2025-03-22,2025Q1,185,79,0.42702702702702705,11.5,31.0,1.7351096905003003,1.0,0.0
EWB,2025-03-23,2025Q1,324,103,0.31790123456790126,8.0,27.0,1.8292479440828477,1.0,0.0
EWB,2025-03-25,2025Q1,303,86,0.2838283828382838,9.9375,26.0,1.8316285676722817,1.0,0.0
EWB,2025-03-28,2025Q1,268,73,0.27238805970149255,10.25,31.0,4.045132703364484,1.0,0.0
EWB,2025-03-30,2025Q1,31,11,0.3548387096774194,5.25,0,2.319526551468595,0.0,0.0
EWB,2025-04-01,2025Q2,131,27,0.20610687022900764,6.8,22.0,2.3419131056350486,0.7333333333333333,0.13333333333333333
EWB,2025-04-02,2025Q2,420,165,0.39285714285714285,8.25,18.0,2.743324049035001,1.0,0.0
EWB,2025-04-04,2025Q2,367,83,0.22615803814713897,5.5625,20.0,1.9232897318047908,1.0,0.0
EWB,2025-04-05,2025Q2,261,163,0.6245210727969349,8.75,20.0,2.0741200087463896,0.5,0.3125
EWB,2025-04-09,2025Q2,278,62,0.22302158273381295,9.375,24.0,3.865724628695902,1.0,0.0
EWB,2025-04-10,2025Q2,329,115,0.3495440729483283,5.9375,0,2.26746542736678,1.0,0.0
EWB,2025-04-11,2025Q2,211,72,0.3412322274881517,7.5625,15.0,1.3254549146852066,0.875,0.125
EWB,2025-04-14,2025Q2,302,86,0.2847682119205298,8.1875,20.0,2.4982126223474146,1.0,0.0
EWB,2025-04-16,2025Q2,148,30,0.20270270270270271,14.0625,32.0,7.006766089888168,1.0,0.0
EWB,2025-04-17,2025Q2,426,89,0.20892018779342722,10.5,24.0,4.22107694815314,1.0,0.0
EWB,2025-04-18,2025Q2,374,137,0.3663101604278075,10.1875,25.0,2.611129096841397,1.0,0.0
EWB,2025-04-19,2025Q2,60,17,0.2833333333333333,13.0,30.0,1.5691088763576684,1.0,0.0
EWB,2025-04-21,2025Q2,118,57,0.4830508474576271,8.6875,18.0,4.4688699525665685,1.0,0.0
EWB,2025-04-22,2025Q2,150,66,0.44,6.25,15.0,1.7255511285186997,0.625,0.0
EWB,2025-04-23,2025Q2,478,213,0.4456066945606695,6.625,21.0,1.6351851964917883,1.0,0.0
EWB,2025-04-24,2025Q2,239,129,0.5397489539748954,7.8125,0,2.9669101444171506,1.0,0.0
EWB,2025-04-25,2025Q2,200,85,0.425,10.125,25.0,2.733483718030472,1.0,0.0
EWB,2025-04-28,2025Q2,308,83,0.2694805194805195,6.25,19.0,3.9671892997928606,1.0,0.0
EWB,2025-05-08,2025Q2,250,73,0.292,5.8125,22.0,2.2814880129915394,1.0,0.0
EWB,2025-05-13,2025Q2,306,101,0.3300653594771242,8.5,21.0,1.8862666111222695,1.0,0.0
EWB,2025-05-16,2025Q2,110,52,0.4727272727272727,6.5625,0,1.2883880722527914,0.1875,0.0
EWB,2025-05-23,2025Q2,43,17,0.3953488372093023,7.0,17.0,1.3988061867587782,0.5,0.0625
EWB,2025-05-26,2025Q2,164,57,0.3475609756097561,6.125,15.0,1.866061740724313,1.0,0.0
EWB,2025-05-27,2025Q2,340,85,0.25,6.6875,15.0,1.4701681808315201,1.0,0.0
EWB,2025-05-28,2025Q2,418,132,0.3157894736842105,8.3125,19.0,1.824837584496819,1.0,0.0
EWB,2025-06-02,2025Q2,301,76,0.25249169435215946,9.8125,24.0,2.8479088921012643,1.0,0.0
EWB,2025-06-03,2025Q2,263,85,0.3231939163498099,5.3125,16.0,2.329348465180636,1.0,0.0
EWB,2025-06-05,2025Q2,415,96,0.23132530120481928,6.0,0,1.477928569082022,1.0,0.0
EWB,2025-06-06,2025Q2,180,44,0.24444444444444444,7.3125,20.0,1.681874553693369,0.75,0.0
EWB,2025-06-11,2025Q2,477,115,0.24109014675052412,8.875,23.0,1.668048562711954,0.9375,0.0625
EWB,2025-06-16,2025Q2,251,52,0.20717131474103587,7.4375,16.0,2.6233737711225147,0.75,0.0
EWB,2025-06-17,2025Q2,31,11,0.3548387096774194,7.375,0,1.5164810043575474,0.0,0.125
EWB,2025-06-23,2025Q2,279,56,0.2007168458781362,6.1875,0,2.388600080799577,1.0,0.0
EWB,2025-06-30,2025Q2,315,78,0.24761904761904763,5.75,0,2.1710829213170215,0.875,0.0
EWB,2025-07-01,2025Q3,107,26,0.24299065420560748,10.25,22.0,1.5165842327408205,0.875,0.0625
EWB,2025-07-02,2025Q3,370,109,0.2945945945945946,6.6875,0,1.2274330779228575,0.9375,0.0625
EWB,2025-07-03,2025Q3,346,97,0.28034682080924855,6.625,35.0,1.4711129209796832,0.8125,0.125
EWB,2025-07-05,2025Q3,187,38,0.20320855614973263,6.0625,0,2.0748781387674775,1.0,0.0
EWB,2025-07-06,2025Q3,170,51,0.3,11.0,24.0,1.4320850208802198,1.0,0.0
EWB,2025-07-11,2025Q3,90,21,0.23333333333333334,5.25,0,2.703752408631474,0.125,0.0
EWB,2025-07-12,2025Q3,207,51,0.2463768115942029,5.625,0,1.3517354072841017,0.6875,0.0
EWB,2025-07-13,2025Q3,224,52,0.23214285714285715,6.0,0,2.0742603859234676,0.6875,0.0
EWB,2025-07-14,2025Q3,174,65,0.3735632183908046,5.8125,0,1.213146827400852,0.0,0.0
EWB,2025-07-19,2025Q3,185,63,0.34054054054054056,8.0,20.0,2.300178661912034,1.0,0.0
EWB,2025-07-20,2025Q3,44,10,0.22727272727272727,5.6875,0,2.488130261027019,0.25,0.0
EWB,2025-07-25,2025Q3,108,54,0.5,7.3125,34.0,2.0828600590422326,0.875,0.125
EWB,2025-07-26,2025Q3,237,49,0.20675105485232068,5.75,20.0,1.39790797445777,0.8125,0.0
EWB,2025-07-28,2025Q3,268,61,0.22761194029850745,5.0625,0,1.6602380430152364,0.75,0.0
EWB,2025-07-29,2025Q3,245,51,0.20816326530612245,7.875,17.0,2.811133727681199,1.0,0.0
EWB,2025-07-30,2025Q3,250,80,0.32,5.25,0,1.1996785703425195,1.0,0.0
EWB,2025-07-31,2025Q3,137,28,0.20437956204379562,10.1875,25.0,1.7491597625456006,1.0,0.0
EWB,2025-08-02,2025Q3,300,70,0.23333333333333334,3.8125,0,1.1476102279177944,1.0,0.0
EWB,2025-08-03,2025Q3,211,53,0.25118483412322273,3.9375,15.0,1.4898860441607713,0.9375,0.0
EWB,2025-08-07,2025Q3,269,61,0.22676579925650558,5.875,15.0,1.9397433686056986,0.9375,0.0
EWB,2025-08-12,2025Q3,343,70,0.20408163265306123,6.125,0,2.133130886746252,1.0,0.0
EWB,2025-08-16,2025Q3,283,64,0.22614840989399293,5.4375,17.0,2.3024779574458187,1.0,0.0
EWB,2025-08-19,2025Q3,211,77,0.36492890995260663,5.3125,15.0,1.7620221887732217,1.0,0.0
EWB,2025-08-25,2025Q3,301,75,0.24916943521594684,7.125,19.0,2.246465836215798,0.6875,0.0
EWB,2025-08-28,2025Q3,355,85,0.23943661971830985,6.6875,21.0,2.2473237553301484,1.0,0.0
EWB,2025-08-29,2025Q3,135,47,0.34814814814814815,7.75,24.0,3.916073931804841,0.8125,0.1875
EWB,2025-09-03,2025Q3,386,120,0.31088082901554404,3.6666666666666665,0,1.5185767036618298,0.9333333333333333,0.0
EWB,2025-09-04,2025Q3,290,59,0.20344827586206896,6.5,20.0,2.589305251380154,0.6875,0.0
EWB,2025-09-05,2025Q3,99,25,0.25252525252525254,10.5625,24.0,3.360586328132715,0.5625,0.0
EWB,2025-09-12,2025Q3,373,126,0.3378016085790885,5.875,0,2.644981947799752,0.875,0.0
EWB,2025-09-13,2025Q3,255,72,0.2823529411764706,4.3125,0,1.7080817669433657,0.9375,0.0
EWB,2025-09-17,2025Q3,342,72,0.21052631578947367,6.625,0,1.9929758732004674,0.6875,0.0625
EWB,2025-09-22,2025Q3,446,116,0.2600896860986547,3.875,0,1.3538988146581434,0.8125,0.0
EWB,2025-09-23,2025Q3,280,90,0.32142857142857145,7.8125,22.0,0.9724489586873165,0.875,0.0
EWB,2025-09-26,2025Q3,298,71,0.23825503355704697,5.5,16.0,1.8308244010977655,1.0,0.0
EWB,2025-09-27,2025Q3,335,95,0.2835820895522388,3.625,0,1.4968688162414538,1.0,0.0
EWB,2025-09-28,2025Q3,360,83,0.23055555555555557,4.625,0,1.015345420927303,0.9375,0.0
EWB,2025-09-29,2025Q3,345,113,0.32753623188405795,2.625,0,1.1365892192021623,1.0,0.0
EWB,2025-10-03,2025Q4,369,105,0.2845528455284553,6.8125,19.0,1.6742322986842708,0.875,0.0
EWB,2025-10-05,2025Q4,366,114,0.3114754098360656,3.466666666666667,0,1.1359511403955933,1.0,0.0
EWB,2025-10-06,2025Q4,138,62,0.4492753623188406,6.3125,18.0,1.5359731097202283,0.8125,0.0
EWB,2025-10-07,2025Q4,131,40,0.3053435114503817,10.0,22.0,1.973562086026586,0.75,0.0
EWB,2025-10-08,2025Q4,47,11,0.23404255319148937,6.5,25.0,2.26843855696799,0.5,0.375
EWB,2025-10-10,2025Q4,324,98,0.30246913580246915,3.125,0,0.9023721214162689,1.0,0.0
EWB,2025-10-11,2025Q4,312,152,0.48717948717948717,6.0625,0,1.60994785065818,1.0,0.0
EWB,2025-10-15,2025Q4,232,52,0.22413793103448276,4.375,16.0,1.4592617876992695,0.875,0.0
EWB,2025-10-19,2025Q4,308,69,0.22402597402597402,7.625,18.0,3.8674133538618727,1.0,0.0
EWB,2025-10-21,2025Q4,316,92,0.2911392405063291,9.3125,25.0,2.793781420552844,1.0,0.0
EWB,2025-10-22,2025Q4,270,96,0.35555555555555557,10.5625,25.0,2.7934938223379744,0.875,0.0
EWB,2025-10-23,2025Q4,241,62,0.2572614107883817,9.1875,35.0,1.3275312624067859,1.0,0.0
EWB,2025-10-24,2025Q4,352,86,0.24431818181818182,3.625,16.0,1.5511618825735844,1.0,0.0
EWB,2025-11-03,2025Q4,314,158,0.5031847133757962,5.25,0,2.503679702390201,0.6875,0.125
EWB,2025-11-05,2025Q4,338,96,0.28402366863905326,10.9375,29.0,2.0413818168671347,1.0,0.0
EWB,2025-11-07,2025Q4,338,113,0.3343195266272189,10.625,27.0,4.654926724937626,0.875,0.0
EWB,2025-11-08,2025Q4,261,58,0.2222222222222222,4.0625,0,2.2387563049123034,0.9375,0.0625
EWB,2025-11-11,2025Q4,48,15,0.3125,15.1875,31.0,8.12775201347638,1.0,0.0
EWB,2025-11-15,2025Q4,271,73,0.2693726937269373,5.266666666666667,0,1.7097097458357016,0.8,0.2
EWB,2025-11-21,2025Q4,286,131,0.458041958041958,3.375,0,1.0466111599537309,0.625,0.0
EWB,2025-11-23,2025Q4,330,96,0.2909090909090909,2.25,14.0,0.8448157103188814,0.9375,0.0625
EWB,2025-11-25,2025Q4,361,131,0.3628808864265928,6.9375,23.0,1.534008872479878,0.6875,0.25
EWB,2025-11-28,2025Q4,53,12,0.22641509433962265,12.625,30.0,7.533970627310962,1.0,0.0
EWB,2025-11-30,2025Q4,84,36,0.42857142857142855,9.9375,31.0,5.169815343548367,0.4375,0.5625
EWB,2025-12-04,2025Q4,187,39,0.20855614973262032,10.1875,29.0,3.710881360074183,1.0,0.0
EWB,2025-12-05,2025Q4,228,113,0.4956140350877193,2.5,0,0.6742869551147879,1.0,0.0
EWB,2025-12-06,2025Q4,118,51,0.4322033898305085,3.6875,0,1.5559602700611108,0.9375,0.0625
EWB,2025-12-07,2025Q4,271,86,0.3173431734317343,2.5,0,1.170614672200042,1.0,0.0
EWB,2025-12-09,2025Q4,266,80,0.3007518796992481,3.625,0,1.051805662848879,1.0,0.0
EWB,2025-12-13,2025Q4,280,107,0.3821428571428571,4.375,23.0,1.5848037780638304,1.0,0.0
EWB,2025-12-17,2025Q4,149,35,0.2348993288590604,9.6875,27.0,1.5265473889736152,1.0,0.0
EWB,2025-12-18,2025Q4,211,78,0.3696682464454976,5.3125,19.0,2.4664349283251927,0.9375,0.0
EWB,2025-12-20,2025Q4,179,42,0.2346368715083799,6.5625,19.0,3.43573026697171,1.0,0.0
EWB,2025-12-21,2025Q4,55,16,0.2909090909090909,11.1875,28.0,3.2076947440960986,1.0,0.0
EWB,2025-12-26,2025Q4,91,41,0.45054945054945056,3.8125,0,0.7346085764533112,0.9375,0.0625
EWB,2025-12-28,2025Q4,305,68,0.22295081967213115,2.3333333333333335,0,0.7201493563514062,0.9333333333333333,0.0
EWB,2026-01-02,2026Q1,243,149,0.6131687242798354,5.1875,0,2.854248185940836,1.0,0.0
EWB,2026-01-03,2026Q1,219,113,0.5159817351598174,5.875,21.0,3.0132249052676507,1.0,0.0
EWB,2026-01-04,2026Q1,85,38,0.4470588235294118,3.25,0,1.245130023677626,0.6875,0.25
EWB,2026-01-05,2026Q1,213,76,0.3568075117370892,4.125,0,1.4669460511439696,0.6875,0.0
EWB,2026-01-08,2026Q1,362,124,0.3425414364640884,3.25,0,1.1945542287775015,1.0,0.0
EWB,2026-01-09,2026Q1,77,47,0.6103896103896104,8.5,28.0,3.448481502810807,0.125,0.125
EWB,2026-01-10,2026Q1,159,76,0.4779874213836478,3.625,23.0,1.0954702590257817,0.6875,0.3125
EWB,2026-01-12,2026Q1,112,29,0.25892857142857145,9.25,27.0,4.589694666945411,1.0,0.0
EWB,2026-01-13,2026Q1,351,108,0.3076923076923077,8.125,19.0,2.364491294840686,1.0,0.0
EWB,2026-01-14,2026Q1,338,121,0.35798816568047337,7.8125,23.0,1.3225150707961824,1.0,0.0
EWB,2026-01-15,2026Q1,175,38,0.21714285714285714,11.0,30.0,2.5050042500509306,0.8125,0.0
EWB,2026-01-17,2026Q1,127,90,0.7086614173228346,8.875,26.0,3.1931879743143297,0.8125,0.0
EWB,2026-01-20,2026Q1,251,85,0.3386454183266932,8.125,24.0,3.9818594125708846,1.0,0.0
EWB,2026-01-22,2026Q1,263,84,0.3193916349809886,8.25,23.0,3.4257315482751265,1.0,0.0
EWB,2026-01-23,2026Q1,193,64,0.3316062176165803,9.125,27.0,3.2007379511492005,1.0,0.0
EWB,2026-01-24,2026Q1,96,34,0.3541666666666667,6.25,22.0,1.6540816277398982,1.0,0.0
EWB,2026-01-30,2026Q1,166,67,0.4036144578313253,10.9375,26.0,3.557890396222525,1.0,0.0
EWB,2026-01-31,2026Q1,295,145,0.4915254237288136,2.6875,0,0.8542920119549448,1.0,0.0
EWB,2026-02-02,2026Q1,274,137,0.5,3.9375,0,1.1717978656168428,1.0,0.0
EWB,2026-02-03,2026Q1,266,91,0.34210526315789475,3.2666666666666666,0,1.4990618146849997,1.0,0.0
EWB,2026-02-05,2026Q1,299,69,0.23076923076923078,2.8125,0,1.0316055060050189,1.0,0.0
EWB,2026-02-06,2026Q1,294,74,0.25170068027210885,4.5625,0,1.6279470714488247,1.0,0.0
EWB,2026-02-09,2026Q1,407,134,0.32923832923832924,7.0,21.0,1.44361653325757,1.0,0.0
EWB,2026-02-10,2026Q1,242,100,0.4132231404958678,4.125,0,1.7126011584065965,1.0,0.0
EWB,2026-02-12,2026Q1,293,77,0.2627986348122867,6.5,19.0,1.217579087263921,1.0,0.0
EWB,2026-02-13,2026Q1,315,123,0.3904761904761905,4.5625,0,2.15092599295736,1.0,0.0
EWB,2026-02-14,2026Q1,252,104,0.4126984126984127,5.125,0,2.7339135171491242,1.0,0.0
EWB,2026-02-15,2026Q1,316,158,0.5,5.4375,18.0,1.6708789700373703,1.0,0.0
EWB,2026-02-17,2026Q1,49,12,0.24489795918367346,3.7333333333333334,0,0.768773227514344,0.3333333333333333,0.0
EWB,2026-02-19,2026Q1,365,228,0.6246575342465753,4.0,0,1.2607901844218707,1.0,0.0
EWB,2026-02-20,2026Q1,53,44,0.8301886792452831,6.0625,16.0,2.3268023365226584,0.375,0.5
EWB,2026-02-22,2026Q1,53,27,0.5094339622641509,10.0625,29.0,3.3355902910087516,0.3125,0.0625
EWB,2026-02-27,2026Q1,72,36,0.5,3.5,0,1.4772399571523498,1.0,0.0
EWB,2026-02-28,2026Q1,378,170,0.4497354497354497,4.75,0,2.6741077191621345,0.9375,0.0
EWB,2026-03-02,2026Q1,441,165,0.3741496598639456,2.9375,0,1.1732379958346688,1.0,0.0
EWB,2026-03-03,2026Q1,157,53,0.3375796178343949,4.5625,0,1.4480306017974163,0.4375,0.5625
EWB,2026-03-04,2026Q1,388,139,0.3582474226804124,3.6875,0,1.343694555229759,1.0,0.0
EWB,2026-03-05,2026Q1,43,34,0.7906976744186046,5.0625,0,0.4719997556797932,0.4375,0.375
EWB,2026-03-09,2026Q1,444,171,0.38513513513513514,6.625,24.0,0.8520296753559383,0.9375,0.0
EWB,2026-03-10,2026Q1,263,86,0.3269961977186312,6.25,18.0,2.0588856725891054,1.0,0.0
EWB,2026-03-11,2026Q1,217,90,0.4147465437788018,7.5625,23.0,2.110015949000181,0.5625,0.0
EWB,2026-03-13,2026Q1,269,105,0.3903345724907063,9.0625,20.0,2.9887593609431753,1.0,0.0
EWB,2026-03-15,2026Q1,311,93,0.2990353697749196,6.933333333333334,0,1.6199919515856636,1.0,0.0
EWB,2026-03-17,2026Q1,43,10,0.23255813953488372,13.375,30.0,6.493360688587878,0.9375,0.0
EWB,2026-03-18,2026Q1,443,116,0.2618510158013544,5.6,20.0,2.289879858816462,1.0,0.0
EWB,2026-03-19,2026Q1,370,196,0.5297297297297298,5.6875,0,2.0455625615823574,0.875,0.0
EWB,2026-03-20,2026Q1,259,88,0.33976833976833976,12.25,33.0,3.055772588935328,0.875,0.125
EWB,2026-03-21,2026Q1,180,77,0.42777777777777776,5.875,18.0,1.7456807680903188,0.75,0.0
EWB,2026-03-22,2026Q1,55,40,0.7272727272727273,7.375,22.0,3.688228054763541,0.375,0.4375
EWB,2026-03-24,2026Q1,513,185,0.36062378167641324,7.1875,18.0,3.2105984260616878,1.0,0.0
EWB,2026-03-25,2026Q1,510,152,0.2980392156862745,8.625,19.0,2.6108618509683215,1.0,0.0
EWB,2026-03-26,2026Q1,91,24,0.26373626373626374,12.125,32.0,1.632728228216538,0.8125,0.0
EWB,2026-03-27,2026Q1,198,67,0.3383838383838384,6.4375,22.0,3.098890183769197,0.875,0.0
EWB,2026-03-28,2026Q1,321,159,0.4953271028037383,5.4,20.0,2.0155393749494057,1.0,0.0
EWB,2026-03-29,2026Q1,332,108,0.3253012048192771,11.3125,28.0,2.221877740160407,1.0,0.0
EWB,2026-03-30,2026Q1,70,14,0.2,13.125,32.0,2.24601724026042,1.0,0.0
EWB,2026-03-31,2026Q1,153,57,0.37254901960784315,8.875,22.0,1.8513697513526008,0.8125,0.1875
EWB,2026-04-01,2026Q2,158,41,0.25949367088607594,5.3125,22.0,1.5838184710214012,0.5,0.375
EWB,2026-04-03,2026Q2,51,24,0.47058823529411764,9.3125,23.0,1.5735551402839012,0.4375,0.0
EWB,2026-04-04,2026Q2,183,99,0.5409836065573771,12.3125,28.0,2.6887289420409806,0.4375,0.0
EWB,2026-04-08,2026Q2,578,143,0.24740484429065743,6.875,18.0,2.1182306243287408,1.0,0.0
EWB,2026-04-09,2026Q2,383,187,0.48825065274151436,6.8125,0,3.3685114737001918,1.0,0.0
EWB,2026-04-10,2026Q2,281,128,0.4555160142348754,9.875,22.0,2.286288284657983,0.9375,0.0
EWB,2026-04-11,2026Q2,274,69,0.2518248175182482,6.8125,22.0,2.4448093037033987,1.0,0.0
EWB,2026-04-12,2026Q2,466,168,0.3605150214592275,7.6875,20.0,2.9649518259852465,1.0,0.0
EWB,2026-04-14,2026Q2,403,103,0.2555831265508685,9.1875,21.0,2.821262759741125,1.0,0.0
EWB,2026-04-15,2026Q2,269,107,0.39776951672862454,6.375,17.0,2.256840948600803,0.9375,0.0625
EWB,2026-04-16,2026Q2,323,120,0.3715170278637771,6.0,0,1.975928713560128,0.9375,0.0
EWB,2026-04-17,2026Q2,130,92,0.7076923076923077,5.875,20.0,1.1610917941936456,0.5625,0.125
EWB,2026-04-20,2026Q2,111,23,0.2072072072072072,5.625,22.0,2.90626990441754,0.875,0.0625
EWB,2026-04-21,2026Q2,325,78,0.24,7.0,19.0,3.931264530738903,1.0,0.0
EWB,2026-04-22,2026Q2,83,44,0.5301204819277109,8.8125,18.0,4.212442156745718,0.375,0.0
EWB,2026-04-24,2026Q2,301,93,0.3089700996677741,6.769230769230769,17.0,2.2377328469332727,1.0,0.0
EWB,2026-05-02,2026Q2,285,135,0.47368421052631576,7.533333333333333,17.0,2.8861468006221576,0.8666666666666667,0.13333333333333333
EWB,2026-05-11,2026Q2,389,83,0.2133676092544987,5.0,0,1.7427652320116622,1.0,0.0
EWB,2026-05-12,2026Q2,411,85,0.20681265206812652,9.3125,25.0,2.9150939856389178,1.0,0.0
EWB,2026-05-13,2026Q2,211,47,0.22274881516587677,12.875,38.0,5.145945381583425,1.0,0.0
EWB,2026-05-16,2026Q2,168,40,0.23809523809523808,11.5625,36.0,2.707372200234603,0.9375,0.0
EWB,2026-05-18,2026Q2,323,73,0.2260061919504644,8.375,0,2.0329855002732558,1.0,0.0
EWB,2026-05-19,2026Q2,335,77,0.2298507462686567,9.75,27.0,1.5695926546726824,1.0,0.0
EWB,2026-05-21,2026Q2,213,74,0.3474178403755869,5.1875,17.0,0.8945167382763557,1.0,0.0
EWB,2026-05-23,2026Q2,244,62,0.2540983606557377,4.4375,0,1.5881549010933835,0.9375,0.0625
EWB,2026-06-12,2026Q2,313,100,0.3194888178913738,3.875,0,1.2837974070147515,0.9375,0.0625
EWB,2026-06-21,2026Q2,52,62,1.1923076923076923,7.75,23.0,2.791634412804383,1.0,0.0
EWB,2026-06-22,2026Q2,228,100,0.43859649122807015,4.5625,0,1.775812019710381,0.625,0.3125
EWB,2026-06-24,2026Q2,362,108,0.2983425414364641,5.733333333333333,17.0,2.7368716950043033,1.0,0.0
EWB,2026-06-26,2026Q2,87,21,0.2413793103448276,5.625,17.0,1.8885840511583016,0.75,0.0625
EWB,2026-06-27,2026Q2,166,65,0.39156626506024095,5.4375,0,1.9443946604698363,0.875,0.0625
EWB,2026-06-28,2026Q2,246,92,0.37398373983739835,4.4375,0,1.1654932066397392,0.6875,0.0
EWB,2026-06-29,2026Q2,404,190,0.47029702970297027,4.4,0,1.2085089548200845,1.0,0.0
EWB,2026-06-30,2026Q2,250,55,0.22,7.0,14.0,2.96894094547326,0.8125,0.0
EWB,2026-07-01,2026Q3,264,93,0.3522727272727273,9.8125,19.0,1.2544851526300858,1.0,0.0
EWB,2026-07-02,2026Q3,239,95,0.39748953974895396,7.0,0,1.9792693984197038,1.0,0.0
EWB,2026-07-03,2026Q3,310,97,0.31290322580645163,7.0,22.0,3.162848824700658,1.0,0.0
EWB,2026-07-05,2026Q3,188,39,0.2074468085106383,3.5625,0,0.8196851893147442,1.0,0.0
EWB,2026-07-06,2026Q3,78,22,0.28205128205128205,6.0625,0,1.933018644218071,0.1875,0.8125
EWB,2026-07-08,2026Q3,381,184,0.48293963254593175,5.0625,18.0,1.7468953595259298,0.9375,0.0
EWB,2026-07-09,2026Q3,324,114,0.35185185185185186,9.6875,26.0,2.206348708469205,1.0,0.0
EWB,2026-07-10,2026Q3,273,67,0.2454212454212454,4.333333333333333,0,1.5928552135682479,0.8666666666666667,0.06666666666666667
EWB,2026-07-11,2026Q3,296,119,0.40202702702702703,5.3125,0,1.2408331010529874,1.0,0.0
EWB,2026-07-12,2026Q3,298,78,0.26174496644295303,5.5625,0,1.3028539215639798,1.0,0.0
EWB,2026-07-13,2026Q3,206,108,0.5242718446601942,9.375,23.0,2.0236398741293913,1.0,0.0
EWB,2026-07-14,2026Q3,205,81,0.3951219512195122,9.5,20.0,2.895491426152773,1.0,0.0
EWB,2026-07-16,2026Q3,273,108,0.3956043956043956,6.9375,21.0,3.297758919612803,1.0,0.0
EWB,2026-07-17,2026Q3,261,112,0.42911877394636017,4.625,17.0,1.5233258791763893,1.0,0.0
EWB,2026-07-18,2026Q3,138,44,0.3188405797101449,11.125,26.0,2.744431393370149,0.5625,0.4375
EWB,2026-07-19,2026Q3,199,52,0.2613065326633166,5.666666666666667,22.0,1.2872531333273167,1.0,0.0
EWB,2026-07-20,2026Q3,358,157,0.43854748603351956,6.1875,22.0,2.0075313607378424,1.0,0.0
EWB,2026-07-21,2026Q3,120,66,0.55,11.0,35.0,4.307968246780936,0.625,0.3125
EWB,2026-07-22,2026Q3,31,8,0.25806451612903225,11.25,25.0,1.7286632057576532,0.4375,0.0
EWB,2026-07-23,2026Q3,237,122,0.5147679324894515,4.875,0,2.413377094387902,1.0,0.0
EWB,2026-07-24,2026Q3,456,206,0.4517543859649123,4.0625,0,1.6812155397704627,1.0,0.0
EWB,2026-07-25,2026Q3,154,74,0.4805194805194805,6.6875,20.0,3.1331550117268065,1.0,0.0
EWB,2026-07-26,2026Q3,274,100,0.36496350364963503,7.1875,23.0,1.7396511441711702,1.0,0.0
EWB,2026-07-27,2026Q3,374,187,0.5,4.2,0,1.4325340215430833,1.0,0.0
EWB,2026-07-28,2026Q3,212,62,0.29245283018867924,8.9375,0,3.0798159312776914,0.6875,0.0
EWB,2026-07-31,2026Q3,351,168,0.47863247863247865,4.2,15.0,1.188162856429306,0.9333333333333333,0.0
EWB,2026-08-02,2026Q3,156,66,0.4230769230769231,8.375,19.0,3.7737813245082625,0.6875,0.0625
EWB,2026-08-04,2026Q3,329,129,0.39209726443769,4.0625,0,1.4183250519337274,1.0,0.0
EWB,2026-08-05,2026Q3,246,52,0.21138211382113822,6.4375,0,1.9136684853678072,1.0,0.0
EWB,2026-08-06,2026Q3,163,61,0.37423312883435583,8.125,21.0,1.531787778290004,0.6875,0.0
EWB,2026-08-07,2026Q3,325,122,0.37538461538461537,5.75,0,1.5877825458235653,1.0,0.0
EWB,2026-08-08,2026Q3,134,68,0.5074626865671642,7.625,19.0,1.6223406182369933,1.0,0.0
EWB,2026-08-10,2026Q3,155,75,0.4838709677419355,4.5,0,1.2907630123543814,1.0,0.0
EWB,2026-08-13,2026Q3,117,62,0.5299145299145299,6.75,19.0,1.27790997332379,0.8125,0.0
EWB,2026-08-14,2026Q3,199,70,0.35175879396984927,5.2,0,1.214058533862333,0.9333333333333333,0.06666666666666667
EWB,2026-08-15,2026Q3,224,115,0.5133928571428571,4.133333333333334,15.0,2.0642308625371473,1.0,0.0
EWB,2026-08-16,2026Q3,227,67,0.29515418502202645,5.875,19.0,2.7877457718532446,1.0,0.0
EWB,2026-08-17,2026Q3,49,16,0.32653061224489793,6.8125,17.0,2.383695864525072,0.3125,0.0
EWB,2026-08-19,2026Q3,286,100,0.34965034965034963,7.25,0,2.1249652662750074,0.9375,0.0
EWB,2026-08-20,2026Q3,283,115,0.40636042402826855,4.375,0,1.571741640189655,0.8125,0.125
EWB,2026-08-21,2026Q3,67,24,0.3582089552238806,7.9375,19.0,1.7261503651127081,0.375,0.25
EWB,2026-08-24,2026Q3,422,139,0.3293838862559242,7.25,15.0,1.7558674619900756,0.875,0.0
EWB,2026-08-25,2026Q3,251,94,0.3745019920318725,6.4375,18.0,2.924394070315984,1.0,0.0
EWB,2026-08-26,2026Q3,355,170,0.4788732394366197,4.066666666666666,0,1.5101240699357261,1.0,0.0
EWB,2026-08-27,2026Q3,196,100,0.5102040816326531,7.875,19.0,3.9434441703154617,0.9375,0.0
EWB,2026-08-28,2026Q3,252,109,0.43253968253968256,4.5,0,1.2043702624762975,0.875,0.0
EWB,2026-08-29,2026Q3,194,80,0.41237113402061853,5.875,0,2.326313264062618,1.0,0.0
EWB,2026-08-30,2026Q3,186,92,0.4946236559139785,8.25,19.0,2.3038711041295366,0.9375,0.0625
EWB,2026-08-31,2026Q3,165,71,0.4303030303030303,3.533333333333333,0,1.265228969502875,1.0,0.0
GON,2024-08-24,2024Q3,167,38,0.2275449101796407,4.666666666666667,0,0.9270932310708854,1.0,0.0
GON,2024-08-25,2024Q3,207,49,0.23671497584541062,4.866666666666666,0,1.2610571037535618,1.0,0.0
GON,2024-09-02,2024Q3,197,45,0.22842639593908629,8.666666666666666,19.0,2.547339068182445,1.0,0.0
GON,2024-09-28,2024Q3,145,32,0.2206896551724138,9.0,20.0,5.210051972135174,0.8,0.2
GON,2024-10-04,2024Q4,227,60,0.2643171806167401,5.428571428571429,0,2.313308754167283,1.0,0.0
GON,2024-10-10,2024Q4,196,41,0.20918367346938777,10.2,23.0,2.2072051990230297,1.0,0.0
GON,2024-10-16,2024Q4,188,44,0.23404255319148937,8.933333333333334,22.0,3.0835440192024968,1.0,0.0
GON,2024-10-26,2024Q4,95,23,0.24210526315789474,10.066666666666666,28.0,1.5773272580969997,1.0,0.0
GON,2024-10-27,2024Q4,218,47,0.21559633027522937,6.2,18.0,2.2880217061557384,1.0,0.0
GON,2024-11-02,2024Q4,230,56,0.24347826086956523,8.0,20.0,2.9119000995867808,1.0,0.0
GON,2024-11-04,2024Q4,218,69,0.3165137614678899,9.0,0,2.6581893776531524,0.7333333333333333,0.0
GON,2024-11-07,2024Q4,216,48,0.2222222222222222,8.4,24.0,2.560156285541659,1.0,0.0
GON,2024-11-09,2024Q4,121,28,0.23140495867768596,8.6,24.0,1.5834944338642656,1.0,0.0
GON,2024-11-14,2024Q4,246,55,0.22357723577235772,6.066666666666666,0,1.9632593847573523,1.0,0.0
GON,2024-11-15,2024Q4,122,27,0.22131147540983606,8.333333333333334,19.0,2.158132265440683,1.0,0.0
GON,2024-11-16,2024Q4,154,46,0.2987012987012987,10.933333333333334,25.0,1.8994202069742039,1.0,0.0
GON,2024-11-17,2024Q4,252,65,0.25793650793650796,8.2,25.0,2.809471810936676,1.0,0.0
GON,2024-11-18,2024Q4,166,62,0.37349397590361444,10.066666666666666,25.0,2.301178615829538,1.0,0.0
GON,2024-11-19,2024Q4,123,29,0.23577235772357724,7.6,26.0,2.596534589214628,1.0,0.0
GON,2024-11-25,2024Q4,274,72,0.26277372262773724,6.066666666666666,20.0,1.9157501006121969,1.0,0.0
GON,2024-11-26,2024Q4,73,23,0.3150684931506849,9.466666666666667,24.0,1.976047399565711,0.5333333333333333,0.2
GON,2024-11-30,2024Q4,201,60,0.29850746268656714,9.8,23.0,4.406182986109523,1.0,0.0
GON,2024-12-02,2024Q4,182,48,0.26373626373626374,5.333333333333333,0,1.2326054164143239,1.0,0.0
GON,2024-12-03,2024Q4,141,38,0.2695035460992908,6.733333333333333,20.0,1.7910822317648907,1.0,0.0
GON,2024-12-06,2024Q4,72,25,0.3472222222222222,13.333333333333334,35.0,2.700209495550078,1.0,0.0
GON,2024-12-07,2024Q4,198,42,0.21212121212121213,5.2,16.0,2.610042562913173,1.0,0.0
GON,2024-12-08,2024Q4,57,12,0.21052631578947367,9.066666666666666,27.0,5.344387031347755,1.0,0.0
GON,2024-12-13,2024Q4,192,60,0.3125,8.466666666666667,19.0,1.3753006784418629,1.0,0.0
GON,2025-01-15,2025Q1,75,23,0.30666666666666664,12.666666666666666,31.0,2.7329034651091533,1.0,0.0
GON,2025-01-17,2025Q1,208,51,0.24519230769230768,5.4,0,1.8372364788457434,1.0,0.0
GON,2025-01-18,2025Q1,121,28,0.23140495867768596,7.533333333333333,0,3.1631553848390555,0.3333333333333333,0.3333333333333333
GON,2025-01-19,2025Q1,100,30,0.3,5.133333333333334,0,1.6844180167316742,0.5333333333333333,0.4666666666666667
GON,2025-01-20,2025Q1,73,16,0.2191780821917808,9.266666666666667,25.0,1.8737669817917861,1.0,0.0
GON,2025-01-21,2025Q1,112,42,0.375,7.133333333333334,0,1.5748877709205307,1.0,0.0
GON,2025-01-22,2025Q1,134,42,0.31343283582089554,5.066666666666666,0,1.3942386564300062,0.7333333333333333,0.26666666666666666
GON,2025-01-23,2025Q1,199,42,0.21105527638190955,3.6666666666666665,0,1.7174066678974962,1.0,0.0
GON,2025-01-24,2025Q1,141,49,0.3475177304964539,4.133333333333334,0,1.5185326198747167,1.0,0.0
GON,2025-01-27,2025Q1,110,24,0.21818181818181817,13.4,28.0,4.980035172444562,1.0,0.0
GON,2025-01-30,2025Q1,214,58,0.27102803738317754,8.466666666666667,24.0,2.0562693668263305,0.9333333333333333,0.06666666666666667
GON,2025-02-05,2025Q1,165,36,0.21818181818181817,9.133333333333333,29.0,2.003572437434386,1.0,0.0
GON,2025-02-08,2025Q1,287,80,0.2787456445993031,7.266666666666667,17.0,1.873335889204475,0.9333333333333333,0.06666666666666667
GON,2025-02-09,2025Q1,30,6,0.2,7.866666666666666,18.0,2.2197532526656176,0.6,0.0
GON,2025-02-10,2025Q1,152,31,0.20394736842105263,8.266666666666667,23.0,1.9298535752898889,1.0,0.0
GON,2025-02-11,2025Q1,144,49,0.3402777777777778,7.133333333333334,17.0,2.799737137361382,0.9333333333333333,0.06666666666666667
GON,2025-02-12,2025Q1,66,18,0.2727272727272727,10.533333333333333,22.0,3.720406700869106,0.6,0.06666666666666667
GON,2025-02-14,2025Q1,98,26,0.2653061224489796,13.866666666666667,31.0,2.876335233638137,1.0,0.0
GON,2025-02-15,2025Q1,227,50,0.22026431718061673,7.066666666666666,0,1.5272132331146062,0.6,0.4
GON,2025-02-18,2025Q1,65,24,0.36923076923076925,14.466666666666667,32.0,6.236906214035796,1.0,0.0
GON,2025-02-25,2025Q1,191,39,0.20418848167539266,4.466666666666667,0,1.8758802308152591,0.9333333333333333,0.0
GON,2025-02-28,2025Q1,130,30,0.23076923076923078,9.733333333333333,33.0,4.2077115794601605,1.0,0.0
GON,2025-03-01,2025Q1,193,42,0.21761658031088082,10.333333333333334,34.0,1.668791717500572,1.0,0.0
GON,2025-03-02,2025Q1,113,43,0.3805309734513274,13.6,29.0,1.9032890278412882,0.9333333333333333,0.06666666666666667
GON,2025-03-03,2025Q1,218,61,0.2798165137614679,8.4,22.0,3.150741526105948,1.0,0.0
GON,2025-03-12,2025Q1,170,35,0.20588235294117646,8.8,19.0,2.4973684964707124,1.0,0.0
GON,2025-03-13,2025Q1,176,49,0.2784090909090909,12.4,26.0,6.135737393788384,0.8,0.0
GON,2025-03-19,2025Q1,265,59,0.22264150943396227,6.642857142857143,17.0,2.8159357769365587,1.0,0.0
GON,2025-03-23,2025Q1,200,72,0.36,9.0,24.0,2.9831031036749964,1.0,0.0
GON,2025-03-29,2025Q1,164,43,0.2621951219512195,7.2,15.0,2.3057705620796303,0.7333333333333333,0.13333333333333333
GON,2025-04-01,2025Q2,114,28,0.24561403508771928,11.533333333333333,27.0,2.735255245208872,0.9333333333333333,0.06666666666666667
GON,2025-04-02,2025Q2,247,73,0.29554655870445345,11.142857142857142,22.0,1.8414548484280715,0.9285714285714286,0.07142857142857142
GON,2025-04-04,2025Q2,147,32,0.21768707482993196,8.933333333333334,25.0,1.9176070812902084,0.8666666666666667,0.0
GON,2025-04-05,2025Q2,151,81,0.5364238410596026,11.133333333333333,23.0,5.259386827386133,0.4,0.4666666666666667
GON,2025-04-10,2025Q2,253,57,0.22529644268774704,8.2,0,2.9196747133627152,0.8666666666666667,0.0
GON,2025-04-16,2025Q2,50,17,0.34,14.266666666666667,30.0,7.260649321735019,1.0,0.0
GON,2025-04-17,2025Q2,144,38,0.2638888888888889,10.866666666666667,26.0,3.179740536882103,1.0,0.0
GON,2025-04-18,2025Q2,149,43,0.28859060402684567,8.133333333333333,0,3.1103504677791403,1.0,0.0
GON,2025-04-19,2025Q2,124,37,0.29838709677419356,6.8,0,2.2334471278640087,1.0,0.0
GON,2025-04-22,2025Q2,89,24,0.2696629213483146,5.615384615384615,0,1.7498396894470292,0.5384615384615384,0.0
GON,2025-04-24,2025Q2,156,42,0.2692307692307692,7.466666666666667,0,2.017573838638062,1.0,0.0
GON,2025-04-25,2025Q2,114,28,0.24561403508771928,6.8,0,2.876969126636937,0.9333333333333333,0.0
GON,2025-04-29,2025Q2,44,16,0.36363636363636365,11.333333333333334,31.0,1.6115611483714585,1.0,0.0
GON,2025-04-30,2025Q2,116,43,0.3706896551724138,11.533333333333333,28.0,2.817670702030862,1.0,0.0
GON,2025-05-01,2025Q2,117,38,0.3247863247863248,8.466666666666667,0,2.6618425294336867,1.0,0.0
GON,2025-05-02,2025Q2,42,19,0.4523809523809524,5.2,0,2.338495622726595,0.9333333333333333,0.0
GON,2025-05-03,2025Q2,117,56,0.47863247863247865,6.066666666666666,0,2.766666372614148,1.0,0.0
GON,2025-05-04,2025Q2,107,33,0.308411214953271,4.466666666666667,0,1.6581903054743528,0.6,0.0
GON,2025-05-07,2025Q2,86,26,0.3023255813953488,5.8,0,2.54239816010752,0.9333333333333333,0.0
GON,2025-05-12,2025Q2,186,42,0.22580645161290322,6.666666666666667,0,2.6093033245717026,1.0,0.0
GON,2025-05-13,2025Q2,92,26,0.2826086956521739,9.6,23.0,5.561114517494025,0.8666666666666667,0.0
GON,2025-05-20,2025Q2,180,51,0.2833333333333333,8.2,25.0,3.3800866111365635,0.9333333333333333,0.0
GON,2025-05-25,2025Q2,151,34,0.2251655629139073,8.266666666666667,22.0,2.417908870796261,1.0,0.0
GON,2025-05-26,2025Q2,200,43,0.215,8.066666666666666,0,2.955997871796867,1.0,0.0
GON,2025-05-27,2025Q2,164,48,0.2926829268292683,6.0,0,1.5551019561077248,1.0,0.0
GON,2025-05-28,2025Q2,122,29,0.23770491803278687,4.714285714285714,0,2.374340555314713,0.7857142857142857,0.21428571428571427
GON,2025-05-30,2025Q2,48,10,0.20833333333333334,6.266666666666667,0,2.6200042433769397,0.13333333333333333,0.0
GON,2025-06-04,2025Q2,220,63,0.2863636363636364,5.333333333333333,0,2.2807818142982885,1.0,0.0
GON,2025-06-09,2025Q2,47,17,0.3617021276595745,9.0,20.0,5.759557651302256,0.0,0.06666666666666667
GON,2025-06-11,2025Q2,208,51,0.24519230769230768,6.266666666666667,0,1.6739411708682377,1.0,0.0
GON,2025-06-13,2025Q2,109,26,0.23853211009174313,6.533333333333333,0,2.3746872355806516,0.9333333333333333,0.06666666666666667
GON,2025-06-15,2025Q2,134,30,0.22388059701492538,6.076923076923077,0,1.7876214892946496,0.8461538461538461,0.0
GON,2025-06-23,2025Q2,135,38,0.2814814814814815,4.466666666666667,0,1.1707903273438616,1.0,0.0
GON,2025-06-27,2025Q2,99,20,0.20202020202020202,8.533333333333333,17.0,2.3886327780650958,1.0,0.0
GON,2025-07-04,2025Q3,134,29,0.21641791044776118,8.6,25.0,4.39182119221502,1.0,0.0
GON,2025-07-05,2025Q3,167,73,0.437125748502994,5.2,0,1.6797331041290866,1.0,0.0
GON,2025-07-09,2025Q3,92,19,0.20652173913043478,6.733333333333333,0,3.800031860303071,0.5333333333333333,0.0
GON,2025-07-13,2025Q3,173,49,0.2832369942196532,6.8,0,1.2067961989197673,0.3333333333333333,0.0
GON,2025-07-16,2025Q3,63,14,0.2222222222222222,5.533333333333333,0,2.055581611266741,0.6666666666666666,0.0
GON,2025-07-17,2025Q3,75,15,0.2,7.266666666666667,0,2.4804503165312393,0.6666666666666666,0.0
GON,2025-07-18,2025Q3,200,56,0.28,9.066666666666666,20.0,3.636048037698965,1.0,0.0
GON,2025-07-19,2025Q3,148,35,0.23648648648648649,6.8,0,2.194860359822374,1.0,0.0
GON,2025-07-29,2025Q3,139,46,0.33093525179856115,6.133333333333334,0,2.712667126655064,0.8,0.0
GON,2025-07-30,2025Q3,218,59,0.2706422018348624,5.266666666666667,0,0.6510440966580245,1.0,0.0
GON,2025-07-31,2025Q3,171,43,0.25146198830409355,9.4,19.0,3.4936638018660653,0.6,0.0
GON,2025-08-01,2025Q3,131,30,0.22900763358778625,9.133333333333333,20.0,3.927408212776305,0.6,0.0
GON,2025-08-02,2025Q3,199,48,0.24120603015075376,6.533333333333333,17.0,1.3436289856789592,1.0,0.0
GON,2025-08-03,2025Q3,290,64,0.2206896551724138,4.733333333333333,0,0.9705528384293544,1.0,0.0
GON,2025-08-04,2025Q3,218,48,0.22018348623853212,4.866666666666666,0,1.4586531650723942,1.0,0.0
GON,2025-08-06,2025Q3,159,32,0.20125786163522014,5.2,0,1.577655024750503,1.0,0.0
GON,2025-08-07,2025Q3,228,62,0.2719298245614035,7.428571428571429,19.0,2.311707034869702,0.9285714285714286,0.0
GON,2025-08-08,2025Q3,207,61,0.2946859903381642,4.8,0,1.6332355354813444,1.0,0.0
GON,2025-08-11,2025Q3,197,48,0.2436548223350254,7.8,0,3.580327976336066,1.0,0.0
GON,2025-08-19,2025Q3,200,49,0.245,8.066666666666666,17.0,1.9205569187921288,1.0,0.0
GON,2025-09-15,2025Q3,123,26,0.21138211382113822,7.133333333333334,18.0,2.264545425717217,1.0,0.0
GON,2025-09-16,2025Q3,312,80,0.2564102564102564,8.333333333333334,19.0,3.708800672028154,1.0,0.0
GON,2025-09-20,2025Q3,330,96,0.2909090909090909,6.0,0,1.5514780417978513,1.0,0.0
GON,2025-09-21,2025Q3,262,70,0.26717557251908397,7.666666666666667,20.0,2.9104489169473733,1.0,0.0
GON,2025-10-05,2025Q4,346,71,0.20520231213872833,4.8,0,1.7966879824668867,1.0,0.0
GON,2025-10-26,2025Q4,200,69,0.345,6.888888888888889,0,2.1418233413232897,1.0,0.0
GON,2025-11-01,2025Q4,57,17,0.2982456140350877,11.133333333333333,24.0,3.610452663036342,1.0,0.0
GON,2025-11-03,2025Q4,101,32,0.31683168316831684,13.066666666666666,39.0,5.557313797978512,0.6,0.13333333333333333
GON,2025-11-05,2025Q4,121,32,0.2644628099173554,12.0,34.0,2.0528473889306036,1.0,0.0
GON,2025-11-06,2025Q4,66,19,0.2878787878787879,12.666666666666666,32.0,2.870824224654739,1.0,0.0
GON,2025-11-07,2025Q4,143,62,0.43356643356643354,13.066666666666666,31.0,3.52230240128162,0.8666666666666667,0.0
GON,2025-11-08,2025Q4,233,67,0.2875536480686695,5.066666666666666,0,2.0965906662824922,0.8666666666666667,0.06666666666666667
GON,2025-11-09,2025Q4,96,40,0.4166666666666667,7.866666666666666,23.0,4.259332819623735,0.3333333333333333,0.2
GON,2025-11-11,2025Q4,57,15,0.2631578947368421,13.0,37.0,7.024880344654855,1.0,0.0
GON,2025-11-12,2025Q4,104,38,0.36538461538461536,8.2,26.0,5.396846278602326,0.9333333333333333,0.0
GON,2025-11-13,2025Q4,82,23,0.2804878048780488,9.933333333333334,25.0,3.7277351505311644,1.0,0.0
GON,2025-11-14,2025Q4,138,30,0.21739130434782608,9.0,23.0,1.947049031552793,1.0,0.0
GON,2025-11-15,2025Q4,218,76,0.3486238532110092,8.4,20.0,2.849376041826402,0.8666666666666667,0.13333333333333333
GON,2025-11-16,2025Q4,40,15,0.375,11.2,35.0,4.148794447328068,0.8,0.13333333333333333
GON,2025-11-18,2025Q4,211,44,0.20853080568720378,8.6,22.0,2.15756033581277,1.0,0.0
GON,2025-11-19,2025Q4,167,49,0.2934131736526946,3.2,0,1.05188676928011,0.9333333333333333,0.0
GON,2025-11-20,2025Q4,270,65,0.24074074074074073,3.2,0,1.2448911868004333,1.0,0.0
GON,2025-11-23,2025Q4,229,122,0.5327510917030568,6.0,0,2.555907452295528,0.9333333333333333,0.06666666666666667
GON,2025-11-25,2025Q4,107,28,0.2616822429906542,8.4,0,1.9362591325701382,0.5333333333333333,0.4
GON,2025-11-28,2025Q4,43,15,0.3488372093023256,15.066666666666666,31.0,10.465302925166743,1.0,0.0
GON,2025-11-29,2025Q4,193,53,0.27461139896373055,8.4,23.0,2.010172258062911,1.0,0.0
GON,2025-11-30,2025Q4,30,10,0.3333333333333333,12.466666666666667,27.0,5.352823876983556,0.3333333333333333,0.6
GON,2025-12-01,2025Q4,212,49,0.23113207547169812,8.8,24.0,2.4812617223960403,1.0,0.0
GON,2025-12-03,2025Q4,189,53,0.2804232804232804,5.8,0,1.7403000963228763,1.0,0.0
GON,2025-12-04,2025Q4,123,26,0.21138211382113822,13.266666666666667,36.0,4.32234237032026,1.0,0.0
GON,2025-12-05,2025Q4,103,47,0.4563106796116505,3.4,0,1.0178040808261823,1.0,0.0
GON,2025-12-06,2025Q4,113,32,0.2831858407079646,4.8,0,2.415397431650069,0.8,0.13333333333333333
GON,2025-12-07,2025Q4,294,109,0.3707482993197279,6.6,21.0,2.323401499376851,1.0,0.0
GON,2025-12-08,2025Q4,87,22,0.25287356321839083,10.0,24.0,3.7196881883136705,1.0,0.0
GON,2025-12-09,2025Q4,141,53,0.375886524822695,8.0,23.0,1.3624101267559818,1.0,0.0
GON,2025-12-11,2025Q4,43,9,0.20930232558139536,15.866666666666667,36.0,7.426676805555418,1.0,0.0
GON,2025-12-12,2025Q4,101,47,0.46534653465346537,10.4,22.0,6.3393456944894995,1.0,0.0
GON,2025-12-13,2025Q4,151,51,0.33774834437086093,8.8,23.0,3.3232215591648466,0.9333333333333333,0.0
GON,2025-12-15,2025Q4,41,18,0.43902439024390244,10.733333333333333,30.0,2.899638425300414,1.0,0.0
GON,2025-12-16,2025Q4,202,65,0.3217821782178218,8.666666666666666,26.0,3.375212809169432,1.0,0.0
GON,2025-12-18,2025Q4,181,55,0.30386740331491713,5.733333333333333,0,1.629694951972464,0.9333333333333333,0.0
GON,2025-12-20,2025Q4,182,47,0.25824175824175827,8.933333333333334,17.0,3.6054095497245386,1.0,0.0
GON,2025-12-21,2025Q4,74,23,0.3108108108108108,12.733333333333333,30.0,4.352145527507184,1.0,0.0
GON,2025-12-22,2025Q4,106,34,0.32075471698113206,9.733333333333333,27.0,3.9230969693432263,1.0,0.0
GON,2025-12-26,2025Q4,99,43,0.43434343434343436,6.266666666666667,20.0,2.4249328424314838,0.8,0.2
GON,2025-12-31,2025Q4,109,23,0.21100917431192662,10.4,22.0,6.279417721016333,1.0,0.0
GON,2026-01-02,2026Q1,122,67,0.5491803278688525,7.066666666666666,19.0,4.0874646052531505,1.0,0.0
GON,2026-01-03,2026Q1,194,117,0.6030927835051546,6.066666666666666,0,2.8442935088967443,1.0,0.0
GON,2026-01-04,2026Q1,190,78,0.4105263157894737,6.866666666666666,0,2.5819480196022364,0.8666666666666667,0.13333333333333333
GON,2026-01-05,2026Q1,103,36,0.34951456310679613,6.733333333333333,0,1.6485475717863347,0.6,0.0
GON,2026-01-06,2026Q1,101,32,0.31683168316831684,6.4,0,2.494561798779824,0.7333333333333333,0.06666666666666667
GON,2026-01-08,2026Q1,243,122,0.5020576131687243,4.666666666666667,0,1.2136506794218767,1.0,0.0
GON,2026-01-09,2026Q1,62,18,0.2903225806451613,5.533333333333333,0,2.362240017034973,0.26666666666666666,0.2
GON,2026-01-10,2026Q1,104,28,0.2692307692307692,6.733333333333333,25.0,3.7358748473646752,0.5333333333333333,0.4666666666666667
GON,2026-01-11,2026Q1,97,51,0.5257731958762887,7.333333333333333,22.0,2.9490737480777782,0.8666666666666667,0.13333333333333333
GON,2026-01-12,2026Q1,100,32,0.32,11.466666666666667,25.0,6.245043631781036,1.0,0.0
GON,2026-01-13,2026Q1,216,74,0.3425925925925926,8.8,20.0,3.2560227739193115,1.0,0.0
GON,2026-01-14,2026Q1,173,79,0.45664739884393063,4.666666666666667,0,1.4685768075246146,0.8666666666666667,0.06666666666666667
GON,2026-01-15,2026Q1,69,19,0.2753623188405797,11.466666666666667,29.0,6.177265799597594,1.0,0.0
GON,2026-01-16,2026Q1,78,34,0.4358974358974359,11.133333333333333,27.0,6.496167812469657,1.0,0.0
GON,2026-01-17,2026Q1,87,51,0.5862068965517241,5.8,26.0,2.9503663126644852,0.5333333333333333,0.2
GON,2026-01-19,2026Q1,95,38,0.4,10.733333333333333,27.0,5.922462899078588,0.6666666666666666,0.0
GON,2026-01-20,2026Q1,147,73,0.4965986394557823,10.666666666666666,25.0,6.382243093936109,1.0,0.0
GON,2026-01-21,2026Q1,181,75,0.4143646408839779,12.533333333333333,24.0,2.6786562511898824,1.0,0.0
GON,2026-01-22,2026Q1,165,61,0.3696969696969697,10.533333333333333,21.0,4.727473531786677,1.0,0.0
GON,2026-01-23,2026Q1,94,36,0.3829787234042553,13.866666666666667,30.0,7.232086863597102,1.0,0.0
GON,2026-01-24,2026Q1,62,35,0.5645161290322581,11.8,24.0,2.4917984171194125,1.0,0.0
GON,2026-01-28,2026Q1,209,103,0.49282296650717705,7.466666666666667,17.0,3.247277593054345,1.0,0.0
GON,2026-01-29,2026Q1,137,63,0.45985401459854014,9.666666666666666,19.0,2.8165854415650178,1.0,0.0
GON,2026-01-31,2026Q1,195,144,0.7384615384615385,5.4,0,1.743316774747897,1.0,0.0
GON,2026-02-02,2026Q1,212,123,0.5801886792452831,10.6,24.0,3.6635275892444317,1.0,0.0
GON,2026-02-03,2026Q1,189,82,0.43386243386243384,7.133333333333334,0,3.0958648233104205,1.0,0.0
GON,2026-02-04,2026Q1,169,59,0.34911242603550297,8.133333333333333,25.0,2.2010921192017627,1.0,0.0
GON,2026-02-05,2026Q1,193,86,0.44559585492227977,4.666666666666667,0,1.8556334730472341,1.0,0.0
GON,2026-02-06,2026Q1,129,34,0.26356589147286824,6.533333333333333,15.0,2.143292326193909,1.0,0.0
GON,2026-02-09,2026Q1,120,54,0.45,11.2,24.0,3.4697197816942498,1.0,0.0
GON,2026-02-10,2026Q1,147,54,0.3673469387755102,4.666666666666667,0,1.5491353577854503,1.0,0.0
GON,2026-02-11,2026Q1,105,25,0.23809523809523808,10.866666666666667,28.0,4.255355535174763,1.0,0.0
GON,2026-02-12,2026Q1,136,74,0.5441176470588235,11.133333333333333,22.0,1.686696714587746,1.0,0.0
GON,2026-02-13,2026Q1,196,84,0.42857142857142855,6.733333333333333,20.0,2.9856664966723683,1.0,0.0
GON,2026-02-14,2026Q1,220,91,0.41363636363636364,3.7333333333333334,0,1.4277441537445623,1.0,0.0
GON,2026-02-15,2026Q1,214,121,0.5654205607476636,8.8,21.0,4.346470400084633,1.0,0.0
GON,2026-02-16,2026Q1,142,60,0.4225352112676056,6.866666666666666,19.0,2.321671952206347,1.0,0.0
GON,2026-02-19,2026Q1,263,104,0.39543726235741444,5.4,0,1.683325773308805,1.0,0.0
GON,2026-02-21,2026Q1,225,146,0.6488888888888888,7.8,17.0,3.523758662270462,0.7333333333333333,0.06666666666666667
GON,2026-02-22,2026Q1,99,52,0.5252525252525253,10.866666666666667,22.0,4.081272645872234,0.3333333333333333,0.4
GON,2026-02-26,2026Q1,121,36,0.2975206611570248,4.333333333333333,0,2.124113375736717,1.0,0.0
GON,2026-02-27,2026Q1,216,116,0.5370370370370371,3.3333333333333335,0,1.148430752358636,1.0,0.0
GON,2026-02-28,2026Q1,368,216,0.5869565217391305,3.8666666666666667,0,1.0121811664847598,1.0,0.0
GON,2026-03-01,2026Q1,141,46,0.3262411347517731,8.6,26.0,3.544545814158483,0.8,0.2
GON,2026-03-02,2026Q1,250,127,0.508,6.666666666666667,0,1.247077443648487,1.0,0.0
GON,2026-03-03,2026Q1,38,8,0.21052631578947367,5.0,0,1.3800175940181876,0.3333333333333333,0.6666666666666666
GON,2026-03-04,2026Q1,227,61,0.2687224669603524,2.8,0,0.9397348870985878,0.9333333333333333,0.0
GON,2026-03-08,2026Q1,33,11,0.3333333333333333,4.133333333333334,0,1.6325147512766178,0.13333333333333333,0.06666666666666667
GON,2026-03-09,2026Q1,317,119,0.3753943217665615,4.133333333333334,0,1.539180353804133,1.0,0.0
GON,2026-03-10,2026Q1,187,80,0.42780748663101603,3.3333333333333335,0,1.462096742805623,0.8,0.0
GON,2026-03-13,2026Q1,153,36,0.23529411764705882,10.666666666666666,21.0,4.029162242618321,1.0,0.0
GON,2026-03-15,2026Q1,177,50,0.2824858757062147,9.866666666666667,21.0,4.31871163725753,1.0,0.0
GON,2026-03-17,2026Q1,41,14,0.34146341463414637,14.666666666666666,33.0,7.737399306212007,1.0,0.0
GON,2026-03-19,2026Q1,148,47,0.31756756756756754,7.066666666666666,0,2.8023949168678635,0.6,0.0
GON,2026-03-20,2026Q1,245,63,0.2571428571428571,8.071428571428571,18.0,2.001494756204258,0.8571428571428571,0.14285714285714285
GON,2026-03-21,2026Q1,163,40,0.24539877300613497,10.533333333333333,26.0,3.3555691110062753,1.0,0.0
GON,2026-03-24,2026Q1,254,103,0.40551181102362205,10.733333333333333,24.0,3.350489411801445,1.0,0.0
GON,2026-03-25,2026Q1,277,62,0.22382671480144403,8.533333333333333,0,4.0554869884370275,1.0,0.0
GON,2026-03-26,2026Q1,139,33,0.23741007194244604,6.266666666666667,24.0,1.5731600210663972,0.8,0.2
GON,2026-03-27,2026Q1,144,68,0.4722222222222222,11.0,27.0,4.792037806931072,1.0,0.0
GON,2026-03-28,2026Q1,193,82,0.42487046632124353,9.066666666666666,22.0,3.783665883496135,1.0,0.0
GON,2026-03-29,2026Q1,221,86,0.3891402714932127,9.6,21.0,1.568107401172403,1.0,0.0
GON,2026-03-30,2026Q1,137,74,0.5401459854014599,9.2,17.0,1.8440278475080496,1.0,0.0
GON,2026-03-31,2026Q1,176,56,0.3181818181818182,4.642857142857143,0,1.7842461639075515,1.0,0.0
GON,2026-04-01,2026Q2,91,20,0.21978021978021978,5.769230769230769,22.0,1.5031753006646618,0.3076923076923077,0.6923076923076923
GON,2026-04-02,2026Q2,67,16,0.23880597014925373,11.466666666666667,21.0,3.769191294022797,0.0,0.2
GON,2026-04-03,2026Q2,58,31,0.5344827586206896,4.6,0,1.8057553199313476,0.3333333333333333,0.0
GON,2026-04-04,2026Q2,198,80,0.40404040404040403,14.066666666666666,33.0,6.496795940470916,0.8666666666666667,0.06666666666666667
GON,2026-04-06,2026Q2,94,19,0.20212765957446807,12.133333333333333,27.0,4.103667603661675,1.0,0.0
GON,2026-04-07,2026Q2,116,33,0.28448275862068967,13.928571428571429,28.0,3.6393746299728145,0.8571428571428571,0.07142857142857142
GON,2026-04-08,2026Q2,202,53,0.2623762376237624,8.6,20.0,3.183052737349007,1.0,0.0
GON,2026-04-09,2026Q2,277,132,0.47653429602888087,7.466666666666667,0,2.5722471275859062,1.0,0.0
GON,2026-04-10,2026Q2,158,66,0.4177215189873418,8.142857142857142,0,3.483046273432932,0.8571428571428571,0.0
GON,2026-04-11,2026Q2,164,58,0.35365853658536583,13.538461538461538,26.0,3.4355507295647243,1.0,0.0
GON,2026-04-12,2026Q2,321,83,0.2585669781931464,8.142857142857142,0,4.259635159172244,1.0,0.0
GON,2026-04-13,2026Q2,57,15,0.2631578947368421,8.214285714285714,22.0,2.2080039386599686,0.6428571428571429,0.0
GON,2026-04-14,2026Q2,240,58,0.24166666666666667,5.5,0,1.7873942698737113,1.0,0.0
GON,2026-04-15,2026Q2,212,85,0.4009433962264151,5.266666666666667,0,1.5347749923864669,1.0,0.0
GON,2026-04-16,2026Q2,191,63,0.3298429319371728,3.3333333333333335,0,1.2174345159484798,1.0,0.0
GON,2026-04-17,2026Q2,86,34,0.3953488372093023,7.8,0,2.976757734802192,0.7333333333333333,0.13333333333333333
GON,2026-04-18,2026Q2,98,41,0.41836734693877553,9.866666666666667,17.0,2.8715532809712245,0.0,0.0
GON,2026-04-21,2026Q2,229,74,0.3231441048034934,9.933333333333334,0,4.1011880454194705,1.0,0.0
GON,2026-04-22,2026Q2,95,34,0.35789473684210527,8.466666666666667,0,3.6870084302230466,0.3333333333333333,0.13333333333333333
GON,2026-04-24,2026Q2,321,115,0.3582554517133956,7.769230769230769,0,1.8145281647829539,1.0,0.0
GON,2026-04-25,2026Q2,139,36,0.2589928057553957,7.714285714285714,0,3.462727269151297,0.5714285714285714,0.42857142857142855
GON,2026-04-26,2026Q2,133,34,0.2556390977443609,6.4,19.0,2.435237398225773,0.9333333333333333,0.0
GON,2026-04-27,2026Q2,205,59,0.28780487804878047,8.846153846153847,18.0,1.4195772202535468,1.0,0.0
GON,2026-04-28,2026Q2,251,52,0.20717131474103587,6.133333333333334,0,2.167395873955649,1.0,0.0
GON,2026-04-29,2026Q2,166,69,0.41566265060240964,7.615384615384615,0,2.5491369349146002,1.0,0.0
GON,2026-05-01,2026Q2,231,70,0.30303030303030304,10.214285714285714,25.0,3.889816249829162,1.0,0.0
GON,2026-05-02,2026Q2,89,39,0.43820224719101125,4.384615384615385,0,1.8257283054633402,0.6153846153846154,0.23076923076923078
GON,2026-05-03,2026Q2,100,37,0.37,12.866666666666667,30.0,2.4618617714526994,1.0,0.0
GON,2026-05-10,2026Q2,108,38,0.35185185185185186,2.6153846153846154,0,1.2221631212303,0.38461538461538464,0.0
GON,2026-05-11,2026Q2,252,62,0.24603174603174602,6.5,0,2.173765967578577,1.0,0.0
GON,2026-05-12,2026Q2,214,48,0.22429906542056074,9.666666666666666,23.0,3.374504919059413,1.0,0.0
GON,2026-05-13,2026Q2,140,41,0.29285714285714287,8.6,0,4.271917108345107,1.0,0.0
GON,2026-05-15,2026Q2,213,63,0.29577464788732394,6.285714285714286,0,2.05059876557639,0.8571428571428571,0.0
GON,2026-05-16,2026Q2,351,125,0.3561253561253561,7.5,20.0,1.4555338730711083,1.0,0.0
GON,2026-05-17,2026Q2,215,58,0.26976744186046514,7.866666666666666,18.0,2.690094407103928,1.0,0.0
GON,2026-05-18,2026Q2,318,71,0.22327044025157233,5.933333333333334,19.0,2.0183356657312688,1.0,0.0
GON,2026-05-20,2026Q2,79,17,0.21518987341772153,10.6,42.0,4.478654036003653,0.8,0.2
GON,2026-05-21,2026Q2,132,39,0.29545454545454547,5.333333333333333,0,1.7615224784729968,0.6666666666666666,0.3333333333333333
GON,2026-05-22,2026Q2,238,78,0.3277310924369748,10.466666666666667,27.0,2.571370835981621,1.0,0.0
GON,2026-05-23,2026Q2,78,42,0.5384615384615384,5.0,0,2.1341246681674306,0.26666666666666666,0.7333333333333333
GON,2026-05-26,2026Q2,253,73,0.2885375494071146,7.066666666666666,0,2.075787036968161,1.0,0.0
GON,2026-05-28,2026Q2,182,45,0.24725274725274726,8.066666666666666,19.0,2.801484310277539,1.0,0.0
GON,2026-05-31,2026Q2,283,71,0.2508833922261484,6.357142857142857,19.0,2.4595719246348917,0.9285714285714286,0.07142857142857142
GON,2026-06-02,2026Q2,126,39,0.30952380952380953,6.666666666666667,17.0,2.1230915120602485,1.0,0.0
GON,2026-06-05,2026Q2,198,59,0.29797979797979796,6.0,0,2.0659380160230025,1.0,0.0
GON,2026-06-06,2026Q2,186,58,0.3118279569892473,5.066666666666666,24.0,2.509311869920319,1.0,0.0
GON,2026-06-12,2026Q2,134,30,0.22388059701492538,8.8,21.0,3.1856629196181214,0.9333333333333333,0.06666666666666667
GON,2026-06-13,2026Q2,184,70,0.3804347826086957,9.2,20.0,4.207559877355513,1.0,0.0
GON,2026-06-14,2026Q2,190,67,0.3526315789473684,6.333333333333333,0,3.168724047779071,1.0,0.0
GON,2026-06-15,2026Q2,109,29,0.26605504587155965,11.266666666666667,24.0,2.852810583132625,0.9333333333333333,0.06666666666666667
GON,2026-06-16,2026Q2,253,68,0.26877470355731226,9.266666666666667,22.0,3.1496854840917683,1.0,0.0
GON,2026-06-17,2026Q2,229,55,0.24017467248908297,7.4,0,3.7802621144160735,1.0,0.0
GON,2026-06-18,2026Q2,83,38,0.4578313253012048,11.466666666666667,25.0,4.53831792237263,0.6,0.0
GON,2026-06-19,2026Q2,238,63,0.2647058823529412,9.933333333333334,26.0,4.439357771574594,1.0,0.0
GON,2026-06-21,2026Q2,212,117,0.5518867924528302,9.571428571428571,18.0,3.388796082563998,1.0,0.0
GON,2026-06-22,2026Q2,122,54,0.4426229508196721,6.2,21.0,2.9431802915687317,0.4,0.4
GON,2026-06-24,2026Q2,355,157,0.4422535211267606,9.4,19.0,3.429558421819972,1.0,0.0
GON,2026-06-26,2026Q2,141,39,0.2765957446808511,5.0,0,2.000115194184896,0.7142857142857143,0.0
GON,2026-06-27,2026Q2,150,58,0.38666666666666666,4.142857142857143,0,1.3768687445159935,0.8571428571428571,0.14285714285714285
GON,2026-06-28,2026Q2,145,76,0.5241379310344828,5.533333333333333,0,2.5235072655344597,0.7333333333333333,0.0
GON,2026-06-29,2026Q2,147,96,0.6530612244897959,6.266666666666667,0,2.293471853380168,1.0,0.0
GON,2026-06-30,2026Q2,192,95,0.4947916666666667,5.533333333333333,17.0,1.7867003371662227,1.0,0.0
GON,2026-07-01,2026Q3,261,97,0.3716475095785441,7.866666666666666,16.0,1.8650785175357698,1.0,0.0
GON,2026-07-02,2026Q3,191,100,0.5235602094240838,7.0,0,2.018908907256756,1.0,0.0
GON,2026-07-03,2026Q3,181,82,0.4530386740331492,7.866666666666666,23.0,3.261741750363863,1.0,0.0
GON,2026-07-04,2026Q3,59,16,0.2711864406779661,8.2,26.0,3.2562272559432115,0.8666666666666667,0.13333333333333333
GON,2026-07-05,2026Q3,130,47,0.36153846153846153,7.2,0,3.1751133067574395,1.0,0.0
GON,2026-07-08,2026Q3,345,160,0.463768115942029,7.466666666666667,17.0,2.4918107916709062,1.0,0.0
GON,2026-07-09,2026Q3,260,91,0.35,8.266666666666667,17.0,2.161333185462913,1.0,0.0
GON,2026-07-10,2026Q3,239,116,0.48535564853556484,6.6,0,2.1610555496112482,1.0,0.0
GON,2026-07-11,2026Q3,228,127,0.5570175438596491,6.6,0,1.6898030182080384,1.0,0.0
GON,2026-07-12,2026Q3,209,112,0.5358851674641149,6.666666666666667,20.0,1.613536011035866,1.0,0.0
GON,2026-07-13,2026Q3,250,99,0.396,7.266666666666667,0,1.44240827317143,1.0,0.0
GON,2026-07-14,2026Q3,172,60,0.3488372093023256,9.266666666666667,21.0,3.9631745183464093,1.0,0.0
GON,2026-07-15,2026Q3,147,57,0.3877551020408163,8.266666666666667,22.0,2.569260053012536,0.8,0.0
GON,2026-07-16,2026Q3,134,46,0.34328358208955223,6.666666666666667,17.0,2.6615393164163277,0.6666666666666666,0.0
GON,2026-07-17,2026Q3,257,123,0.4785992217898833,6.866666666666666,15.0,2.9503634077159715,1.0,0.0
GON,2026-07-18,2026Q3,127,57,0.44881889763779526,8.857142857142858,24.0,2.6826313283927212,0.42857142857142855,0.5
GON,2026-07-19,2026Q3,156,58,0.3717948717948718,10.933333333333334,25.0,2.420617948023888,1.0,0.0
GON,2026-07-20,2026Q3,295,169,0.5728813559322034,6.4,0,2.850701895512348,1.0,0.0
GON,2026-07-21,2026Q3,118,42,0.3559322033898305,11.8,29.0,3.145114169249618,0.4666666666666667,0.26666666666666666
GON,2026-07-22,2026Q3,167,39,0.23353293413173654,9.066666666666666,0,1.9350323695703782,0.8666666666666667,0.0
GON,2026-07-23,2026Q3,202,201,0.995049504950495,7.2,15.0,2.443747020974356,1.0,0.0
GON,2026-07-24,2026Q3,260,183,0.7038461538461539,5.133333333333334,0,1.8620004807544974,1.0,0.0
GON,2026-07-25,2026Q3,205,147,0.7170731707317073,7.933333333333334,19.0,2.587183784953201,1.0,0.0
GON,2026-07-26,2026Q3,263,170,0.6463878326996197,5.466666666666667,0,2.268252010774099,1.0,0.0
GON,2026-07-27,2026Q3,245,167,0.6816326530612244,5.4,0,2.0921851019840423,1.0,0.0
GON,2026-07-28,2026Q3,85,56,0.6588235294117647,9.785714285714286,0,5.2517107363678,0.5,0.0
GON,2026-07-29,2026Q3,52,16,0.3076923076923077,12.266666666666667,32.0,5.081775026005394,0.13333333333333333,0.8
GON,2026-07-30,2026Q3,71,29,0.4084507042253521,6.866666666666666,0,2.3135452249603317,0.4666666666666667,0.4
GON,2026-07-31,2026Q3,254,170,0.6692913385826772,5.666666666666667,0,1.553270870766267,0.8666666666666667,0.06666666666666667
GON,2026-08-02,2026Q3,151,106,0.7019867549668874,7.666666666666667,0,2.7601711769643984,0.8,0.0
GON,2026-08-03,2026Q3,30,16,0.5333333333333333,11.071428571428571,28.0,4.841141200838545,0.2857142857142857,0.35714285714285715
GON,2026-08-04,2026Q3,236,163,0.690677966101695,4.733333333333333,0,1.2578749762998314,1.0,0.0
GON,2026-08-05,2026Q3,288,229,0.7951388888888888,5.6,0,2.027011751064899,0.9333333333333333,0.0
GON,2026-08-06,2026Q3,184,114,0.6195652173913043,7.266666666666667,0,1.6940706388890547,0.7333333333333333,0.0
GON,2026-08-07,2026Q3,176,122,0.6931818181818182,7.4,26.0,1.9272473576793445,0.9333333333333333,0.0
GON,2026-08-08,2026Q3,208,87,0.4182692307692308,8.8,22.0,3.271461138137033,1.0,0.0
GON,2026-08-10,2026Q3,179,89,0.4972067039106145,4.2,0,1.4692127585507515,1.0,0.0
GON,2026-08-11,2026Q3,213,76,0.3568075117370892,7.733333333333333,0,2.7984435249317636,1.0,0.0
GON,2026-08-13,2026Q3,181,61,0.3370165745856354,5.666666666666667,0,2.155852937472102,0.8666666666666667,0.0
GON,2026-08-14,2026Q3,259,155,0.5984555984555985,6.333333333333333,0,2.2934453008537976,0.9333333333333333,0.06666666666666667
GON,2026-08-15,2026Q3,197,155,0.7868020304568528,5.666666666666667,0,1.6475653332978921,1.0,0.0
GON,2026-08-16,2026Q3,190,129,0.6789473684210526,6.666666666666667,0,2.036664409372715,0.8666666666666667,0.13333333333333333
GON,2026-08-18,2026Q3,235,94,0.4,4.866666666666666,0,2.1649455628693115,0.5333333333333333,0.0
GON,2026-08-19,2026Q3,276,142,0.5144927536231884,6.357142857142857,0,1.4275863494798628,0.9285714285714286,0.0
GON,2026-08-20,2026Q3,215,143,0.6651162790697674,6.266666666666667,20.0,2.274659263718055,0.8,0.2
GON,2026-08-21,2026Q3,75,51,0.68,10.0,21.0,2.743471500797419,0.3333333333333333,0.4666666666666667
GON,2026-08-22,2026Q3,74,48,0.6486486486486487,4.533333333333333,0,1.9045286175616707,0.06666666666666667,0.06666666666666667
GON,2026-08-23,2026Q3,140,90,0.6428571428571429,6.666666666666667,17.0,3.3727063538753876,0.6,0.06666666666666667
GON,2026-08-24,2026Q3,168,129,0.7678571428571429,5.8,0,2.431177652919661,1.0,0.0
GON,2026-08-25,2026Q3,221,159,0.7194570135746606,8.0,18.0,3.8279666223472963,1.0,0.0
GON,2026-08-26,2026Q3,227,170,0.748898678414097,5.8,0,1.2941275630043076,1.0,0.0
GON,2026-08-27,2026Q3,141,119,0.8439716312056738,7.066666666666666,0,3.3680553652466116,1.0,0.0
GON,2026-08-28,2026Q3,172,129,0.75,6.333333333333333,0,2.193519689275975,0.7333333333333333,0.0
GON,2026-08-29,2026Q3,280,235,0.8392857142857143,7.133333333333334,16.0,2.650891796409737,1.0,0.0
GON,2026-08-30,2026Q3,284,213,0.75,7.8,0,2.8781121918602155,0.9333333333333333,0.06666666666666667
GON,2026-08-31,2026Q3,198,137,0.6919191919191919,6.266666666666667,0,1.7415759651611584,1.0,0.0
HFD,2023-04-04,2023Q2,116,269,2.3189655172413794,5.388888888888889,0,1.72459393595705,0.9444444444444444,0.0
HFD,2023-04-05,2023Q2,105,111,1.0571428571428572,6.388888888888889,0,2.187546979952002,0.05555555555555555,0.0
HFD,2023-04-06,2023Q2,108,67,0.6203703703703703,3.8333333333333335,18.0,1.3154803403274704,0.5555555555555556,0.1111111111111111
HFD,2023-04-07,2023Q2,105,29,0.2761904761904762,11.222222222222221,30.0,5.659610859290899,1.0,0.0
HFD,2023-04-08,2023Q2,323,191,0.5913312693498453,4.055555555555555,17.0,2.017308944497834,1.0,0.0
HFD,2023-04-09,2023Q2,234,98,0.4188034188034188,5.888888888888889,0,1.2400695455803428,1.0,0.0
HFD,2023-04-10,2023Q2,456,334,0.7324561403508771,4.222222222222222,0,1.5801620607492204,1.0,0.0
HFD,2023-04-11,2023Q2,186,147,0.7903225806451613,7.444444444444445,26.0,4.427069702369282,1.0,0.0
HFD,2023-04-12,2023Q2,60,42,0.7,9.0,27.0,4.13094112026312,1.0,0.0
HFD,2023-04-13,2023Q2,373,248,0.6648793565683646,5.0,18.0,1.6596667816567316,1.0,0.0
HFD,2023-04-14,2023Q2,450,264,0.5866666666666667,5.277777777777778,15.0,1.308547658817742,1.0,0.0
HFD,2023-04-15,2023Q2,283,205,0.7243816254416962,4.611111111111111,0,1.317418941749276,0.5555555555555556,0.16666666666666666
HFD,2023-04-16,2023Q2,42,29,0.6904761904761905,4.111111111111111,0,1.0083089866551591,0.2222222222222222,0.0
HFD,2023-04-17,2023Q2,84,74,0.8809523809523809,4.722222222222222,0,1.5256194417649258,0.3333333333333333,0.16666666666666666
HFD,2023-04-19,2023Q2,244,132,0.5409836065573771,8.11111111111111,22.0,3.650053621882691,1.0,0.0
HFD,2023-04-20,2023Q2,477,299,0.6268343815513627,5.388888888888889,17.0,2.874838441301918,1.0,0.0
HFD,2023-04-21,2023Q2,346,125,0.36127167630057805,7.111111111111111,19.0,2.642529713398511,1.0,0.0
HFD,2023-04-22,2023Q2,58,52,0.896551724137931,7.833333333333333,16.0,3.0804573971738156,0.0,0.2222222222222222
HFD,2023-04-24,2023Q2,346,310,0.8959537572254336,4.0,14.0,2.0709922164518257,0.7777777777777778,0.0
HFD,2023-04-25,2023Q2,364,209,0.5741758241758241,4.444444444444445,0,1.3624298683580691,1.0,0.0
HFD,2023-04-26,2023Q2,223,79,0.3542600896860987,4.833333333333333,0,1.2437963937962953,0.7777777777777778,0.0
HFD,2023-04-27,2023Q2,149,102,0.6845637583892618,4.944444444444445,0,1.0934261838185655,0.3888888888888889,0.16666666666666666
HFD,2023-04-28,2023Q2,293,197,0.6723549488054608,5.166666666666667,19.0,1.6147135957431602,0.7777777777777778,0.0
HFD,2023-04-29,2023Q2,81,52,0.6419753086419753,6.111111111111111,19.0,1.0871231072885157,0.3333333333333333,0.6111111111111112
HFD,2023-05-01,2023Q2,140,118,0.8428571428571429,9.0,25.0,2.1427908037266015,0.8333333333333334,0.05555555555555555
HFD,2023-05-02,2023Q2,61,70,1.1475409836065573,5.722222222222222,19.0,2.032690143546191,0.6111111111111112,0.16666666666666666
HFD,2023-05-03,2023Q2,314,184,0.5859872611464968,3.3333333333333335,0,0.9596405349096043,0.9444444444444444,0.05555555555555555
HFD,2023-05-04,2023Q2,246,140,0.5691056910569106,6.277777777777778,16.0,2.252367964938226,0.5,0.05555555555555555
HFD,2023-05-05,2023Q2,340,165,0.4852941176470588,4.333333333333333,0,1.0118340147169973,0.8888888888888888,0.0
HFD,2023-05-06,2023Q2,302,165,0.5463576158940397,4.777777777777778,19.0,2.0433268814215015,1.0,0.0
HFD,2023-05-07,2023Q2,409,223,0.5452322738386308,5.333333333333333,18.0,1.83608796435501,0.8888888888888888,0.1111111111111111
HFD,2023-05-08,2023Q2,231,120,0.5194805194805194,8.444444444444445,23.0,4.017301715624259,1.0,0.0
HFD,2023-05-09,2023Q2,346,229,0.661849710982659,4.277777777777778,0,1.3202940126615526,1.0,0.0
HFD,2023-05-10,2023Q2,323,168,0.5201238390092879,4.5,18.0,1.9937198715827449,1.0,0.0
HFD,2023-05-11,2023Q2,322,153,0.4751552795031056,5.555555555555555,19.0,1.8009433060125375,1.0,0.0
HFD,2023-05-12,2023Q2,292,141,0.4828767123287671,3.7777777777777777,18.0,1.3581786364637949,1.0,0.0
HFD,2023-05-13,2023Q2,198,113,0.5707070707070707,7.5,23.0,3.3119757173998274,1.0,0.0
HFD,2023-05-14,2023Q2,183,81,0.4426229508196721,8.61111111111111,23.0,3.843010957331215,1.0,0.0
HFD,2023-05-15,2023Q2,315,172,0.546031746031746,5.833333333333333,18.0,2.248506814006506,1.0,0.0
HFD,2023-05-16,2023Q2,123,88,0.7154471544715447,7.0,24.0,2.7497419026756327,1.0,0.0
HFD,2023-05-17,2023Q2,65,46,0.7076923076923077,12.11111111111111,25.0,3.862187219400232,1.0,0.0
HFD,2023-05-18,2023Q2,488,231,0.4733606557377049,6.444444444444445,19.0,1.436243488778883,1.0,0.0
HFD,2023-05-19,2023Q2,353,214,0.6062322946175638,8.277777777777779,23.0,1.3108584317399505,1.0,0.0
HFD,2023-05-20,2023Q2,44,37,0.8409090909090909,4.0,0,1.1993248728639672,0.1111111111111111,0.7222222222222222
HFD,2023-05-21,2023Q2,285,118,0.41403508771929826,7.555555555555555,21.0,4.140170420311397,1.0,0.0
HFD,2023-05-22,2023Q2,382,249,0.6518324607329843,5.055555555555555,0,1.25947828345308,1.0,0.0
HFD,2023-05-23,2023Q2,373,272,0.7292225201072386,4.5,18.0,1.8263874917026555,1.0,0.0
HFD,2023-05-24,2023Q2,314,186,0.5923566878980892,6.555555555555555,0,1.7239515162175023,0.8888888888888888,0.05555555555555555
HFD,2023-05-25,2023Q2,320,129,0.403125,9.277777777777779,23.0,2.3799904478698335,1.0,0.0
HFD,2023-05-26,2023Q2,331,166,0.5015105740181269,4.9411764705882355,20.0,1.6586819923964307,1.0,0.0
HFD,2023-05-27,2023Q2,412,211,0.5121359223300971,4.888888888888889,15.0,1.4872327226704787,1.0,0.0
HFD,2023-05-28,2023Q2,342,206,0.6023391812865497,6.777777777777778,0,1.2253338923292991,1.0,0.0
HFD,2023-05-29,2023Q2,146,92,0.6301369863013698,7.055555555555555,16.0,2.5048219852432623,1.0,0.0
HFD,2023-05-30,2023Q2,262,192,0.732824427480916,5.444444444444445,0,1.9650180929120962,1.0,0.0
HFD,2023-05-31,2023Q2,353,199,0.5637393767705382,3.5555555555555554,0,1.2711851311401923,0.8333333333333334,0.0
HFD,2023-06-01,2023Q2,554,248,0.44765342960288806,3.5294117647058822,0,0.9845343052398597,1.0,0.0
HFD,2023-06-02,2023Q2,363,156,0.4297520661157025,4.777777777777778,17.0,1.6819248608451811,0.9444444444444444,0.05555555555555555
HFD,2023-06-04,2023Q2,187,86,0.45989304812834225,7.388888888888889,19.0,1.6926788388054106,1.0,0.0
HFD,2023-06-05,2023Q2,222,125,0.5630630630630631,6.0,21.0,0.9922482524983821,1.0,0.0
HFD,2023-06-06,2023Q2,114,89,0.7807017543859649,6.222222222222222,24.0,2.302718048598617,0.3333333333333333,0.0
HFD,2023-06-09,2023Q2,251,158,0.6294820717131474,4.166666666666667,0,1.6276786424423417,0.7222222222222222,0.16666666666666666
HFD,2023-06-10,2023Q2,375,187,0.49866666666666665,4.055555555555555,0,2.0353013715825456,0.9444444444444444,0.0
HFD,2023-06-11,2023Q2,488,256,0.5245901639344263,4.0,0,2.098234523596509,1.0,0.0
HFD,2023-06-12,2023Q2,268,155,0.5783582089552238,7.277777777777778,20.0,3.7103521406141895,0.6111111111111112,0.16666666666666666
HFD,2023-06-13,2023Q2,175,111,0.6342857142857142,5.5,15.0,2.2710013296387346,0.5555555555555556,0.0
HFD,2023-06-14,2023Q2,131,66,0.5038167938931297,7.333333333333333,22.0,2.9698642264848396,0.8333333333333334,0.16666666666666666
HFD,2023-06-15,2023Q2,430,147,0.34186046511627904,6.444444444444445,19.0,2.4624961785952006,0.8333333333333334,0.0
HFD,2023-06-16,2023Q2,211,92,0.43601895734597157,3.5,15.0,1.1262245047811215,0.9444444444444444,0.05555555555555555
HFD,2023-06-17,2023Q2,54,23,0.42592592592592593,8.38888888888889,22.0,4.167888712721088,0.5555555555555556,0.1111111111111111
HFD,2023-06-18,2023Q2,259,132,0.5096525096525096,7.833333333333333,19.0,2.524553881301715,0.8333333333333334,0.0
HFD,2023-06-19,2023Q2,472,223,0.4724576271186441,5.666666666666667,0,1.4037531024518168,0.7777777777777778,0.0
HFD,2023-06-20,2023Q2,300,154,0.5133333333333333,4.333333333333333,0,1.4941212615090997,0.9444444444444444,0.05555555555555555
HFD,2023-06-21,2023Q2,411,180,0.43795620437956206,5.611111111111111,0,1.8535670416529746,0.9444444444444444,0.0
HFD,2023-06-22,2023Q2,298,122,0.40939597315436244,5.277777777777778,0,2.106164739848275,1.0,0.0
HFD,2023-06-23,2023Q2,222,108,0.4864864864864865,4.833333333333333,0,1.9661557826232843,0.05555555555555555,0.05555555555555555
HFD,2023-06-25,2023Q2,126,58,0.4603174603174603,4.944444444444445,16.0,2.016829356142653,0.6111111111111112,0.1111111111111111
HFD,2023-06-26,2023Q2,188,139,0.7393617021276596,5.944444444444445,0,3.0620030185762097,0.5,0.3333333333333333
HFD,2023-06-27,2023Q2,147,124,0.8435374149659864,8.88888888888889,20.0,3.3816960643416256,0.6111111111111112,0.0
HFD,2023-06-29,2023Q2,381,137,0.35958005249343833,3.0555555555555554,0,1.3466721827960275,0.9444444444444444,0.0
HFD,2023-06-30,2023Q2,196,63,0.32142857142857145,4.0,0,2.0345259665033772,0.2222222222222222,0.0
HFD,2023-07-01,2023Q3,85,47,0.5529411764705883,5.944444444444445,0,1.8426562512687583,0.4444444444444444,0.0
HFD,2023-07-03,2023Q3,271,173,0.6383763837638377,3.388888888888889,0,1.4685930924035924,0.4444444444444444,0.2222222222222222
HFD,2023-07-05,2023Q3,360,164,0.45555555555555555,4.111111111111111,0,1.445476654883085,0.8888888888888888,0.0
HFD,2023-07-06,2023Q3,519,306,0.5895953757225434,5.5,17.0,1.6034000948812426,1.0,0.0
HFD,2023-07-07,2023Q3,484,325,0.6714876033057852,6.166666666666667,0,2.496934325437012,0.7222222222222222,0.0
HFD,2023-07-08,2023Q3,365,253,0.6931506849315069,5.166666666666667,0,1.6210615425737362,0.5,0.0
HFD,2023-07-09,2023Q3,160,115,0.71875,5.555555555555555,0,2.5130121930583926,0.3333333333333333,0.1111111111111111
HFD,2023-07-10,2023Q3,102,70,0.6862745098039216,5.5,21.0,2.7847121235574037,0.7222222222222222,0.16666666666666666
HFD,2023-07-11,2023Q3,285,178,0.624561403508772,5.222222222222222,15.0,2.573423641731798,1.0,0.0
HFD,2023-07-12,2023Q3,499,285,0.5711422845691383,3.1666666666666665,0,0.8597357622300389,1.0,0.0
HFD,2023-07-13,2023Q3,438,184,0.4200913242009132,8.722222222222221,21.0,3.0930890710022285,0.8333333333333334,0.0
HFD,2023-07-14,2023Q3,126,89,0.7063492063492064,5.5,15.0,2.2920143174913186,0.2222222222222222,0.16666666666666666
HFD,2023-07-15,2023Q3,390,271,0.6948717948717948,6.277777777777778,0,2.1665510048954864,0.4444444444444444,0.0
HFD,2023-07-17,2023Q3,353,133,0.37677053824362605,4.166666666666667,0,1.6115962244738173,0.8333333333333334,0.0
HFD,2023-07-18,2023Q3,68,58,0.8529411764705882,5.166666666666667,0,1.996630561302979,0.2777777777777778,0.2777777777777778
HFD,2023-07-19,2023Q3,557,252,0.4524236983842011,3.611111111111111,0,1.0472111477957156,1.0,0.0
HFD,2023-07-20,2023Q3,489,202,0.4130879345603272,4.666666666666667,0,1.8310080439182348,1.0,0.0
HFD,2023-07-22,2023Q3,359,136,0.3788300835654596,6.388888888888889,17.0,2.915145124822607,1.0,0.0
HFD,2023-07-23,2023Q3,464,101,0.21767241379310345,3.7222222222222223,0,1.5275696025312824,0.9444444444444444,0.0
HFD,2023-07-24,2023Q3,384,227,0.5911458333333334,5.388888888888889,18.0,1.5758343468035747,1.0,0.0
HFD,2023-07-25,2023Q3,240,79,0.32916666666666666,4.444444444444445,20.0,1.4922138577370734,0.7222222222222222,0.1111111111111111
HFD,2023-07-26,2023Q3,404,194,0.4801980198019802,4.833333333333333,0,1.1758479337244656,1.0,0.0
HFD,2023-07-27,2023Q3,44,21,0.4772727272727273,7.333333333333333,27.0,1.5811369113302822,0.5,0.2222222222222222
HFD,2023-07-28,2023Q3,484,216,0.4462809917355372,4.5,0,1.7606861670679288,0.9444444444444444,0.0
HFD,2023-07-29,2023Q3,114,81,0.7105263157894737,5.888888888888889,21.0,1.9153277675330393,0.6666666666666666,0.2777777777777778
HFD,2023-07-30,2023Q3,344,155,0.45058139534883723,5.166666666666667,0,1.4499965347247283,1.0,0.0
HFD,2023-07-31,2023Q3,455,228,0.5010989010989011,4.555555555555555,15.0,2.4376971022384075,1.0,0.0
HFD,2023-08-01,2023Q3,283,146,0.5159010600706714,7.111111111111111,17.0,2.7507487591407234,1.0,0.0
HFD,2023-08-02,2023Q3,383,227,0.5926892950391645,3.1666666666666665,0,0.8684859851435299,1.0,0.0
HFD,2023-08-04,2023Q3,268,176,0.6567164179104478,7.166666666666667,16.0,1.0349824448237046,0.9444444444444444,0.0
HFD,2023-08-05,2023Q3,381,117,0.30708661417322836,5.111111111111111,0,2.025185497004248,1.0,0.0
HFD,2023-08-06,2023Q3,416,167,0.4014423076923077,3.5,0,1.2337535369871302,1.0,0.0
HFD,2023-08-08,2023Q3,178,122,0.6853932584269663,3.8333333333333335,15.0,1.5439686448798513,0.8888888888888888,0.05555555555555555
HFD,2023-08-09,2023Q3,134,80,0.5970149253731343,8.88888888888889,25.0,4.627312727150135,1.0,0.0
HFD,2023-08-10,2023Q3,228,112,0.49122807017543857,4.388888888888889,0,1.2827295101053087,0.6666666666666666,0.16666666666666666
HFD,2023-08-11,2023Q3,309,148,0.47896440129449835,5.388888888888889,0,2.2518110514048892,1.0,0.0
HFD,2023-08-12,2023Q3,379,146,0.38522427440633245,5.555555555555555,15.0,2.2692920522987188,0.7777777777777778,0.2222222222222222
HFD,2023-08-13,2023Q3,279,98,0.35125448028673834,6.0,18.0,2.078488904739312,0.8888888888888888,0.0
HFD,2023-08-14,2023Q3,338,237,0.7011834319526628,4.666666666666667,0,1.3054050256125829,0.9444444444444444,0.05555555555555555
HFD,2023-08-16,2023Q3,181,99,0.5469613259668509,2.9444444444444446,0,1.0732503467070131,0.1111111111111111,0.05555555555555555
HFD,2023-08-17,2023Q3,76,36,0.47368421052631576,3.6666666666666665,0,1.469357833230369,0.1111111111111111,0.0
HFD,2023-08-18,2023Q3,157,103,0.6560509554140127,5.222222222222222,18.0,1.0431693283899537,0.6111111111111112,0.16666666666666666
HFD,2023-08-19,2023Q3,355,189,0.532394366197183,5.666666666666667,15.0,1.573124544890899,0.8333333333333334,0.0
HFD,2023-08-20,2023Q3,359,134,0.3732590529247911,4.166666666666667,0,1.8045291824954857,1.0,0.0
HFD,2023-08-21,2023Q3,249,146,0.5863453815261044,4.333333333333333,0,1.6301129694480467,0.9444444444444444,0.0
HFD,2023-08-22,2023Q3,353,127,0.3597733711048159,8.777777777777779,20.0,2.0678376451776943,1.0,0.0
HFD,2023-08-23,2023Q3,550,247,0.4490909090909091,3.9444444444444446,0,1.4333165512527999,1.0,0.0
HFD,2023-08-24,2023Q3,203,130,0.6403940886699507,5.277777777777778,0,2.291335182055152,0.8888888888888888,0.1111111111111111
HFD,2023-08-26,2023Q3,204,95,0.46568627450980393,4.888888888888889,17.0,1.6864570308300708,1.0,0.0
HFD,2023-08-27,2023Q3,285,114,0.4,5.722222222222222,0,1.7759328804497936,0.8888888888888888,0.0
HFD,2023-08-28,2023Q3,261,204,0.7816091954022989,5.722222222222222,0,2.323006240947438,0.4444444444444444,0.0
HFD,2023-08-29,2023Q3,259,137,0.528957528957529,3.0555555555555554,0,1.224297222549865,0.4444444444444444,0.0
HFD,2023-08-30,2023Q3,120,61,0.5083333333333333,7.722222222222222,23.0,4.132478254740538,0.4444444444444444,0.05555555555555555
HFD,2023-08-31,2023Q3,175,72,0.4114285714285714,9.38888888888889,23.0,1.7719304933922608,1.0,0.0
HFD,2023-09-01,2023Q3,559,270,0.48300536672629696,3.9444444444444446,0,1.001344120005872,1.0,0.0
HFD,2023-09-02,2023Q3,296,135,0.4560810810810811,6.388888888888889,15.0,1.2946439059988917,1.0,0.0
HFD,2023-09-03,2023Q3,320,167,0.521875,3.7222222222222223,14.0,1.6024548840816886,1.0,0.0
HFD,2023-09-04,2023Q3,367,209,0.5694822888283378,2.111111111111111,0,0.7109007124816795,1.0,0.0
HFD,2023-09-05,2023Q3,264,157,0.5946969696969697,3.2222222222222223,0,0.9501098580396558,1.0,0.0
HFD,2023-09-06,2023Q3,158,70,0.4430379746835443,3.7222222222222223,0,0.96242997541696,0.9444444444444444,0.0
HFD,2023-09-07,2023Q3,371,213,0.5741239892183289,4.833333333333333,0,1.6067987837347697,1.0,0.0
HFD,2023-09-08,2023Q3,55,25,0.45454545454545453,4.888888888888889,25.0,2.1503648402348587,0.2777777777777778,0.16666666666666666
HFD,2023-09-11,2023Q3,77,47,0.6103896103896104,2.1666666666666665,0,0.5485903970571068,0.3888888888888889,0.2777777777777778
HFD,2023-09-12,2023Q3,238,132,0.5546218487394958,3.388888888888889,0,1.013770568535244,0.6666666666666666,0.0
HFD,2023-09-14,2023Q3,533,178,0.3339587242026266,7.0,16.0,2.5096576008137728,1.0,0.0
HFD,2023-09-15,2023Q3,183,85,0.4644808743169399,10.666666666666666,24.0,2.4393679651914177,1.0,0.0
HFD,2023-09-16,2023Q3,108,84,0.7777777777777778,6.833333333333333,20.0,3.4018460503872565,1.0,0.0
HFD,2023-09-17,2023Q3,527,217,0.4117647058823529,4.222222222222222,0,1.6417500096820823,1.0,0.0
HFD,2023-09-19,2023Q3,258,130,0.5038759689922481,7.222222222222222,21.0,2.0453248632164565,1.0,0.0
HFD,2023-09-20,2023Q3,321,160,0.4984423676012461,4.444444444444445,18.0,1.7108674619602409,1.0,0.0
HFD,2023-09-21,2023Q3,414,177,0.427536231884058,3.388888888888889,15.0,0.755738179544573,1.0,0.0
HFD,2023-09-22,2023Q3,426,209,0.49061032863849763,5.0,0,1.636272866794349,1.0,0.0
HFD,2023-09-23,2023Q3,128,116,0.90625,9.866666666666667,18.0,1.7062987252092432,0.2,0.4666666666666667
HFD,2023-09-26,2023Q3,178,90,0.5056179775280899,6.722222222222222,18.0,1.8756828059281265,0.5555555555555556,0.0
HFD,2023-09-27,2023Q3,311,178,0.572347266881029,4.388888888888889,0,1.7564983922486883,0.8333333333333334,0.0
HFD,2023-09-28,2023Q3,265,98,0.36981132075471695,4.611111111111111,0,2.066057550335723,0.6666666666666666,0.0
HFD,2023-10-01,2023Q4,357,169,0.4733893557422969,4.611111111111111,0,1.1349553396874708,0.7222222222222222,0.0
HFD,2023-10-02,2023Q4,286,131,0.458041958041958,3.888888888888889,0,0.9775874099067468,1.0,0.0
HFD,2023-10-03,2023Q4,411,214,0.5206812652068127,2.2777777777777777,0,0.818409210704325,1.0,0.0
HFD,2023-10-04,2023Q4,355,181,0.5098591549295775,2.5555555555555554,0,0.797043394167325,0.7777777777777778,0.0
HFD,2023-10-05,2023Q4,237,113,0.4767932489451477,4.277777777777778,0,2.0534111018748784,0.7222222222222222,0.0
HFD,2023-10-08,2023Q4,108,52,0.48148148148148145,7.388888888888889,22.0,3.129105641724458,1.0,0.0
HFD,2023-10-09,2023Q4,339,176,0.5191740412979351,5.777777777777778,19.0,1.7456366176113525,1.0,0.0
HFD,2023-10-10,2023Q4,279,216,0.7741935483870968,2.4444444444444446,0,1.1871640922367759,0.9444444444444444,0.0
HFD,2023-10-11,2023Q4,276,170,0.6159420289855072,2.888888888888889,17.0,1.029556639958462,1.0,0.0
HFD,2023-10-12,2023Q4,288,173,0.6006944444444444,2.5,0,0.7422375660479755,0.8888888888888888,0.0
HFD,2023-10-13,2023Q4,224,132,0.5892857142857143,5.222222222222222,17.0,2.22988014348862,1.0,0.0
HFD,2023-10-14,2023Q4,182,74,0.4065934065934066,1.5555555555555556,0,0.47578274235487444,0.8333333333333334,0.16666666666666666
HFD,2023-10-15,2023Q4,64,37,0.578125,7.944444444444445,19.0,2.9359192883845138,1.0,0.0
HFD,2023-10-16,2023Q4,202,133,0.6584158415841584,5.444444444444445,15.0,2.4913958316188607,0.7222222222222222,0.2777777777777778
HFD,2023-10-17,2023Q4,172,117,0.6802325581395349,2.4444444444444446,0,0.8007613742769158,0.8333333333333334,0.0
HFD,2023-10-18,2023Q4,275,139,0.5054545454545455,1.4444444444444444,0,0.4554341612220418,1.0,0.0
HFD,2023-10-19,2023Q4,292,128,0.4383561643835616,5.333333333333333,0,1.191643319233455,0.7222222222222222,0.0
HFD,2023-10-22,2023Q4,39,11,0.28205128205128205,9.5,28.0,4.370526635389773,1.0,0.0
HFD,2023-10-23,2023Q4,180,78,0.43333333333333335,5.055555555555555,17.0,2.6653061705830954,1.0,0.0
HFD,2023-10-24,2023Q4,326,215,0.6595092024539877,4.333333333333333,0,0.675687688526818,1.0,0.0
HFD,2023-10-25,2023Q4,215,121,0.5627906976744186,5.388888888888889,0,0.981757488602914,1.0,0.0
HFD,2023-10-26,2023Q4,340,182,0.5352941176470588,2.1666666666666665,0,0.8481656655892446,1.0,0.0
HFD,2023-10-27,2023Q4,339,197,0.5811209439528023,3.5555555555555554,0,0.7409772671099116,1.0,0.0
HFD,2023-10-28,2023Q4,320,214,0.66875,7.055555555555555,23.0,3.0652238949051918,1.0,0.0
HFD,2023-10-29,2023Q4,40,27,0.675,6.555555555555555,0,1.1993575982662206,0.1111111111111111,0.7777777777777778
HFD,2023-10-31,2023Q4,280,196,0.7,3.1666666666666665,0,0.7457385418896185,1.0,0.0
HFD,2023-11-01,2023Q4,58,42,0.7241379310344828,5.166666666666667,0,1.8287687383568583,0.5555555555555556,0.2777777777777778
HFD,2023-11-02,2023Q4,407,202,0.4963144963144963,2.8333333333333335,0,1.0467830871783392,1.0,0.0
HFD,2023-11-03,2023Q4,274,133,0.4854014598540146,6.0,23.0,1.0937855964188559,1.0,0.0
HFD,2023-11-04,2023Q4,368,124,0.33695652173913043,2.5555555555555554,0,0.8591107410384532,1.0,0.0
HFD,2023-11-05,2023Q4,444,176,0.3963963963963964,3.4444444444444446,18.0,1.729660160396422,1.0,0.0
HFD,2023-11-06,2023Q4,216,144,0.6666666666666666,1.6666666666666667,0,0.5353134111532282,0.8888888888888888,0.05555555555555555
HFD,2023-11-07,2023Q4,207,162,0.782608695652174,6.944444444444445,18.0,3.0282155452125594,1.0,0.0
HFD,2023-11-08,2023Q4,139,66,0.4748201438848921,8.055555555555555,22.0,3.8096466090482872,1.0,0.0
HFD,2023-11-09,2023Q4,110,58,0.5272727272727272,3.2222222222222223,0,0.7811769334056833,0.3333333333333333,0.05555555555555555
HFD,2023-11-10,2023Q4,359,191,0.532033426183844,3.388888888888889,0,1.474545321852831,1.0,0.0
HFD,2023-11-11,2023Q4,327,162,0.4954128440366973,5.611111111111111,16.0,2.4682529598679954,1.0,0.0
HFD,2023-11-12,2023Q4,305,162,0.5311475409836065,3.6666666666666665,0,0.7685829388065415,1.0,0.0
HFD,2023-11-13,2023Q4,206,150,0.7281553398058253,2.0,0,0.7985288359075284,1.0,0.0
HFD,2023-11-14,2023Q4,177,111,0.6271186440677966,4.611111111111111,21.0,1.7119865218797248,1.0,0.0
HFD,2023-11-15,2023Q4,285,147,0.5157894736842106,5.222222222222222,0,0.9370933020654432,1.0,0.0
HFD,2023-11-16,2023Q4,397,185,0.4659949622166247,2.2777777777777777,0,0.7196445189626999,1.0,0.0
HFD,2023-11-17,2023Q4,136,94,0.6911764705882353,7.055555555555555,22.0,1.5029264851011692,1.0,0.0
HFD,2023-11-18,2023Q4,43,24,0.5581395348837209,7.611111111111111,21.0,4.465601871174837,0.7777777777777778,0.1111111111111111
HFD,2023-11-19,2023Q4,286,119,0.4160839160839161,6.777777777777778,19.0,2.827531541724402,1.0,0.0
HFD,2023-11-20,2023Q4,224,162,0.7232142857142857,6.888888888888889,20.0,1.787241274842733,1.0,0.0
HFD,2023-11-21,2023Q4,272,187,0.6875,3.5555555555555554,0,1.0270017028393417,0.7222222222222222,0.2777777777777778
HFD,2023-11-23,2023Q4,35,18,0.5142857142857142,7.222222222222222,22.0,3.9601742578192907,1.0,0.0
HFD,2023-11-24,2023Q4,210,78,0.37142857142857144,8.11111111111111,23.0,3.6825428150896546,1.0,0.0
HFD,2023-11-25,2023Q4,369,142,0.38482384823848237,2.8333333333333335,0,1.240711861909719,1.0,0.0
HFD,2023-11-26,2023Q4,261,101,0.38697318007662834,3.7222222222222223,20.0,0.9047527763099145,0.5555555555555556,0.2777777777777778
HFD,2023-11-27,2023Q4,147,145,0.9863945578231292,6.411764705882353,23.0,3.1521560361407435,0.7647058823529411,0.0
HFD,2023-11-28,2023Q4,103,66,0.6407766990291263,11.11111111111111,26.0,2.9779951236733933,1.0,0.0
HFD,2023-11-29,2023Q4,278,119,0.42805755395683454,4.722222222222222,0,2.1348435370840404,1.0,0.0
HFD,2023-11-30,2023Q4,374,132,0.35294117647058826,6.166666666666667,0,0.920391934783112,1.0,0.0
HFD,2023-12-01,2023Q4,290,88,0.30344827586206896,4.0,0,0.6616706509872555,0.6111111111111112,0.3333333333333333
HFD,2023-12-02,2023Q4,93,61,0.6559139784946236,1.7777777777777777,0,0.6043328623961727,0.2777777777777778,0.0
HFD,2023-12-04,2023Q4,188,107,0.5691489361702128,3.8333333333333335,0,1.7039282301759635,0.7222222222222222,0.0
HFD,2023-12-05,2023Q4,245,150,0.6122448979591837,6.166666666666667,18.0,2.8690666131569826,1.0,0.0
HFD,2023-12-06,2023Q4,105,57,0.5428571428571428,5.611111111111111,17.0,2.108084171278554,0.8333333333333334,0.1111111111111111
HFD,2023-12-07,2023Q4,245,136,0.5551020408163265,2.111111111111111,0,0.19564367467984864,0.8888888888888888,0.05555555555555555
HFD,2023-12-08,2023Q4,457,222,0.48577680525164113,2.0,0,0.8156405354948303,1.0,0.0
HFD,2023-12-09,2023Q4,282,125,0.4432624113475177,1.0,0,0.3775231060556579,0.3333333333333333,0.0
HFD,2023-12-12,2023Q4,320,192,0.6,5.944444444444445,18.0,1.8847053478416924,1.0,0.0
HFD,2023-12-13,2023Q4,255,120,0.47058823529411764,8.555555555555555,23.0,3.7833477333067895,1.0,0.0
HFD,2023-12-14,2023Q4,347,192,0.553314121037464,5.333333333333333,0,2.2891148787526756,1.0,0.0
HFD,2023-12-15,2023Q4,290,160,0.5517241379310345,4.944444444444445,15.0,1.364633146152253,1.0,0.0
HFD,2023-12-16,2023Q4,221,110,0.497737556561086,2.6666666666666665,0,0.9628230258536998,1.0,0.0
HFD,2023-12-19,2023Q4,142,79,0.5563380281690141,8.61111111111111,22.0,4.667552974990826,1.0,0.0
HFD,2023-12-20,2023Q4,325,168,0.5169230769230769,6.777777777777778,0,2.6410594744538805,1.0,0.0
HFD,2023-12-21,2023Q4,190,101,0.531578947368421,8.941176470588236,19.0,2.8594911699479293,1.0,0.0
HFD,2023-12-22,2023Q4,356,177,0.49719101123595505,2.388888888888889,0,0.4382945985852762,1.0,0.0
HFD,2023-12-23,2023Q4,355,146,0.4112676056338028,0.3333333333333333,0,0.16943239347092603,1.0,0.0
HFD,2023-12-30,2023Q4,67,17,0.2537313432835821,6.333333333333333,21.0,2.1979161067285444,0.6666666666666666,0.05555555555555555
HFD,2023-12-31,2023Q4,263,95,0.3612167300380228,5.0588235294117645,19.0,2.263901815869332,1.0,0.0
HFD,2024-01-01,2024Q1,80,34,0.425,4.5,0,1.4094360992037651,1.0,0.0
HFD,2024-01-02,2024Q1,174,120,0.6896551724137931,0.7777777777777778,0,0.1709867518957433,1.0,0.0
HFD,2024-01-03,2024Q1,303,166,0.5478547854785478,2.9444444444444446,0,1.1674415997715675,1.0,0.0
HFD,2024-01-04,2024Q1,155,84,0.5419354838709678,9.277777777777779,30.0,5.347593726572266,0.7222222222222222,0.05555555555555555
HFD,2024-01-05,2024Q1,381,164,0.4304461942257218,4.555555555555555,20.0,2.2416698242420257,1.0,0.0
HFD,2024-01-06,2024Q1,349,138,0.3954154727793696,4.111111111111111,0,1.6095750596922505,0.7777777777777778,0.2222222222222222
HFD,2024-01-08,2024Q1,128,58,0.453125,4.5,19.0,1.8652928010792449,0.8888888888888888,0.0
HFD,2024-01-09,2024Q1,71,68,0.9577464788732394,5.333333333333333,27.0,2.215520436255715,0.3888888888888889,0.6111111111111112
HFD,2024-01-11,2024Q1,454,203,0.44713656387665196,3.5,0,1.8018394920919236,1.0,0.0
HFD,2024-01-12,2024Q1,526,221,0.42015209125475284,3.7222222222222223,18.0,1.5415462573557983,1.0,0.0
HFD,2024-01-14,2024Q1,53,38,0.7169811320754716,10.444444444444445,33.0,3.446071397297436,1.0,0.0
HFD,2024-01-15,2024Q1,313,148,0.4728434504792332,3.9444444444444446,0,0.999611233506557,1.0,0.0
HFD,2024-01-18,2024Q1,128,94,0.734375,5.055555555555555,16.0,2.2558073207086893,0.8888888888888888,0.05555555555555555
HFD,2024-01-20,2024Q1,42,25,0.5952380952380952,10.777777777777779,30.0,5.9996500604886585,0.8888888888888888,0.1111111111111111
HFD,2024-01-21,2024Q1,113,43,0.3805309734513274,7.722222222222222,23.0,4.254821244046549,1.0,0.0
HFD,2024-01-22,2024Q1,288,166,0.5763888888888888,5.333333333333333,15.0,1.0954301828183364,1.0,0.0
HFD,2024-01-23,2024Q1,83,44,0.5301204819277109,2.1666666666666665,0,0.855532864421535,0.2777777777777778,0.6666666666666666
HFD,2024-01-25,2024Q1,44,31,0.7045454545454546,3.611111111111111,0,0.8707298162574032,0.5,0.1111111111111111
HFD,2024-01-29,2024Q1,100,59,0.59,8.555555555555555,19.0,1.889796065813072,0.3333333333333333,0.16666666666666666
HFD,2024-01-30,2024Q1,330,253,0.7666666666666667,3.0,0,1.0593306854851272,0.7222222222222222,0.0
HFD,2024-01-31,2024Q1,250,153,0.612,1.9444444444444444,0,0.8813754347206287,0.3333333333333333,0.0
HFD,2024-02-01,2024Q1,160,86,0.5375,3.6666666666666665,0,1.1502936123924006,0.6111111111111112,0.0
HFD,2024-02-02,2024Q1,296,125,0.4222972972972973,7.444444444444445,24.0,1.0949873727548765,0.8333333333333334,0.0
HFD,2024-02-03,2024Q1,312,158,0.5064102564102564,10.166666666666666,22.0,2.8929568810299373,1.0,0.0
HFD,2024-02-04,2024Q1,307,177,0.5765472312703583,5.833333333333333,0,1.7991434386725835,1.0,0.0
HFD,2024-02-05,2024Q1,286,236,0.8251748251748252,8.666666666666666,21.0,1.7540363142981215,1.0,0.0
HFD,2024-02-06,2024Q1,279,204,0.7311827956989247,5.222222222222222,19.0,1.4771583618002697,1.0,0.0
HFD,2024-02-07,2024Q1,348,220,0.632183908045977,3.7222222222222223,0,0.9564046374302069,1.0,0.0
HFD,2024-02-08,2024Q1,463,216,0.46652267818574517,2.0555555555555554,0,0.516729830915081,1.0,0.0
HFD,2024-02-09,2024Q1,349,200,0.5730659025787965,6.555555555555555,19.0,1.4524285476573553,0.7777777777777778,0.0
HFD,2024-02-10,2024Q1,327,169,0.5168195718654435,4.055555555555555,24.0,1.2980432405961086,0.6111111111111112,0.1111111111111111
HFD,2024-02-11,2024Q1,231,60,0.2597402597402597,6.944444444444445,20.0,3.486587682279155,1.0,0.0
HFD,2024-02-12,2024Q1,229,185,0.8078602620087336,3.0555555555555554,0,0.9303453979892106,1.0,0.0
HFD,2024-02-15,2024Q1,451,298,0.6607538802660754,4.5,0,1.3246018308449874,0.9444444444444444,0.05555555555555555
HFD,2024-02-17,2024Q1,51,61,1.196078431372549,4.944444444444445,24.0,1.9384853809476141,0.5,0.2777777777777778
HFD,2024-02-18,2024Q1,140,121,0.8642857142857143,7.888888888888889,26.0,3.2546141576245224,1.0,0.0
HFD,2024-02-19,2024Q1,272,197,0.7242647058823529,8.833333333333334,23.0,4.801687262266666,1.0,0.0
HFD,2024-02-20,2024Q1,344,252,0.7325581395348837,1.0555555555555556,0,0.5157685380535237,1.0,0.0
HFD,2024-02-21,2024Q1,209,134,0.6411483253588517,2.388888888888889,0,0.837923144424071,0.9444444444444444,0.0
HFD,2024-02-22,2024Q1,245,174,0.710204081632653,6.888888888888889,0,1.942920153445237,0.2222222222222222,0.2777777777777778
HFD,2024-02-23,2024Q1,53,30,0.5660377358490566,1.8333333333333333,0,0.7915236495664932,0.4444444444444444,0.1111111111111111
HFD,2024-02-24,2024Q1,159,82,0.5157232704402516,9.944444444444445,23.0,5.382127469275065,1.0,0.0
HFD,2024-02-25,2024Q1,422,172,0.4075829383886256,5.277777777777778,0,1.3170090422080438,1.0,0.0
HFD,2024-02-26,2024Q1,327,207,0.6330275229357798,6.777777777777778,15.0,1.8546629844634577,0.9444444444444444,0.05555555555555555
HFD,2024-02-27,2024Q1,183,160,0.8743169398907104,6.055555555555555,22.0,2.0147074248377455,0.7222222222222222,0.16666666666666666
HFD,2024-02-29,2024Q1,130,106,0.8153846153846154,9.833333333333334,28.0,4.611426546016691,1.0,0.0
HFD,2024-03-01,2024Q1,542,276,0.5092250922509225,7.0,16.0,1.529059228032022,1.0,0.0
HFD,2024-03-03,2024Q1,235,144,0.6127659574468085,5.555555555555555,18.0,1.5897473963438475,0.7222222222222222,0.0
HFD,2024-03-04,2024Q1,259,161,0.6216216216216216,3.6666666666666665,0,0.6452384188687762,0.8333333333333334,0.0
HFD,2024-03-08,2024Q1,426,276,0.647887323943662,6.388888888888889,0,1.7924657179373022,1.0,0.0
HFD,2024-03-09,2024Q1,139,109,0.7841726618705036,7.388888888888889,19.0,2.605762793826579,0.0,0.5
HFD,2024-03-12,2024Q1,142,94,0.6619718309859155,8.333333333333334,28.0,4.977871681703914,1.0,0.0
HFD,2024-03-13,2024Q1,415,261,0.6289156626506024,4.722222222222222,23.0,1.0780606384637759,1.0,0.0
HFD,2024-03-14,2024Q1,371,218,0.5876010781671159,3.5,0,1.3477206391162566,1.0,0.0
HFD,2024-03-15,2024Q1,346,162,0.4682080924855491,6.555555555555555,22.0,1.5791982125146458,0.8888888888888888,0.05555555555555555
HFD,2024-03-16,2024Q1,381,197,0.5170603674540682,6.666666666666667,23.0,1.757399210030895,0.8888888888888888,0.0
HFD,2024-03-17,2024Q1,40,39,0.975,7.833333333333333,28.0,3.1890802847451982,0.8333333333333334,0.05555555555555555
HFD,2024-03-18,2024Q1,275,211,0.7672727272727272,7.5,21.0,3.6203637893416283,1.0,0.0
HFD,2024-03-19,2024Q1,94,60,0.6382978723404256,8.333333333333334,25.0,2.8605641102151247,1.0,0.0
HFD,2024-03-20,2024Q1,201,168,0.835820895522388,8.055555555555555,34.0,3.416309724116423,0.7222222222222222,0.16666666666666666
HFD,2024-03-24,2024Q1,130,97,0.7461538461538462,10.61111111111111,24.0,1.9268457161547212,1.0,0.0
HFD,2024-03-25,2024Q1,205,161,0.7853658536585366,11.61111111111111,22.0,4.000236299315524,1.0,0.0
HFD,2024-03-26,2024Q1,212,180,0.8490566037735849,8.777777777777779,16.0,2.8486458570640174,0.3333333333333333,0.0
HFD,2024-03-27,2024Q1,131,101,0.7709923664122137,2.8333333333333335,0,0.841828488675286,0.5555555555555556,0.1111111111111111
HFD,2024-03-29,2024Q1,127,97,0.7637795275590551,13.0,36.0,5.816835744777349,1.0,0.0
HFD,2024-03-30,2024Q1,90,51,0.5666666666666667,10.11111111111111,28.0,4.098732234254253,1.0,0.0
HFD,2024-03-31,2024Q1,174,88,0.5057471264367817,7.277777777777778,26.0,3.412392042179097,1.0,0.0
HFD,2024-04-01,2024Q2,395,306,0.7746835443037975,2.0555555555555554,0,0.3760570543421995,1.0,0.0
HFD,2024-04-02,2024Q2,225,175,0.7777777777777778,5.333333333333333,0,2.0079463985222668,0.4444444444444444,0.5
HFD,2024-04-05,2024Q2,332,162,0.4879518072289157,8.555555555555555,23.0,2.3764337079653393,0.5555555555555556,0.0
HFD,2024-04-06,2024Q2,90,63,0.7,11.777777777777779,27.0,5.654058426999041,1.0,0.0
HFD,2024-04-07,2024Q2,269,140,0.5204460966542751,7.777777777777778,23.0,1.9885827341923212,1.0,0.0
HFD,2024-04-08,2024Q2,278,264,0.9496402877697842,2.7222222222222223,0,1.0742684730452225,1.0,0.0
HFD,2024-04-09,2024Q2,256,167,0.65234375,4.222222222222222,0,1.1480470020278253,1.0,0.0
HFD,2024-04-10,2024Q2,284,148,0.5211267605633803,5.611111111111111,17.0,2.05736032978246,0.7222222222222222,0.0
HFD,2024-04-13,2024Q2,55,47,0.8545454545454545,10.722222222222221,29.0,2.7714686466608165,0.8888888888888888,0.1111111111111111
HFD,2024-04-14,2024Q2,215,82,0.3813953488372093,5.166666666666667,18.0,2.1023023075840896,0.7777777777777778,0.2222222222222222
HFD,2024-04-15,2024Q2,260,141,0.5423076923076923,6.333333333333333,25.0,2.2117289562931672,0.9444444444444444,0.0
HFD,2024-04-16,2024Q2,334,236,0.7065868263473054,6.555555555555555,21.0,3.2026670439144715,1.0,0.0
HFD,2024-04-17,2024Q2,418,221,0.5287081339712919,5.055555555555555,0,1.8252246930476062,0.7777777777777778,0.2222222222222222
HFD,2024-04-19,2024Q2,233,105,0.45064377682403434,8.0,23.0,2.3535239229392917,0.7777777777777778,0.0
HFD,2024-04-20,2024Q2,101,62,0.6138613861386139,8.5,32.0,3.7154387998073193,0.6111111111111112,0.16666666666666666
HFD,2024-04-21,2024Q2,359,152,0.4233983286908078,5.777777777777778,18.0,2.2082110360324996,1.0,0.0
HFD,2024-04-22,2024Q2,296,185,0.625,5.611111111111111,17.0,2.140206654183563,1.0,0.0
HFD,2024-04-23,2024Q2,513,208,0.40545808966861596,7.555555555555555,24.0,1.7638278232993232,1.0,0.0
HFD,2024-04-24,2024Q2,288,98,0.3402777777777778,8.666666666666666,27.0,3.3448916462623064,1.0,0.0
HFD,2024-04-25,2024Q2,458,217,0.4737991266375546,6.764705882352941,0,1.4159502465875273,1.0,0.0
HFD,2024-04-26,2024Q2,417,204,0.4892086330935252,5.333333333333333,20.0,1.9539258323319753,1.0,0.0
HFD,2024-04-27,2024Q2,323,253,0.7832817337461301,7.888888888888889,23.0,1.7666108541017638,0.8333333333333334,0.16666666666666666
HFD,2024-04-28,2024Q2,333,155,0.46546546546546547,5.0,0,1.4266269136183114,0.5555555555555556,0.1111111111111111
HFD,2024-04-29,2024Q2,399,179,0.44862155388471175,5.333333333333333,0,1.6917553830317344,1.0,0.0
HFD,2024-04-30,2024Q2,304,123,0.40460526315789475,5.944444444444445,18.0,2.2950657097301574,0.5555555555555556,0.1111111111111111
HFD,2024-05-01,2024Q2,194,126,0.6494845360824743,3.6666666666666665,0,1.6838346504773127,0.7222222222222222,0.0
HFD,2024-05-02,2024Q2,195,166,0.8512820512820513,8.277777777777779,23.0,3.082795564861021,0.6666666666666666,0.0
HFD,2024-05-03,2024Q2,295,213,0.7220338983050848,5.111111111111111,15.0,1.8747709742578726,0.6666666666666666,0.0
HFD,2024-05-04,2024Q2,351,254,0.7236467236467237,4.555555555555555,20.0,1.6040867029779382,1.0,0.0
HFD,2024-05-06,2024Q2,348,129,0.3706896551724138,1.8333333333333333,0,0.7141339770867405,0.7777777777777778,0.0
HFD,2024-05-07,2024Q2,378,210,0.5555555555555556,5.611111111111111,0,1.664317736652332,1.0,0.0
HFD,2024-05-08,2024Q2,102,83,0.8137254901960784,4.833333333333333,22.0,0.9150287519360529,0.5555555555555556,0.1111111111111111
HFD,2024-05-09,2024Q2,292,181,0.6198630136986302,6.333333333333333,21.0,2.099324187981961,1.0,0.0
HFD,2024-05-10,2024Q2,245,183,0.746938775510204,4.888888888888889,0,2.2296234541259454,0.6111111111111112,0.1111111111111111
HFD,2024-05-11,2024Q2,240,166,0.6916666666666667,5.888888888888889,16.0,1.9981017984020157,1.0,0.0
HFD,2024-05-12,2024Q2,178,120,0.6741573033707865,4.0,0,1.582707249319284,0.9444444444444444,0.0
HFD,2024-05-13,2024Q2,442,175,0.39592760180995473,6.222222222222222,16.0,1.4048084646944112,1.0,0.0
HFD,2024-05-14,2024Q2,351,180,0.5128205128205128,9.11111111111111,24.0,1.5124864769708937,0.8888888888888888,0.05555555555555555
HFD,2024-05-15,2024Q2,104,40,0.38461538461538464,4.055555555555555,0,1.2476034448679987,0.2777777777777778,0.7222222222222222
HFD,2024-05-16,2024Q2,57,51,0.8947368421052632,8.777777777777779,23.0,1.9601000661842731,0.3333333333333333,0.3888888888888889
HFD,2024-05-17,2024Q2,293,184,0.6279863481228669,6.888888888888889,18.0,2.87755773287229,1.0,0.0
HFD,2024-05-18,2024Q2,31,23,0.7419354838709677,7.555555555555555,0,2.037304553422988,0.05555555555555555,0.16666666666666666
HFD,2024-05-19,2024Q2,211,93,0.44075829383886256,7.444444444444445,0,1.6712957059148754,0.6111111111111112,0.0
HFD,2024-05-20,2024Q2,338,156,0.46153846153846156,4.555555555555555,0,1.2230809015391775,0.7222222222222222,0.0
HFD,2024-05-21,2024Q2,399,228,0.5714285714285714,6.5,15.0,1.9676152830688045,0.7777777777777778,0.0
HFD,2024-05-22,2024Q2,354,187,0.5282485875706214,8.277777777777779,24.0,1.8598724820399701,1.0,0.0
HFD,2024-05-23,2024Q2,169,91,0.5384615384615384,4.444444444444445,17.0,1.3409660547655402,0.7777777777777778,0.2222222222222222
HFD,2024-05-24,2024Q2,204,112,0.5490196078431373,6.055555555555555,18.0,2.5496701867209857,0.9444444444444444,0.0
HFD,2024-05-25,2024Q2,395,257,0.6506329113924051,5.666666666666667,16.0,1.4379321357428805,1.0,0.0
HFD,2024-05-26,2024Q2,545,245,0.44954128440366975,5.444444444444445,16.0,2.1675693541624437,0.8888888888888888,0.0
HFD,2024-05-28,2024Q2,193,67,0.3471502590673575,7.222222222222222,25.0,2.7945251014391204,0.7777777777777778,0.0
HFD,2024-05-29,2024Q2,441,184,0.41723356009070295,5.294117647058823,0,1.9678506826877276,1.0,0.0
HFD,2024-05-30,2024Q2,188,96,0.5106382978723404,6.055555555555555,20.0,1.571009179519827,0.5,0.16666666666666666
HFD,2024-05-31,2024Q2,326,209,0.6411042944785276,6.277777777777778,17.0,2.0685492148951203,1.0,0.0
HFD,2024-06-01,2024Q2,463,308,0.6652267818574514,4.166666666666667,0,1.463872741136417,1.0,0.0
HFD,2024-06-02,2024Q2,416,243,0.5841346153846154,4.722222222222222,17.0,1.872040930474585,1.0,0.0
HFD,2024-06-03,2024Q2,548,343,0.6259124087591241,5.722222222222222,0,2.1191036499329554,1.0,0.0
HFD,2024-06-04,2024Q2,551,349,0.6333938294010889,6.111111111111111,0,2.135653925343049,1.0,0.0
HFD,2024-06-05,2024Q2,95,59,0.6210526315789474,7.0588235294117645,19.0,1.5647866878351557,0.5882352941176471,0.0
HFD,2024-06-07,2024Q2,359,219,0.6100278551532033,4.722222222222222,19.0,1.9059690250496826,1.0,0.0
HFD,2024-06-08,2024Q2,228,155,0.6798245614035088,5.888888888888889,22.0,1.9420868761487975,1.0,0.0
HFD,2024-06-09,2024Q2,122,60,0.4918032786885246,5.611111111111111,18.0,1.9761010121985945,0.7222222222222222,0.16666666666666666
HFD,2024-06-10,2024Q2,377,177,0.46949602122015915,7.055555555555555,19.0,2.8249914040603183,1.0,0.0
HFD,2024-06-11,2024Q2,574,305,0.5313588850174216,3.2777777777777777,0,1.3776584680371353,1.0,0.0
HFD,2024-06-12,2024Q2,483,256,0.5300207039337475,4.0588235294117645,15.0,1.8524690636000587,1.0,0.0
HFD,2024-06-13,2024Q2,410,237,0.5780487804878048,6.111111111111111,22.0,1.6578814101633972,1.0,0.0
HFD,2024-06-14,2024Q2,105,57,0.5428571428571428,5.666666666666667,19.0,1.3718612904710104,0.7222222222222222,0.2777777777777778
HFD,2024-06-15,2024Q2,148,97,0.6554054054054054,8.222222222222221,21.0,2.9533067274787244,1.0,0.0
HFD,2024-06-16,2024Q2,414,204,0.4927536231884058,5.666666666666667,0,2.033566803114289,1.0,0.0
HFD,2024-06-17,2024Q2,447,206,0.4608501118568233,7.833333333333333,24.0,1.7093186563322673,0.8333333333333334,0.0
HFD,2024-06-18,2024Q2,418,239,0.5717703349282297,7.611111111111111,19.0,1.5884961738016004,1.0,0.0
HFD,2024-06-19,2024Q2,409,220,0.5378973105134475,7.444444444444445,21.0,1.4841210849611681,1.0,0.0
HFD,2024-06-20,2024Q2,408,255,0.625,5.888888888888889,16.0,1.5950331923344292,1.0,0.0
HFD,2024-06-21,2024Q2,99,56,0.5656565656565656,3.6666666666666665,20.0,1.3961798682356241,0.6666666666666666,0.2222222222222222
HFD,2024-06-22,2024Q2,40,15,0.375,4.611111111111111,39.0,2.201000087147453,0.3333333333333333,0.16666666666666666
HFD,2024-06-23,2024Q2,63,54,0.8571428571428571,7.444444444444445,26.0,1.190710199223964,0.6111111111111112,0.05555555555555555
HFD,2024-06-24,2024Q2,285,123,0.43157894736842106,10.222222222222221,23.0,3.643997301096585,1.0,0.0
HFD,2024-06-25,2024Q2,512,294,0.57421875,7.777777777777778,22.0,2.290314802523035,1.0,0.0
HFD,2024-06-26,2024Q2,485,248,0.511340206185567,7.055555555555555,21.0,1.4496290667664666,0.8888888888888888,0.1111111111111111
HFD,2024-06-27,2024Q2,291,76,0.2611683848797251,8.11111111111111,23.0,2.6684782388095107,1.0,0.0
HFD,2024-06-28,2024Q2,558,340,0.6093189964157706,5.944444444444445,0,1.5750846617130116,1.0,0.0
HFD,2024-06-29,2024Q2,262,212,0.8091603053435115,10.5,29.0,2.4082049585683305,0.2777777777777778,0.05555555555555555
HFD,2024-06-30,2024Q2,64,13,0.203125,6.055555555555555,0,2.1427050465240796,0.6111111111111112,0.1111111111111111
HFD,2024-07-01,2024Q3,520,298,0.573076923076923,10.0,23.0,2.641623580636471,1.0,0.0
HFD,2024-07-02,2024Q3,615,400,0.6504065040650406,3.888888888888889,0,1.2356509735464876,1.0,0.0
HFD,2024-07-03,2024Q3,424,259,0.6108490566037735,7.111111111111111,21.0,2.161960942171557,1.0,0.0
HFD,2024-07-04,2024Q3,226,86,0.3805309734513274,5.444444444444445,17.0,1.2855110407359194,0.8333333333333334,0.1111111111111111
HFD,2024-07-05,2024Q3,131,114,0.8702290076335878,6.555555555555555,0,2.0306533221157745,0.16666666666666666,0.1111111111111111
HFD,2024-07-07,2024Q3,379,167,0.44063324538258575,3.5555555555555554,0,1.5166081002707206,1.0,0.0
HFD,2024-07-08,2024Q3,528,303,0.5738636363636364,4.0,0,1.2919069081710772,1.0,0.0
HFD,2024-07-09,2024Q3,366,190,0.5191256830601093,6.777777777777778,20.0,1.9460425825558003,0.8333333333333334,0.0
HFD,2024-07-11,2024Q3,255,129,0.5058823529411764,8.0,22.0,2.3616013922014982,0.7777777777777778,0.0
HFD,2024-07-12,2024Q3,546,282,0.5164835164835165,7.5,18.0,2.3688320743459546,0.7222222222222222,0.0
HFD,2024-07-13,2024Q3,144,102,0.7083333333333334,5.222222222222222,0,1.5188536895561144,0.5555555555555556,0.2222222222222222
HFD,2024-07-14,2024Q3,456,222,0.4868421052631579,4.529411764705882,17.0,1.2931458092703443,0.9411764705882353,0.0
HFD,2024-07-15,2024Q3,434,232,0.5345622119815668,6.555555555555555,16.0,1.639371890766087,0.9444444444444444,0.05555555555555555
HFD,2024-07-16,2024Q3,417,266,0.6378896882494005,7.611111111111111,29.0,1.4366699000367655,1.0,0.0
HFD,2024-07-17,2024Q3,378,206,0.544973544973545,6.444444444444445,16.0,2.3145500036036357,0.7777777777777778,0.2222222222222222
HFD,2024-07-18,2024Q3,420,246,0.5857142857142857,7.166666666666667,16.0,3.9037835596060178,1.0,0.0
HFD,2024-07-19,2024Q3,461,279,0.6052060737527115,5.111111111111111,0,2.4568119509964137,1.0,0.0
HFD,2024-07-20,2024Q3,277,147,0.5306859205776173,4.666666666666667,31.0,1.5210729028033252,0.8888888888888888,0.1111111111111111
HFD,2024-07-21,2024Q3,381,181,0.47506561679790027,4.666666666666667,0,1.6777098633896323,1.0,0.0
HFD,2024-07-22,2024Q3,494,242,0.4898785425101215,4.5,0,2.0088101792992568,1.0,0.0
HFD,2024-07-25,2024Q3,209,133,0.6363636363636364,6.166666666666667,14.0,2.176949720613777,0.7222222222222222,0.0
HFD,2024-07-26,2024Q3,427,224,0.5245901639344263,6.277777777777778,19.0,1.8472147836926927,1.0,0.0
HFD,2024-07-27,2024Q3,335,203,0.6059701492537314,3.388888888888889,0,1.099779051361968,1.0,0.0
HFD,2024-07-28,2024Q3,351,150,0.42735042735042733,4.777777777777778,0,1.78974767942864,0.9444444444444444,0.05555555555555555
HFD,2024-07-29,2024Q3,42,18,0.42857142857142855,3.0555555555555554,0,1.2525996666433348,0.3333333333333333,0.5
HFD,2024-07-30,2024Q3,152,64,0.42105263157894735,8.38888888888889,23.0,2.2486176961057387,0.6666666666666666,0.0
HFD,2024-08-01,2024Q3,552,328,0.5942028985507246,4.333333333333333,16.0,1.6431006061474098,1.0,0.0
HFD,2024-08-02,2024Q3,261,183,0.7011494252873564,3.5555555555555554,0,1.206918022174504,0.7222222222222222,0.1111111111111111
HFD,2024-08-03,2024Q3,54,43,0.7962962962962963,5.111111111111111,17.0,2.0063796610597726,0.7222222222222222,0.05555555555555555
HFD,2024-08-04,2024Q3,87,59,0.6781609195402298,5.166666666666667,15.0,1.267254518840466,0.3888888888888889,0.1111111111111111
HFD,2024-08-05,2024Q3,556,256,0.460431654676259,4.647058823529412,15.0,1.2001524789964049,1.0,0.0
HFD,2024-08-07,2024Q3,32,24,0.75,3.7222222222222223,0,0.9525327138389176,0.3333333333333333,0.2777777777777778
HFD,2024-08-08,2024Q3,36,16,0.4444444444444444,2.7222222222222223,0,0.905798961452257,0.16666666666666666,0.2777777777777778
HFD,2024-08-10,2024Q3,241,137,0.5684647302904564,4.111111111111111,0,1.1981455511509895,0.9444444444444444,0.0
HFD,2024-08-11,2024Q3,321,157,0.48909657320872274,4.833333333333333,21.0,1.8158284223372603,1.0,0.0
HFD,2024-08-12,2024Q3,350,203,0.58,4.166666666666667,33.0,1.6231634218355198,0.9444444444444444,0.05555555555555555
HFD,2024-08-13,2024Q3,632,312,0.4936708860759494,4.111111111111111,0,1.0039105631720155,1.0,0.0
HFD,2024-08-14,2024Q3,410,252,0.6146341463414634,3.3333333333333335,16.0,1.262981965500631,1.0,0.0
HFD,2024-08-15,2024Q3,314,129,0.410828025477707,3.888888888888889,19.0,1.172769593712317,1.0,0.0
HFD,2024-08-16,2024Q3,267,165,0.6179775280898876,3.888888888888889,0,1.6568018506655586,0.7777777777777778,0.0
HFD,2024-08-17,2024Q3,106,75,0.7075471698113207,5.611111111111111,0,2.64475374835816,0.5555555555555556,0.0
HFD,2024-08-20,2024Q3,285,88,0.3087719298245614,7.333333333333333,24.0,3.6160268868765826,1.0,0.0
HFD,2024-08-21,2024Q3,233,96,0.41201716738197425,3.5555555555555554,31.0,1.6946863655265614,0.9444444444444444,0.05555555555555555
HFD,2024-08-22,2024Q3,276,142,0.5144927536231884,5.222222222222222,22.0,2.7994388300889472,1.0,0.0
HFD,2024-08-23,2024Q3,305,192,0.6295081967213115,2.3333333333333335,0,0.8996605248054985,1.0,0.0
HFD,2024-08-25,2024Q3,426,205,0.4812206572769953,2.5,0,0.9168200915162925,1.0,0.0
HFD,2024-08-26,2024Q3,217,82,0.3778801843317972,2.5,0,0.6428104219063409,0.9444444444444444,0.05555555555555555
HFD,2024-08-27,2024Q3,358,130,0.36312849162011174,4.277777777777778,0,1.8957415002131535,0.8333333333333334,0.0
HFD,2024-08-28,2024Q3,297,106,0.3569023569023569,7.944444444444445,20.0,2.622842639184629,1.0,0.0
HFD,2024-08-29,2024Q3,336,158,0.47023809523809523,3.5,0,1.2588670650996634,0.8888888888888888,0.0
HFD,2024-08-30,2024Q3,325,226,0.6953846153846154,4.222222222222222,0,1.2690940192434286,1.0,0.0
HFD,2024-08-31,2024Q3,167,109,0.6526946107784432,5.611111111111111,0,1.6601805534295895,0.7777777777777778,0.0
HFD,2024-09-01,2024Q3,48,29,0.6041666666666666,5.5,16.0,1.4875084177615445,0.6111111111111112,0.05555555555555555
HFD,2024-09-02,2024Q3,255,114,0.4470588235294118,8.666666666666666,21.0,4.092182282849651,1.0,0.0
HFD,2024-09-03,2024Q3,458,182,0.39737991266375544,3.9444444444444446,0,1.2272856237035221,1.0,0.0
HFD,2024-09-04,2024Q3,276,100,0.36231884057971014,2.8333333333333335,0,0.8827891594376924,1.0,0.0
HFD,2024-09-05,2024Q3,277,126,0.4548736462093863,3.611111111111111,0,1.480398991820846,1.0,0.0
HFD,2024-09-06,2024Q3,160,91,0.56875,3.0555555555555554,0,0.6465701476991462,0.5555555555555556,0.0
HFD,2024-09-07,2024Q3,50,35,0.7,5.833333333333333,31.0,2.4801324640891904,0.7777777777777778,0.1111111111111111
HFD,2024-09-08,2024Q3,270,106,0.3925925925925926,6.333333333333333,19.0,2.281251060642258,0.9444444444444444,0.0
HFD,2024-09-09,2024Q3,269,120,0.44609665427509293,5.0,17.0,1.8105564925036552,1.0,0.0
HFD,2024-09-10,2024Q3,360,158,0.4388888888888889,5.611111111111111,18.0,2.6236002749230427,1.0,0.0
HFD,2024-09-11,2024Q3,242,130,0.5371900826446281,2.5,0,1.1119338011165327,1.0,0.0
HFD,2024-09-12,2024Q3,321,153,0.4766355140186916,2.9444444444444446,0,0.9317145694655603,0.8333333333333334,0.0
HFD,2024-09-13,2024Q3,334,140,0.41916167664670656,2.4444444444444446,0,1.017860622357723,0.9444444444444444,0.0
HFD,2024-09-14,2024Q3,279,125,0.44802867383512546,2.2777777777777777,0,0.7898062276323085,1.0,0.0
HFD,2024-09-15,2024Q3,352,121,0.34375,3.0,0,0.8944136464230603,1.0,0.0
HFD,2024-09-17,2024Q3,295,161,0.5457627118644067,2.2222222222222223,0,0.8026214790307764,0.8333333333333334,0.0
HFD,2024-09-18,2024Q3,182,89,0.489010989010989,2.8333333333333335,0,0.6079347918670807,1.0,0.0
HFD,2024-09-19,2024Q3,247,135,0.5465587044534413,7.611111111111111,23.0,2.338940902131317,1.0,0.0
HFD,2024-09-20,2024Q3,134,78,0.582089552238806,9.88888888888889,18.0,2.214305129942605,0.4444444444444444,0.0
HFD,2024-09-21,2024Q3,194,142,0.7319587628865979,10.444444444444445,23.0,2.053193311902413,0.6666666666666666,0.0
HFD,2024-09-22,2024Q3,166,97,0.5843373493975904,7.5,23.0,2.972743118448445,1.0,0.0
HFD,2024-09-23,2024Q3,217,144,0.663594470046083,4.0,0,1.7182926352933712,0.9444444444444444,0.0
HFD,2024-09-24,2024Q3,302,186,0.6158940397350994,4.722222222222222,0,1.1994682489127713,0.8888888888888888,0.0
HFD,2024-09-25,2024Q3,265,234,0.8830188679245283,2.4444444444444446,0,0.6756132194363039,0.7777777777777778,0.05555555555555555
HFD,2024-09-27,2024Q3,338,213,0.6301775147928994,2.7777777777777777,0,0.9883913718389417,1.0,0.0
HFD,2024-09-28,2024Q3,64,47,0.734375,5.333333333333333,0,1.4930546476291275,0.8333333333333334,0.16666666666666666
HFD,2024-09-29,2024Q3,280,126,0.45,3.1666666666666665,0,1.3301284627914571,0.16666666666666666,0.05555555555555555
HFD,2024-09-30,2024Q3,286,148,0.5174825174825175,3.111111111111111,0,1.2219087882332516,0.6666666666666666,0.0
HFD,2024-10-01,2024Q4,284,124,0.43661971830985913,5.111111111111111,16.0,1.7620724747007706,0.9444444444444444,0.0
HFD,2024-10-02,2024Q4,379,220,0.5804749340369393,2.7777777777777777,0,1.2407681210759245,0.9444444444444444,0.0
HFD,2024-10-03,2024Q4,233,116,0.4978540772532189,4.0,0,1.1324809528777822,0.9444444444444444,0.0
HFD,2024-10-04,2024Q4,251,158,0.6294820717131474,4.611111111111111,0,1.2039064220560804,0.8888888888888888,0.0
HFD,2024-10-05,2024Q4,101,66,0.6534653465346535,5.722222222222222,18.0,1.4871053493660402,0.8888888888888888,0.0
HFD,2024-10-06,2024Q4,286,132,0.46153846153846156,3.0555555555555554,0,0.9995025603527565,1.0,0.0
HFD,2024-10-07,2024Q4,117,34,0.2905982905982906,7.055555555555555,23.0,3.5788604364519383,0.7222222222222222,0.1111111111111111
HFD,2024-10-08,2024Q4,401,147,0.36658354114713215,4.0,21.0,1.7185292643340748,1.0,0.0
HFD,2024-10-09,2024Q4,313,99,0.31629392971246006,4.388888888888889,18.0,1.3748187486266688,0.8333333333333334,0.05555555555555555
HFD,2024-10-10,2024Q4,150,81,0.54,8.555555555555555,23.0,4.477602022436972,1.0,0.0
HFD,2024-10-11,2024Q4,215,147,0.6837209302325581,5.166666666666667,16.0,1.6930083816662997,1.0,0.0
HFD,2024-10-12,2024Q4,58,44,0.7586206896551724,7.444444444444445,24.0,3.121243129003023,1.0,0.0
HFD,2024-10-13,2024Q4,116,41,0.35344827586206895,6.277777777777778,17.0,0.9506261829577216,0.3888888888888889,0.16666666666666666
HFD,2024-10-14,2024Q4,46,18,0.391304347826087,6.555555555555555,28.0,2.474175633295909,0.5,0.0
HFD,2024-10-15,2024Q4,309,107,0.34627831715210355,6.111111111111111,20.0,2.367817219314654,1.0,0.0
HFD,2024-10-16,2024Q4,396,155,0.39141414141414144,7.388888888888889,22.0,3.7183758400901117,1.0,0.0
HFD,2024-10-18,2024Q4,265,124,0.4679245283018868,4.055555555555555,19.0,1.2448028021515043,1.0,0.0
HFD,2024-10-19,2024Q4,140,58,0.4142857142857143,1.8333333333333333,0,0.651800904202299,0.8888888888888888,0.0
HFD,2024-10-20,2024Q4,370,199,0.5378378378378378,1.8333333333333333,0,0.5629698900082736,0.8888888888888888,0.0
HFD,2024-10-21,2024Q4,431,147,0.34106728538283065,3.8333333333333335,14.0,1.4039670247361462,1.0,0.0
HFD,2024-10-22,2024Q4,401,166,0.4139650872817955,2.7777777777777777,17.0,0.8615685338378306,1.0,0.0
HFD,2024-10-23,2024Q4,281,103,0.3665480427046263,7.722222222222222,26.0,1.3123345781722948,0.8333333333333334,0.0
HFD,2024-10-24,2024Q4,290,122,0.4206896551724138,7.555555555555555,22.0,3.5134604293650833,1.0,0.0
HFD,2024-10-25,2024Q4,395,186,0.4708860759493671,3.7777777777777777,0,1.0351875814459135,1.0,0.0
HFD,2024-10-26,2024Q4,111,49,0.44144144144144143,7.555555555555555,26.0,3.2978348247081732,1.0,0.0
HFD,2024-10-27,2024Q4,212,114,0.5377358490566038,3.6666666666666665,15.0,1.110189772266243,1.0,0.0
HFD,2024-10-28,2024Q4,423,158,0.3735224586288416,1.1666666666666667,0,0.2371151367141874,1.0,0.0
HFD,2024-10-29,2024Q4,317,136,0.42902208201892744,3.5555555555555554,19.0,1.6299738355342297,0.6111111111111112,0.05555555555555555
HFD,2024-10-30,2024Q4,322,156,0.484472049689441,5.0,0,1.4048816398113277,0.7777777777777778,0.0
HFD,2024-10-31,2024Q4,269,137,0.5092936802973977,5.333333333333333,0,1.2415277085718985,1.0,0.0
HFD,2024-11-01,2024Q4,152,58,0.3815789473684211,9.38888888888889,26.0,2.9073938160130353,1.0,0.0
HFD,2024-11-02,2024Q4,228,167,0.7324561403508771,7.555555555555555,20.0,4.114760420960835,1.0,0.0
HFD,2024-11-03,2024Q4,313,156,0.4984025559105431,4.055555555555555,16.0,1.198045419990464,1.0,0.0
HFD,2024-11-04,2024Q4,334,170,0.5089820359281437,3.388888888888889,17.0,1.15299042733756,0.8888888888888888,0.0
HFD,2024-11-05,2024Q4,274,125,0.4562043795620438,8.166666666666666,20.0,1.7320519268327867,0.9444444444444444,0.0
HFD,2024-11-06,2024Q4,269,114,0.42379182156133827,5.5,21.0,2.3988449169613104,1.0,0.0
HFD,2024-11-07,2024Q4,300,150,0.5,7.444444444444445,24.0,4.261197000876092,0.9444444444444444,0.0
HFD,2024-11-08,2024Q4,137,96,0.7007299270072993,9.11111111111111,25.0,4.452276085260524,1.0,0.0
HFD,2024-11-09,2024Q4,107,81,0.7570093457943925,6.555555555555555,21.0,3.1648703713855184,1.0,0.0
HFD,2024-11-10,2024Q4,282,159,0.5638297872340425,4.666666666666667,17.0,0.6890910466350184,0.7777777777777778,0.2222222222222222
HFD,2024-11-11,2024Q4,82,54,0.6585365853658537,6.833333333333333,24.0,2.425736054731538,0.7777777777777778,0.0
HFD,2024-11-12,2024Q4,33,20,0.6060606060606061,12.444444444444445,33.0,6.05590008030013,1.0,0.0
HFD,2024-11-13,2024Q4,338,138,0.40828402366863903,6.722222222222222,0,1.9890405133943443,1.0,0.0
HFD,2024-11-14,2024Q4,283,163,0.5759717314487632,4.0,0,1.194027050152841,1.0,0.0
HFD,2024-11-15,2024Q4,380,172,0.45263157894736844,5.0,18.0,2.1069250723849984,1.0,0.0
HFD,2024-11-16,2024Q4,118,84,0.711864406779661,6.555555555555555,23.0,3.8052537276952423,1.0,0.0
HFD,2024-11-17,2024Q4,211,90,0.4265402843601896,2.111111111111111,0,1.1007811344073983,1.0,0.0
HFD,2024-11-18,2024Q4,128,65,0.5078125,7.222222222222222,25.0,3.7675029113143204,1.0,0.0
HFD,2024-11-19,2024Q4,334,168,0.5029940119760479,4.666666666666667,0,1.0457470081721074,1.0,0.0
HFD,2024-11-20,2024Q4,326,143,0.4386503067484663,2.8823529411764706,0,0.7468405122344642,0.9411764705882353,0.0
HFD,2024-11-24,2024Q4,57,21,0.3684210526315789,8.944444444444445,24.0,2.5190379375407956,1.0,0.0
HFD,2024-11-25,2024Q4,421,204,0.4845605700712589,5.333333333333333,18.0,2.1383819845910197,1.0,0.0
HFD,2024-11-26,2024Q4,44,42,0.9545454545454546,3.3333333333333335,0,1.0559757634242184,0.05555555555555555,0.16666666666666666
HFD,2024-11-27,2024Q4,421,176,0.4180522565320665,3.3333333333333335,0,1.2629499544687917,1.0,0.0
HFD,2024-11-29,2024Q4,166,94,0.5662650602409639,5.611111111111111,16.0,2.334587495593263,0.9444444444444444,0.0
HFD,2024-11-30,2024Q4,103,62,0.6019417475728155,4.611111111111111,15.0,1.3595881032468025,1.0,0.0
HFD,2024-12-01,2024Q4,268,100,0.373134328358209,4.722222222222222,17.0,1.8979387202174023,1.0,0.0
HFD,2024-12-02,2024Q4,242,118,0.48760330578512395,4.111111111111111,17.0,1.549258908645125,1.0,0.0
HFD,2024-12-03,2024Q4,286,98,0.34265734265734266,4.666666666666667,24.0,1.4338377550127428,0.8333333333333334,0.05555555555555555
HFD,2024-12-04,2024Q4,287,113,0.39372822299651566,7.666666666666667,23.0,1.4023049537705194,0.7222222222222222,0.2777777777777778
HFD,2024-12-06,2024Q4,55,42,0.7636363636363637,9.277777777777779,30.0,3.368554382007094,1.0,0.0
HFD,2024-12-07,2024Q4,225,132,0.5866666666666667,5.555555555555555,18.0,1.9089978439713216,1.0,0.0
HFD,2024-12-08,2024Q4,273,103,0.3772893772893773,5.5,21.0,2.6733562643496906,1.0,0.0
HFD,2024-12-09,2024Q4,244,120,0.4918032786885246,3.5555555555555554,0,1.0888243933888768,0.3888888888888889,0.3333333333333333
HFD,2024-12-12,2024Q4,100,50,0.5,9.11111111111111,33.0,3.2948541209695033,1.0,0.0
HFD,2024-12-13,2024Q4,373,233,0.6246648793565683,6.111111111111111,18.0,2.9802211819547613,1.0,0.0
HFD,2024-12-14,2024Q4,225,159,0.7066666666666667,1.5555555555555556,0,0.45142136617733514,1.0,0.0
HFD,2024-12-15,2024Q4,367,134,0.3651226158038147,2.7222222222222223,0,0.6819416238434206,1.0,0.0
HFD,2024-12-17,2024Q4,282,120,0.425531914893617,5.111111111111111,17.0,1.8281267654077789,0.7777777777777778,0.0
HFD,2024-12-18,2024Q4,376,148,0.39361702127659576,3.611111111111111,0,0.7943641854311326,0.6666666666666666,0.3333333333333333
HFD,2024-12-19,2024Q4,151,63,0.41721854304635764,7.5,24.0,3.88151018854901,1.0,0.0
HFD,2024-12-20,2024Q4,112,80,0.7142857142857143,8.833333333333334,19.0,1.6922729611481524,0.1111111111111111,0.4444444444444444
HFD,2024-12-22,2024Q4,191,105,0.5497382198952879,7.888888888888889,0,4.02288816463748,1.0,0.0
HFD,2024-12-23,2024Q4,220,112,0.509090909090909,2.888888888888889,0,0.740105037198615,1.0,0.0
HFD,2024-12-26,2024Q4,168,82,0.4880952380952381,1.2222222222222223,0,0.22176819422818897,1.0,0.0
HFD,2024-12-27,2024Q4,390,212,0.5435897435897435,2.388888888888889,0,0.6762355381962616,1.0,0.0
HFD,2024-12-30,2024Q4,125,64,0.512,7.333333333333333,24.0,2.5073280950193975,0.7222222222222222,0.0
HFD,2024-12-31,2024Q4,387,133,0.34366925064599485,3.4444444444444446,0,1.0632300300286919,1.0,0.0
HFD,2025-01-03,2025Q1,75,53,0.7066666666666667,7.666666666666667,25.0,2.444169846957733,1.0,0.0
HFD,2025-01-05,2025Q1,71,36,0.5070422535211268,9.666666666666666,23.0,2.9884586506896675,1.0,0.0
HFD,2025-01-06,2025Q1,369,146,0.3956639566395664,6.944444444444445,20.0,3.693718673938664,1.0,0.0
HFD,2025-01-10,2025Q1,259,174,0.6718146718146718,5.944444444444445,23.0,2.747822372928199,1.0,0.0
HFD,2025-01-12,2025Q1,350,184,0.5257142857142857,4.555555555555555,15.0,1.9557744152097005,1.0,0.0
HFD,2025-01-15,2025Q1,59,33,0.559322033898305,9.722222222222221,29.0,3.9839202601551005,1.0,0.0
HFD,2025-01-16,2025Q1,294,135,0.45918367346938777,4.888888888888889,17.0,1.192206072867324,0.8888888888888888,0.1111111111111111
HFD,2025-01-17,2025Q1,267,155,0.5805243445692884,3.0555555555555554,0,1.2810199181418795,1.0,0.0
HFD,2025-01-18,2025Q1,101,66,0.6534653465346535,4.888888888888889,20.0,1.6050254563321253,0.2777777777777778,0.3333333333333333
HFD,2025-01-19,2025Q1,105,46,0.4380952380952381,7.722222222222222,26.0,2.420330758145665,0.4444444444444444,0.5
HFD,2025-01-20,2025Q1,45,16,0.35555555555555557,6.0,18.0,2.5758570206285523,1.0,0.0
HFD,2025-01-21,2025Q1,219,86,0.3926940639269406,3.3333333333333335,0,1.2341740726358443,1.0,0.0
HFD,2025-01-22,2025Q1,287,148,0.5156794425087108,2.5555555555555554,0,0.7034631852997002,1.0,0.0
HFD,2025-01-23,2025Q1,226,104,0.46017699115044247,4.833333333333333,21.0,1.3180101252497183,1.0,0.0
HFD,2025-01-24,2025Q1,180,130,0.7222222222222222,4.277777777777778,17.0,2.0180929306354694,1.0,0.0
HFD,2025-01-25,2025Q1,244,122,0.5,4.611111111111111,17.0,1.6343413571688596,1.0,0.0
HFD,2025-01-26,2025Q1,180,106,0.5888888888888889,6.111111111111111,26.0,1.1625291939018192,1.0,0.0
HFD,2025-01-27,2025Q1,225,111,0.49333333333333335,9.833333333333334,25.0,2.8016850292660993,1.0,0.0
HFD,2025-01-30,2025Q1,187,98,0.5240641711229946,6.777777777777778,23.0,2.748987621591551,1.0,0.0
HFD,2025-02-01,2025Q1,59,44,0.7457627118644068,11.5,25.0,5.406407567331981,0.8333333333333334,0.05555555555555555
HFD,2025-02-02,2025Q1,302,152,0.5033112582781457,2.111111111111111,0,0.4105347278679949,0.4444444444444444,0.2777777777777778
HFD,2025-02-03,2025Q1,145,87,0.6,4.111111111111111,0,0.8885223109008117,0.7222222222222222,0.0
HFD,2025-02-05,2025Q1,244,135,0.5532786885245902,6.666666666666667,18.0,3.657170926453009,1.0,0.0
HFD,2025-02-08,2025Q1,251,175,0.6972111553784861,4.666666666666667,14.0,1.6522030548219124,0.8333333333333334,0.16666666666666666
HFD,2025-02-10,2025Q1,355,167,0.4704225352112676,5.833333333333333,21.0,2.7114960420473517,1.0,0.0
HFD,2025-02-11,2025Q1,247,148,0.5991902834008097,4.444444444444445,0,1.797484735219297,1.0,0.0
HFD,2025-02-12,2025Q1,184,112,0.6086956521739131,6.555555555555555,0,1.8139274460422028,0.5555555555555556,0.3888888888888889
HFD,2025-02-18,2025Q1,33,14,0.42424242424242425,10.11111111111111,35.0,2.98767742165027,1.0,0.0
HFD,2025-02-19,2025Q1,126,86,0.6825396825396826,8.666666666666666,23.0,4.72571665717958,1.0,0.0
HFD,2025-02-20,2025Q1,404,220,0.5445544554455446,6.722222222222222,18.0,2.612056474095553,1.0,0.0
HFD,2025-02-21,2025Q1,30,25,0.8333333333333334,11.166666666666666,25.0,6.2389151454465335,1.0,0.0
HFD,2025-02-22,2025Q1,308,205,0.6655844155844156,4.888888888888889,0,1.7856590515152508,1.0,0.0
HFD,2025-02-23,2025Q1,324,131,0.404320987654321,5.166666666666667,15.0,1.6135776912406268,1.0,0.0
HFD,2025-02-24,2025Q1,354,164,0.4632768361581921,7.777777777777778,22.0,1.687837998319549,1.0,0.0
HFD,2025-02-25,2025Q1,287,171,0.5958188153310104,5.0,0,1.2624749786250637,1.0,0.0
HFD,2025-02-26,2025Q1,167,111,0.6646706586826348,7.0,25.0,2.121611360322136,1.0,0.0
HFD,2025-02-28,2025Q1,91,68,0.7472527472527473,7.166666666666667,27.0,3.0213242963025038,1.0,0.0
HFD,2025-03-01,2025Q1,134,46,0.34328358208955223,10.555555555555555,29.0,5.7928557344356095,1.0,0.0
HFD,2025-03-02,2025Q1,30,25,0.8333333333333334,10.166666666666666,28.0,5.2289449324651525,1.0,0.0
HFD,2025-03-03,2025Q1,285,181,0.6350877192982456,4.611111111111111,15.0,1.474559092893219,1.0,0.0
HFD,2025-03-04,2025Q1,186,111,0.5967741935483871,8.88888888888889,24.0,1.5236331189226169,1.0,0.0
HFD,2025-03-09,2025Q1,196,126,0.6428571428571429,5.722222222222222,21.0,2.4360967634302453,1.0,0.0
HFD,2025-03-10,2025Q1,267,158,0.5917602996254682,5.222222222222222,17.0,1.1254720703948038,1.0,0.0
HFD,2025-03-11,2025Q1,273,132,0.4835164835164835,7.777777777777778,27.0,1.482613445235942,1.0,0.0
HFD,2025-03-12,2025Q1,243,130,0.5349794238683128,7.833333333333333,17.0,2.248554186684091,1.0,0.0
HFD,2025-03-13,2025Q1,228,149,0.6535087719298246,5.166666666666667,14.0,2.402173309867684,0.8888888888888888,0.0
HFD,2025-03-14,2025Q1,220,119,0.5409090909090909,4.333333333333333,0,1.2498425874438377,1.0,0.0
HFD,2025-03-15,2025Q1,49,26,0.5306122448979592,7.888888888888889,16.0,2.4041874354445283,0.0,0.0
HFD,2025-03-18,2025Q1,354,155,0.4378531073446328,6.777777777777778,26.0,1.617661623224393,0.8333333333333334,0.0
HFD,2025-03-19,2025Q1,389,233,0.5989717223650386,4.111111111111111,0,1.0300594247113626,1.0,0.0
HFD,2025-03-22,2025Q1,242,53,0.2190082644628099,10.055555555555555,28.0,3.807367966581155,1.0,0.0
HFD,2025-03-23,2025Q1,154,87,0.564935064935065,7.0,22.0,3.293902362695948,1.0,0.0
HFD,2025-03-25,2025Q1,206,114,0.5533980582524272,7.833333333333333,28.0,2.659794074275998,0.8888888888888888,0.0
HFD,2025-03-26,2025Q1,343,148,0.4314868804664723,6.111111111111111,19.0,2.260067331533056,1.0,0.0
HFD,2025-03-27,2025Q1,152,69,0.45394736842105265,8.166666666666666,22.0,2.2589880601539947,1.0,0.0
HFD,2025-03-28,2025Q1,177,136,0.768361581920904,6.055555555555555,23.0,1.4460142335982118,1.0,0.0
HFD,2025-04-01,2025Q2,72,33,0.4583333333333333,12.166666666666666,30.0,6.684442795375318,1.0,0.0
HFD,2025-04-02,2025Q2,390,204,0.5230769230769231,7.5,19.0,3.45640497712939,0.8888888888888888,0.1111111111111111
HFD,2025-04-04,2025Q2,287,137,0.47735191637630664,6.888888888888889,24.0,3.578499129126902,1.0,0.0
HFD,2025-04-05,2025Q2,67,47,0.7014925373134329,5.611111111111111,17.0,3.187338613640799,0.3888888888888889,0.3888888888888889
HFD,2025-04-06,2025Q2,162,103,0.6358024691358025,4.555555555555555,0,2.057457194559145,0.6666666666666666,0.05555555555555555
HFD,2025-04-09,2025Q2,322,135,0.4192546583850932,7.823529411764706,22.0,3.078889903270396,1.0,0.0
HFD,2025-04-10,2025Q2,347,183,0.5273775216138329,6.0,19.0,1.8341246287887083,0.7777777777777778,0.2222222222222222
HFD,2025-04-11,2025Q2,133,83,0.6240601503759399,6.388888888888889,19.0,2.704163991998678,0.3888888888888889,0.3333333333333333
HFD,2025-04-13,2025Q2,62,38,0.6129032258064516,9.222222222222221,23.0,3.8372589029909085,0.6666666666666666,0.0
HFD,2025-04-14,2025Q2,525,298,0.5676190476190476,6.444444444444445,17.0,1.6482699524973763,1.0,0.0
HFD,2025-04-15,2025Q2,198,105,0.5303030303030303,7.611111111111111,31.0,2.060120549304598,0.7777777777777778,0.0
HFD,2025-04-17,2025Q2,244,115,0.4713114754098361,8.88888888888889,25.0,3.36052428681978,1.0,0.0
HFD,2025-04-18,2025Q2,195,117,0.6,9.222222222222221,27.0,2.0274716374799735,1.0,0.0
HFD,2025-04-19,2025Q2,184,112,0.6086956521739131,8.055555555555555,20.0,2.3681504064897037,1.0,0.0
HFD,2025-04-21,2025Q2,257,130,0.5058365758754864,7.0,22.0,2.0803872984328944,1.0,0.0
HFD,2025-04-22,2025Q2,227,157,0.6916299559471366,5.833333333333333,23.0,2.2101677612704247,0.7222222222222222,0.0
HFD,2025-04-23,2025Q2,480,232,0.48333333333333334,6.444444444444445,20.0,3.2166237992601756,1.0,0.0
HFD,2025-04-24,2025Q2,474,219,0.4620253164556962,6.0,22.0,1.660949297935783,1.0,0.0
HFD,2025-04-25,2025Q2,146,117,0.8013698630136986,10.0,24.0,2.1766496287458783,0.8888888888888888,0.0
HFD,2025-04-28,2025Q2,376,223,0.5930851063829787,4.722222222222222,25.0,1.042780673133049,1.0,0.0
HFD,2025-04-29,2025Q2,166,123,0.7409638554216867,10.5,28.0,1.6109002114839635,1.0,0.0
HFD,2025-04-30,2025Q2,199,95,0.47738693467336685,8.777777777777779,22.0,3.4528062888035977,1.0,0.0
HFD,2025-05-01,2025Q2,445,253,0.5685393258426966,6.444444444444445,15.0,1.8949085929887763,1.0,0.0
HFD,2025-05-02,2025Q2,125,95,0.76,5.833333333333333,21.0,1.2227657714032374,0.6111111111111112,0.05555555555555555
HFD,2025-05-04,2025Q2,81,49,0.6049382716049383,6.166666666666667,20.0,1.4186534577382472,0.1111111111111111,0.2777777777777778
HFD,2025-05-07,2025Q2,262,119,0.4541984732824427,6.111111111111111,17.0,3.035621364961663,0.9444444444444444,0.0
HFD,2025-05-08,2025Q2,286,132,0.46153846153846156,4.5,23.0,1.593913953934938,0.6666666666666666,0.2222222222222222
HFD,2025-05-10,2025Q2,40,31,0.775,7.611111111111111,26.0,2.9603384986186527,0.7222222222222222,0.0
HFD,2025-05-11,2025Q2,335,138,0.41194029850746267,7.777777777777778,23.0,2.2780239063513985,1.0,0.0
HFD,2025-05-12,2025Q2,365,188,0.5150684931506849,7.166666666666667,22.0,1.5446963221941856,1.0,0.0
HFD,2025-05-13,2025Q2,352,142,0.4034090909090909,5.777777777777778,17.0,1.9830650880996952,0.8888888888888888,0.0
HFD,2025-05-14,2025Q2,33,26,0.7878787878787878,4.833333333333333,0,2.2384848505688475,0.6111111111111112,0.05555555555555555
HFD,2025-05-16,2025Q2,182,95,0.521978021978022,6.722222222222222,18.0,1.3562602942078106,0.3888888888888889,0.0
HFD,2025-05-17,2025Q2,62,34,0.5483870967741935,7.166666666666667,23.0,2.526789168544667,0.6111111111111112,0.0
HFD,2025-05-18,2025Q2,252,106,0.42063492063492064,10.166666666666666,24.0,2.764823217209035,1.0,0.0
HFD,2025-05-19,2025Q2,79,21,0.26582278481012656,12.777777777777779,28.0,6.6114668184603405,0.9444444444444444,0.0
HFD,2025-05-20,2025Q2,475,203,0.42736842105263156,8.277777777777779,19.0,2.91015300747722,0.9444444444444444,0.0
HFD,2025-05-21,2025Q2,318,176,0.5534591194968553,6.111111111111111,17.0,1.8754064695538244,0.16666666666666666,0.16666666666666666
HFD,2025-05-23,2025Q2,126,88,0.6984126984126984,4.055555555555555,0,1.267929795679739,0.3333333333333333,0.2777777777777778
HFD,2025-05-24,2025Q2,221,97,0.43891402714932126,5.777777777777778,20.0,1.6843944740587042,0.8333333333333334,0.1111111111111111
HFD,2025-05-25,2025Q2,396,163,0.4116161616161616,6.444444444444445,18.0,2.141658532696971,0.8888888888888888,0.0
HFD,2025-05-26,2025Q2,445,215,0.48314606741573035,4.055555555555555,14.0,1.2393857403667488,1.0,0.0
HFD,2025-05-27,2025Q2,332,206,0.6204819277108434,4.166666666666667,17.0,1.057300117144213,1.0,0.0
HFD,2025-05-28,2025Q2,265,145,0.5471698113207547,6.055555555555555,16.0,1.633532979975685,0.7777777777777778,0.2222222222222222
HFD,2025-05-30,2025Q2,192,112,0.5833333333333334,7.833333333333333,21.0,2.1070977739673205,0.5555555555555556,0.0
HFD,2025-06-01,2025Q2,232,146,0.6293103448275862,6.444444444444445,23.0,1.2903504527688043,0.8888888888888888,0.05555555555555555
HFD,2025-06-02,2025Q2,292,163,0.5582191780821918,4.333333333333333,14.0,1.407461937765652,1.0,0.0
HFD,2025-06-03,2025Q2,327,199,0.6085626911314985,3.388888888888889,0,0.6852617000318212,1.0,0.0
HFD,2025-06-04,2025Q2,358,190,0.5307262569832403,6.277777777777778,19.0,1.9397681428490492,1.0,0.0
HFD,2025-06-05,2025Q2,352,141,0.4005681818181818,5.277777777777778,17.0,1.636443077945088,1.0,0.0
HFD,2025-06-06,2025Q2,153,79,0.5163398692810458,5.055555555555555,19.0,1.5734772859879682,1.0,0.0
HFD,2025-06-08,2025Q2,276,122,0.4420289855072464,6.055555555555555,0,2.1150615618709336,0.6666666666666666,0.1111111111111111
HFD,2025-06-09,2025Q2,105,81,0.7714285714285715,4.222222222222222,0,1.6152229962819282,0.1111111111111111,0.1111111111111111
HFD,2025-06-11,2025Q2,399,160,0.40100250626566414,6.333333333333333,22.0,2.9870922264438824,1.0,0.0
HFD,2025-06-12,2025Q2,266,71,0.2669172932330827,8.222222222222221,26.0,2.880495372604801,1.0,0.0
HFD,2025-06-13,2025Q2,401,156,0.38902743142144636,4.944444444444445,0,1.8389725881884371,1.0,0.0
HFD,2025-06-14,2025Q2,33,24,0.7272727272727273,6.0,15.0,2.4043848494471156,0.3333333333333333,0.2222222222222222
HFD,2025-06-15,2025Q2,172,103,0.5988372093023255,2.7777777777777777,0,0.9788644088592604,0.8333333333333334,0.0
HFD,2025-06-16,2025Q2,366,111,0.30327868852459017,4.611111111111111,0,1.5482084161297716,0.9444444444444444,0.05555555555555555
HFD,2025-06-18,2025Q2,40,34,0.85,4.166666666666667,0,1.270609315878505,0.2777777777777778,0.05555555555555555
HFD,2025-06-19,2025Q2,177,88,0.4971751412429379,8.055555555555555,22.0,1.286860136477243,0.7222222222222222,0.05555555555555555
HFD,2025-06-20,2025Q2,144,67,0.4652777777777778,9.61111111111111,34.0,3.3635165215204488,1.0,0.0
HFD,2025-06-21,2025Q2,428,275,0.6425233644859814,5.055555555555555,18.0,2.134700732299433,1.0,0.0
HFD,2025-06-22,2025Q2,120,75,0.625,8.055555555555555,30.0,3.334583674075002,0.8888888888888888,0.1111111111111111
HFD,2025-06-23,2025Q2,486,214,0.4403292181069959,4.444444444444445,16.0,1.5089678061891956,1.0,0.0
HFD,2025-06-24,2025Q2,248,110,0.4435483870967742,4.555555555555555,17.0,2.226217265671226,1.0,0.0
HFD,2025-06-25,2025Q2,322,135,0.4192546583850932,5.833333333333333,17.0,2.606288237711816,1.0,0.0
HFD,2025-06-26,2025Q2,276,173,0.6268115942028986,6.444444444444445,17.0,2.109468317340878,0.8888888888888888,0.1111111111111111
HFD,2025-06-27,2025Q2,294,210,0.7142857142857143,6.5,0,2.084318738305542,1.0,0.0
HFD,2025-06-29,2025Q2,330,182,0.5515151515151515,5.611111111111111,16.0,1.8490498785535836,1.0,0.0
HFD,2025-06-30,2025Q2,524,245,0.4675572519083969,4.555555555555555,17.0,1.4642604467960683,1.0,0.0
HFD,2025-07-01,2025Q3,86,47,0.5465116279069767,6.555555555555555,23.0,1.8563687072730168,0.4444444444444444,0.2777777777777778
HFD,2025-07-02,2025Q3,325,197,0.6061538461538462,3.7777777777777777,0,1.2633369629494142,0.8888888888888888,0.0
HFD,2025-07-03,2025Q3,321,162,0.5046728971962616,6.222222222222222,35.0,2.5200984917263733,0.8333333333333334,0.1111111111111111
HFD,2025-07-04,2025Q3,143,85,0.5944055944055944,5.222222222222222,17.0,2.4184770754712024,1.0,0.0
HFD,2025-07-05,2025Q3,237,166,0.70042194092827,4.0,0,1.2023676990022967,1.0,0.0
HFD,2025-07-06,2025Q3,294,87,0.29591836734693877,8.38888888888889,20.0,1.8068414591840547,1.0,0.0
HFD,2025-07-07,2025Q3,157,96,0.6114649681528662,8.11111111111111,21.0,1.5751459540508197,0.3333333333333333,0.05555555555555555
HFD,2025-07-08,2025Q3,240,120,0.5,4.888888888888889,19.0,1.4555104649363126,0.6666666666666666,0.1111111111111111
HFD,2025-07-09,2025Q3,150,117,0.78,3.888888888888889,0,1.1366633677288152,0.5555555555555556,0.0
HFD,2025-07-10,2025Q3,139,82,0.5899280575539568,4.388888888888889,0,1.6545443104018407,0.5,0.16666666666666666
HFD,2025-07-11,2025Q3,214,155,0.7242990654205608,4.944444444444445,18.0,1.5563218960477572,0.6111111111111112,0.0
HFD,2025-07-12,2025Q3,148,72,0.4864864864864865,5.722222222222222,18.0,2.251709872509882,0.6666666666666666,0.0
HFD,2025-07-13,2025Q3,149,85,0.5704697986577181,5.222222222222222,0,2.191024681527448,0.3888888888888889,0.0
HFD,2025-07-14,2025Q3,35,18,0.5142857142857142,5.611111111111111,0,1.5897036902255008,0.05555555555555555,0.5555555555555556
HFD,2025-07-15,2025Q3,540,229,0.42407407407407405,4.5,0,1.1400459198101929,0.8888888888888888,0.0
HFD,2025-07-16,2025Q3,460,237,0.5152173913043478,6.0588235294117645,15.0,2.137482080596327,0.9411764705882353,0.0
HFD,2025-07-17,2025Q3,256,150,0.5859375,8.166666666666666,19.0,2.720661043219361,0.6666666666666666,0.1111111111111111
HFD,2025-07-18,2025Q3,222,169,0.7612612612612613,8.0,25.0,3.971472956702298,1.0,0.0
HFD,2025-07-19,2025Q3,325,228,0.7015384615384616,5.611111111111111,16.0,1.3234999336614972,1.0,0.0
HFD,2025-07-20,2025Q3,127,51,0.4015748031496063,5.277777777777778,28.0,1.8683183147158784,0.6666666666666666,0.05555555555555555
HFD,2025-07-21,2025Q3,285,154,0.5403508771929825,7.333333333333333,21.0,2.9062776707386484,1.0,0.0
HFD,2025-07-22,2025Q3,564,252,0.44680851063829785,4.111111111111111,0,1.4448705046539856,1.0,0.0
HFD,2025-07-23,2025Q3,466,246,0.5278969957081545,5.277777777777778,0,1.2771930152462092,1.0,0.0
HFD,2025-07-24,2025Q3,307,147,0.4788273615635179,7.777777777777778,21.0,1.7780593248058756,1.0,0.0
HFD,2025-07-25,2025Q3,165,137,0.8303030303030303,5.166666666666667,19.0,1.984931241328544,0.9444444444444444,0.05555555555555555
HFD,2025-07-26,2025Q3,232,202,0.8706896551724138,5.5,0,1.5537093607920296,0.8888888888888888,0.0
HFD,2025-07-27,2025Q3,65,37,0.5692307692307692,5.055555555555555,0,1.1881691259517824,0.5,0.16666666666666666
HFD,2025-07-28,2025Q3,332,176,0.5301204819277109,4.722222222222222,0,1.2526284904138312,1.0,0.0
HFD,2025-07-29,2025Q3,333,134,0.4024024024024024,5.388888888888889,22.0,1.3588287901157206,1.0,0.0
HFD,2025-07-30,2025Q3,353,149,0.42209631728045327,3.6666666666666665,0,1.2881037240621147,1.0,0.0
HFD,2025-07-31,2025Q3,170,86,0.5058823529411764,9.722222222222221,20.0,2.342352950666432,0.3888888888888889,0.3333333333333333
HFD,2025-08-01,2025Q3,121,64,0.5289256198347108,5.833333333333333,0,1.0928448087202758,0.6111111111111112,0.0
HFD,2025-08-02,2025Q3,213,170,0.7981220657276995,4.888888888888889,17.0,0.8084731179128914,1.0,0.0
HFD,2025-08-03,2025Q3,269,152,0.5650557620817844,3.6666666666666665,0,1.6090644369682372,1.0,0.0
HFD,2025-08-04,2025Q3,369,238,0.6449864498644986,3.2777777777777777,0,1.1047334182081805,1.0,0.0
HFD,2025-08-05,2025Q3,400,167,0.4175,5.055555555555555,0,1.1448663570216067,0.9444444444444444,0.0
HFD,2025-08-06,2025Q3,350,181,0.5171428571428571,2.388888888888889,0,0.8546689087188931,0.9444444444444444,0.0
HFD,2025-08-07,2025Q3,329,183,0.5562310030395137,4.444444444444445,0,1.9067162510252427,1.0,0.0
HFD,2025-08-08,2025Q3,356,206,0.5786516853932584,3.9444444444444446,0,1.932573755091227,1.0,0.0
HFD,2025-08-09,2025Q3,313,187,0.597444089456869,3.5555555555555554,0,1.2703385337744308,1.0,0.0
HFD,2025-08-10,2025Q3,340,129,0.37941176470588234,3.611111111111111,0,1.4027922211649773,1.0,0.0
HFD,2025-08-11,2025Q3,398,147,0.3693467336683417,3.4444444444444446,0,1.3093750338846495,1.0,0.0
HFD,2025-08-12,2025Q3,373,157,0.42091152815013405,4.5,16.0,2.008043715213197,1.0,0.0
HFD,2025-08-13,2025Q3,230,86,0.3739130434782609,5.611111111111111,26.0,1.8155902683413643,0.6111111111111112,0.16666666666666666
HFD,2025-08-14,2025Q3,191,120,0.6282722513089005,4.222222222222222,0,1.175663403914473,0.8888888888888888,0.05555555555555555
HFD,2025-08-15,2025Q3,319,222,0.6959247648902821,6.388888888888889,0,2.2132164044387443,1.0,0.0
HFD,2025-08-16,2025Q3,112,62,0.5535714285714286,5.5,18.0,2.2667941686449185,0.6666666666666666,0.0
HFD,2025-08-17,2025Q3,307,144,0.46905537459283386,6.0,17.0,1.74527825434412,1.0,0.0
HFD,2025-08-18,2025Q3,255,130,0.5098039215686274,6.444444444444445,0,1.8494438657276955,1.0,0.0
HFD,2025-08-19,2025Q3,470,229,0.48723404255319147,3.9444444444444446,0,1.885081641232453,1.0,0.0
HFD,2025-08-20,2025Q3,197,62,0.3147208121827411,7.166666666666667,0,1.8166603549857285,0.2222222222222222,0.6111111111111112
HFD,2025-08-21,2025Q3,61,44,0.7213114754098361,9.777777777777779,22.0,2.9167422993750254,0.7777777777777778,0.0
HFD,2025-08-22,2025Q3,335,227,0.6776119402985075,4.5,17.0,1.1870800769920704,1.0,0.0
HFD,2025-08-23,2025Q3,190,120,0.631578947368421,8.0,23.0,2.3330389796951905,1.0,0.0
HFD,2025-08-24,2025Q3,149,110,0.738255033557047,9.38888888888889,21.0,2.3712167584610144,1.0,0.0
HFD,2025-08-25,2025Q3,124,75,0.6048387096774194,5.277777777777778,19.0,1.910675068937472,0.7222222222222222,0.0
HFD,2025-08-26,2025Q3,348,212,0.6091954022988506,3.888888888888889,17.0,1.336629569782995,1.0,0.0
HFD,2025-08-27,2025Q3,270,191,0.7074074074074074,6.055555555555555,21.0,2.5645404975884243,1.0,0.0
HFD,2025-08-28,2025Q3,235,180,0.7659574468085106,5.294117647058823,20.0,1.2409360697535345,1.0,0.0
HFD,2025-08-29,2025Q3,122,92,0.7540983606557377,5.944444444444445,18.0,2.489273437711248,1.0,0.0
HFD,2025-08-30,2025Q3,127,103,0.8110236220472441,4.5,17.0,2.1473991876053673,1.0,0.0
HFD,2025-08-31,2025Q3,274,156,0.5693430656934306,4.388888888888889,17.0,1.4851347551742502,1.0,0.0
HFD,2025-09-01,2025Q3,342,170,0.49707602339181284,4.555555555555555,0,1.4254267469838482,1.0,0.0
HFD,2025-09-02,2025Q3,430,232,0.5395348837209303,3.7777777777777777,0,1.657454275403133,0.8333333333333334,0.0
HFD,2025-09-03,2025Q3,454,220,0.4845814977973568,3.0555555555555554,17.0,1.3063802869608458,0.9444444444444444,0.0
HFD,2025-09-04,2025Q3,296,145,0.48986486486486486,7.611111111111111,21.0,3.4075316339204633,0.7777777777777778,0.05555555555555555
HFD,2025-09-05,2025Q3,78,74,0.9487179487179487,6.222222222222222,25.0,1.6111949993536951,0.6111111111111112,0.0
HFD,2025-09-06,2025Q3,40,24,0.6,6.055555555555555,32.0,1.547621498456283,0.6666666666666666,0.2222222222222222
HFD,2025-09-07,2025Q3,97,84,0.865979381443299,2.6666666666666665,0,1.1376078969935501,0.4444444444444444,0.5
HFD,2025-09-08,2025Q3,546,294,0.5384615384615384,2.0,0,0.5954186671022711,1.0,0.0
HFD,2025-09-09,2025Q3,500,216,0.432,4.277777777777778,0,1.1368913030705783,1.0,0.0
HFD,2025-09-10,2025Q3,241,119,0.49377593360995853,6.388888888888889,16.0,1.5896470066165205,1.0,0.0
HFD,2025-09-11,2025Q3,313,197,0.6293929712460063,4.611111111111111,21.0,1.1629137062037926,1.0,0.0
HFD,2025-09-12,2025Q3,418,259,0.6196172248803827,4.166666666666667,18.0,1.2612962405510793,1.0,0.0
HFD,2025-09-13,2025Q3,199,117,0.5879396984924623,3.888888888888889,0,1.3871736565833663,0.8333333333333334,0.05555555555555555
HFD,2025-09-14,2025Q3,300,132,0.44,1.8333333333333333,0,0.8626518804580962,0.9444444444444444,0.0
HFD,2025-09-15,2025Q3,389,163,0.4190231362467866,4.0,0,0.7922482820701566,1.0,0.0
HFD,2025-09-16,2025Q3,397,143,0.3602015113350126,4.833333333333333,0,1.7884717914437553,0.8333333333333334,0.0
HFD,2025-09-17,2025Q3,322,135,0.4192546583850932,5.5,0,1.9185525340653424,0.8888888888888888,0.0
HFD,2025-09-18,2025Q3,57,110,1.9298245614035088,2.9444444444444446,0,1.1321466975975305,0.9444444444444444,0.0
HFD,2025-09-19,2025Q3,274,204,0.7445255474452555,5.111111111111111,16.0,1.8097399214063847,1.0,0.0
HFD,2025-09-20,2025Q3,175,109,0.6228571428571429,4.0,0,1.269673631469617,1.0,0.0
HFD,2025-09-22,2025Q3,386,178,0.46113989637305697,4.277777777777778,0,1.1579406510488757,1.0,0.0
HFD,2025-09-23,2025Q3,284,90,0.31690140845070425,4.777777777777778,16.0,1.3006245681553419,0.8888888888888888,0.05555555555555555
HFD,2025-09-26,2025Q3,205,142,0.6926829268292682,3.2222222222222223,0,0.9034710981434089,1.0,0.0
HFD,2025-09-27,2025Q3,244,174,0.7131147540983607,2.2777777777777777,0,0.6363959996489199,1.0,0.0
HFD,2025-09-28,2025Q3,319,110,0.3448275862068966,3.111111111111111,0,1.1747768048629836,1.0,0.0
HFD,2025-09-29,2025Q3,397,231,0.5818639798488665,2.4444444444444446,0,0.7531720263717443,1.0,0.0
HFD,2025-09-30,2025Q3,564,234,0.4148936170212766,5.888888888888889,0,1.2510726956296498,1.0,0.0
HFD,2025-10-01,2025Q4,276,100,0.36231884057971014,7.388888888888889,21.0,1.6965933466219734,1.0,0.0
HFD,2025-10-02,2025Q4,301,187,0.6212624584717608,3.9444444444444446,0,1.066495468914821,1.0,0.0
HFD,2025-10-03,2025Q4,204,149,0.7303921568627451,4.555555555555555,15.0,1.6403588233321678,1.0,0.0
HFD,2025-10-04,2025Q4,181,149,0.8232044198895028,1.2222222222222223,0,0.3215888783471004,1.0,0.0
HFD,2025-10-05,2025Q4,258,134,0.5193798449612403,2.0,0,0.5476113459786939,0.9444444444444444,0.0
HFD,2025-10-06,2025Q4,332,176,0.5301204819277109,5.555555555555555,0,1.4370040359293266,0.8888888888888888,0.0
HFD,2025-10-07,2025Q4,253,140,0.5533596837944664,9.88888888888889,27.0,1.1547120451329524,0.9444444444444444,0.0
HFD,2025-10-09,2025Q4,179,141,0.7877094972067039,6.833333333333333,23.0,1.9019748185623147,1.0,0.0
HFD,2025-10-10,2025Q4,327,281,0.8593272171253823,3.5555555555555554,18.0,0.9663300721676479,1.0,0.0
HFD,2025-10-11,2025Q4,261,196,0.7509578544061303,1.8888888888888888,0,0.7478970858733518,1.0,0.0
HFD,2025-10-14,2025Q4,74,51,0.6891891891891891,8.777777777777779,20.0,1.5463044058146516,0.05555555555555555,0.0
HFD,2025-10-15,2025Q4,261,112,0.42911877394636017,6.277777777777778,24.0,3.045283995349589,0.8333333333333334,0.0
HFD,2025-10-16,2025Q4,70,28,0.4,10.444444444444445,27.0,4.843100178416934,1.0,0.0
HFD,2025-10-17,2025Q4,287,226,0.7874564459930313,5.444444444444445,18.0,1.3400340375939555,1.0,0.0
HFD,2025-10-18,2025Q4,399,257,0.6441102756892231,1.1666666666666667,0,0.25642235935584784,1.0,0.0
HFD,2025-10-19,2025Q4,286,147,0.513986013986014,7.666666666666667,21.0,3.4725584680669677,0.8333333333333334,0.0
HFD,2025-10-20,2025Q4,37,22,0.5945945945945946,7.785714285714286,24.0,2.830142287449673,0.8571428571428571,0.0
HFD,2025-10-21,2025Q4,541,233,0.43068391866913125,5.833333333333333,19.0,1.5567336397777851,1.0,0.0
HFD,2025-10-22,2025Q4,123,61,0.4959349593495935,6.277777777777778,28.0,2.6581321929665696,0.7222222222222222,0.1111111111111111
HFD,2025-10-23,2025Q4,297,133,0.4478114478114478,5.833333333333333,16.0,2.311747549045056,1.0,0.0
HFD,2025-10-24,2025Q4,268,191,0.7126865671641791,1.3333333333333333,0,0.5721520605443536,1.0,0.0
HFD,2025-10-25,2025Q4,331,264,0.797583081570997,3.7777777777777777,0,1.8047755008287278,1.0,0.0
HFD,2025-10-26,2025Q4,279,145,0.5197132616487455,3.6666666666666665,0,1.6103801197732155,1.0,0.0
HFD,2025-10-27,2025Q4,377,178,0.47214854111405835,3.5555555555555554,0,1.0264239551004855,0.8888888888888888,0.0
HFD,2025-10-28,2025Q4,337,167,0.49554896142433236,7.444444444444445,22.0,2.4361739256927026,1.0,0.0
HFD,2025-10-29,2025Q4,307,190,0.6188925081433225,7.0,18.0,1.5269414546451994,0.4444444444444444,0.0
HFD,2025-11-02,2025Q4,354,176,0.4971751412429379,2.9444444444444446,17.0,1.0242413336696834,1.0,0.0
HFD,2025-11-03,2025Q4,313,137,0.43769968051118213,5.166666666666667,26.0,1.2159930742040954,0.8333333333333334,0.16666666666666666
HFD,2025-11-04,2025Q4,87,56,0.6436781609195402,7.611111111111111,30.0,3.7596608272439975,1.0,0.0
HFD,2025-11-05,2025Q4,314,157,0.5,7.444444444444445,24.0,1.3893672763461271,0.9444444444444444,0.05555555555555555
HFD,2025-11-06,2025Q4,42,20,0.47619047619047616,8.444444444444445,28.0,4.461032546594811,1.0,0.0
HFD,2025-11-07,2025Q4,142,125,0.8802816901408451,9.166666666666666,30.0,1.2004817601356401,0.7222222222222222,0.2222222222222222
HFD,2025-11-08,2025Q4,135,90,0.6666666666666666,2.7777777777777777,0,0.8099389764137817,0.9444444444444444,0.05555555555555555
HFD,2025-11-09,2025Q4,31,21,0.6774193548387096,4.055555555555555,0,1.2891805358303134,0.16666666666666666,0.16666666666666666
HFD,2025-11-11,2025Q4,85,39,0.4588235294117647,8.777777777777779,27.0,2.6123818655136213,1.0,0.0
HFD,2025-11-12,2025Q4,223,120,0.5381165919282511,7.111111111111111,22.0,2.5393506597096254,1.0,0.0
HFD,2025-11-13,2025Q4,218,81,0.37155963302752293,5.777777777777778,22.0,1.5426088998965295,1.0,0.0
HFD,2025-11-14,2025Q4,146,115,0.7876712328767124,6.777777777777778,19.0,2.036983234352257,1.0,0.0
HFD,2025-11-15,2025Q4,159,124,0.779874213836478,3.5,0,1.1839496357260728,0.7222222222222222,0.2777777777777778
HFD,2025-11-18,2025Q4,284,80,0.28169014084507044,5.055555555555555,24.0,2.4862387471514587,1.0,0.0
HFD,2025-11-19,2025Q4,425,293,0.6894117647058824,0.9444444444444444,0,0.17504464558271676,1.0,0.0
HFD,2025-11-20,2025Q4,208,134,0.6442307692307693,1.1666666666666667,0,0.4222093229519519,1.0,0.0
HFD,2025-11-21,2025Q4,236,159,0.673728813559322,3.0,0,1.272367755092629,0.6666666666666666,0.0
HFD,2025-11-23,2025Q4,321,190,0.5919003115264797,2.3333333333333335,0,0.8391858246587338,1.0,0.0
HFD,2025-11-24,2025Q4,306,150,0.49019607843137253,4.888888888888889,19.0,2.4444352311381103,1.0,0.0
HFD,2025-11-25,2025Q4,293,112,0.3822525597269625,5.722222222222222,0,1.4318203623101902,0.5,0.3888888888888889
HFD,2025-11-26,2025Q4,30,29,0.9666666666666667,6.0,16.0,1.7915950192540397,0.2777777777777778,0.0
HFD,2025-11-29,2025Q4,84,63,0.75,6.666666666666667,28.0,2.766654976965435,1.0,0.0
HFD,2025-11-30,2025Q4,43,21,0.4883720930232558,3.5555555555555554,0,1.143711928014431,0.3888888888888889,0.4444444444444444
HFD,2025-12-01,2025Q4,245,86,0.3510204081632653,6.833333333333333,29.0,3.371355606168826,1.0,0.0
HFD,2025-12-03,2025Q4,421,241,0.5724465558194775,4.5,18.0,1.7148195809608138,1.0,0.0
HFD,2025-12-04,2025Q4,188,77,0.4095744680851064,10.333333333333334,33.0,5.506659264888031,1.0,0.0
HFD,2025-12-05,2025Q4,246,200,0.8130081300813008,2.388888888888889,0,0.7649295009041833,0.8888888888888888,0.0
HFD,2025-12-06,2025Q4,107,58,0.5420560747663551,1.6666666666666667,0,0.5016358542772915,0.6666666666666666,0.1111111111111111
HFD,2025-12-07,2025Q4,350,188,0.5371428571428571,3.611111111111111,0,1.152108387899028,1.0,0.0
HFD,2025-12-08,2025Q4,193,108,0.5595854922279793,8.833333333333334,32.0,3.636879305657741,1.0,0.0
HFD,2025-12-09,2025Q4,450,214,0.47555555555555556,4.166666666666667,20.0,1.1994949064279765,1.0,0.0
HFD,2025-12-10,2025Q4,64,23,0.359375,7.888888888888889,25.0,1.83170499218013,0.2777777777777778,0.3333333333333333
HFD,2025-12-12,2025Q4,38,27,0.7105263157894737,7.277777777777778,22.0,1.9392621848164646,1.0,0.0
HFD,2025-12-13,2025Q4,312,185,0.592948717948718,5.555555555555555,0,1.7843296584199149,1.0,0.0
HFD,2025-12-15,2025Q4,180,94,0.5222222222222223,6.777777777777778,26.0,3.311926532992139,1.0,0.0
HFD,2025-12-16,2025Q4,521,251,0.4817658349328215,4.0,0,1.06232332457202,1.0,0.0
HFD,2025-12-17,2025Q4,341,173,0.5073313782991202,5.944444444444445,0,1.2014541088811814,1.0,0.0
HFD,2025-12-18,2025Q4,316,191,0.6044303797468354,3.5,0,1.5102435318866,0.6666666666666666,0.0
HFD,2025-12-20,2025Q4,168,128,0.7619047619047619,6.055555555555555,16.0,1.6646353545909052,1.0,0.0
HFD,2025-12-21,2025Q4,167,66,0.39520958083832336,9.38888888888889,31.0,4.221686082533102,1.0,0.0
HFD,2025-12-22,2025Q4,165,114,0.6909090909090909,5.944444444444445,19.0,1.8690591007965824,1.0,0.0
HFD,2025-12-26,2025Q4,148,141,0.9527027027027027,5.333333333333333,17.0,1.1733045879175599,0.7222222222222222,0.2777777777777778
HFD,2025-12-28,2025Q4,127,99,0.7795275590551181,2.1666666666666665,0,0.584611452848751,0.7222222222222222,0.2222222222222222
HFD,2025-12-31,2025Q4,198,119,0.601010101010101,7.166666666666667,20.0,3.0617504130884154,0.8888888888888888,0.1111111111111111
HFD,2026-01-02,2026Q1,222,146,0.6576576576576577,4.166666666666667,16.0,1.5526571834283125,1.0,0.0
HFD,2026-01-03,2026Q1,270,183,0.6777777777777778,5.388888888888889,20.0,2.3704477218012516,1.0,0.0
HFD,2026-01-04,2026Q1,102,79,0.7745098039215687,4.0,16.0,1.5367158358934982,0.7777777777777778,0.16666666666666666
HFD,2026-01-05,2026Q1,298,184,0.6174496644295302,2.3333333333333335,0,0.6481435254954753,0.6666666666666666,0.1111111111111111
HFD,2026-01-06,2026Q1,273,143,0.5238095238095238,3.7222222222222223,0,0.8441229911364281,0.7777777777777778,0.1111111111111111
HFD,2026-01-08,2026Q1,347,222,0.6397694524495677,3.0555555555555554,0,1.1426265361015728,0.9444444444444444,0.0
HFD,2026-01-09,2026Q1,79,54,0.6835443037974683,6.388888888888889,22.0,1.2515024959095697,0.3333333333333333,0.1111111111111111
HFD,2026-01-10,2026Q1,176,145,0.8238636363636364,2.611111111111111,0,0.8597019296772689,0.5555555555555556,0.4444444444444444
HFD,2026-01-11,2026Q1,157,105,0.6687898089171974,6.0,28.0,2.236062630801999,0.8888888888888888,0.05555555555555555
HFD,2026-01-12,2026Q1,157,80,0.5095541401273885,4.777777777777778,16.0,1.804511897613969,1.0,0.0
HFD,2026-01-13,2026Q1,403,173,0.4292803970223325,6.5,16.0,1.3088408965790708,1.0,0.0
HFD,2026-01-14,2026Q1,381,190,0.49868766404199477,2.8333333333333335,0,0.8022038056577456,1.0,0.0
HFD,2026-01-16,2026Q1,102,52,0.5098039215686274,6.277777777777778,21.0,1.7621722882630744,1.0,0.0
HFD,2026-01-19,2026Q1,133,88,0.6616541353383458,7.222222222222222,26.0,3.49712480568168,0.9444444444444444,0.05555555555555555
HFD,2026-01-20,2026Q1,232,112,0.4827586206896552,6.611111111111111,19.0,1.5916191783769147,1.0,0.0
HFD,2026-01-21,2026Q1,372,179,0.48118279569892475,4.722222222222222,18.0,0.9064514064143453,0.6666666666666666,0.3333333333333333
HFD,2026-01-22,2026Q1,158,101,0.6392405063291139,5.666666666666667,20.0,2.3443752170396817,1.0,0.0
HFD,2026-01-23,2026Q1,50,25,0.5,10.722222222222221,32.0,4.842560149681777,1.0,0.0
HFD,2026-01-24,2026Q1,89,62,0.6966292134831461,8.333333333333334,22.0,4.047565114642234,1.0,0.0
HFD,2026-01-27,2026Q1,47,28,0.5957446808510638,5.277777777777778,21.0,2.745679682377076,0.8888888888888888,0.1111111111111111
HFD,2026-01-28,2026Q1,178,80,0.449438202247191,3.0555555555555554,0,1.3760852063104574,1.0,0.0
HFD,2026-01-29,2026Q1,184,52,0.2826086956521739,5.611111111111111,20.0,2.670980926745842,1.0,0.0
HFD,2026-01-30,2026Q1,36,31,0.8611111111111112,9.722222222222221,29.0,4.163202719674623,1.0,0.0
HFD,2026-01-31,2026Q1,280,159,0.5678571428571428,3.5555555555555554,0,1.4239492393796183,1.0,0.0
HFD,2026-02-01,2026Q1,48,27,0.5625,9.38888888888889,24.0,3.443756240761649,0.9444444444444444,0.0
HFD,2026-02-02,2026Q1,244,90,0.36885245901639346,4.111111111111111,21.0,2.175647462501408,1.0,0.0
HFD,2026-02-03,2026Q1,469,231,0.4925373134328358,2.4444444444444446,0,0.5431577275566968,1.0,0.0
HFD,2026-02-04,2026Q1,186,77,0.41397849462365593,6.055555555555555,20.0,2.1252094659568885,1.0,0.0
HFD,2026-02-05,2026Q1,292,171,0.5856164383561644,1.5,0,0.5737508115858823,1.0,0.0
HFD,2026-02-06,2026Q1,210,185,0.8809523809523809,2.0555555555555554,0,0.2996066065163691,0.8888888888888888,0.1111111111111111
HFD,2026-02-09,2026Q1,166,114,0.6867469879518072,4.888888888888889,20.0,2.519691809922826,1.0,0.0
HFD,2026-02-10,2026Q1,286,128,0.44755244755244755,3.7222222222222223,0,1.0424046713389097,0.8333333333333334,0.16666666666666666
HFD,2026-02-11,2026Q1,96,47,0.4895833333333333,8.777777777777779,27.0,2.9144250612390716,0.7777777777777778,0.05555555555555555
HFD,2026-02-12,2026Q1,152,86,0.5657894736842105,9.0,21.0,4.920422986810865,1.0,0.0
HFD,2026-02-13,2026Q1,249,177,0.7108433734939759,2.8333333333333335,0,0.5949177076223994,1.0,0.0
HFD,2026-02-14,2026Q1,365,205,0.5616438356164384,2.8333333333333335,0,1.1558118385703442,1.0,0.0
HFD,2026-02-15,2026Q1,280,194,0.6928571428571428,3.611111111111111,0,1.3459727644685633,0.9444444444444444,0.0
HFD,2026-02-16,2026Q1,260,124,0.47692307692307695,4.388888888888889,0,1.3959016571787755,1.0,0.0
HFD,2026-02-17,2026Q1,40,35,0.875,4.5625,0,1.5850930218674426,0.375,0.0
HFD,2026-02-19,2026Q1,331,215,0.649546827794562,2.7222222222222223,0,0.9816248990641312,1.0,0.0
HFD,2026-02-20,2026Q1,35,32,0.9142857142857143,6.222222222222222,0,2.2235622228392247,0.2222222222222222,0.7222222222222222
HFD,2026-02-21,2026Q1,107,74,0.6915887850467289,3.3333333333333335,0,1.3182051934760888,0.6666666666666666,0.0
HFD,2026-02-24,2026Q1,42,30,0.7142857142857143,8.5,22.0,4.076742084411148,1.0,0.0
HFD,2026-02-26,2026Q1,230,192,0.8347826086956521,7.722222222222222,0,3.2124956340613995,0.8333333333333334,0.0
HFD,2026-02-27,2026Q1,307,244,0.7947882736156352,4.388888888888889,16.0,0.7860292898530696,1.0,0.0
HFD,2026-02-28,2026Q1,242,186,0.768595041322314,5.666666666666667,25.0,1.2000026683496978,0.9444444444444444,0.0
HFD,2026-03-01,2026Q1,97,67,0.6907216494845361,8.333333333333334,20.0,3.9624996656678184,0.9444444444444444,0.05555555555555555
HFD,2026-03-02,2026Q1,262,162,0.6183206106870229,3.7222222222222223,0,1.306380968223626,1.0,0.0
HFD,2026-03-04,2026Q1,131,95,0.7251908396946565,1.6111111111111112,0,0.6111290038898447,0.7222222222222222,0.0
HFD,2026-03-08,2026Q1,146,138,0.9452054794520548,2.888888888888889,0,1.0375471544014196,0.5,0.05555555555555555
HFD,2026-03-09,2026Q1,307,210,0.6840390879478827,5.888888888888889,21.0,0.9971567715983631,0.9444444444444444,0.0
HFD,2026-03-10,2026Q1,399,234,0.5864661654135338,5.0,19.0,0.6329294724935325,1.0,0.0
HFD,2026-03-11,2026Q1,243,95,0.39094650205761317,7.777777777777778,26.0,1.4405842847985293,0.8333333333333334,0.16666666666666666
HFD,2026-03-13,2026Q1,147,93,0.6326530612244898,8.555555555555555,21.0,2.4746310440325714,1.0,0.0
HFD,2026-03-15,2026Q1,249,131,0.5261044176706827,6.5,20.0,2.686169618862183,0.7777777777777778,0.0
HFD,2026-03-18,2026Q1,391,208,0.5319693094629157,5.722222222222222,16.0,1.602550074547498,1.0,0.0
HFD,2026-03-19,2026Q1,226,170,0.7522123893805309,4.777777777777778,15.0,1.4771075230150728,1.0,0.0
HFD,2026-03-20,2026Q1,178,138,0.7752808988764045,8.555555555555555,25.0,1.8201111641583307,0.8333333333333334,0.1111111111111111
HFD,2026-03-21,2026Q1,223,177,0.7937219730941704,7.833333333333333,22.0,3.3455199367708524,1.0,0.0
HFD,2026-03-24,2026Q1,304,161,0.5296052631578947,6.833333333333333,0,2.5470582555344734,1.0,0.0
HFD,2026-03-25,2026Q1,369,171,0.4634146341463415,7.055555555555555,20.0,2.1522815640887454,1.0,0.0
HFD,2026-03-26,2026Q1,190,93,0.48947368421052634,7.944444444444445,20.0,1.8825193152503898,1.0,0.0
HFD,2026-03-27,2026Q1,65,60,0.9230769230769231,9.944444444444445,32.0,3.270139996696344,0.8333333333333334,0.0
HFD,2026-03-28,2026Q1,165,111,0.6727272727272727,9.055555555555555,23.0,3.29813499435396,1.0,0.0
HFD,2026-03-29,2026Q1,180,93,0.5166666666666667,9.277777777777779,24.0,1.9318492391067954,1.0,0.0
HFD,2026-03-30,2026Q1,224,102,0.45535714285714285,9.0,24.0,1.5478737669485214,1.0,0.0
HFD,2026-03-31,2026Q1,143,88,0.6153846153846154,7.388888888888889,24.0,2.2722049713309658,0.9444444444444444,0.05555555555555555
HFD,2026-04-01,2026Q2,147,44,0.29931972789115646,7.055555555555555,20.0,2.156648153032928,0.6111111111111112,0.2777777777777778
HFD,2026-04-03,2026Q2,76,58,0.7631578947368421,6.529411764705882,17.0,1.2929636864758984,0.5882352941176471,0.0
HFD,2026-04-04,2026Q2,280,217,0.775,7.611111111111111,20.0,2.090153705397578,1.0,0.0
HFD,2026-04-06,2026Q2,116,60,0.5172413793103449,9.277777777777779,26.0,2.833270069929863,1.0,0.0
HFD,2026-04-07,2026Q2,110,41,0.37272727272727274,10.166666666666666,29.0,5.384684710092941,0.9444444444444444,0.0
HFD,2026-04-08,2026Q2,419,223,0.5322195704057279,6.0,16.0,1.49497424457577,1.0,0.0
HFD,2026-04-09,2026Q2,289,163,0.5640138408304498,8.5,25.0,1.7623737837280937,0.9444444444444444,0.0
HFD,2026-04-10,2026Q2,155,104,0.6709677419354839,8.666666666666666,24.0,2.5147862458548316,0.8333333333333334,0.0
HFD,2026-04-11,2026Q2,54,40,0.7407407407407407,11.5,26.0,6.41983164265893,1.0,0.0
HFD,2026-04-12,2026Q2,290,178,0.6137931034482759,6.111111111111111,23.0,1.439597147461598,0.9444444444444444,0.05555555555555555
HFD,2026-04-13,2026Q2,42,24,0.5714285714285714,8.222222222222221,24.0,1.739110916692163,0.6111111111111112,0.0
HFD,2026-04-14,2026Q2,364,193,0.5302197802197802,7.833333333333333,27.0,1.5977135978616022,0.9444444444444444,0.05555555555555555
HFD,2026-04-15,2026Q2,275,98,0.3563636363636364,5.833333333333333,22.0,1.4214838642994805,0.8888888888888888,0.0
HFD,2026-04-16,2026Q2,243,102,0.41975308641975306,6.222222222222222,22.0,1.6351008821466881,1.0,0.0
HFD,2026-04-17,2026Q2,120,99,0.825,5.833333333333333,22.0,2.178414773302929,0.8333333333333334,0.05555555555555555
HFD,2026-04-18,2026Q2,248,207,0.8346774193548387,6.111111111111111,15.0,2.0280221562451417,0.16666666666666666,0.0
HFD,2026-04-20,2026Q2,198,86,0.43434343434343436,6.444444444444445,21.0,3.7074527810541054,0.9444444444444444,0.05555555555555555
HFD,2026-04-21,2026Q2,386,198,0.5129533678756477,5.555555555555555,17.0,1.1879608241190176,1.0,0.0
HFD,2026-04-22,2026Q2,56,24,0.42857142857142855,7.055555555555555,20.0,2.604057969172826,0.05555555555555555,0.05555555555555555
HFD,2026-04-23,2026Q2,150,93,0.62,9.055555555555555,32.0,4.93744611850704,0.9444444444444444,0.0
HFD,2026-04-24,2026Q2,299,237,0.7926421404682275,7.888888888888889,20.0,3.170392560305431,1.0,0.0
HFD,2026-04-25,2026Q2,165,145,0.8787878787878788,3.9444444444444446,0,1.5183860438870302,0.5555555555555556,0.4444444444444444
HFD,2026-04-26,2026Q2,212,144,0.6792452830188679,3.3333333333333335,0,0.7973267457146486,0.8888888888888888,0.0
HFD,2026-04-27,2026Q2,402,223,0.554726368159204,4.823529411764706,0,1.9928552369672443,1.0,0.0
HFD,2026-04-28,2026Q2,416,197,0.4735576923076923,4.5,0,1.1379701673202371,1.0,0.0
HFD,2026-04-29,2026Q2,381,212,0.5564304461942258,5.722222222222222,17.0,1.2981672317021908,0.9444444444444444,0.05555555555555555
HFD,2026-05-01,2026Q2,281,164,0.5836298932384342,6.944444444444445,18.0,3.2111595389468968,1.0,0.0
HFD,2026-05-02,2026Q2,168,106,0.6309523809523809,4.5,16.0,1.785598391254145,0.6666666666666666,0.2222222222222222
HFD,2026-05-03,2026Q2,83,59,0.7108433734939759,8.88888888888889,26.0,4.029586443484314,1.0,0.0
HFD,2026-05-04,2026Q2,41,16,0.3902439024390244,10.11111111111111,28.0,4.077409441012909,1.0,0.0
HFD,2026-05-08,2026Q2,161,94,0.5838509316770186,6.166666666666667,23.0,2.3903974796047325,0.9444444444444444,0.0
HFD,2026-05-09,2026Q2,42,15,0.35714285714285715,3.3333333333333335,16.0,1.1129516878380468,0.4444444444444444,0.3888888888888889
HFD,2026-05-10,2026Q2,152,83,0.5460526315789473,5.470588235294118,19.0,2.054567403948535,0.7058823529411765,0.058823529411764705
HFD,2026-05-11,2026Q2,238,179,0.7521008403361344,7.277777777777778,23.0,3.3359033196893075,1.0,0.0
HFD,2026-05-12,2026Q2,428,237,0.5537383177570093,5.722222222222222,21.0,1.350936525475762,1.0,0.0
HFD,2026-05-13,2026Q2,191,61,0.3193717277486911,8.666666666666666,25.0,2.3204689322694168,0.8888888888888888,0.1111111111111111
HFD,2026-05-15,2026Q2,165,99,0.6,4.666666666666667,0,1.7175361824314979,0.9444444444444444,0.0
HFD,2026-05-16,2026Q2,294,187,0.6360544217687075,8.722222222222221,27.0,2.7039396837444603,1.0,0.0
HFD,2026-05-17,2026Q2,249,102,0.40963855421686746,5.944444444444445,20.0,1.7422076602456904,1.0,0.0
HFD,2026-05-18,2026Q2,351,175,0.4985754985754986,5.888888888888889,21.0,1.452481267215798,1.0,0.0
HFD,2026-05-19,2026Q2,238,97,0.40756302521008403,8.61111111111111,27.0,1.69926377914649,0.9444444444444444,0.05555555555555555
HFD,2026-05-20,2026Q2,134,67,0.5,6.777777777777778,27.0,2.9716319319621043,1.0,0.0
HFD,2026-05-21,2026Q2,304,193,0.6348684210526315,4.555555555555555,0,1.4303577610681697,0.9444444444444444,0.05555555555555555
HFD,2026-05-22,2026Q2,383,251,0.6553524804177546,4.611111111111111,0,1.0219514699462895,1.0,0.0
HFD,2026-05-23,2026Q2,131,60,0.4580152671755725,2.7222222222222223,0,0.9559257311860849,0.3888888888888889,0.6111111111111112
HFD,2026-05-25,2026Q2,51,34,0.6666666666666666,4.111111111111111,14.0,1.521346217370959,0.5555555555555556,0.1111111111111111
HFD,2026-05-26,2026Q2,394,156,0.39593908629441626,5.0,20.0,1.4795150630686777,1.0,0.0
HFD,2026-05-27,2026Q2,248,103,0.4153225806451613,5.222222222222222,17.0,1.8690241701052026,0.9444444444444444,0.0
HFD,2026-05-28,2026Q2,200,116,0.58,9.11111111111111,25.0,2.3486083776759274,1.0,0.0
HFD,2026-05-29,2026Q2,242,172,0.7107438016528925,6.055555555555555,21.0,1.78874928956919,1.0,0.0
HFD,2026-05-31,2026Q2,334,119,0.3562874251497006,5.333333333333333,19.0,2.351905594992267,0.7222222222222222,0.2222222222222222
HFD,2026-06-01,2026Q2,290,171,0.5896551724137931,6.277777777777778,0,1.415400220086562,0.8333333333333334,0.0
HFD,2026-06-02,2026Q2,331,151,0.4561933534743202,4.055555555555555,15.0,0.7222307479896403,1.0,0.0
HFD,2026-06-03,2026Q2,508,198,0.38976377952755903,4.0,14.0,0.9564800158306797,1.0,0.0
HFD,2026-06-04,2026Q2,431,139,0.3225058004640371,4.777777777777778,14.0,1.5001296376576279,1.0,0.0
HFD,2026-06-05,2026Q2,332,110,0.3313253012048193,4.555555555555555,18.0,1.705382080148821,1.0,0.0
HFD,2026-06-06,2026Q2,152,50,0.32894736842105265,6.722222222222222,33.0,2.0402145061633368,0.7777777777777778,0.2222222222222222
HFD,2026-06-07,2026Q2,69,29,0.42028985507246375,10.833333333333334,25.0,4.171569998874472,1.0,0.0
HFD,2026-06-08,2026Q2,378,128,0.3386243386243386,5.777777777777778,0,1.5109647040560823,1.0,0.0
HFD,2026-06-09,2026Q2,413,103,0.24939467312348668,7.944444444444445,20.0,2.3920596142055657,1.0,0.0
HFD,2026-06-10,2026Q2,341,86,0.25219941348973607,7.722222222222222,20.0,2.097230683089173,1.0,0.0
HFD,2026-06-12,2026Q2,173,81,0.4682080924855491,6.444444444444445,23.0,1.6329722516282092,0.8888888888888888,0.1111111111111111
HFD,2026-06-13,2026Q2,270,112,0.4148148148148148,6.222222222222222,20.0,2.4577389528069666,1.0,0.0
HFD,2026-06-15,2026Q2,115,61,0.5304347826086957,10.222222222222221,24.0,5.351000921398349,0.9444444444444444,0.0
HFD,2026-06-16,2026Q2,413,125,0.3026634382566586,5.333333333333333,17.0,1.96399186244533,1.0,0.0
HFD,2026-06-17,2026Q2,392,117,0.29846938775510207,6.333333333333333,19.0,1.7409240855678894,1.0,0.0
HFD,2026-06-19,2026Q2,193,46,0.23834196891191708,7.388888888888889,21.0,2.6333245425345524,1.0,0.0
HFD,2026-06-21,2026Q2,226,77,0.3407079646017699,5.333333333333333,20.0,1.0815969688479667,1.0,0.0
HFD,2026-06-22,2026Q2,156,58,0.3717948717948718,2.388888888888889,0,0.8844763707933909,0.3888888888888889,0.5
HFD,2026-06-23,2026Q2,60,43,0.7166666666666667,3.2777777777777777,0,0.8117355728082576,0.3333333333333333,0.4444444444444444
HFD,2026-06-24,2026Q2,326,158,0.48466257668711654,5.888888888888889,19.0,3.123527517782489,1.0,0.0
HFD,2026-06-26,2026Q2,156,79,0.5064102564102564,5.722222222222222,0,1.6012179764605023,0.6666666666666666,0.05555555555555555
HFD,2026-06-27,2026Q2,268,166,0.6194029850746269,3.388888888888889,0,0.7730703807248991,1.0,0.0
HFD,2026-06-28,2026Q2,150,94,0.6266666666666667,3.2222222222222223,21.0,0.6406693801096066,0.7777777777777778,0.0
HFD,2026-06-29,2026Q2,296,167,0.5641891891891891,3.8333333333333335,0,1.3139371074323989,0.8888888888888888,0.0
HFD,2026-06-30,2026Q2,200,142,0.71,5.666666666666667,16.0,1.5562321230579763,0.9444444444444444,0.05555555555555555
HFD,2026-07-01,2026Q3,223,94,0.42152466367713004,6.222222222222222,16.0,1.3942901583837113,1.0,0.0
HFD,2026-07-02,2026Q3,127,64,0.5039370078740157,5.944444444444445,19.0,2.183439353687493,1.0,0.0
HFD,2026-07-03,2026Q3,92,48,0.5217391304347826,8.833333333333334,21.0,3.599455302447118,1.0,0.0
HFD,2026-07-04,2026Q3,57,31,0.543859649122807,5.705882352941177,19.0,2.01069329681821,0.8823529411764706,0.11764705882352941
HFD,2026-07-05,2026Q3,206,74,0.3592233009708738,4.222222222222222,0,1.3888229301213477,0.7777777777777778,0.05555555555555555
HFD,2026-07-08,2026Q3,513,233,0.45419103313840153,4.055555555555555,0,1.1202719838378723,1.0,0.0
HFD,2026-07-09,2026Q3,313,168,0.536741214057508,7.333333333333333,22.0,1.6874740895051745,0.9444444444444444,0.0
HFD,2026-07-10,2026Q3,250,160,0.64,4.777777777777778,17.0,1.830091686335408,1.0,0.0
HFD,2026-07-11,2026Q3,318,219,0.6886792452830188,4.944444444444445,0,1.5677902513530149,1.0,0.0
HFD,2026-07-12,2026Q3,183,110,0.6010928961748634,4.944444444444445,0,2.0566974692734403,1.0,0.0
HFD,2026-07-13,2026Q3,357,169,0.4733893557422969,7.888888888888889,20.0,1.942789021136386,1.0,0.0
HFD,2026-07-14,2026Q3,203,93,0.458128078817734,6.111111111111111,18.0,2.5855381997766815,1.0,0.0
HFD,2026-07-15,2026Q3,236,104,0.4406779661016949,7.111111111111111,21.0,2.3325555870740464,0.8333333333333334,0.0
HFD,2026-07-16,2026Q3,235,121,0.5148936170212766,5.444444444444445,18.0,2.39515772387053,0.7777777777777778,0.0
HFD,2026-07-17,2026Q3,275,216,0.7854545454545454,4.0,16.0,1.2000165988210953,1.0,0.0
HFD,2026-07-19,2026Q3,130,67,0.5153846153846153,8.0,28.0,3.8169716598196453,1.0,0.0
HFD,2026-07-20,2026Q3,286,160,0.5594405594405595,3.7222222222222223,0,0.8024189120050241,1.0,0.0
HFD,2026-07-21,2026Q3,154,60,0.38961038961038963,3.888888888888889,0,1.7312311450638302,0.3333333333333333,0.3333333333333333
HFD,2026-07-22,2026Q3,123,66,0.5365853658536586,7.888888888888889,22.0,2.537059044401371,0.7777777777777778,0.0
HFD,2026-07-23,2026Q3,249,124,0.4979919678714859,4.722222222222222,16.0,2.0171896069306046,1.0,0.0
HFD,2026-07-24,2026Q3,279,145,0.5197132616487455,3.7222222222222223,0,1.6961805790541291,1.0,0.0
HFD,2026-07-25,2026Q3,273,123,0.45054945054945056,3.0555555555555554,0,1.3691809422551389,1.0,0.0
HFD,2026-07-26,2026Q3,215,93,0.4325581395348837,3.4444444444444446,0,1.5156015540976917,1.0,0.0
HFD,2026-07-27,2026Q3,168,46,0.27380952380952384,4.388888888888889,0,1.624561709031376,0.9444444444444444,0.05555555555555555
HFD,2026-07-30,2026Q3,64,38,0.59375,6.5,0,1.2848333044632076,0.5,0.3333333333333333
HFD,2026-07-31,2026Q3,196,149,0.7602040816326531,2.1666666666666665,22.0,0.9178854595597356,0.8888888888888888,0.1111111111111111
HFD,2026-08-02,2026Q3,198,98,0.494949494949495,7.666666666666667,0,3.785867171808478,0.5555555555555556,0.0
HFD,2026-08-04,2026Q3,298,169,0.5671140939597316,2.6666666666666665,0,0.9268466729350822,1.0,0.0
HFD,2026-08-05,2026Q3,274,133,0.4854014598540146,4.777777777777778,0,1.4728667009313778,1.0,0.0
HFD,2026-08-06,2026Q3,91,51,0.5604395604395604,5.555555555555555,16.0,1.016558804118437,0.7222222222222222,0.0
HFD,2026-08-07,2026Q3,236,115,0.4872881355932203,3.8333333333333335,37.0,0.9366675041513085,0.8333333333333334,0.16666666666666666
HFD,2026-08-08,2026Q3,88,43,0.48863636363636365,4.5,22.0,1.7666627709987646,0.7222222222222222,0.1111111111111111
HFD,2026-08-10,2026Q3,263,137,0.5209125475285171,3.888888888888889,0,1.4444520906102816,1.0,0.0
HFD,2026-08-11,2026Q3,248,80,0.3225806451612903,5.388888888888889,19.0,2.1428172428550085,1.0,0.0
HFD,2026-08-12,2026Q3,368,113,0.3070652173913043,4.222222222222222,0,1.6172653884761206,0.8888888888888888,0.1111111111111111
HFD,2026-08-13,2026Q3,280,147,0.525,3.5555555555555554,0,1.0766855222570308,0.8888888888888888,0.0
HFD,2026-08-14,2026Q3,174,130,0.7471264367816092,3.9444444444444446,16.0,1.0807179328100336,0.8888888888888888,0.1111111111111111
HFD,2026-08-15,2026Q3,140,72,0.5142857142857142,4.444444444444445,16.0,1.3607176836402233,1.0,0.0
HFD,2026-08-16,2026Q3,229,51,0.22270742358078602,5.444444444444445,17.0,1.6856022877077923,0.8333333333333334,0.16666666666666666
HFD,2026-08-18,2026Q3,230,139,0.6043478260869565,2.7777777777777777,0,0.8724212365580313,0.7222222222222222,0.0
HFD,2026-08-19,2026Q3,410,146,0.35609756097560974,4.722222222222222,22.0,1.5308314083127148,0.9444444444444444,0.0
HFD,2026-08-20,2026Q3,272,124,0.45588235294117646,4.277777777777778,0,1.7077842587027667,0.6111111111111112,0.3888888888888889
HFD,2026-08-21,2026Q3,83,48,0.5783132530120482,6.555555555555555,17.0,1.7249590235036094,0.6111111111111112,0.0
HFD,2026-08-22,2026Q3,61,38,0.6229508196721312,4.277777777777778,0,1.2825684015581345,0.2222222222222222,0.3333333333333333
HFD,2026-08-23,2026Q3,71,46,0.647887323943662,4.388888888888889,15.0,1.4243262109787251,0.5,0.16666666666666666
HFD,2026-08-24,2026Q3,317,178,0.5615141955835962,5.666666666666667,18.0,1.8390336736754562,1.0,0.0
HFD,2026-08-25,2026Q3,305,188,0.6163934426229508,2.6666666666666665,0,0.6675369053904778,1.0,0.0
HFD,2026-08-26,2026Q3,319,219,0.6865203761755486,3.888888888888889,0,1.4073115123994195,1.0,0.0
HFD,2026-08-27,2026Q3,71,51,0.7183098591549296,6.111111111111111,25.0,1.380102253886176,0.7222222222222222,0.05555555555555555
HFD,2026-08-28,2026Q3,113,42,0.37168141592920356,5.111111111111111,16.0,2.224615465779623,0.7777777777777778,0.0
HFD,2026-08-29,2026Q3,186,71,0.3817204301075269,5.0,20.0,1.35705920857396,1.0,0.0
HFD,2026-08-30,2026Q3,333,120,0.36036036036036034,5.555555555555555,16.0,2.396305817332664,0.8333333333333334,0.16666666666666666
HFD,2026-08-31,2026Q3,245,82,0.3346938775510204,4.111111111111111,0,1.433562204449451,1.0,0.0
HVN,2023-02-17,2023Q1,42,21,0.5,10.125,29.0,5.656067692698131,0.4375,0.375
HVN,2023-02-21,2023Q1,31,21,0.6774193548387096,4.375,0,2.5718737284483826,0.125,0.125
HVN,2023-02-23,2023Q1,36,19,0.5277777777777778,7.125,0,2.3940890480968364,0.0,0.0
HVN,2023-02-24,2023Q1,50,40,0.8,11.3125,30.0,4.6048519193127175,1.0,0.0
HVN,2023-07-08,2023Q3,97,51,0.5257731958762887,5.6875,0,3.8797485852720097,0.5,0.0
HVN,2023-07-09,2023Q3,105,74,0.7047619047619048,7.3125,0,6.77026473370846,0.5,0.125
HVN,2023-07-10,2023Q3,93,70,0.7526881720430108,6.8125,18.0,4.109851186128498,0.875,0.0625
HVN,2023-07-11,2023Q3,149,93,0.6241610738255033,6.625,14.0,4.8062893235047115,1.0,0.0
HVN,2023-07-12,2023Q3,166,88,0.5301204819277109,4.3125,0,1.8075047530493635,1.0,0.0
HVN,2023-07-13,2023Q3,216,108,0.5,6.5,19.0,1.6067489343662567,0.9375,0.0
HVN,2023-07-14,2023Q3,79,45,0.569620253164557,7.0,14.0,3.5039191156603455,0.5333333333333333,0.06666666666666667
HVN,2023-07-15,2023Q3,103,66,0.6407766990291263,5.4375,0,2.251061040227383,0.6875,0.0
HVN,2023-07-16,2023Q3,38,36,0.9473684210526315,6.5625,22.0,2.9284867125527483,0.1875,0.5
HVN,2023-07-17,2023Q3,153,110,0.7189542483660131,5.8125,0,1.5015985245696277,0.9375,0.0
HVN,2023-07-18,2023Q3,40,30,0.75,5.125,21.0,2.515537407826234,0.5625,0.0625
HVN,2023-07-19,2023Q3,151,66,0.4370860927152318,4.4375,0,2.396976188202843,1.0,0.0
HVN,2023-07-20,2023Q3,228,106,0.4649122807017544,5.8125,0,1.9519216930484644,1.0,0.0
HVN,2023-07-21,2023Q3,87,77,0.8850574712643678,8.5,25.0,4.214093056791592,0.5625,0.1875
HVN,2023-07-22,2023Q3,138,81,0.5869565217391305,6.0,20.0,3.160416373219845,1.0,0.0
HVN,2023-07-23,2023Q3,101,91,0.900990099009901,6.1875,0,1.4825994818769586,1.0,0.0
HVN,2023-07-24,2023Q3,97,66,0.6804123711340206,5.1875,0,1.2413192031286224,1.0,0.0
HVN,2023-07-25,2023Q3,120,75,0.625,6.4375,16.0,2.0973227831124945,0.8125,0.1875
HVN,2023-07-26,2023Q3,180,95,0.5277777777777778,5.0625,0,1.660337676305875,1.0,0.0
HVN,2023-07-27,2023Q3,81,57,0.7037037037037037,8.125,19.0,3.468659873925353,0.75,0.125
HVN,2023-07-28,2023Q3,152,97,0.6381578947368421,4.75,0,1.9105921325939719,1.0,0.0
HVN,2023-07-29,2023Q3,105,73,0.6952380952380952,6.75,18.0,3.0580563661441023,0.875,0.0625
HVN,2023-07-30,2023Q3,125,111,0.888,5.9375,17.0,3.234341239689611,1.0,0.0
HVN,2023-07-31,2023Q3,152,124,0.8157894736842105,5.0,0,1.3514954984154244,1.0,0.0
HVN,2023-08-01,2023Q3,156,89,0.5705128205128205,7.875,17.0,2.3143931467851995,1.0,0.0
HVN,2023-08-02,2023Q3,146,122,0.8356164383561644,6.4375,14.0,1.9107643112705874,1.0,0.0
HVN,2023-08-03,2023Q3,130,95,0.7307692307692307,7.625,19.0,1.9223473620078522,1.0,0.0
HVN,2023-08-04,2023Q3,76,55,0.7236842105263158,7.4375,16.0,2.939352225411689,0.8125,0.0
HVN,2023-08-05,2023Q3,91,72,0.7912087912087912,4.5625,0,1.7956575039925733,1.0,0.0
HVN,2023-08-06,2023Q3,134,93,0.6940298507462687,6.125,0,1.3751000091834995,1.0,0.0
HVN,2023-08-07,2023Q3,55,49,0.8909090909090909,9.5,20.0,4.257157697814886,0.4375,0.25
HVN,2023-08-08,2023Q3,44,16,0.36363636363636365,8.625,22.0,6.804387612273246,0.75,0.0625
HVN,2023-08-09,2023Q3,65,56,0.8615384615384616,8.5625,28.0,5.424654891182285,1.0,0.0
HVN,2023-08-10,2023Q3,114,81,0.7105263157894737,3.875,16.0,0.9854072600956094,0.875,0.0
HVN,2023-08-11,2023Q3,168,114,0.6785714285714286,5.0,16.0,3.8866897815756274,1.0,0.0
HVN,2023-08-12,2023Q3,102,84,0.8235294117647058,5.5,0,3.9081063975644508,1.0,0.0
HVN,2023-08-13,2023Q3,148,110,0.7432432432432432,5.5,16.0,4.047466066489098,0.875,0.0625
HVN,2023-08-14,2023Q3,102,81,0.7941176470588235,3.6875,0,1.5814941234824402,1.0,0.0
HVN,2023-08-15,2023Q3,42,37,0.8809523809523809,6.0,16.0,4.439330457773363,0.1875,0.0
HVN,2023-08-16,2023Q3,101,69,0.6831683168316832,5.8125,0,4.967433968880542,0.5,0.0
HVN,2023-08-17,2023Q3,67,61,0.9104477611940298,8.6875,21.0,8.066757577951062,0.125,0.0
HVN,2023-08-18,2023Q3,92,62,0.6739130434782609,6.875,22.0,5.359615095890486,0.8125,0.1875
HVN,2023-08-19,2023Q3,76,61,0.8026315789473685,4.625,0,3.643650946583796,1.0,0.0
HVN,2023-08-20,2023Q3,175,103,0.5885714285714285,4.625,0,2.1401762834441205,1.0,0.0
HVN,2023-08-21,2023Q3,140,76,0.5428571428571428,3.4375,0,1.7007221817496352,1.0,0.0
HVN,2023-08-22,2023Q3,74,61,0.8243243243243243,8.8125,22.0,1.8963651802944765,1.0,0.0
HVN,2023-08-23,2023Q3,100,58,0.58,7.3125,0,1.4749988226925732,1.0,0.0
HVN,2023-08-24,2023Q3,84,68,0.8095238095238095,9.0,0,3.001852975563579,1.0,0.0
HVN,2023-08-25,2023Q3,53,55,1.0377358490566038,7.1875,15.0,0.8221080012161045,0.0625,0.25
HVN,2023-08-26,2023Q3,73,55,0.7534246575342466,3.0625,0,0.5546500118784577,0.875,0.0
HVN,2023-08-27,2023Q3,127,105,0.8267716535433071,6.0625,0,2.7799618841029825,0.9375,0.0
HVN,2023-08-28,2023Q3,124,54,0.43548387096774194,6.625,15.0,6.060523503676622,0.5625,0.0
HVN,2023-08-30,2023Q3,79,42,0.5316455696202531,6.0625,0,4.1143706496407955,0.6875,0.0625
HVN,2023-08-31,2023Q3,80,59,0.7375,10.9375,26.0,2.983647556867255,1.0,0.0
HVN,2023-09-01,2023Q3,95,73,0.7684210526315789,6.25,0,2.165103736521329,1.0,0.0
HVN,2023-09-02,2023Q3,134,96,0.7164179104477612,6.625,0,3.0528201349196262,1.0,0.0
HVN,2023-09-03,2023Q3,88,69,0.7840909090909091,3.25,0,1.0971743420703026,1.0,0.0
HVN,2023-09-04,2023Q3,119,77,0.6470588235294118,3.875,0,2.0019286876068314,1.0,0.0
HVN,2023-09-05,2023Q3,129,87,0.6744186046511628,4.625,0,1.276803398738001,1.0,0.0
HVN,2023-09-06,2023Q3,126,68,0.5396825396825397,5.5625,0,2.0310191409807152,1.0,0.0
HVN,2023-09-07,2023Q3,114,85,0.7456140350877193,4.375,0,1.725974664496823,0.9375,0.0
HVN,2023-09-08,2023Q3,43,42,0.9767441860465116,5.6875,0,1.949947856680196,0.375,0.0625
HVN,2023-09-09,2023Q3,34,33,0.9705882352941176,4.625,0,2.7439774913503827,0.5625,0.0
HVN,2023-09-10,2023Q3,47,36,0.7659574468085106,4.75,0,2.6059087910195706,0.5625,0.1875
HVN,2023-09-11,2023Q3,68,45,0.6617647058823529,5.9375,17.0,3.1168340853859746,0.8125,0.0
HVN,2023-09-12,2023Q3,169,78,0.46153846153846156,5.0625,0,2.783009508400923,0.875,0.0
HVN,2023-09-13,2023Q3,33,33,1.0,4.8125,14.0,3.41167831845399,0.4375,0.3125
HVN,2023-09-14,2023Q3,157,78,0.4968152866242038,8.375,18.0,2.222849286706466,1.0,0.0
HVN,2023-09-15,2023Q3,63,52,0.8253968253968254,14.25,27.0,3.497112428111696,1.0,0.0
HVN,2023-09-16,2023Q3,31,23,0.7419354838709677,9.5,26.0,6.402326069588972,1.0,0.0
HVN,2023-09-17,2023Q3,154,96,0.6233766233766234,4.875,0,1.5149753150408183,1.0,0.0
HVN,2023-09-18,2023Q3,34,34,1.0,5.9375,19.0,4.033375180157782,0.25,0.5625
HVN,2023-09-19,2023Q3,179,85,0.4748603351955307,7.0,20.0,6.105430542393294,1.0,0.0
HVN,2023-09-20,2023Q3,90,77,0.8555555555555555,5.9375,20.0,3.944759788074479,1.0,0.0
HVN,2023-09-21,2023Q3,98,77,0.7857142857142857,5.4375,0,2.0048190398281163,1.0,0.0
HVN,2023-09-22,2023Q3,167,83,0.49700598802395207,9.25,19.0,7.255148705321305,1.0,0.0
HVN,2023-09-24,2023Q3,47,48,1.0212765957446808,8.125,16.0,4.206658886467728,0.0,0.375
HVN,2023-09-25,2023Q3,37,37,1.0,10.1875,20.0,3.906461273716958,0.1875,0.5625
HVN,2023-09-27,2023Q3,130,63,0.4846153846153846,6.9375,0,4.435522595164728,1.0,0.0
HVN,2023-09-28,2023Q3,180,97,0.5388888888888889,7.125,0,4.457873045155335,0.9375,0.0
HVN,2023-09-29,2023Q3,37,37,1.0,10.125,22.0,2.6797010383062045,0.1875,0.625
HVN,2023-09-30,2023Q3,44,44,1.0,9.5,21.0,1.7786435885184675,0.5,0.25
HVN,2023-10-01,2023Q4,103,90,0.8737864077669902,5.5625,0,1.0746930832569153,0.9375,0.0
HVN,2023-10-02,2023Q4,96,54,0.5625,5.9375,0,1.9419835001426209,1.0,0.0
HVN,2023-10-03,2023Q4,140,88,0.6285714285714286,4.3125,0,2.6258438571556058,0.9375,0.0
HVN,2023-10-04,2023Q4,165,88,0.5333333333333333,3.125,0,1.521342183728811,0.9375,0.0
HVN,2023-10-05,2023Q4,116,53,0.45689655172413796,4.8125,0,3.691653658739297,0.8125,0.0
HVN,2023-10-06,2023Q4,55,59,1.0727272727272728,7.625,0,7.464230833225558,0.125,0.0
HVN,2023-10-07,2023Q4,32,30,0.9375,8.5625,19.0,7.275257953865439,0.1875,0.3125
HVN,2023-10-08,2023Q4,115,89,0.7739130434782608,8.625,20.0,7.680959789437091,1.0,0.0
HVN,2023-10-09,2023Q4,106,70,0.660377358490566,5.6875,17.0,4.674160082308988,1.0,0.0
HVN,2023-10-10,2023Q4,128,64,0.5,6.0625,0,4.356810131887918,1.0,0.0
HVN,2023-10-11,2023Q4,142,98,0.6901408450704225,4.125,0,2.9077085641685034,1.0,0.0
HVN,2023-10-12,2023Q4,190,136,0.7157894736842105,2.75,0,1.4089037558651254,1.0,0.0
HVN,2023-10-13,2023Q4,163,126,0.7730061349693251,6.3125,17.0,2.414315528448527,1.0,0.0
HVN,2023-10-14,2023Q4,40,40,1.0,3.0,0,1.105060653005572,0.5,0.5
HVN,2023-10-15,2023Q4,79,62,0.7848101265822784,7.3125,20.0,2.8622789844720584,1.0,0.0
HVN,2023-10-16,2023Q4,88,65,0.7386363636363636,5.0,15.0,2.7155508292192363,0.9375,0.0625
HVN,2023-10-17,2023Q4,159,88,0.5534591194968553,3.9375,0,1.9740804867262753,1.0,0.0
HVN,2023-10-18,2023Q4,107,72,0.6728971962616822,4.375,0,1.2522643773416309,1.0,0.0
HVN,2023-10-19,2023Q4,133,90,0.6766917293233082,8.5625,0,1.269458794235504,0.75,0.0
HVN,2023-10-20,2023Q4,45,51,1.1333333333333333,8.25,20.0,5.95760669263058,0.5625,0.25
HVN,2023-10-21,2023Q4,30,28,0.9333333333333333,8.625,29.0,5.1184073711621005,0.625,0.0625
HVN,2023-10-22,2023Q4,69,59,0.855072463768116,8.0625,18.0,7.803914611902523,1.0,0.0
HVN,2023-10-23,2023Q4,126,118,0.9365079365079365,5.8125,15.0,3.011998453453878,1.0,0.0
HVN,2023-10-24,2023Q4,111,92,0.8288288288288288,4.0625,0,1.3535894755937412,1.0,0.0
HVN,2023-10-25,2023Q4,108,86,0.7962962962962963,5.8125,0,3.6326854036256107,1.0,0.0
HVN,2023-10-26,2023Q4,124,118,0.9516129032258065,2.375,0,1.3978345133956198,1.0,0.0
HVN,2023-10-27,2023Q4,100,86,0.86,2.3125,0,1.273421126361698,1.0,0.0
HVN,2023-10-28,2023Q4,58,41,0.7068965517241379,5.0625,21.0,2.4894970496823423,1.0,0.0
HVN,2023-10-29,2023Q4,40,39,0.975,6.875,0,3.1268744955791306,0.25,0.5625
HVN,2023-10-30,2023Q4,31,31,1.0,5.8125,16.0,1.2508564747207933,0.1875,0.125
HVN,2023-10-31,2023Q4,98,77,0.7857142857142857,4.75,0,2.5059777462480928,1.0,0.0
HVN,2023-11-01,2023Q4,45,41,0.9111111111111111,8.4375,19.0,3.1151190480269317,0.75,0.0625
HVN,2023-11-02,2023Q4,131,91,0.6946564885496184,3.625,0,1.460952507968347,1.0,0.0
HVN,2023-11-03,2023Q4,109,71,0.6513761467889908,7.9375,20.0,4.1817729023664665,1.0,0.0
HVN,2023-11-04,2023Q4,140,111,0.7928571428571428,3.4375,0,2.2713066496481646,1.0,0.0
HVN,2023-11-05,2023Q4,103,77,0.7475728155339806,3.9375,0,0.8502363102547029,1.0,0.0
HVN,2023-11-06,2023Q4,108,83,0.7685185185185185,7.0,0,3.2157571846512623,0.8,0.0
HVN,2023-11-07,2023Q4,60,40,0.6666666666666666,7.6875,17.0,4.7783682671348515,1.0,0.0
HVN,2023-11-08,2023Q4,95,100,1.0526315789473684,8.5,19.0,3.2149299891342094,1.0,0.0
HVN,2023-11-09,2023Q4,45,40,0.8888888888888888,6.375,0,1.2692589305171253,0.625,0.0
HVN,2023-11-10,2023Q4,93,105,1.1290322580645162,5.25,15.0,4.642423894979623,1.0,0.0
HVN,2023-11-11,2023Q4,50,48,0.96,6.5625,18.0,3.1152814535812543,1.0,0.0
HVN,2023-11-12,2023Q4,128,108,0.84375,3.1875,0,0.7828430018249775,1.0,0.0
HVN,2023-11-13,2023Q4,96,70,0.7291666666666666,2.875,0,0.8409196518085728,1.0,0.0
HVN,2023-11-14,2023Q4,65,55,0.8461538461538461,7.75,21.0,3.056612960456015,1.0,0.0
HVN,2023-11-15,2023Q4,127,104,0.8188976377952756,5.75,17.0,3.40940662130383,1.0,0.0
HVN,2023-11-16,2023Q4,124,96,0.7741935483870968,2.3125,0,1.343784106467758,1.0,0.0
HVN,2023-11-17,2023Q4,130,101,0.7769230769230769,4.6875,15.0,1.239040452001173,0.875,0.0
HVN,2023-11-18,2023Q4,57,58,1.0175438596491229,8.625,25.0,3.8296306909009084,0.8125,0.0625
HVN,2023-11-19,2023Q4,134,122,0.9104477611940298,5.1875,19.0,2.9732451343698933,1.0,0.0
HVN,2023-11-20,2023Q4,119,118,0.9915966386554622,5.5625,0,1.096385041765869,1.0,0.0
HVN,2023-11-21,2023Q4,85,86,1.011764705882353,10.5,27.0,8.1363019311657,0.8125,0.125
HVN,2023-11-22,2023Q4,35,37,1.0571428571428572,8.076923076923077,24.0,3.0508123186426723,0.07692307692307693,0.23076923076923078
HVN,2023-11-24,2023Q4,86,78,0.9069767441860465,8.75,21.0,5.960135566042926,1.0,0.0
HVN,2023-11-25,2023Q4,78,76,0.9743589743589743,4.0625,15.0,1.291326056070693,0.9375,0.0
HVN,2023-11-26,2023Q4,85,54,0.6352941176470588,6.8125,24.0,6.167987088771228,0.5625,0.0625
HVN,2023-11-27,2023Q4,52,38,0.7307692307692307,6.833333333333333,17.0,5.9453375921118,1.0,0.0
HVN,2023-11-28,2023Q4,32,33,1.03125,10.5,32.0,10.18408789946261,1.0,0.0
HVN,2023-11-29,2023Q4,69,42,0.6086956521739131,8.375,20.0,8.20319200079288,1.0,0.0
HVN,2023-11-30,2023Q4,130,79,0.6076923076923076,6.875,16.0,5.273372750125124,1.0,0.0
HVN,2023-12-01,2023Q4,73,62,0.8493150684931506,2.0,0,1.08385382417535,0.75,0.25
HVN,2023-12-03,2023Q4,33,31,0.9393939393939394,7.625,19.0,5.244935063186478,0.0,0.5625
HVN,2023-12-04,2023Q4,110,72,0.6545454545454545,4.6875,15.0,4.113986110661654,1.0,0.0
HVN,2023-12-05,2023Q4,104,58,0.5576923076923077,5.9375,17.0,1.9921999495965266,1.0,0.0
HVN,2023-12-06,2023Q4,42,38,0.9047619047619048,7.9375,19.0,3.0564314375623085,1.0,0.0
HVN,2023-12-07,2023Q4,111,51,0.4594594594594595,4.5625,0,4.430160517601879,0.9375,0.0
HVN,2023-12-08,2023Q4,102,70,0.6862745098039216,3.5,0,1.2431085442677987,0.8125,0.0
HVN,2023-12-09,2023Q4,75,76,1.0133333333333334,4.75,0,4.344469728623276,0.4375,0.0
HVN,2023-12-11,2023Q4,33,31,0.9393939393939394,9.5,24.0,7.5061688226973455,0.875,0.0
HVN,2023-12-12,2023Q4,98,80,0.8163265306122449,9.6875,23.0,7.260199143601801,1.0,0.0
HVN,2023-12-13,2023Q4,86,66,0.7674418604651163,8.0625,21.0,7.229569331852688,1.0,0.0
HVN,2023-12-14,2023Q4,94,62,0.6595744680851063,5.9375,18.0,4.49565849993365,1.0,0.0
HVN,2023-12-15,2023Q4,147,123,0.8367346938775511,2.8125,0,2.111648881083288,1.0,0.0
HVN,2023-12-16,2023Q4,118,102,0.864406779661017,5.4375,0,3.822649092945327,1.0,0.0
HVN,2023-12-17,2023Q4,31,34,1.096774193548387,9.125,20.0,8.809617364889125,0.0625,0.1875
HVN,2023-12-18,2023Q4,34,31,0.9117647058823529,12.5,36.0,8.493235628171538,0.4375,0.3125
HVN,2023-12-19,2023Q4,53,51,0.9622641509433962,9.466666666666667,20.0,5.399441631517759,1.0,0.0
HVN,2023-12-20,2023Q4,129,70,0.5426356589147286,8.5625,20.0,3.687511800554648,1.0,0.0
HVN,2023-12-21,2023Q4,70,59,0.8428571428571429,9.0,22.0,2.5309727205132004,1.0,0.0
HVN,2023-12-22,2023Q4,128,106,0.828125,2.5,0,0.6609815367378717,1.0,0.0
HVN,2023-12-23,2023Q4,69,60,0.8695652173913043,4.3125,0,0.827677760415016,1.0,0.0
HVN,2023-12-24,2023Q4,31,33,1.064516129032258,3.0625,0,0.7045441733196725,0.4375,0.0
HVN,2023-12-25,2023Q4,37,35,0.9459459459459459,4.9375,0,1.1623909158642527,0.3125,0.0
HVN,2023-12-27,2023Q4,41,40,0.975609756097561,2.9375,0,1.4033253949282556,0.0,0.0625
HVN,2023-12-29,2023Q4,38,39,1.0263157894736843,1.8125,0,0.20662646536710313,0.4375,0.0
HVN,2023-12-30,2023Q4,85,78,0.9176470588235294,5.625,17.0,4.156756380485887,0.5,0.0625
HVN,2023-12-31,2023Q4,102,64,0.6274509803921569,2.625,0,1.748263252749284,1.0,0.0
HVN,2024-01-01,2024Q1,72,52,0.7222222222222222,4.25,0,1.2550940401379598,1.0,0.0
HVN,2024-01-02,2024Q1,65,58,0.8923076923076924,4.75,0,3.950691203802112,1.0,0.0
HVN,2024-01-03,2024Q1,67,52,0.7761194029850746,4.6875,0,3.481247597778046,1.0,0.0
HVN,2024-01-04,2024Q1,54,53,0.9814814814814815,8.75,24.0,5.468504917037767,1.0,0.0
HVN,2024-01-05,2024Q1,109,57,0.5229357798165137,6.0625,15.0,4.806225382162489,1.0,0.0
HVN,2024-01-06,2024Q1,73,51,0.6986301369863014,7.1875,22.0,6.096463093828087,0.625,0.25
HVN,2024-01-08,2024Q1,55,42,0.7636363636363637,6.0,22.0,3.6285301196287527,1.0,0.0
HVN,2024-01-09,2024Q1,60,22,0.36666666666666664,13.0,34.0,11.535415625291702,0.375,0.5625
HVN,2024-01-11,2024Q1,89,60,0.6741573033707865,7.8125,24.0,6.90349662383857,1.0,0.0
HVN,2024-01-12,2024Q1,102,59,0.5784313725490197,5.785714285714286,21.0,3.641522644369172,1.0,0.0
HVN,2024-01-15,2024Q1,132,77,0.5833333333333334,4.666666666666667,0,3.912363848830841,1.0,0.0
HVN,2024-01-17,2024Q1,69,79,1.144927536231884,8.1875,20.0,10.157793488944264,1.0,0.0
HVN,2024-01-18,2024Q1,175,82,0.4685714285714286,6.8125,19.0,7.811737894621135,1.0,0.0
HVN,2024-01-20,2024Q1,37,33,0.8918918918918919,11.9375,27.0,7.23861907559218,0.9375,0.0625
HVN,2024-01-21,2024Q1,69,59,0.855072463768116,9.0,24.0,5.082536426525469,1.0,0.0
HVN,2024-01-22,2024Q1,127,121,0.952755905511811,7.6875,20.0,7.423877550926716,1.0,0.0
HVN,2024-01-23,2024Q1,95,71,0.7473684210526316,2.6875,0,1.6933434313171214,1.0,0.0
HVN,2024-01-25,2024Q1,36,37,1.0277777777777777,4.25,23.0,2.8835158963359193,0.375,0.125
HVN,2024-01-27,2024Q1,49,38,0.7755102040816326,5.0,0,1.5887524362980103,0.0,0.0
HVN,2024-01-28,2024Q1,31,31,1.0,11.0625,24.0,5.207355666392722,0.0,0.625
HVN,2024-01-29,2024Q1,49,30,0.6122448979591837,10.0,21.0,2.428968710660301,0.1875,0.0
HVN,2024-01-30,2024Q1,110,89,0.8090909090909091,6.625,18.0,5.412029608187426,0.75,0.0
HVN,2024-01-31,2024Q1,153,85,0.5555555555555556,3.5625,0,1.9028817124690847,1.0,0.0
HVN,2024-02-01,2024Q1,100,92,0.92,5.5625,0,3.902737393798185,1.0,0.0
HVN,2024-02-02,2024Q1,61,64,1.0491803278688525,7.5625,0,1.1579048822705953,0.6875,0.0
HVN,2024-02-03,2024Q1,212,134,0.6320754716981132,10.25,22.0,2.077274492209546,1.0,0.0
HVN,2024-02-04,2024Q1,143,118,0.8251748251748252,7.9375,19.0,2.3618060674147547,1.0,0.0
HVN,2024-02-05,2024Q1,119,101,0.8487394957983193,9.5,22.0,2.1757401623435593,1.0,0.0
HVN,2024-02-06,2024Q1,106,82,0.7735849056603774,8.1875,19.0,2.5039055486776896,1.0,0.0
HVN,2024-02-07,2024Q1,160,123,0.76875,6.1875,22.0,1.1293217181318103,1.0,0.0
HVN,2024-02-08,2024Q1,160,98,0.6125,4.875,0,2.1213308078883615,0.9375,0.0
HVN,2024-02-09,2024Q1,126,115,0.9126984126984127,6.5625,0,4.221091387744099,0.9375,0.0
HVN,2024-02-10,2024Q1,131,119,0.9083969465648855,4.125,19.0,2.535603718612756,0.8125,0.0
HVN,2024-02-11,2024Q1,116,53,0.45689655172413796,4.5,0,2.4748922171089833,1.0,0.0
HVN,2024-02-12,2024Q1,110,83,0.7545454545454545,4.4375,0,2.349726558263016,1.0,0.0
HVN,2024-02-14,2024Q1,44,45,1.0227272727272727,12.625,27.0,8.939836767330775,1.0,0.0
HVN,2024-02-15,2024Q1,129,116,0.8992248062015504,6.875,18.0,3.38015115429688,0.9375,0.0625
HVN,2024-02-16,2024Q1,32,32,1.0,10.625,34.0,9.025218784814156,1.0,0.0
HVN,2024-02-17,2024Q1,30,30,1.0,6.625,20.0,4.094379130525819,0.5,0.4375
HVN,2024-02-18,2024Q1,41,36,0.8780487804878049,11.1875,30.0,9.386321084206442,1.0,0.0
HVN,2024-02-19,2024Q1,147,122,0.8299319727891157,6.125,21.0,3.2072302896615112,1.0,0.0
HVN,2024-02-20,2024Q1,114,66,0.5789473684210527,4.6875,0,1.4135245856536776,1.0,0.0
HVN,2024-02-21,2024Q1,167,99,0.592814371257485,5.875,0,4.642186773904684,0.8125,0.0
HVN,2024-02-22,2024Q1,144,66,0.4583333333333333,5.875,0,1.4285685916367274,0.3125,0.0
HVN,2024-02-23,2024Q1,38,39,1.0263157894736843,3.6875,0,0.727238479431964,0.75,0.0625
HVN,2024-02-24,2024Q1,84,55,0.6547619047619048,10.8125,25.0,3.4682522049637203,1.0,0.0
HVN,2024-02-25,2024Q1,156,148,0.9487179487179487,6.125,0,2.389818704731577,1.0,0.0
HVN,2024-02-26,2024Q1,52,43,0.8269230769230769,5.5,16.0,3.65056856954468,1.0,0.0
HVN,2024-02-27,2024Q1,43,40,0.9302325581395349,6.5,0,5.070665731422945,0.5,0.1875
HVN,2024-02-28,2024Q1,31,33,1.064516129032258,8.3125,24.0,3.050045160156026,0.1875,0.375
HVN,2024-02-29,2024Q1,47,39,0.8297872340425532,11.8125,31.0,10.760408556919906,1.0,0.0
HVN,2024-03-01,2024Q1,178,130,0.7303370786516854,6.75,0,3.8839374245359957,1.0,0.0
HVN,2024-03-02,2024Q1,30,29,0.9666666666666667,8.3125,26.0,8.150952688302084,0.0625,0.75
HVN,2024-03-03,2024Q1,103,86,0.8349514563106796,6.3125,17.0,1.8863957687629187,0.75,0.0
HVN,2024-03-04,2024Q1,102,62,0.6078431372549019,6.9375,22.0,6.069354207484774,0.8125,0.0
HVN,2024-03-06,2024Q1,35,37,1.0571428571428572,3.4375,0,2.3169916736506977,0.0,0.5625
HVN,2024-03-07,2024Q1,64,47,0.734375,15.875,32.0,3.4742753300622287,0.25,0.0625
HVN,2024-03-08,2024Q1,121,91,0.7520661157024794,7.8125,22.0,2.217359121946599,1.0,0.0
HVN,2024-03-09,2024Q1,41,29,0.7073170731707317,13.125,30.0,12.080468675430271,0.0,0.3125
HVN,2024-03-10,2024Q1,42,44,1.0476190476190477,7.6875,23.0,6.856439579904506,0.4375,0.125
HVN,2024-03-11,2024Q1,31,29,0.9354838709677419,16.8125,38.0,12.362703789318847,1.0,0.0
HVN,2024-03-12,2024Q1,103,43,0.4174757281553398,8.875,28.0,6.274887740768965,1.0,0.0
HVN,2024-03-13,2024Q1,135,95,0.7037037037037037,6.3125,14.0,3.8305457061849033,1.0,0.0
HVN,2024-03-14,2024Q1,168,97,0.5773809523809523,3.6875,0,2.0359055395941437,1.0,0.0
HVN,2024-03-15,2024Q1,133,103,0.7744360902255639,6.6875,24.0,2.790500337842052,1.0,0.0
HVN,2024-03-16,2024Q1,104,88,0.8461538461538461,6.0,22.0,2.033624742015303,1.0,0.0
HVN,2024-03-17,2024Q1,48,45,0.9375,7.4375,24.0,5.636336959985738,1.0,0.0
HVN,2024-03-18,2024Q1,107,77,0.719626168224299,10.6875,23.0,8.142094529567583,1.0,0.0
HVN,2024-03-19,2024Q1,62,59,0.9516129032258065,10.9375,26.0,9.428350846484141,1.0,0.0
HVN,2024-03-20,2024Q1,119,89,0.7478991596638656,8.25,23.0,7.066578753428687,0.875,0.125
HVN,2024-03-21,2024Q1,33,31,0.9393939393939394,13.066666666666666,29.0,10.90813241650796,1.0,0.0
HVN,2024-03-23,2024Q1,31,31,1.0,10.8125,32.0,4.1806672839987105,0.125,0.8125
HVN,2024-03-24,2024Q1,126,111,0.8809523809523809,11.8125,28.0,3.0278741540519087,1.0,0.0
HVN,2024-03-25,2024Q1,166,99,0.5963855421686747,11.3125,21.0,6.16402425514249,1.0,0.0
HVN,2024-03-26,2024Q1,47,30,0.6382978723404256,9.1875,22.0,4.466775689661234,0.5625,0.0
HVN,2024-03-27,2024Q1,68,46,0.6764705882352942,5.25,0,2.1701335179950942,0.6875,0.0625
HVN,2024-03-28,2024Q1,44,44,1.0,5.6875,18.0,2.21350005077889,0.1875,0.5625
HVN,2024-03-29,2024Q1,79,51,0.6455696202531646,15.25,31.0,8.308078837617579,1.0,0.0
HVN,2024-03-30,2024Q1,83,69,0.8313253012048193,9.625,28.0,7.184263031499463,1.0,0.0
HVN,2024-03-31,2024Q1,110,76,0.6909090909090909,5.5,17.0,2.844409948421575,1.0,0.0
HVN,2024-04-01,2024Q2,211,142,0.6729857819905213,3.6875,20.0,2.3543262965485576,1.0,0.0
HVN,2024-04-02,2024Q2,49,46,0.9387755102040817,8.125,24.0,7.126151099308292,0.4375,0.5
HVN,2024-04-04,2024Q2,59,50,0.847457627118644,11.0,24.0,3.2014724981198226,0.625,0.1875
HVN,2024-04-05,2024Q2,77,62,0.8051948051948052,8.6875,26.0,6.766851110442864,1.0,0.0
HVN,2024-04-06,2024Q2,73,61,0.8356164383561644,12.3125,31.0,3.476969205205673,1.0,0.0
HVN,2024-04-07,2024Q2,87,85,0.9770114942528736,6.0,18.0,1.867693347108048,1.0,0.0
HVN,2024-04-08,2024Q2,120,85,0.7083333333333334,6.375,19.0,4.255731649539403,1.0,0.0
HVN,2024-04-09,2024Q2,124,89,0.717741935483871,6.0625,0,3.1229329199063987,1.0,0.0
HVN,2024-04-10,2024Q2,84,66,0.7857142857142857,8.75,25.0,8.435575650593105,0.625,0.0
HVN,2024-04-11,2024Q2,40,45,1.125,8.125,20.0,7.91394958410294,0.0625,0.375
HVN,2024-04-12,2024Q2,61,63,1.0327868852459017,10.6875,31.0,5.002636111171853,0.4375,0.125
HVN,2024-04-13,2024Q2,44,43,0.9772727272727273,12.4375,28.0,12.067623418122746,1.0,0.0
HVN,2024-04-14,2024Q2,189,137,0.7248677248677249,7.9375,23.0,4.677125514617953,1.0,0.0
HVN,2024-04-15,2024Q2,115,83,0.7217391304347827,5.125,21.0,1.7935845791759653,1.0,0.0
HVN,2024-04-16,2024Q2,122,88,0.7213114754098361,6.9375,19.0,4.960079313537725,1.0,0.0
HVN,2024-04-17,2024Q2,88,74,0.8409090909090909,9.0,22.0,8.213186799133391,0.9375,0.0625
HVN,2024-04-18,2024Q2,41,42,1.024390243902439,7.75,20.0,4.873727411880046,0.4375,0.125
HVN,2024-04-19,2024Q2,136,93,0.6838235294117647,8.9375,26.0,8.175784830918747,0.8125,0.0
HVN,2024-04-20,2024Q2,65,58,0.8923076923076924,6.0,24.0,1.706829342771995,0.625,0.125
HVN,2024-04-21,2024Q2,196,119,0.6071428571428571,7.0625,19.0,5.233381529056052,1.0,0.0
HVN,2024-04-22,2024Q2,151,111,0.7350993377483444,6.4375,20.0,3.2632907291210174,1.0,0.0
HVN,2024-04-23,2024Q2,145,103,0.7103448275862069,7.1875,22.0,1.683124110888205,1.0,0.0
HVN,2024-04-24,2024Q2,64,42,0.65625,8.0,22.0,3.694338701458501,1.0,0.0
HVN,2024-04-25,2024Q2,105,93,0.8857142857142857,8.5,0,2.265618231154866,1.0,0.0
HVN,2024-04-26,2024Q2,155,118,0.7612903225806451,7.375,0,1.965836272213202,1.0,0.0
HVN,2024-04-27,2024Q2,145,122,0.8413793103448276,6.9375,15.0,3.2910334647337427,1.0,0.0
HVN,2024-04-28,2024Q2,53,45,0.8490566037735849,4.1875,0,1.555720765573973,0.5625,0.0625
HVN,2024-04-29,2024Q2,140,113,0.8071428571428572,7.5625,20.0,4.728373595400414,1.0,0.0
HVN,2024-05-01,2024Q2,106,100,0.9433962264150944,6.875,0,4.985585425270847,0.75,0.0
HVN,2024-05-02,2024Q2,91,70,0.7692307692307693,4.8125,0,2.2488327447592997,0.4375,0.0
HVN,2024-05-03,2024Q2,169,137,0.8106508875739645,6.625,0,4.14768220061616,0.75,0.0
HVN,2024-05-04,2024Q2,149,96,0.6442953020134228,7.125,18.0,5.905290960393377,0.8125,0.0
HVN,2024-05-05,2024Q2,42,41,0.9761904761904762,7.8125,19.0,6.724019672497884,0.0,0.4375
HVN,2024-05-06,2024Q2,45,46,1.0222222222222221,4.4375,0,2.2285126260419412,0.625,0.0
HVN,2024-05-07,2024Q2,180,122,0.6777777777777778,7.6875,15.0,2.501579262063016,1.0,0.0
HVN,2024-05-08,2024Q2,62,32,0.5161290322580645,5.625,20.0,1.8630492377154044,0.625,0.125
HVN,2024-05-09,2024Q2,121,110,0.9090909090909091,7.4375,21.0,4.049317863916046,1.0,0.0
HVN,2024-05-10,2024Q2,45,48,1.0666666666666667,5.875,18.0,4.41908222813414,0.5625,0.125
HVN,2024-05-11,2024Q2,144,108,0.75,8.875,0,3.869267840288856,1.0,0.0
HVN,2024-05-12,2024Q2,86,75,0.872093023255814,7.5,16.0,4.492764275682899,0.5625,0.0
HVN,2024-05-13,2024Q2,127,87,0.6850393700787402,5.375,15.0,1.7298648662156952,1.0,0.0
HVN,2024-05-14,2024Q2,161,109,0.6770186335403726,6.6875,0,2.961915708193957,1.0,0.0
HVN,2024-05-15,2024Q2,42,39,0.9285714285714286,6.25,17.0,5.640326752393344,0.0625,0.5625
HVN,2024-05-16,2024Q2,39,38,0.9743589743589743,12.666666666666666,27.0,6.647358219926793,0.06666666666666667,0.06666666666666667
HVN,2024-05-17,2024Q2,123,92,0.7479674796747967,6.4375,0,2.527391984891389,1.0,0.0
HVN,2024-05-18,2024Q2,80,74,0.925,8.5,18.0,2.445859448514539,0.3125,0.125
HVN,2024-05-19,2024Q2,115,103,0.8956521739130435,7.75,24.0,2.816972230449586,0.375,0.0
HVN,2024-05-20,2024Q2,105,83,0.7904761904761904,6.125,21.0,3.256341899145683,0.75,0.0
HVN,2024-05-21,2024Q2,89,73,0.8202247191011236,4.75,0,1.6960634455228005,0.625,0.0
HVN,2024-05-22,2024Q2,183,129,0.7049180327868853,7.0625,20.0,2.573312281679405,1.0,0.0
HVN,2024-05-23,2024Q2,86,64,0.7441860465116279,5.1875,0,3.0899862630168675,0.8125,0.0625
HVN,2024-05-24,2024Q2,140,115,0.8214285714285714,5.3125,20.0,2.7997096397962014,0.875,0.0
HVN,2024-05-25,2024Q2,151,123,0.8145695364238411,7.0,22.0,5.589836197127994,1.0,0.0
HVN,2024-05-26,2024Q2,116,90,0.7758620689655172,5.125,0,3.1728681054319674,0.8125,0.0
HVN,2024-05-27,2024Q2,34,35,1.0294117647058822,8.625,23.0,7.486835815240407,0.0,0.3125
HVN,2024-05-28,2024Q2,72,50,0.6944444444444444,9.0625,24.0,6.159552555082564,0.75,0.0
HVN,2024-05-29,2024Q2,114,111,0.9736842105263158,6.875,15.0,3.645172634798518,0.875,0.0
HVN,2024-05-30,2024Q2,107,108,1.0093457943925233,9.1875,23.0,1.905793248895061,0.8125,0.0625
HVN,2024-05-31,2024Q2,120,142,1.1833333333333333,6.875,20.0,2.7896008835862327,1.0,0.0
HVN,2024-06-01,2024Q2,91,83,0.9120879120879121,6.5625,17.0,2.2792554076536256,1.0,0.0
HVN,2024-06-02,2024Q2,92,85,0.9239130434782609,4.75,0,1.5667356011470654,1.0,0.0
HVN,2024-06-03,2024Q2,96,73,0.7604166666666666,3.4375,0,1.660336066464989,1.0,0.0
HVN,2024-06-04,2024Q2,51,41,0.803921568627451,7.1875,16.0,6.335669621748352,0.9375,0.0
HVN,2024-06-05,2024Q2,50,39,0.78,5.0625,0,1.5573465419264183,0.5625,0.0
HVN,2024-06-06,2024Q2,47,49,1.0425531914893618,5.1875,0,3.586787868671967,0.375,0.0625
HVN,2024-06-07,2024Q2,131,95,0.7251908396946565,5.0,16.0,2.284013428673104,1.0,0.0
HVN,2024-06-08,2024Q2,84,62,0.7380952380952381,7.6875,22.0,7.397471463000566,1.0,0.0
HVN,2024-06-09,2024Q2,81,64,0.7901234567901234,6.75,19.0,3.7183911655331556,0.75,0.125
HVN,2024-06-10,2024Q2,147,103,0.7006802721088435,7.125,19.0,4.986612442324769,1.0,0.0
HVN,2024-06-11,2024Q2,122,88,0.7213114754098361,5.5625,0,3.1219026273409067,1.0,0.0
HVN,2024-06-12,2024Q2,113,74,0.6548672566371682,6.5,17.0,3.844073494826407,1.0,0.0
HVN,2024-06-13,2024Q2,148,114,0.7702702702702703,5.5,18.0,2.0413035776348387,1.0,0.0
HVN,2024-06-14,2024Q2,102,102,1.0,5.75,0,2.9641691439681037,0.9375,0.0625
HVN,2024-06-15,2024Q2,123,97,0.7886178861788617,9.5625,25.0,3.9914386100494794,1.0,0.0
HVN,2024-06-16,2024Q2,133,107,0.8045112781954887,8.1875,0,1.921687909670742,1.0,0.0
HVN,2024-06-17,2024Q2,163,117,0.7177914110429447,6.0625,0,1.4920618471251488,0.9375,0.0
HVN,2024-06-18,2024Q2,100,76,0.76,6.375,0,2.1620720162271354,1.0,0.0
HVN,2024-06-19,2024Q2,111,94,0.8468468468468469,7.0,0,3.3902646478541807,1.0,0.0
HVN,2024-06-20,2024Q2,150,116,0.7733333333333333,7.1875,17.0,4.240567586367083,1.0,0.0
HVN,2024-06-21,2024Q2,94,91,0.9680851063829787,5.466666666666667,15.0,2.7220831243824795,0.8666666666666667,0.13333333333333333
HVN,2024-06-22,2024Q2,79,73,0.9240506329113924,4.875,0,2.8936643103533624,0.8125,0.0625
HVN,2024-06-23,2024Q2,93,78,0.8387096774193549,7.3125,23.0,3.105011705762154,0.875,0.0
HVN,2024-06-24,2024Q2,85,72,0.8470588235294118,10.625,34.0,7.716802084714223,1.0,0.0
HVN,2024-06-25,2024Q2,101,98,0.9702970297029703,8.75,21.0,5.233396243239803,1.0,0.0
HVN,2024-06-26,2024Q2,131,136,1.0381679389312977,7.25,18.0,3.7005516855818374,1.0,0.0
HVN,2024-06-27,2024Q2,183,134,0.73224043715847,7.8125,20.0,4.669885860874439,1.0,0.0
HVN,2024-06-28,2024Q2,138,139,1.0072463768115942,7.5625,16.0,1.984708802306402,1.0,0.0
HVN,2024-06-29,2024Q2,77,66,0.8571428571428571,8.375,19.0,1.9993072877118154,0.5,0.0625
HVN,2024-06-30,2024Q2,48,50,1.0416666666666667,4.875,17.0,2.113802735119304,0.1875,0.125
HVN,2024-07-01,2024Q3,119,118,0.9915966386554622,11.6875,27.0,2.6138594074550987,1.0,0.0
HVN,2024-07-02,2024Q3,149,112,0.7516778523489933,6.0625,0,1.6389287951893894,1.0,0.0
HVN,2024-07-03,2024Q3,135,110,0.8148148148148148,5.875,17.0,1.1872664993103461,1.0,0.0
HVN,2024-07-04,2024Q3,107,77,0.719626168224299,5.5625,0,2.520316273294301,1.0,0.0
HVN,2024-07-05,2024Q3,91,82,0.9010989010989011,5.3125,0,2.6317603479095846,0.5625,0.0625
HVN,2024-07-06,2024Q3,43,38,0.8837209302325582,5.25,0,1.8206020106839174,0.0625,0.125
HVN,2024-07-07,2024Q3,112,95,0.8482142857142857,3.25,0,1.264040174750311,0.8125,0.0
HVN,2024-07-08,2024Q3,192,132,0.6875,5.8125,0,1.6586523709183678,1.0,0.0
HVN,2024-07-09,2024Q3,77,55,0.7142857142857143,5.6875,14.0,1.58769348568489,0.75,0.0
HVN,2024-07-10,2024Q3,58,57,0.9827586206896551,7.9375,19.0,1.421755054482499,0.5,0.0
HVN,2024-07-11,2024Q3,124,111,0.8951612903225806,7.0,19.0,3.7171148983495987,0.9375,0.0
HVN,2024-07-12,2024Q3,71,59,0.8309859154929577,4.375,0,1.2983679807205872,0.4375,0.1875
HVN,2024-07-13,2024Q3,70,67,0.9571428571428572,4.0625,0,1.3049345411838043,0.5625,0.25
HVN,2024-07-14,2024Q3,139,121,0.8705035971223022,4.3125,0,1.6361390051887441,1.0,0.0
HVN,2024-07-15,2024Q3,149,103,0.6912751677852349,4.8125,0,2.7613507669721016,1.0,0.0
HVN,2024-07-16,2024Q3,147,110,0.7482993197278912,6.4375,19.0,3.076726827660084,1.0,0.0
HVN,2024-07-17,2024Q3,104,80,0.7692307692307693,4.3125,0,1.8480852380215347,0.9375,0.0625
HVN,2024-07-18,2024Q3,121,127,1.0495867768595042,4.9375,17.0,2.271776772301503,1.0,0.0
HVN,2024-07-19,2024Q3,163,150,0.9202453987730062,5.0625,21.0,1.9649194810953645,1.0,0.0
HVN,2024-07-20,2024Q3,126,85,0.6746031746031746,4.25,16.0,1.7128869530191564,1.0,0.0
HVN,2024-07-21,2024Q3,133,117,0.8796992481203008,4.8125,0,2.03598707837288,1.0,0.0
HVN,2024-07-22,2024Q3,99,85,0.8585858585858586,4.25,0,1.594424842620971,0.9375,0.0
HVN,2024-07-24,2024Q3,44,52,1.1818181818181819,7.4375,0,6.92965858242788,0.25,0.0
HVN,2024-07-25,2024Q3,105,100,0.9523809523809523,4.25,0,2.610956335579873,0.6875,0.0
HVN,2024-07-27,2024Q3,102,96,0.9411764705882353,5.0625,15.0,1.5094059452546478,1.0,0.0
HVN,2024-07-28,2024Q3,182,150,0.8241758241758241,5.5,0,3.1903263515431246,1.0,0.0
HVN,2024-07-29,2024Q3,62,53,0.8548387096774194,4.5,0,3.8003037026658615,0.4375,0.25
HVN,2024-07-30,2024Q3,156,106,0.6794871794871795,8.0625,19.0,1.699738054803384,0.6875,0.0
HVN,2024-07-31,2024Q3,96,94,0.9791666666666666,6.875,14.0,1.7938825924690598,0.8125,0.0
HVN,2024-08-01,2024Q3,145,131,0.903448275862069,5.8125,16.0,3.419339148395234,1.0,0.0
HVN,2024-08-02,2024Q3,144,114,0.7916666666666666,4.125,0,2.1061061259565688,0.875,0.0
HVN,2024-08-03,2024Q3,83,72,0.8674698795180723,8.0625,42.0,4.725822776948977,0.6875,0.125
HVN,2024-08-04,2024Q3,54,54,1.0,5.6875,15.0,3.1282682912885664,0.4375,0.1875
HVN,2024-08-05,2024Q3,222,167,0.7522522522522522,4.25,0,1.8662637631806942,0.9375,0.0
HVN,2024-08-06,2024Q3,92,48,0.5217391304347826,4.25,16.0,3.15139480203069,0.3125,0.4375
HVN,2024-08-07,2024Q3,39,37,0.9487179487179487,6.5625,0,4.033615891636803,0.0625,0.0625
HVN,2024-08-08,2024Q3,69,61,0.8840579710144928,8.5,23.0,8.156314099051702,0.1875,0.0625
HVN,2024-08-09,2024Q3,48,49,1.0208333333333333,13.375,30.0,3.3854645937664842,0.0,0.0625
HVN,2024-08-10,2024Q3,98,75,0.7653061224489796,5.625,18.0,4.122246133293694,0.9375,0.0
HVN,2024-08-11,2024Q3,150,116,0.7733333333333333,4.5,0,2.066526728214764,1.0,0.0
HVN,2024-08-12,2024Q3,178,139,0.7808988764044944,6.75,18.0,4.963532560852155,1.0,0.0
HVN,2024-08-13,2024Q3,100,90,0.9,7.8125,19.0,4.8899734389279415,1.0,0.0
HVN,2024-08-14,2024Q3,199,190,0.9547738693467337,4.5,14.0,1.8611498627267626,1.0,0.0
HVN,2024-08-15,2024Q3,137,101,0.7372262773722628,4.3125,15.0,2.807259745783841,1.0,0.0
HVN,2024-08-16,2024Q3,160,135,0.84375,5.625,0,3.533878651108855,0.9375,0.0
HVN,2024-08-17,2024Q3,73,55,0.7534246575342466,8.75,24.0,7.791707779407826,0.375,0.0625
HVN,2024-08-18,2024Q3,63,61,0.9682539682539683,8.5625,30.0,8.347332493035049,0.125,0.375
HVN,2024-08-19,2024Q3,89,75,0.8426966292134831,4.5625,0,2.0599949792587946,0.375,0.1875
HVN,2024-08-20,2024Q3,109,96,0.8807339449541285,9.1875,24.0,4.457406289440292,0.9375,0.0
HVN,2024-08-21,2024Q3,156,122,0.782051282051282,6.1875,0,5.941923978026761,1.0,0.0
HVN,2024-08-22,2024Q3,145,119,0.8206896551724138,4.125,0,3.4931239238894762,1.0,0.0
HVN,2024-08-23,2024Q3,209,164,0.784688995215311,5.0625,0,2.0979274406622683,1.0,0.0
HVN,2024-08-24,2024Q3,172,147,0.8546511627906976,4.375,0,1.5394289436722288,1.0,0.0
HVN,2024-08-25,2024Q3,124,96,0.7741935483870968,4.3125,15.0,1.0184665969669537,1.0,0.0
HVN,2024-08-26,2024Q3,136,94,0.6911764705882353,4.25,22.0,1.6347223563017923,0.9375,0.0625
HVN,2024-08-27,2024Q3,160,106,0.6625,5.125,0,1.964540820835278,0.9375,0.0
HVN,2024-08-28,2024Q3,121,120,0.9917355371900827,5.75,16.0,3.072135046295823,1.0,0.0
HVN,2024-08-29,2024Q3,99,84,0.8484848484848485,6.6875,0,5.4499074664120934,0.875,0.0
HVN,2024-08-30,2024Q3,112,94,0.8392857142857143,8.375,20.0,7.381607223262906,1.0,0.0
HVN,2024-08-31,2024Q3,123,110,0.8943089430894309,6.375,0,4.407486998784111,0.9375,0.0
HVN,2024-09-01,2024Q3,72,61,0.8472222222222222,5.25,15.0,2.367018541328807,0.625,0.0625
HVN,2024-09-02,2024Q3,166,141,0.8493975903614458,8.866666666666667,18.0,2.5052617745771673,1.0,0.0
HVN,2024-09-03,2024Q3,93,90,0.967741935483871,5.625,18.0,3.0752478739092903,1.0,0.0
HVN,2024-09-04,2024Q3,173,133,0.7687861271676301,3.4375,0,1.116660557035957,1.0,0.0
HVN,2024-09-05,2024Q3,124,102,0.8225806451612904,7.4375,25.0,6.4437100951381545,1.0,0.0
HVN,2024-09-06,2024Q3,165,153,0.9272727272727272,6.25,16.0,2.6013699082723174,0.9375,0.0
HVN,2024-09-07,2024Q3,39,32,0.8205128205128205,6.75,27.0,5.021782448833028,0.375,0.125
HVN,2024-09-08,2024Q3,100,94,0.94,6.1875,18.0,6.029951729997914,1.0,0.0
HVN,2024-09-09,2024Q3,135,109,0.8074074074074075,6.9375,18.0,5.489224507411349,1.0,0.0
HVN,2024-09-10,2024Q3,146,127,0.8698630136986302,6.625,17.0,2.6755405507377406,1.0,0.0
HVN,2024-09-11,2024Q3,105,80,0.7619047619047619,3.875,0,1.5385608623139375,1.0,0.0
HVN,2024-09-12,2024Q3,141,100,0.7092198581560284,4.0,0,1.2530492288919435,1.0,0.0
HVN,2024-09-13,2024Q3,129,102,0.7906976744186046,3.75,0,1.4034966530034365,1.0,0.0
HVN,2024-09-14,2024Q3,82,72,0.8780487804878049,3.625,0,1.0059615771566561,1.0,0.0
HVN,2024-09-15,2024Q3,114,83,0.7280701754385965,7.0625,17.0,4.992270128077528,0.9375,0.0
HVN,2024-09-17,2024Q3,98,98,1.0,3.4375,0,0.8242471929651511,0.8125,0.0
HVN,2024-09-18,2024Q3,116,93,0.8017241379310345,4.5,0,2.6892617400601546,0.875,0.0
HVN,2024-09-19,2024Q3,153,125,0.8169934640522876,10.5,25.0,3.818123124263967,1.0,0.0
HVN,2024-09-20,2024Q3,81,76,0.9382716049382716,11.8125,25.0,3.6911605578245497,0.6875,0.0
HVN,2024-09-21,2024Q3,44,47,1.0681818181818181,11.9375,25.0,3.555428124021507,1.0,0.0
HVN,2024-09-22,2024Q3,111,96,0.8648648648648649,8.375,22.0,6.203377285131521,1.0,0.0
HVN,2024-09-23,2024Q3,149,127,0.8523489932885906,5.8125,16.0,4.397290238597312,1.0,0.0
HVN,2024-09-25,2024Q3,66,45,0.6818181818181818,8.125,21.0,7.443384402755122,0.875,0.0
HVN,2024-09-26,2024Q3,67,70,1.044776119402985,5.25,0,2.975673714720625,0.0,0.0625
HVN,2024-09-27,2024Q3,143,133,0.9300699300699301,3.1875,0,0.7866012928153873,0.875,0.125
HVN,2024-09-28,2024Q3,94,86,0.9148936170212766,7.5625,187.0,7.241585620017787,0.6875,0.1875
HVN,2024-09-29,2024Q3,84,81,0.9642857142857143,4.8125,0,2.7528688586190606,0.3125,0.0
HVN,2024-09-30,2024Q3,108,96,0.8888888888888888,5.75,18.0,3.5456014814134895,0.625,0.0
HVN,2024-10-01,2024Q4,70,59,0.8428571428571429,7.3125,18.0,6.0337976067221035,0.8125,0.0
HVN,2024-10-02,2024Q4,102,88,0.8627450980392157,5.875,15.0,3.9481111447363038,1.0,0.0
HVN,2024-10-03,2024Q4,130,112,0.8615384615384616,4.875,0,1.9507504495030838,0.9375,0.0
HVN,2024-10-04,2024Q4,175,157,0.8971428571428571,3.6875,0,1.8773500558749536,1.0,0.0
HVN,2024-10-05,2024Q4,117,95,0.811965811965812,7.9375,21.0,1.2932642889635746,1.0,0.0
HVN,2024-10-06,2024Q4,148,112,0.7567567567567568,6.875,0,2.425438234828789,1.0,0.0
HVN,2024-10-07,2024Q4,110,85,0.7727272727272727,6.375,0,2.0656223779139706,0.625,0.1875
HVN,2024-10-08,2024Q4,111,92,0.8288288288288288,5.125,0,3.238128617796405,1.0,0.0
HVN,2024-10-09,2024Q4,96,70,0.7291666666666666,4.5,0,2.9784008810303146,1.0,0.0
HVN,2024-10-10,2024Q4,90,86,0.9555555555555556,9.875,25.0,4.62640977475084,1.0,0.0
HVN,2024-10-11,2024Q4,155,125,0.8064516129032258,5.9375,0,5.506105606081788,1.0,0.0
HVN,2024-10-12,2024Q4,87,80,0.9195402298850575,8.0,26.0,4.555942581678197,1.0,0.0
HVN,2024-10-13,2024Q4,89,79,0.8876404494382022,8.4375,19.0,4.482198839771085,0.8125,0.0625
HVN,2024-10-14,2024Q4,64,64,1.0,9.4375,30.0,6.63480023390543,0.625,0.0
HVN,2024-10-15,2024Q4,72,67,0.9305555555555556,7.9375,18.0,7.395178854994222,1.0,0.0
HVN,2024-10-16,2024Q4,57,54,0.9473684210526315,8.6875,21.0,4.128778697855041,1.0,0.0
HVN,2024-10-17,2024Q4,177,145,0.8192090395480226,7.25,20.0,1.7250266566239643,1.0,0.0
HVN,2024-10-18,2024Q4,122,107,0.8770491803278688,7.1875,23.0,1.437876176825178,1.0,0.0
HVN,2024-10-19,2024Q4,96,78,0.8125,2.5,0,0.972555981896389,1.0,0.0
HVN,2024-10-20,2024Q4,143,128,0.8951048951048951,3.0,0,1.8650809145358906,1.0,0.0
HVN,2024-10-21,2024Q4,88,78,0.8863636363636364,2.75,0,1.4486616645011068,1.0,0.0
HVN,2024-10-22,2024Q4,80,58,0.725,3.0,0,1.8961409598855419,1.0,0.0
HVN,2024-10-23,2024Q4,109,101,0.926605504587156,5.25,19.0,2.193051074278773,0.8125,0.0
HVN,2024-10-24,2024Q4,99,99,1.0,11.3125,27.0,4.084916625032222,1.0,0.0
HVN,2024-10-25,2024Q4,126,102,0.8095238095238095,5.5,0,2.0493484649679736,1.0,0.0
HVN,2024-10-26,2024Q4,53,51,0.9622641509433962,9.125,24.0,6.149024237088812,1.0,0.0
HVN,2024-10-27,2024Q4,166,138,0.8313253012048193,3.375,0,2.0072734845163316,1.0,0.0
HVN,2024-10-28,2024Q4,121,106,0.8760330578512396,4.5,0,2.278769337040645,0.9375,0.0
HVN,2024-10-29,2024Q4,38,33,0.868421052631579,10.1875,22.0,8.174795548015867,0.5,0.0625
HVN,2024-10-30,2024Q4,124,93,0.75,4.0,0,2.274753260350364,0.9375,0.0
HVN,2024-10-31,2024Q4,172,122,0.7093023255813954,7.0625,18.0,4.866161696134478,0.8125,0.0
HVN,2024-11-01,2024Q4,51,54,1.0588235294117647,10.75,25.0,5.467468685022444,0.9375,0.0625
HVN,2024-11-02,2024Q4,85,81,0.9529411764705882,8.25,23.0,3.54180835343415,1.0,0.0
HVN,2024-11-03,2024Q4,152,144,0.9473684210526315,4.5625,0,1.625125030906716,1.0,0.0
HVN,2024-11-04,2024Q4,128,112,0.875,6.875,17.0,3.0259569338530947,1.0,0.0
HVN,2024-11-05,2024Q4,90,68,0.7555555555555555,7.5,21.0,5.545745794913046,0.875,0.0
HVN,2024-11-06,2024Q4,68,57,0.8382352941176471,7.25,22.0,5.369098367597736,1.0,0.0
HVN,2024-11-07,2024Q4,85,74,0.8705882352941177,7.75,21.0,3.8641074226740058,1.0,0.0
HVN,2024-11-08,2024Q4,60,60,1.0,10.0,26.0,8.017650911121445,1.0,0.0
HVN,2024-11-09,2024Q4,52,51,0.9807692307692307,7.25,20.0,3.5170226221864596,1.0,0.0
HVN,2024-11-10,2024Q4,97,80,0.8247422680412371,4.9375,18.0,2.963660187553138,0.875,0.0
HVN,2024-11-11,2024Q4,47,62,1.3191489361702127,5.545454545454546,20.0,5.33794368715975,0.9090909090909091,0.0
HVN,2024-11-13,2024Q4,121,108,0.8925619834710744,8.0625,24.0,2.4164754746437094,1.0,0.0
HVN,2024-11-14,2024Q4,135,123,0.9111111111111111,5.3125,0,1.399256477870068,1.0,0.0
HVN,2024-11-15,2024Q4,84,79,0.9404761904761905,8.375,22.0,4.653953075873682,1.0,0.0
HVN,2024-11-16,2024Q4,51,46,0.9019607843137255,10.5625,28.0,5.768219309122623,1.0,0.0
HVN,2024-11-17,2024Q4,96,97,1.0104166666666667,6.0625,22.0,2.976905568131163,1.0,0.0
HVN,2024-11-18,2024Q4,88,80,0.9090909090909091,6.875,21.0,4.831762796091701,1.0,0.0
HVN,2024-11-19,2024Q4,116,105,0.9051724137931034,7.125,18.0,4.237460212205031,1.0,0.0
HVN,2024-11-20,2024Q4,88,84,0.9545454545454546,4.6875,19.0,3.6132570237337562,1.0,0.0
HVN,2024-11-21,2024Q4,50,50,1.0,8.6875,20.0,2.1938637253660174,0.1875,0.5625
HVN,2024-11-22,2024Q4,42,40,0.9523809523809523,9.625,28.0,3.535070451317796,0.375,0.0
HVN,2024-11-23,2024Q4,41,41,1.0,9.75,27.0,7.422533433060026,0.9375,0.0
HVN,2024-11-24,2024Q4,46,47,1.0217391304347827,9.5,27.0,9.69620755554335,1.0,0.0
HVN,2024-11-25,2024Q4,143,117,0.8181818181818182,4.0625,0,3.205444320657056,1.0,0.0
HVN,2024-11-26,2024Q4,60,54,0.9,4.5625,15.0,2.674934360501745,0.5,0.1875
HVN,2024-11-27,2024Q4,92,80,0.8695652173913043,4.8125,18.0,4.508791156415302,1.0,0.0
HVN,2024-11-28,2024Q4,40,41,1.025,8.5,25.0,5.499575360356631,0.3125,0.4375
HVN,2024-11-29,2024Q4,74,70,0.9459459459459459,6.125,16.0,5.929923760261101,1.0,0.0
HVN,2024-11-30,2024Q4,79,79,1.0,8.125,20.0,7.744623801536433,1.0,0.0
HVN,2024-12-01,2024Q4,103,94,0.912621359223301,6.1875,18.0,6.388125325903047,1.0,0.0
HVN,2024-12-02,2024Q4,70,68,0.9714285714285714,5.5625,0,3.556791810480731,1.0,0.0
HVN,2024-12-03,2024Q4,74,73,0.9864864864864865,6.1875,17.0,4.378115987083146,1.0,0.0
HVN,2024-12-04,2024Q4,83,60,0.7228915662650602,9.0,33.0,4.76486123545351,0.8125,0.1875
HVN,2024-12-05,2024Q4,41,39,0.9512195121951219,11.9375,30.0,11.064959357812592,0.8125,0.125
HVN,2024-12-06,2024Q4,38,36,0.9473684210526315,11.375,27.0,8.06613512800486,1.0,0.0
HVN,2024-12-07,2024Q4,103,91,0.883495145631068,6.5,0,5.802887222072312,1.0,0.0
HVN,2024-12-08,2024Q4,55,53,0.9636363636363636,8.5625,27.0,7.147305117389577,1.0,0.0
HVN,2024-12-09,2024Q4,78,73,0.9358974358974359,7.1875,21.0,5.472565986519357,0.4375,0.3125
HVN,2024-12-12,2024Q4,46,44,0.9565217391304348,12.375,30.0,12.1466981718836,1.0,0.0
HVN,2024-12-13,2024Q4,102,99,0.9705882352941176,7.125,21.0,4.284558409354383,1.0,0.0
HVN,2024-12-14,2024Q4,127,115,0.905511811023622,4.0,0,0.8686416104130101,1.0,0.0
HVN,2024-12-15,2024Q4,99,89,0.898989898989899,5.625,0,2.595443686277693,1.0,0.0
HVN,2024-12-16,2024Q4,47,45,0.9574468085106383,7.875,20.0,4.841868230202976,0.0,0.4375
HVN,2024-12-17,2024Q4,37,34,0.918918918918919,5.375,24.0,3.9481028544860597,0.75,0.0
HVN,2024-12-18,2024Q4,105,85,0.8095238095238095,3.6875,17.0,2.10164553192175,0.8125,0.1875
HVN,2024-12-19,2024Q4,78,71,0.9102564102564102,6.4375,31.0,2.075331268885226,1.0,0.0
HVN,2024-12-20,2024Q4,44,44,1.0,12.875,24.0,3.4388009948153937,0.5625,0.25
HVN,2024-12-21,2024Q4,47,50,1.0638297872340425,11.6875,29.0,6.686961353169721,0.875,0.125
HVN,2024-12-22,2024Q4,75,78,1.04,9.9375,22.0,4.95532001868162,1.0,0.0
HVN,2024-12-23,2024Q4,85,76,0.8941176470588236,5.625,17.0,1.7752266014612614,1.0,0.0
HVN,2024-12-24,2024Q4,49,40,0.8163265306122449,3.5,18.0,2.287820265439881,0.875,0.125
HVN,2024-12-25,2024Q4,44,39,0.8863636363636364,4.0,0,1.6109673247190048,1.0,0.0
HVN,2024-12-26,2024Q4,102,107,1.0490196078431373,3.6875,0,0.8607863420445099,1.0,0.0
HVN,2024-12-27,2024Q4,111,102,0.918918918918919,3.0625,0,1.089186593308025,1.0,0.0
HVN,2024-12-28,2024Q4,47,45,0.9574468085106383,0.5,0,0.2746687072718015,0.0,0.4375
HVN,2024-12-29,2024Q4,46,46,1.0,4.0,0,3.2009127317805115,0.625,0.1875
HVN,2024-12-30,2024Q4,51,47,0.9215686274509803,7.4375,19.0,4.521266948437772,0.6875,0.0
HVN,2024-12-31,2024Q4,88,80,0.9090909090909091,5.25,27.0,4.6686055112326015,1.0,0.0
HVN,2025-01-01,2025Q1,36,40,1.1111111111111112,7.75,27.0,7.58344242861749,0.5,0.0
HVN,2025-01-02,2025Q1,39,42,1.0769230769230769,13.4375,35.0,13.175006311814704,1.0,0.0
HVN,2025-01-03,2025Q1,70,68,0.9714285714285714,9.5625,24.0,9.874849523264901,1.0,0.0
HVN,2025-01-04,2025Q1,49,50,1.0204081632653061,10.9375,29.0,9.116242892822816,1.0,0.0
HVN,2025-01-05,2025Q1,59,56,0.9491525423728814,8.875,22.0,8.507842750544798,1.0,0.0
HVN,2025-01-06,2025Q1,46,45,0.9782608695652174,5.9375,22.0,2.3444450557420886,0.75,0.25
HVN,2025-01-07,2025Q1,37,39,1.054054054054054,14.3125,39.0,10.425439187641976,1.0,0.0
HVN,2025-01-10,2025Q1,64,64,1.0,9.125,24.0,4.902369173443786,1.0,0.0
HVN,2025-01-11,2025Q1,30,30,1.0,8.9375,23.0,3.351153740885609,0.875,0.125
HVN,2025-01-12,2025Q1,125,117,0.936,4.375,17.0,2.934933109735699,1.0,0.0
HVN,2025-01-13,2025Q1,72,63,0.875,4.5625,16.0,3.6440108226837933,1.0,0.0
HVN,2025-01-14,2025Q1,57,57,1.0,10.9375,29.0,9.478951372919136,1.0,0.0
HVN,2025-01-15,2025Q1,36,36,1.0,10.9375,29.0,6.431580733710937,1.0,0.0
HVN,2025-01-16,2025Q1,169,157,0.9289940828402367,5.75,19.0,5.1382380128188565,0.875,0.0625
HVN,2025-01-17,2025Q1,120,109,0.9083333333333333,4.4375,0,2.465851718586248,1.0,0.0
HVN,2025-01-18,2025Q1,54,47,0.8703703703703703,6.0625,0,3.038943631037075,0.5,0.1875
HVN,2025-01-19,2025Q1,61,58,0.9508196721311475,6.375,19.0,2.019217985221549,0.4375,0.4375
HVN,2025-01-20,2025Q1,38,36,0.9473684210526315,8.0625,21.0,6.689337894189748,1.0,0.0
HVN,2025-01-21,2025Q1,95,82,0.8631578947368421,5.25,0,4.137067038639306,1.0,0.0
HVN,2025-01-22,2025Q1,61,53,0.8688524590163934,5.625,21.0,2.119825179550201,1.0,0.0
HVN,2025-01-23,2025Q1,127,89,0.7007874015748031,4.25,0,3.7922897794539248,1.0,0.0
HVN,2025-01-24,2025Q1,89,79,0.8876404494382022,4.8125,0,3.4962012233449853,1.0,0.0
HVN,2025-01-25,2025Q1,103,100,0.970873786407767,5.5,18.0,4.218705096340923,1.0,0.0
HVN,2025-01-26,2025Q1,73,68,0.9315068493150684,8.9375,26.0,8.206116629576796,1.0,0.0
HVN,2025-01-27,2025Q1,67,67,1.0,8.75,23.0,7.052138279775014,1.0,0.0
HVN,2025-01-29,2025Q1,31,28,0.9032258064516129,13.4375,41.0,11.180754063986093,1.0,0.0
HVN,2025-01-30,2025Q1,157,128,0.8152866242038217,6.1875,19.0,4.540345438387307,1.0,0.0
HVN,2025-02-01,2025Q1,40,40,1.0,11.125,27.0,4.289908554294278,0.875,0.0
HVN,2025-02-02,2025Q1,125,125,1.0,4.6875,0,3.386044980300586,0.625,0.125
HVN,2025-02-03,2025Q1,64,61,0.953125,2.625,0,1.0347711688525276,0.5,0.0
HVN,2025-02-05,2025Q1,137,132,0.9635036496350365,7.4375,16.0,2.1519429703155946,1.0,0.0
HVN,2025-02-06,2025Q1,41,44,1.0731707317073171,5.125,16.0,3.195644889127323,0.0,0.3125
HVN,2025-02-07,2025Q1,81,71,0.8765432098765432,10.8125,35.0,9.343299181672737,1.0,0.0
HVN,2025-02-08,2025Q1,109,93,0.8532110091743119,5.5,0,3.762414113962223,0.9375,0.0625
HVN,2025-02-09,2025Q1,41,39,0.9512195121951219,4.8125,0,1.8907496541918982,0.5625,0.0625
HVN,2025-02-10,2025Q1,101,95,0.9405940594059405,5.125,19.0,3.594184717791817,0.9375,0.0
HVN,2025-02-11,2025Q1,55,50,0.9090909090909091,3.625,0,2.003107625721445,0.9375,0.0
HVN,2025-02-12,2025Q1,45,42,0.9333333333333333,7.0625,16.0,4.15621666752409,0.75,0.0625
HVN,2025-02-13,2025Q1,49,49,1.0,7.5,26.0,5.844432953484094,0.375,0.0
HVN,2025-02-14,2025Q1,62,62,1.0,8.75,22.0,6.478762656382505,1.0,0.0
HVN,2025-02-15,2025Q1,41,40,0.975609756097561,5.875,0,5.310100227376007,0.5,0.4375
HVN,2025-02-16,2025Q1,44,42,0.9545454545454546,7.5,29.0,4.474705348520508,0.125,0.5
HVN,2025-02-17,2025Q1,43,42,0.9767441860465116,17.5625,47.0,16.07744003374476,1.0,0.0
HVN,2025-02-19,2025Q1,107,97,0.9065420560747663,9.375,20.0,5.701215519214984,1.0,0.0
HVN,2025-02-20,2025Q1,96,80,0.8333333333333334,9.9375,21.0,4.262212674747773,1.0,0.0
HVN,2025-02-21,2025Q1,63,66,1.0476190476190477,13.75,30.0,6.394332082581842,1.0,0.0
HVN,2025-02-22,2025Q1,120,109,0.9083333333333333,6.1875,17.0,3.611286053146162,1.0,0.0
HVN,2025-02-23,2025Q1,134,117,0.8731343283582089,4.375,17.0,2.3175321635734774,1.0,0.0
HVN,2025-02-24,2025Q1,121,104,0.859504132231405,5.625,0,2.511524535414137,1.0,0.0
HVN,2025-02-25,2025Q1,84,61,0.7261904761904762,3.1875,0,1.8739585692589458,1.0,0.0
HVN,2025-02-26,2025Q1,81,75,0.9259259259259259,6.75,19.0,5.554366800291733,1.0,0.0
HVN,2025-02-27,2025Q1,67,65,0.9701492537313433,7.25,24.0,4.7547303974408575,0.6875,0.0625
HVN,2025-02-28,2025Q1,83,90,1.0843373493975903,7.6875,29.0,5.77634654875523,1.0,0.0
HVN,2025-03-01,2025Q1,122,117,0.9590163934426229,10.25,34.0,6.574032169306242,1.0,0.0
HVN,2025-03-02,2025Q1,68,64,0.9411764705882353,10.9375,28.0,7.287546510453824,1.0,0.0
HVN,2025-03-03,2025Q1,94,86,0.9148936170212766,7.4375,19.0,5.236127728456556,1.0,0.0
HVN,2025-03-04,2025Q1,98,61,0.6224489795918368,9.0,24.0,2.6895389292640672,1.0,0.0
HVN,2025-03-05,2025Q1,38,38,1.0,11.1875,29.0,3.4398227264331225,0.6875,0.3125
HVN,2025-03-06,2025Q1,74,65,0.8783783783783784,8.25,29.0,5.196291490785018,0.5625,0.0
HVN,2025-03-07,2025Q1,56,62,1.1071428571428572,12.3125,38.0,10.690028795457566,1.0,0.0
HVN,2025-03-08,2025Q1,45,46,1.0222222222222221,11.9375,30.0,10.211571480250726,1.0,0.0
HVN,2025-03-09,2025Q1,105,94,0.8952380952380953,6.625,25.0,4.584285478238653,1.0,0.0
HVN,2025-03-10,2025Q1,105,82,0.780952380952381,5.5,18.0,2.987415694561243,1.0,0.0
HVN,2025-03-11,2025Q1,108,90,0.8333333333333334,5.1875,0,1.5201035424802418,1.0,0.0
HVN,2025-03-12,2025Q1,82,78,0.9512195121951219,8.625,29.0,2.694607207997322,1.0,0.0
HVN,2025-03-13,2025Q1,83,76,0.9156626506024096,10.625,30.0,9.812295580909387,0.9375,0.0
HVN,2025-03-14,2025Q1,152,132,0.868421052631579,5.5,0,1.5154865092896268,0.6875,0.0
HVN,2025-03-15,2025Q1,32,33,1.03125,5.9375,0,3.79541706277971,0.0,0.0
HVN,2025-03-16,2025Q1,41,41,1.0,6.625,26.0,1.0613422679805928,0.125,0.125
HVN,2025-03-17,2025Q1,51,47,0.9215686274509803,7.375,30.0,2.7304262727588653,0.375,0.1875
HVN,2025-03-18,2025Q1,85,75,0.8823529411764706,8.5,31.0,1.6575605651304808,1.0,0.0
HVN,2025-03-19,2025Q1,207,163,0.7874396135265701,4.875,16.0,3.2387084413647464,1.0,0.0
HVN,2025-03-20,2025Q1,47,51,1.0851063829787233,9.1875,22.0,8.819092352752744,0.0,0.0
HVN,2025-03-21,2025Q1,52,50,0.9615384615384616,16.875,43.0,9.00683459542757,0.875,0.0
HVN,2025-03-22,2025Q1,112,97,0.8660714285714286,7.1875,24.0,4.675834680399028,1.0,0.0
HVN,2025-03-23,2025Q1,101,94,0.9306930693069307,8.6875,27.0,5.356870304029257,1.0,0.0
HVN,2025-03-24,2025Q1,62,61,0.9838709677419355,6.0,22.0,4.193197121662732,0.0,0.625
HVN,2025-03-26,2025Q1,114,99,0.868421052631579,8.9375,23.0,4.426581249432915,0.9375,0.0625
HVN,2025-03-27,2025Q1,86,74,0.8604651162790697,9.5625,24.0,7.506507918669846,1.0,0.0
HVN,2025-03-28,2025Q1,126,108,0.8571428571428571,6.9375,20.0,4.926781117854384,1.0,0.0
HVN,2025-03-29,2025Q1,59,52,0.8813559322033898,7.0625,23.0,5.298618657787147,0.75,0.1875
HVN,2025-03-30,2025Q1,64,60,0.9375,9.5,21.0,9.263460686536083,0.0,0.0
HVN,2025-03-31,2025Q1,52,52,1.0,4.9375,18.0,1.7434050808875974,0.25,0.125
HVN,2025-04-01,2025Q2,56,53,0.9464285714285714,12.875,28.0,6.4382763113068,1.0,0.0
HVN,2025-04-02,2025Q2,125,77,0.616,9.75,21.0,5.689883100452207,0.9375,0.0
HVN,2025-04-03,2025Q2,47,44,0.9361702127659575,5.8125,17.0,3.3198338036420876,0.1875,0.0625
HVN,2025-04-04,2025Q2,127,121,0.952755905511811,7.5,21.0,4.237818083494947,1.0,0.0
HVN,2025-04-05,2025Q2,62,57,0.9193548387096774,9.9375,21.0,9.300470853732122,0.5,0.1875
HVN,2025-04-06,2025Q2,106,108,1.0188679245283019,5.3125,0,2.1577470130520817,0.75,0.0
HVN,2025-04-07,2025Q2,61,62,1.0163934426229508,6.3125,0,4.172245104904055,0.0,0.25
HVN,2025-04-09,2025Q2,136,113,0.8308823529411765,10.6875,25.0,5.937895008066964,1.0,0.0
HVN,2025-04-10,2025Q2,123,110,0.8943089430894309,9.5,24.0,6.270978021686957,0.875,0.125
HVN,2025-04-11,2025Q2,63,66,1.0476190476190477,8.75,24.0,7.332110165271761,0.4375,0.3125
HVN,2025-04-12,2025Q2,50,50,1.0,13.5,25.0,4.731305142603273,0.0,0.0625
HVN,2025-04-13,2025Q2,72,71,0.9861111111111112,10.6875,28.0,3.990475906316548,0.8125,0.0625
HVN,2025-04-14,2025Q2,143,117,0.8181818181818182,8.0625,24.0,5.474244876290818,1.0,0.0
HVN,2025-04-16,2025Q2,50,50,1.0,14.75,29.0,14.072266057042052,1.0,0.0
HVN,2025-04-17,2025Q2,129,107,0.8294573643410853,7.6875,24.0,5.347265589135325,1.0,0.0
HVN,2025-04-18,2025Q2,130,113,0.8692307692307693,5.375,20.0,2.261523594420076,1.0,0.0
HVN,2025-04-19,2025Q2,118,98,0.8305084745762712,6.9375,22.0,4.176468455328721,1.0,0.0
HVN,2025-04-20,2025Q2,72,70,0.9722222222222222,13.875,37.0,7.595316564602076,1.0,0.0
HVN,2025-04-21,2025Q2,116,94,0.8103448275862069,8.8125,24.0,7.108967963296959,1.0,0.0
HVN,2025-04-22,2025Q2,79,64,0.810126582278481,4.1875,0,1.4114574596215537,0.5625,0.0
HVN,2025-04-23,2025Q2,176,159,0.9034090909090909,8.6875,20.0,4.411595612678674,1.0,0.0
HVN,2025-04-24,2025Q2,143,122,0.8531468531468531,8.125,25.0,6.835341014291693,1.0,0.0
HVN,2025-04-25,2025Q2,143,120,0.8391608391608392,5.25,0,2.090300810653869,1.0,0.0
HVN,2025-04-26,2025Q2,44,47,1.0681818181818181,5.125,18.0,2.0889118789571754,0.0,0.375
HVN,2025-04-27,2025Q2,73,75,1.0273972602739727,13.3125,37.0,9.243850529563781,1.0,0.0
HVN,2025-04-28,2025Q2,146,121,0.8287671232876712,9.133333333333333,20.0,4.644030178997608,1.0,0.0
HVN,2025-04-29,2025Q2,144,123,0.8541666666666666,7.625,21.0,3.0151365267879444,1.0,0.0
HVN,2025-04-30,2025Q2,145,112,0.7724137931034483,11.75,28.0,6.637303307393328,1.0,0.0
HVN,2025-05-01,2025Q2,153,140,0.9150326797385621,8.5625,24.0,7.4536308470671315,1.0,0.0
HVN,2025-05-02,2025Q2,96,89,0.9270833333333334,4.875,17.0,2.057996228980285,0.6875,0.0
HVN,2025-05-03,2025Q2,100,92,0.92,4.4375,19.0,2.348226259413417,0.9375,0.0
HVN,2025-05-04,2025Q2,69,69,1.0,4.9375,0,3.215153697825268,0.4375,0.375
HVN,2025-05-05,2025Q2,60,66,1.1,10.6875,32.0,10.542544033043583,0.0,0.5
HVN,2025-05-07,2025Q2,133,114,0.8571428571428571,5.8125,18.0,4.179203572696479,0.9375,0.0
HVN,2025-05-08,2025Q2,241,170,0.7053941908713693,6.9375,17.0,3.3167607902676846,1.0,0.0
HVN,2025-05-09,2025Q2,44,45,1.0227272727272727,10.125,29.0,9.416748093547561,0.0,0.4375
HVN,2025-05-10,2025Q2,77,79,1.025974025974026,8.5625,29.0,6.588793024383203,0.8125,0.0625
HVN,2025-05-11,2025Q2,150,118,0.7866666666666666,8.125,24.0,3.070970829440223,1.0,0.0
HVN,2025-05-12,2025Q2,170,130,0.7647058823529411,5.375,15.0,1.8297259187429764,1.0,0.0
HVN,2025-05-13,2025Q2,101,81,0.801980198019802,8.75,23.0,8.313070983874177,0.75,0.0
HVN,2025-05-14,2025Q2,79,52,0.6582278481012658,8.875,21.0,8.677678867743952,0.625,0.1875
HVN,2025-05-15,2025Q2,68,74,1.088235294117647,5.3125,22.0,4.937850523078997,0.0,0.0
HVN,2025-05-16,2025Q2,64,57,0.890625,4.5625,0,2.0654749346679777,0.3125,0.0
HVN,2025-05-17,2025Q2,77,66,0.8571428571428571,5.375,19.0,3.634997896000752,0.5,0.0625
HVN,2025-05-18,2025Q2,109,101,0.926605504587156,8.875,25.0,8.12408696644249,1.0,0.0
HVN,2025-05-19,2025Q2,98,91,0.9285714285714286,12.25,29.0,7.532802486256449,1.0,0.0
HVN,2025-05-20,2025Q2,177,150,0.847457627118644,8.5,22.0,2.7723905238444035,1.0,0.0
HVN,2025-05-21,2025Q2,103,85,0.8252427184466019,8.625,20.0,8.040861469321971,0.1875,0.0
HVN,2025-05-22,2025Q2,59,55,0.9322033898305084,10.9375,22.0,4.3134941197865295,0.0,0.75
HVN,2025-05-23,2025Q2,81,79,0.9753086419753086,3.8125,0,2.582418128786137,0.625,0.0
HVN,2025-05-24,2025Q2,80,73,0.9125,4.9375,15.0,3.904819803438787,0.875,0.125
HVN,2025-05-25,2025Q2,160,138,0.8625,6.25,18.0,4.5047722349124,1.0,0.0
HVN,2025-05-26,2025Q2,139,107,0.7697841726618705,5.875,15.0,3.1553795220688152,1.0,0.0
HVN,2025-05-27,2025Q2,118,105,0.8898305084745762,4.0,0,1.0302981926595096,1.0,0.0
HVN,2025-05-28,2025Q2,153,122,0.7973856209150327,4.5,0,1.6289528273269331,0.75,0.25
HVN,2025-05-29,2025Q2,89,81,0.9101123595505618,5.0625,15.0,4.176888730027581,0.25,0.0
HVN,2025-05-30,2025Q2,77,71,0.922077922077922,5.1875,16.0,2.2474197670180107,0.25,0.0
HVN,2025-05-31,2025Q2,64,65,1.015625,9.125,31.0,8.112219568097078,0.6875,0.0625
HVN,2025-06-01,2025Q2,117,102,0.8717948717948718,7.4375,22.0,7.239995722447217,1.0,0.0
HVN,2025-06-02,2025Q2,139,109,0.7841726618705036,7.4375,20.0,4.401390172676104,1.0,0.0
HVN,2025-06-03,2025Q2,169,119,0.7041420118343196,5.125,0,2.51525735405838,1.0,0.0
HVN,2025-06-04,2025Q2,181,144,0.7955801104972375,4.75,0,1.3104197689349897,1.0,0.0
HVN,2025-06-05,2025Q2,176,133,0.7556818181818182,4.75,0,2.5441549118960998,1.0,0.0
HVN,2025-06-06,2025Q2,204,152,0.7450980392156863,5.375,0,3.4491316901906033,1.0,0.0
HVN,2025-06-07,2025Q2,43,43,1.0,5.4375,0,2.4218741666358543,0.25,0.125
HVN,2025-06-08,2025Q2,98,97,0.9897959183673469,9.125,30.0,6.829693778505227,0.625,0.0
HVN,2025-06-09,2025Q2,65,65,1.0,8.8125,22.0,8.571290695800991,0.25,0.0
HVN,2025-06-11,2025Q2,170,134,0.788235294117647,5.375,18.0,2.8744483191861905,1.0,0.0
HVN,2025-06-12,2025Q2,141,119,0.8439716312056738,8.6875,25.0,6.373452820859729,1.0,0.0
HVN,2025-06-13,2025Q2,222,184,0.8288288288288288,6.5625,0,5.454747619208837,0.9375,0.0625
HVN,2025-06-14,2025Q2,49,48,0.9795918367346939,7.875,18.0,5.242389440693168,0.0,0.125
HVN,2025-06-15,2025Q2,97,93,0.9587628865979382,4.75,0,3.034175124564812,0.3125,0.0
HVN,2025-06-16,2025Q2,87,85,0.9770114942528736,9.3125,24.0,8.247448930428192,0.8125,0.125
HVN,2025-06-17,2025Q2,40,40,1.0,6.0,16.0,5.834979897830923,0.0,0.0
HVN,2025-06-18,2025Q2,51,51,1.0,4.875,0,3.403402461339733,0.375,0.0625
HVN,2025-06-19,2025Q2,128,114,0.890625,5.5,0,1.5570978938408422,0.75,0.0
HVN,2025-06-20,2025Q2,85,76,0.8941176470588236,11.125,29.0,10.110357434333022,1.0,0.0
HVN,2025-06-22,2025Q2,80,79,0.9875,7.0625,22.0,4.24937732787887,0.9375,0.0625
HVN,2025-06-23,2025Q2,152,114,0.75,4.625,18.0,1.9876888420097956,1.0,0.0
HVN,2025-06-25,2025Q2,124,113,0.9112903225806451,6.3125,21.0,4.13108541876302,1.0,0.0
HVN,2025-06-26,2025Q2,114,110,0.9649122807017544,8.3125,19.0,5.554570662256132,0.8125,0.1875
HVN,2025-06-27,2025Q2,124,104,0.8387096774193549,8.3125,19.0,8.026592928141056,1.0,0.0
HVN,2025-06-28,2025Q2,72,72,1.0,3.3125,0,0.9400268030551232,0.4375,0.0
HVN,2025-06-29,2025Q2,158,139,0.879746835443038,4.875,0,3.764710177943375,0.9375,0.0
HVN,2025-06-30,2025Q2,141,111,0.7872340425531915,6.4375,18.0,3.1330025630540583,1.0,0.0
HVN,2025-07-01,2025Q3,63,61,0.9682539682539683,8.625,22.0,4.5274493935869184,0.625,0.25
HVN,2025-07-02,2025Q3,149,142,0.9530201342281879,5.0625,0,3.2703672476911256,0.9375,0.0625
HVN,2025-07-03,2025Q3,158,119,0.7531645569620253,7.6875,25.0,3.7817814986596408,0.6875,0.125
HVN,2025-07-04,2025Q3,88,89,1.0113636363636365,5.9375,21.0,3.2571673810828132,1.0,0.0
HVN,2025-07-05,2025Q3,77,72,0.935064935064935,5.375,0,1.6275348239692717,1.0,0.0
HVN,2025-07-06,2025Q3,129,127,0.9844961240310077,7.8125,19.0,3.835269557049683,1.0,0.0
HVN,2025-07-07,2025Q3,75,71,0.9466666666666667,6.3125,18.0,1.0781378610790584,0.375,0.0625
HVN,2025-07-08,2025Q3,51,55,1.0784313725490196,8.0,23.0,3.811628725711557,0.75,0.125
HVN,2025-07-09,2025Q3,149,122,0.8187919463087249,6.875,17.0,4.097439862239209,0.8125,0.0
HVN,2025-07-10,2025Q3,117,108,0.9230769230769231,4.5625,0,1.3720803602191016,0.6875,0.0
HVN,2025-07-11,2025Q3,186,158,0.8494623655913979,6.5,20.0,3.214753055818466,0.625,0.0
HVN,2025-07-12,2025Q3,104,101,0.9711538461538461,7.1875,18.0,6.309298589953934,0.625,0.0
HVN,2025-07-13,2025Q3,96,91,0.9479166666666666,7.0,18.0,5.8127118912533975,0.5625,0.0
HVN,2025-07-14,2025Q3,113,68,0.6017699115044248,6.9375,18.0,3.022920143326642,0.375,0.125
HVN,2025-07-15,2025Q3,199,151,0.7587939698492462,4.75,0,1.472737234475967,0.6875,0.0
HVN,2025-07-16,2025Q3,149,130,0.87248322147651,6.625,20.0,1.615067640336527,0.75,0.0
HVN,2025-07-17,2025Q3,131,99,0.7557251908396947,9.5625,24.0,5.522465280091019,0.875,0.0625
HVN,2025-07-18,2025Q3,164,162,0.9878048780487805,7.4375,23.0,4.02585940099858,1.0,0.0
HVN,2025-07-19,2025Q3,104,98,0.9423076923076923,6.3125,17.0,1.3404144811597338,1.0,0.0
HVN,2025-07-20,2025Q3,92,94,1.0217391304347827,5.8125,18.0,2.412570862759648,0.4375,0.0625
HVN,2025-07-21,2025Q3,153,138,0.9019607843137255,7.6875,18.0,3.6808326475408806,1.0,0.0
HVN,2025-07-22,2025Q3,158,144,0.9113924050632911,7.6875,18.0,2.6674049559332276,1.0,0.0
HVN,2025-07-23,2025Q3,134,129,0.9626865671641791,7.0625,20.0,3.0279121983320354,1.0,0.0
HVN,2025-07-24,2025Q3,156,136,0.8717948717948718,10.0625,23.0,4.565641407695646,1.0,0.0
HVN,2025-07-25,2025Q3,99,95,0.9595959595959596,8.375,33.0,5.130285970746271,0.9375,0.0625
HVN,2025-07-26,2025Q3,102,80,0.7843137254901961,6.625,0,2.5472067526917153,0.375,0.0
HVN,2025-07-27,2025Q3,71,66,0.9295774647887324,4.0625,0,1.0542108393674285,0.1875,0.1875
HVN,2025-07-28,2025Q3,164,138,0.8414634146341463,6.5,17.0,3.3644142460665893,1.0,0.0
HVN,2025-07-29,2025Q3,150,129,0.86,8.125,22.0,3.9865113559978744,0.9375,0.0
HVN,2025-07-30,2025Q3,109,90,0.8256880733944955,5.3125,15.0,1.8986148951491006,1.0,0.0
HVN,2025-07-31,2025Q3,99,88,0.8888888888888888,9.6875,25.0,4.930496965020094,0.625,0.0625
HVN,2025-08-01,2025Q3,123,120,0.975609756097561,7.375,14.0,1.945105260706414,0.375,0.0
HVN,2025-08-02,2025Q3,120,107,0.8916666666666667,6.5,15.0,1.693339764930487,1.0,0.0
HVN,2025-08-03,2025Q3,174,166,0.9540229885057471,5.125,16.0,1.0859504616944338,1.0,0.0
HVN,2025-08-04,2025Q3,144,122,0.8472222222222222,5.75,22.0,3.1208000337962756,1.0,0.0
HVN,2025-08-05,2025Q3,63,53,0.8412698412698413,8.25,18.0,4.826386561684674,0.6875,0.0
HVN,2025-08-06,2025Q3,66,59,0.8939393939393939,3.25,0,2.422390570490197,1.0,0.0
HVN,2025-08-07,2025Q3,140,119,0.85,7.5625,26.0,5.099629336450813,1.0,0.0
HVN,2025-08-08,2025Q3,146,120,0.821917808219178,6.25,19.0,2.4594696633176363,1.0,0.0
HVN,2025-08-09,2025Q3,121,101,0.8347107438016529,5.1875,0,1.1725644263301331,1.0,0.0
HVN,2025-08-10,2025Q3,168,141,0.8392857142857143,6.625,20.0,4.087472802373558,1.0,0.0
HVN,2025-08-11,2025Q3,150,134,0.8933333333333333,8.0625,22.0,4.791367432234401,1.0,0.0
HVN,2025-08-12,2025Q3,144,129,0.8958333333333334,5.6875,17.0,1.5684464963001525,1.0,0.0
HVN,2025-08-13,2025Q3,121,114,0.9421487603305785,7.9375,20.0,3.909308300089856,0.875,0.0625
HVN,2025-08-14,2025Q3,105,101,0.9619047619047619,6.1875,18.0,3.2682014113106654,0.8125,0.0625
HVN,2025-08-15,2025Q3,161,145,0.9006211180124224,8.75,20.0,3.7001720614955667,1.0,0.0
HVN,2025-08-16,2025Q3,115,108,0.9391304347826087,6.875,15.0,2.439281003179875,0.625,0.0
HVN,2025-08-17,2025Q3,115,102,0.8869565217391304,8.6875,21.0,5.535144609052724,1.0,0.0
HVN,2025-08-18,2025Q3,83,81,0.9759036144578314,8.9375,21.0,3.5289603479909255,0.75,0.0
HVN,2025-08-19,2025Q3,122,115,0.9426229508196722,8.5625,18.0,6.16790672264598,1.0,0.0
HVN,2025-08-20,2025Q3,76,74,0.9736842105263158,9.625,21.0,8.262336036049307,0.5,0.25
HVN,2025-08-21,2025Q3,75,81,1.08,12.1875,28.0,5.8790737515128075,0.6875,0.0625
HVN,2025-08-22,2025Q3,129,122,0.9457364341085271,7.375,20.0,2.046884060641744,1.0,0.0
HVN,2025-08-23,2025Q3,116,99,0.853448275862069,7.25,19.0,2.87526898135218,1.0,0.0
HVN,2025-08-24,2025Q3,129,118,0.9147286821705426,9.25,21.0,2.3684861559715276,1.0,0.0
HVN,2025-08-25,2025Q3,124,103,0.8306451612903226,6.625,23.0,3.4997273179001316,0.9375,0.0
HVN,2025-08-26,2025Q3,134,131,0.9776119402985075,7.25,19.0,4.7758499891570665,1.0,0.0
HVN,2025-08-27,2025Q3,117,105,0.8974358974358975,7.9375,19.0,5.014821032267255,1.0,0.0
HVN,2025-08-28,2025Q3,112,104,0.9285714285714286,7.8125,21.0,2.1428580944697195,1.0,0.0
HVN,2025-08-29,2025Q3,126,96,0.7619047619047619,6.4375,18.0,3.520794311615079,0.9375,0.0
HVN,2025-08-30,2025Q3,122,106,0.8688524590163934,8.125,21.0,4.926422455263819,1.0,0.0
HVN,2025-08-31,2025Q3,145,128,0.8827586206896552,6.8125,18.0,2.348237975401045,1.0,0.0
HVN,2025-09-01,2025Q3,159,152,0.9559748427672956,6.625,0,2.482621195073252,1.0,0.0
HVN,2025-09-02,2025Q3,112,88,0.7857142857142857,7.625,20.0,4.507925597161471,1.0,0.0
HVN,2025-09-03,2025Q3,127,84,0.6614173228346457,6.3125,0,2.518832585149179,1.0,0.0
HVN,2025-09-04,2025Q3,141,138,0.9787234042553191,8.625,20.0,2.4496521106145916,1.0,0.0
HVN,2025-09-05,2025Q3,123,98,0.7967479674796748,6.375,17.0,2.4679791103618465,1.0,0.0
HVN,2025-09-06,2025Q3,53,50,0.9433962264150944,7.666666666666667,16.0,1.9681230593145618,0.5333333333333333,0.2
HVN,2025-09-07,2025Q3,65,65,1.0,3.5625,0,0.8902958702506031,0.6875,0.3125
HVN,2025-09-08,2025Q3,121,107,0.8842975206611571,6.75,20.0,1.6741797272562493,1.0,0.0
HVN,2025-09-09,2025Q3,82,77,0.9390243902439024,8.0625,19.0,5.885900773672236,1.0,0.0
HVN,2025-09-10,2025Q3,97,97,1.0,8.6875,19.0,2.3934703968604008,1.0,0.0
HVN,2025-09-11,2025Q3,162,141,0.8703703703703703,6.4375,23.0,2.8084336974107322,1.0,0.0
HVN,2025-09-12,2025Q3,144,125,0.8680555555555556,7.0,20.0,3.3077639913312047,1.0,0.0
HVN,2025-09-13,2025Q3,96,90,0.9375,6.625,0,1.9173961614302912,0.875,0.0
HVN,2025-09-14,2025Q3,148,132,0.8918918918918919,3.75,0,1.0883308619720644,1.0,0.0
HVN,2025-09-15,2025Q3,130,121,0.9307692307692308,6.8125,18.0,4.447266711305625,1.0,0.0
HVN,2025-09-16,2025Q3,80,85,1.0625,7.625,19.0,5.704102496402998,1.0,0.0
HVN,2025-09-18,2025Q3,117,117,1.0,5.625,0,3.1643991512807643,0.875,0.0
HVN,2025-09-19,2025Q3,152,137,0.9013157894736842,6.75,18.0,3.5766600659937646,1.0,0.0
HVN,2025-09-20,2025Q3,104,104,1.0,5.5,0,2.9408926603013636,1.0,0.0
HVN,2025-09-21,2025Q3,169,153,0.9053254437869822,7.125,19.0,5.183772270850738,1.0,0.0
HVN,2025-09-22,2025Q3,151,138,0.9139072847682119,4.9375,0,1.8942359466582295,1.0,0.0
HVN,2025-09-23,2025Q3,58,39,0.6724137931034483,5.25,22.0,3.0783096575008084,0.9375,0.0
HVN,2025-09-24,2025Q3,44,43,0.9772727272727273,7.25,18.0,5.746967760218023,0.1875,0.0625
HVN,2025-09-25,2025Q3,82,84,1.024390243902439,6.1875,18.0,3.0777012364615715,0.25,0.25
HVN,2025-09-26,2025Q3,96,101,1.0520833333333333,4.4375,15.0,3.02493230602122,1.0,0.0
HVN,2025-09-27,2025Q3,74,75,1.0135135135135136,2.75,0,0.7233822295395609,0.9375,0.0
HVN,2025-09-28,2025Q3,173,160,0.9248554913294798,3.625,0,1.9598081806343959,0.875,0.0
HVN,2025-09-29,2025Q3,137,119,0.8686131386861314,4.0,16.0,1.7638380185402016,1.0,0.0
HVN,2025-09-30,2025Q3,56,46,0.8214285714285714,5.9375,0,2.6108130255144473,1.0,0.0
HVN,2025-10-01,2025Q4,93,99,1.064516129032258,10.125,24.0,3.4741721100115073,1.0,0.0
HVN,2025-10-02,2025Q4,116,101,0.8706896551724138,5.8125,0,2.2234587780342876,1.0,0.0
HVN,2025-10-03,2025Q4,149,127,0.8523489932885906,6.9375,18.0,4.440380187416893,1.0,0.0
HVN,2025-10-04,2025Q4,127,116,0.9133858267716536,3.375,0,1.7533958508342036,1.0,0.0
HVN,2025-10-05,2025Q4,161,130,0.8074534161490683,4.5,0,1.646546742266034,1.0,0.0
HVN,2025-10-06,2025Q4,107,88,0.822429906542056,4.75,0,1.701850226593078,0.9375,0.0
HVN,2025-10-07,2025Q4,72,52,0.7222222222222222,10.125,20.0,4.284737470848014,1.0,0.0
HVN,2025-10-08,2025Q4,48,50,1.0416666666666667,9.9375,32.0,4.495927310681545,0.625,0.3125
HVN,2025-10-09,2025Q4,136,125,0.9191176470588235,8.5625,26.0,2.484979876414071,1.0,0.0
HVN,2025-10-10,2025Q4,147,133,0.9047619047619048,6.25,17.0,2.3765872016252745,1.0,0.0
HVN,2025-10-11,2025Q4,91,90,0.989010989010989,7.75,19.0,5.905986400967693,0.5625,0.0
HVN,2025-10-12,2025Q4,60,57,0.95,13.375,27.0,5.899868072430275,0.375,0.5625
HVN,2025-10-13,2025Q4,48,45,0.9375,14.4375,27.0,5.926236674104973,0.0,0.375
HVN,2025-10-14,2025Q4,35,29,0.8285714285714286,15.0,31.0,1.798054094102868,0.0,0.0
HVN,2025-10-15,2025Q4,55,58,1.0545454545454545,9.933333333333334,27.0,3.232015342824937,0.9333333333333333,0.0
HVN,2025-10-16,2025Q4,99,97,0.9797979797979798,10.3125,27.0,4.459364055032262,1.0,0.0
HVN,2025-10-17,2025Q4,142,132,0.9295774647887324,6.8125,24.0,2.360660602415907,1.0,0.0
HVN,2025-10-18,2025Q4,108,101,0.9351851851851852,3.75,0,0.9780174485992077,1.0,0.0
HVN,2025-10-19,2025Q4,108,100,0.9259259259259259,9.4375,25.0,3.7504909214201505,1.0,0.0
HVN,2025-10-20,2025Q4,68,58,0.8529411764705882,11.8125,38.0,9.5664091571808,0.875,0.0
HVN,2025-10-21,2025Q4,102,70,0.6862745098039216,8.875,20.0,4.653148373682157,1.0,0.0
HVN,2025-10-22,2025Q4,53,53,1.0,9.875,28.0,7.7251373347789976,0.8125,0.0
HVN,2025-10-23,2025Q4,99,88,0.8888888888888888,8.9375,21.0,7.362858450804013,1.0,0.0
HVN,2025-10-24,2025Q4,144,109,0.7569444444444444,3.0,15.0,2.0017605822776883,1.0,0.0
HVN,2025-10-25,2025Q4,109,89,0.8165137614678899,3.1875,21.0,1.5062850266579915,1.0,0.0
HVN,2025-10-26,2025Q4,112,104,0.9285714285714286,4.375,0,0.7379271767655937,1.0,0.0
HVN,2025-10-27,2025Q4,138,126,0.9130434782608695,6.4375,16.0,2.440287149450111,1.0,0.0
HVN,2025-10-28,2025Q4,66,58,0.8787878787878788,9.625,18.0,4.894580896365846,0.875,0.0
HVN,2025-10-29,2025Q4,65,66,1.0153846153846153,9.6875,22.0,2.8182693002876706,1.0,0.0
HVN,2025-10-30,2025Q4,58,51,0.8793103448275862,14.125,36.0,13.389622875135109,0.0625,0.5
HVN,2025-10-31,2025Q4,47,48,1.0212765957446808,13.875,30.0,12.961905757043112,0.9375,0.0
HVN,2025-11-01,2025Q4,33,34,1.0303030303030303,10.5,26.0,8.739541652370365,1.0,0.0
HVN,2025-11-02,2025Q4,159,140,0.8805031446540881,4.375,16.0,2.8483127744017502,1.0,0.0
HVN,2025-11-03,2025Q4,86,72,0.8372093023255814,7.75,39.0,3.4739493766654976,0.75,0.1875
HVN,2025-11-05,2025Q4,79,79,1.0,8.4375,25.0,3.9570014125239332,1.0,0.0
HVN,2025-11-06,2025Q4,84,84,1.0,8.1875,26.0,5.396944174890808,1.0,0.0
HVN,2025-11-07,2025Q4,115,111,0.9652173913043478,11.25,30.0,3.5665322037890936,0.8125,0.0
HVN,2025-11-08,2025Q4,67,76,1.1343283582089552,4.6875,0,3.9221957466267394,0.9375,0.0625
HVN,2025-11-09,2025Q4,66,64,0.9696969696969697,8.6875,26.0,6.707026444937524,0.3125,0.125
HVN,2025-11-10,2025Q4,54,54,1.0,7.0625,19.0,4.22532263280772,0.1875,0.125
HVN,2025-11-12,2025Q4,48,46,0.9583333333333334,9.3125,24.0,8.68342971538372,1.0,0.0
HVN,2025-11-13,2025Q4,73,74,1.0136986301369864,8.625,25.0,7.443541608602392,1.0,0.0
HVN,2025-11-14,2025Q4,154,146,0.948051948051948,7.0,22.0,4.740180553244925,1.0,0.0
HVN,2025-11-15,2025Q4,175,152,0.8685714285714285,6.1875,20.0,3.031831207444298,0.9375,0.0625
HVN,2025-11-16,2025Q4,56,56,1.0,11.75,38.0,10.223483696089923,1.0,0.0
HVN,2025-11-17,2025Q4,68,68,1.0,11.3125,29.0,10.179047640874492,1.0,0.0
HVN,2025-11-18,2025Q4,110,117,1.0636363636363637,5.8125,17.0,5.441013618899293,1.0,0.0
HVN,2025-11-19,2025Q4,122,119,0.9754098360655737,2.9375,0,1.1262693343181758,1.0,0.0
HVN,2025-11-20,2025Q4,92,93,1.0108695652173914,3.75,0,1.1654792130775062,1.0,0.0
HVN,2025-11-21,2025Q4,92,91,0.9891304347826086,2.625,0,2.1338254532954735,0.4375,0.0
HVN,2025-11-22,2025Q4,70,73,1.042857142857143,4.625,15.0,2.084915601130137,0.625,0.125
HVN,2025-11-23,2025Q4,110,111,1.009090909090909,5.066666666666666,16.0,4.727223398310425,1.0,0.0
HVN,2025-11-24,2025Q4,77,75,0.974025974025974,4.875,20.0,2.7221410916388415,1.0,0.0
HVN,2025-11-25,2025Q4,126,115,0.9126984126984127,4.75,20.0,1.9926503338574122,0.4375,0.4375
HVN,2025-11-26,2025Q4,51,59,1.1568627450980393,2.533333333333333,0,0.7624957202668992,0.0,0.0
HVN,2025-11-27,2025Q4,34,36,1.0588235294117647,9.9375,25.0,9.78848735254745,1.0,0.0
HVN,2025-11-28,2025Q4,56,56,1.0,12.9375,31.0,12.679850045955737,1.0,0.0
HVN,2025-11-29,2025Q4,106,106,1.0,7.0625,26.0,4.91593674815104,1.0,0.0
HVN,2025-11-30,2025Q4,63,60,0.9523809523809523,8.3125,24.0,3.5340260352645476,0.375,0.375
HVN,2025-12-01,2025Q4,132,111,0.8409090909090909,8.0625,24.0,4.299934088580764,1.0,0.0
HVN,2025-12-02,2025Q4,47,47,1.0,12.125,32.0,2.4297497748174375,0.375,0.5625
HVN,2025-12-03,2025Q4,107,101,0.9439252336448598,4.0625,16.0,2.086579348820161,1.0,0.0
HVN,2025-12-04,2025Q4,58,55,0.9482758620689655,11.8125,34.0,8.50587865718667,1.0,0.0
HVN,2025-12-05,2025Q4,139,133,0.9568345323741008,4.125,0,2.286362265427009,0.9375,0.0
HVN,2025-12-06,2025Q4,32,32,1.0,3.0625,0,1.7902959011334394,0.8125,0.125
HVN,2025-12-07,2025Q4,126,113,0.8968253968253969,4.875,18.0,3.513806988663694,1.0,0.0
HVN,2025-12-08,2025Q4,88,75,0.8522727272727273,9.5625,25.0,2.603457743621343,1.0,0.0
HVN,2025-12-09,2025Q4,53,40,0.7547169811320755,7.125,23.0,3.134790216731285,1.0,0.0
HVN,2025-12-10,2025Q4,32,30,0.9375,10.25,26.0,5.573410555006251,0.375,0.25
HVN,2025-12-11,2025Q4,54,50,0.9259259259259259,14.125,36.0,12.698879136927326,1.0,0.0
HVN,2025-12-12,2025Q4,78,74,0.9487179487179487,9.5625,21.0,9.078158660428628,1.0,0.0
HVN,2025-12-13,2025Q4,75,78,1.04,4.125,0,3.538318042113489,1.0,0.0
HVN,2025-12-14,2025Q4,35,35,1.0,10.25,30.0,4.226601330832152,0.625,0.375
HVN,2025-12-15,2025Q4,67,72,1.0746268656716418,9.5,31.0,4.938010923936007,1.0,0.0
HVN,2025-12-17,2025Q4,106,91,0.8584905660377359,4.375,18.0,3.0984070238320793,1.0,0.0
HVN,2025-12-18,2025Q4,104,94,0.9038461538461539,4.75,23.0,4.2190760881763945,0.8125,0.0
HVN,2025-12-19,2025Q4,52,50,0.9615384615384616,14.75,42.0,9.97830710289525,0.3125,0.5625
HVN,2025-12-20,2025Q4,75,69,0.92,6.5625,17.0,4.469109054932323,1.0,0.0
HVN,2025-12-21,2025Q4,62,61,0.9838709677419355,10.9375,33.0,9.188523992024916,1.0,0.0
HVN,2025-12-22,2025Q4,122,116,0.9508196721311475,4.875,17.0,4.0056082140371565,1.0,0.0
HVN,2025-12-23,2025Q4,50,49,0.98,4.625,0,2.6705223870957733,0.125,0.3125
HVN,2025-12-24,2025Q4,34,34,1.0,10.1875,30.0,3.9155236842778613,1.0,0.0
HVN,2025-12-25,2025Q4,62,63,1.0161290322580645,11.125,29.0,6.762200993046642,1.0,0.0
HVN,2025-12-26,2025Q4,61,61,1.0,7.266666666666667,22.0,2.6235002442718645,0.7333333333333333,0.26666666666666666
HVN,2025-12-27,2025Q4,43,43,1.0,8.375,0,1.67561052771654,0.9375,0.0
HVN,2025-12-28,2025Q4,107,101,0.9439252336448598,3.5,0,2.515909517229453,0.875,0.0
HVN,2025-12-29,2025Q4,34,40,1.1764705882352942,7.6875,47.0,6.969179908429066,0.25,0.375
HVN,2025-12-30,2025Q4,53,54,1.0188679245283019,13.5625,34.0,12.535235080773205,0.5,0.5
HVN,2025-12-31,2025Q4,53,43,0.8113207547169812,8.4375,21.0,7.754111675627976,0.5,0.5
HVN,2026-01-01,2026Q1,43,43,1.0,12.375,31.0,10.087861277932403,0.1875,0.8125
HVN,2026-01-02,2026Q1,73,64,0.8767123287671232,6.0,20.0,6.100293852695686,0.9375,0.0625
HVN,2026-01-03,2026Q1,97,97,1.0,5.5,17.0,4.507989215156262,1.0,0.0
HVN,2026-01-04,2026Q1,99,99,1.0,6.0625,0,4.071603309839427,0.8125,0.125
HVN,2026-01-05,2026Q1,103,96,0.9320388349514563,3.625,0,1.4953500238067217,0.625,0.125
HVN,2026-01-06,2026Q1,57,56,0.9824561403508771,5.375,0,4.698829091397802,0.6875,0.0
HVN,2026-01-07,2026Q1,39,35,0.8974358974358975,2.625,0,1.1660951555087944,0.3125,0.0
HVN,2026-01-08,2026Q1,128,100,0.78125,4.5,17.0,2.2343167739413534,1.0,0.0
HVN,2026-01-09,2026Q1,81,74,0.9135802469135802,4.5,0,1.4450354678955526,0.4375,0.125
HVN,2026-01-10,2026Q1,53,53,1.0,6.75,26.0,5.090841143741986,0.5625,0.4375
HVN,2026-01-11,2026Q1,71,70,0.9859154929577465,7.25,29.0,7.014477787993276,0.875,0.0625
HVN,2026-01-12,2026Q1,97,85,0.8762886597938144,8.5,22.0,6.743556133317813,1.0,0.0
HVN,2026-01-13,2026Q1,87,83,0.9540229885057471,6.3125,15.0,3.531688136150002,1.0,0.0
HVN,2026-01-14,2026Q1,80,71,0.8875,1.5625,15.0,1.0830947385600525,1.0,0.0
HVN,2026-01-15,2026Q1,61,56,0.9180327868852459,10.625,27.0,8.471280463382733,0.8125,0.0625
HVN,2026-01-16,2026Q1,55,56,1.018181818181818,9.6875,25.0,9.106644760078542,1.0,0.0
HVN,2026-01-18,2026Q1,36,33,0.9166666666666666,3.6875,0,1.0548157254426194,0.0,0.625
HVN,2026-01-19,2026Q1,68,68,1.0,10.3125,28.0,8.891737306859273,0.75,0.1875
HVN,2026-01-20,2026Q1,76,53,0.6973684210526315,9.875,26.0,9.221242021053936,1.0,0.0
HVN,2026-01-21,2026Q1,90,83,0.9222222222222223,8.875,20.0,4.199524815994675,0.875,0.0
HVN,2026-01-22,2026Q1,102,90,0.8823529411764706,8.0625,20.0,5.947245723520443,1.0,0.0
HVN,2026-01-23,2026Q1,72,53,0.7361111111111112,10.875,31.0,8.782103415341052,0.75,0.25
HVN,2026-01-24,2026Q1,35,32,0.9142857142857143,11.4375,28.0,3.718932539691039,1.0,0.0
HVN,2026-01-26,2026Q1,37,35,0.9459459459459459,9.4375,25.0,4.571750667999659,0.0625,0.4375
HVN,2026-01-27,2026Q1,37,30,0.8108108108108109,7.5,23.0,6.887183586415158,0.875,0.0625
HVN,2026-01-28,2026Q1,60,48,0.8,5.125,16.0,4.5847907765144615,1.0,0.0
HVN,2026-01-29,2026Q1,95,51,0.5368421052631579,8.0625,21.0,6.403270801460949,1.0,0.0
HVN,2026-01-30,2026Q1,58,61,1.0517241379310345,7.875,20.0,5.988584979028076,1.0,0.0
HVN,2026-01-31,2026Q1,91,90,0.989010989010989,4.6875,18.0,1.053298518344818,1.0,0.0
HVN,2026-02-01,2026Q1,35,35,1.0,13.3125,28.0,4.712339265826112,0.6875,0.3125
HVN,2026-02-02,2026Q1,69,62,0.8985507246376812,9.75,23.0,5.387290733835928,1.0,0.0
HVN,2026-02-03,2026Q1,79,61,0.7721518987341772,3.9375,0,3.1724496401796993,1.0,0.0
HVN,2026-02-04,2026Q1,66,66,1.0,7.875,19.0,4.583889229841869,1.0,0.0
HVN,2026-02-05,2026Q1,102,108,1.0588235294117647,4.125,0,1.9150705594296924,1.0,0.0
HVN,2026-02-06,2026Q1,69,69,1.0,5.1875,0,1.7003719699344872,0.9375,0.0625
HVN,2026-02-08,2026Q1,55,53,0.9636363636363636,12.875,29.0,6.175347885624197,1.0,0.0
HVN,2026-02-09,2026Q1,53,48,0.9056603773584906,7.9375,21.0,5.285636250487818,1.0,0.0
HVN,2026-02-10,2026Q1,39,48,1.2307692307692308,3.4375,0,1.6338738620675353,0.9375,0.0625
HVN,2026-02-11,2026Q1,47,44,0.9361702127659575,7.1875,27.0,6.185530574730676,0.625,0.0
HVN,2026-02-12,2026Q1,76,73,0.9605263157894737,11.6875,27.0,6.791455260563557,1.0,0.0
HVN,2026-02-13,2026Q1,64,65,1.015625,4.8125,0,2.542514205013458,1.0,0.0
HVN,2026-02-14,2026Q1,58,58,1.0,3.9375,0,2.2705566616846085,1.0,0.0
HVN,2026-02-15,2026Q1,107,104,0.9719626168224299,5.875,17.0,3.3162249549675336,0.875,0.0
HVN,2026-02-16,2026Q1,80,76,0.95,5.25,0,1.8388929033448949,1.0,0.0
HVN,2026-02-17,2026Q1,33,31,0.9393939393939394,2.5,0,0.9170722149921983,0.0,0.0
HVN,2026-02-18,2026Q1,41,41,1.0,2.125,0,0.6719366336665794,0.0,0.25
HVN,2026-02-20,2026Q1,56,55,0.9821428571428571,8.625,19.0,5.6802350833915405,0.125,0.4375
HVN,2026-02-21,2026Q1,79,78,0.9873417721518988,4.75,0,4.0448084602323044,0.9375,0.0
HVN,2026-02-24,2026Q1,47,45,0.9574468085106383,8.75,23.0,5.352917684942508,1.0,0.0
HVN,2026-02-25,2026Q1,42,41,0.9761904761904762,4.8125,0,1.9402419877654276,0.625,0.25
HVN,2026-02-26,2026Q1,100,98,0.98,3.875,14.0,2.2387371483477247,0.9375,0.0
HVN,2026-02-27,2026Q1,92,89,0.967391304347826,2.75,0,1.2110225000037367,1.0,0.0
HVN,2026-02-28,2026Q1,113,98,0.8672566371681416,2.5,0,1.6887888380993294,1.0,0.0
HVN,2026-03-01,2026Q1,59,54,0.9152542372881356,8.9375,21.0,2.5884836393920945,0.875,0.125
HVN,2026-03-02,2026Q1,122,107,0.8770491803278688,4.9375,0,1.7095132926188583,1.0,0.0
HVN,2026-03-03,2026Q1,44,45,1.0227272727272727,3.6875,0,2.8715050212531517,0.25,0.75
HVN,2026-03-04,2026Q1,77,63,0.8181818181818182,3.4375,0,1.8549669600611378,0.875,0.0
HVN,2026-03-05,2026Q1,69,70,1.0144927536231885,4.0625,0,2.194271258664636,0.0,0.5
HVN,2026-03-06,2026Q1,49,50,1.0204081632653061,9.125,20.0,2.5568688392298484,0.0625,0.0
HVN,2026-03-07,2026Q1,42,41,0.9761904761904762,2.4375,0,1.0378127580629113,0.0,0.0
HVN,2026-03-08,2026Q1,66,69,1.0454545454545454,3.1875,0,1.8238113256941542,0.125,0.0
HVN,2026-03-09,2026Q1,108,98,0.9074074074074074,3.9375,0,1.723518210449795,1.0,0.0
HVN,2026-03-10,2026Q1,71,73,1.028169014084507,2.375,0,0.8846332048361764,0.875,0.0
HVN,2026-03-11,2026Q1,52,51,0.9807692307692307,6.9375,0,5.180157815428817,1.0,0.0
HVN,2026-03-12,2026Q1,49,50,1.0204081632653061,6.9375,26.0,4.141635932154423,0.3125,0.25
HVN,2026-03-13,2026Q1,81,77,0.9506172839506173,7.875,22.0,3.464984605235934,1.0,0.0
HVN,2026-03-14,2026Q1,31,33,1.064516129032258,10.625,33.0,9.401777384202186,1.0,0.0
HVN,2026-03-15,2026Q1,90,80,0.8888888888888888,8.0625,23.0,7.609834263673714,1.0,0.0
HVN,2026-03-17,2026Q1,46,47,1.0217391304347827,12.25,27.0,11.00299825882236,1.0,0.0
HVN,2026-03-18,2026Q1,86,76,0.8837209302325582,6.3125,18.0,2.6463771413653454,1.0,0.0
HVN,2026-03-19,2026Q1,94,97,1.0319148936170213,2.375,0,1.3482166800522548,1.0,0.0
HVN,2026-03-20,2026Q1,83,78,0.9397590361445783,4.8125,19.0,1.809733994960408,0.9375,0.0625
HVN,2026-03-21,2026Q1,91,74,0.8131868131868132,11.25,25.0,2.937013576635599,0.9375,0.0
HVN,2026-03-22,2026Q1,66,62,0.9393939393939394,4.75,0,2.6532941829922634,0.0,0.125
HVN,2026-03-23,2026Q1,53,52,0.9811320754716981,10.25,19.0,2.83268198300333,0.375,0.125
HVN,2026-03-24,2026Q1,66,55,0.8333333333333334,7.875,21.0,3.3592871760790284,1.0,0.0
HVN,2026-03-25,2026Q1,95,82,0.8631578947368421,5.125,0,1.8774707455455943,1.0,0.0
HVN,2026-03-26,2026Q1,115,106,0.9217391304347826,6.0625,0,3.0758656236476836,1.0,0.0
HVN,2026-03-27,2026Q1,70,76,1.0857142857142856,10.4375,31.0,2.3897799353741336,0.9375,0.0
HVN,2026-03-28,2026Q1,63,63,1.0,9.3125,25.0,3.6732352183165284,1.0,0.0
HVN,2026-03-29,2026Q1,108,91,0.8425925925925926,6.3125,19.0,2.6120528087025856,1.0,0.0
HVN,2026-03-30,2026Q1,76,66,0.868421052631579,7.3125,21.0,2.9385658252464997,1.0,0.0
HVN,2026-03-31,2026Q1,52,50,0.9615384615384616,6.875,22.0,2.837668957690881,1.0,0.0
HVN,2026-04-01,2026Q2,70,42,0.6,6.8125,16.0,3.09460893053565,0.875,0.0625
HVN,2026-04-02,2026Q2,64,60,0.9375,7.6875,19.0,6.525048895492929,0.0,0.0
HVN,2026-04-03,2026Q2,62,62,1.0,4.666666666666667,0,1.9813277147253743,0.5333333333333333,0.0
HVN,2026-04-04,2026Q2,76,80,1.0526315789473684,12.5625,33.0,9.610091355399733,0.875,0.0
HVN,2026-04-05,2026Q2,62,60,0.967741935483871,4.125,19.0,2.7530144537809544,0.25,0.375
HVN,2026-04-06,2026Q2,98,97,0.9897959183673469,8.4375,24.0,7.4547002165980585,1.0,0.0
HVN,2026-04-07,2026Q2,85,76,0.8941176470588236,11.25,28.0,7.147141306723011,1.0,0.0
HVN,2026-04-08,2026Q2,112,93,0.8303571428571429,9.0625,22.0,2.2324806218077784,1.0,0.0
HVN,2026-04-09,2026Q2,128,99,0.7734375,7.5625,20.0,4.043458592902598,0.875,0.0
HVN,2026-04-10,2026Q2,113,103,0.911504424778761,6.125,0,2.3055347210406665,0.8125,0.0
HVN,2026-04-11,2026Q2,65,60,0.9230769230769231,11.5,26.0,4.911238262015109,1.0,0.0
HVN,2026-04-12,2026Q2,152,135,0.8881578947368421,6.6875,19.0,2.9375602352885575,1.0,0.0
HVN,2026-04-13,2026Q2,66,59,0.8939393939393939,5.75,20.0,3.144314510410201,0.625,0.0
HVN,2026-04-14,2026Q2,98,84,0.8571428571428571,5.75,17.0,2.6854574458240124,1.0,0.0
HVN,2026-04-15,2026Q2,86,70,0.813953488372093,5.8125,0,2.823564409554274,1.0,0.0
HVN,2026-04-16,2026Q2,105,97,0.9238095238095239,6.125,18.0,1.8329795439139036,1.0,0.0
HVN,2026-04-17,2026Q2,94,87,0.925531914893617,8.0,22.0,5.069687147102716,0.9375,0.0625
HVN,2026-04-18,2026Q2,59,56,0.9491525423728814,7.125,25.0,5.951979190233365,0.0625,0.0
HVN,2026-04-19,2026Q2,64,62,0.96875,8.0,33.0,5.0701442381406014,0.5,0.125
HVN,2026-04-20,2026Q2,90,76,0.8444444444444444,7.1875,23.0,3.1980406734180877,1.0,0.0
HVN,2026-04-21,2026Q2,140,109,0.7785714285714286,8.5,19.0,2.339502262655075,1.0,0.0
HVN,2026-04-22,2026Q2,37,29,0.7837837837837838,7.9375,18.0,4.265263615640201,0.625,0.0
HVN,2026-04-23,2026Q2,74,76,1.027027027027027,9.5,30.0,5.576267385830123,0.9375,0.0
HVN,2026-04-24,2026Q2,103,93,0.9029126213592233,8.5625,18.0,3.960063050171291,1.0,0.0
HVN,2026-04-25,2026Q2,57,53,0.9298245614035088,6.4375,20.0,4.9781943499411,0.5625,0.4375
HVN,2026-04-26,2026Q2,94,92,0.9787234042553191,6.3125,15.0,4.468451406944512,1.0,0.0
HVN,2026-04-27,2026Q2,118,93,0.788135593220339,6.933333333333334,0,3.320377208719016,1.0,0.0
HVN,2026-04-28,2026Q2,75,66,0.88,5.75,0,3.11543267982282,1.0,0.0
HVN,2026-04-29,2026Q2,99,77,0.7777777777777778,6.0625,0,3.0092419554887253,1.0,0.0
HVN,2026-04-30,2026Q2,78,71,0.9102564102564102,4.75,0,2.4545983511703064,0.3125,0.0625
HVN,2026-05-01,2026Q2,132,118,0.8939393939393939,8.0,24.0,3.8406909726534377,1.0,0.0
HVN,2026-05-02,2026Q2,71,68,0.9577464788732394,4.375,0,2.3947587675950346,1.0,0.0
HVN,2026-05-03,2026Q2,78,63,0.8076923076923077,9.6875,29.0,6.951680849070218,1.0,0.0
HVN,2026-05-04,2026Q2,72,47,0.6527777777777778,8.1875,22.0,4.267927126394338,1.0,0.0
HVN,2026-05-07,2026Q2,125,45,0.36,8.1875,21.0,3.8315374011733354,1.0,0.0
HVN,2026-05-08,2026Q2,87,80,0.9195402298850575,7.0,28.0,5.111680597809258,0.9375,0.0625
HVN,2026-05-09,2026Q2,68,43,0.6323529411764706,5.5,19.0,3.461908467834766,0.625,0.375
HVN,2026-05-10,2026Q2,76,67,0.881578947368421,2.9375,0,1.483874657575401,0.4375,0.0
HVN,2026-05-11,2026Q2,133,134,1.0075187969924813,6.0625,16.0,1.4509856226034255,1.0,0.0
HVN,2026-05-12,2026Q2,178,172,0.9662921348314607,8.375,20.0,3.5049689127265857,1.0,0.0
HVN,2026-05-13,2026Q2,81,75,0.9259259259259259,8.4375,24.0,1.7459056360999399,1.0,0.0
HVN,2026-05-14,2026Q2,70,66,0.9428571428571428,4.125,0,1.513035709584038,0.6875,0.0625
HVN,2026-05-15,2026Q2,92,83,0.9021739130434783,7.3125,15.0,2.7316867508324822,1.0,0.0
HVN,2026-05-16,2026Q2,58,57,0.9827586206896551,5.5,20.0,1.8317652621798581,1.0,0.0
HVN,2026-05-17,2026Q2,90,88,0.9777777777777777,6.0625,21.0,3.5384861769090863,1.0,0.0
HVN,2026-05-18,2026Q2,85,83,0.9764705882352941,5.6875,0,3.7560732973279682,1.0,0.0
HVN,2026-05-19,2026Q2,90,75,0.8333333333333334,6.0,19.0,1.941446724560278,1.0,0.0
HVN,2026-05-20,2026Q2,40,41,1.025,6.0625,19.0,4.73450219072603,0.8125,0.1875
HVN,2026-05-21,2026Q2,106,90,0.8490566037735849,6.375,22.0,2.1182592918239997,0.875,0.125
HVN,2026-05-22,2026Q2,150,139,0.9266666666666666,7.5,21.0,5.123878633470612,1.0,0.0
HVN,2026-05-23,2026Q2,65,64,0.9846153846153847,4.625,0,3.535473221602346,0.5625,0.4375
HVN,2026-05-24,2026Q2,51,50,0.9803921568627451,9.0625,24.0,8.662108075620244,0.0,0.625
HVN,2026-05-25,2026Q2,83,74,0.891566265060241,5.875,0,3.986921684016354,0.5625,0.0625
HVN,2026-05-26,2026Q2,89,66,0.7415730337078652,6.0625,0,2.419580424492429,1.0,0.0
HVN,2026-05-27,2026Q2,82,63,0.7682926829268293,6.6875,20.0,4.6621500742398565,1.0,0.0
HVN,2026-05-28,2026Q2,120,100,0.8333333333333334,9.9375,24.0,4.412948487166734,1.0,0.0
HVN,2026-05-29,2026Q2,87,79,0.9080459770114943,7.0,21.0,3.6677754681776493,1.0,0.0
HVN,2026-05-30,2026Q2,30,30,1.0,16.375,39.0,4.322936373896032,0.8125,0.0
HVN,2026-05-31,2026Q2,132,136,1.0303030303030303,5.375,22.0,3.0274025430087677,1.0,0.0
HVN,2026-06-01,2026Q2,147,117,0.7959183673469388,8.5625,21.0,4.349689693108437,1.0,0.0
HVN,2026-06-02,2026Q2,93,78,0.8387096774193549,6.5,20.0,2.670755729143104,1.0,0.0
HVN,2026-06-03,2026Q2,84,85,1.0119047619047619,6.625,18.0,2.8012066926038197,1.0,0.0
HVN,2026-06-04,2026Q2,154,145,0.9415584415584416,4.75,0,1.310487444526205,1.0,0.0
HVN,2026-06-05,2026Q2,116,83,0.7155172413793104,4.4375,0,2.3263397076826533,1.0,0.0
HVN,2026-06-06,2026Q2,63,44,0.6984126984126984,4.75,18.0,1.627913218008391,0.875,0.125
HVN,2026-06-07,2026Q2,107,90,0.8411214953271028,8.75,26.0,5.77135734356961,1.0,0.0
HVN,2026-06-08,2026Q2,130,113,0.8692307692307693,7.4375,17.0,3.522929269944971,1.0,0.0
HVN,2026-06-09,2026Q2,106,77,0.7264150943396226,7.6875,19.0,4.045965059937633,1.0,0.0
HVN,2026-06-10,2026Q2,68,61,0.8970588235294118,5.6875,17.0,2.866364657547391,1.0,0.0
HVN,2026-06-11,2026Q2,165,100,0.6060606060606061,5.6,18.0,2.715782542660223,0.9333333333333333,0.06666666666666667
HVN,2026-06-12,2026Q2,89,82,0.9213483146067416,7.125,31.0,4.3782894095062765,1.0,0.0
HVN,2026-06-13,2026Q2,102,82,0.803921568627451,6.375,20.0,3.048712357199758,1.0,0.0
HVN,2026-06-14,2026Q2,116,93,0.8017241379310345,7.625,18.0,1.4525951773238392,1.0,0.0
HVN,2026-06-15,2026Q2,107,96,0.897196261682243,10.9375,24.0,5.8420062220786875,1.0,0.0
HVN,2026-06-16,2026Q2,113,92,0.8141592920353983,8.8125,20.0,5.135723528772442,1.0,0.0
HVN,2026-06-17,2026Q2,87,68,0.7816091954022989,5.6875,16.0,2.417634019917464,1.0,0.0
HVN,2026-06-18,2026Q2,69,68,0.9855072463768116,10.75,29.0,5.080191297073546,0.6875,0.0
HVN,2026-06-19,2026Q2,104,98,0.9423076923076923,8.0,19.0,6.377452661020139,1.0,0.0
HVN,2026-06-20,2026Q2,39,42,1.0769230769230769,10.375,28.0,8.554000847099891,1.0,0.0
HVN,2026-06-21,2026Q2,131,120,0.916030534351145,5.875,19.0,3.508525769664011,1.0,0.0
HVN,2026-06-22,2026Q2,105,105,1.0,6.1875,21.0,5.422744813813272,0.625,0.25
HVN,2026-06-24,2026Q2,151,115,0.7615894039735099,5.75,19.0,3.8710478031917495,1.0,0.0
HVN,2026-06-25,2026Q2,180,95,0.5277777777777778,6.769230769230769,0,4.1587881186082605,1.0,0.0
HVN,2026-06-26,2026Q2,116,114,0.9827586206896551,5.0625,0,2.2044145011714393,0.75,0.0
HVN,2026-06-27,2026Q2,103,97,0.941747572815534,1.8125,0,0.3973145733923802,0.8125,0.1875
HVN,2026-06-28,2026Q2,143,121,0.8461538461538461,5.75,0,2.5597726112988264,0.75,0.0
HVN,2026-06-29,2026Q2,115,104,0.9043478260869565,5.625,0,2.9694270556102023,0.8125,0.0
HVN,2026-06-30,2026Q2,129,112,0.8682170542635659,7.125,28.0,3.2893914307765844,1.0,0.0
HVN,2026-07-01,2026Q3,76,73,0.9605263157894737,8.25,20.0,5.3820950955864,1.0,0.0
HVN,2026-07-02,2026Q3,121,106,0.8760330578512396,8.5625,20.0,5.6656625495604835,1.0,0.0
HVN,2026-07-03,2026Q3,93,86,0.9247311827956989,7.5625,21.0,4.850832831138246,1.0,0.0
HVN,2026-07-04,2026Q3,43,43,1.0,6.75,38.0,4.6771500697918675,0.9375,0.0625
HVN,2026-07-05,2026Q3,107,96,0.897196261682243,7.6875,22.0,6.363658060024487,1.0,0.0
HVN,2026-07-06,2026Q3,51,49,0.9607843137254902,8.625,20.0,7.224281432709812,0.0625,0.875
HVN,2026-07-08,2026Q3,90,76,0.8444444444444444,7.5625,0,3.3714666242452678,1.0,0.0
HVN,2026-07-09,2026Q3,111,108,0.972972972972973,9.125,26.0,5.766551741669028,0.8125,0.0
HVN,2026-07-10,2026Q3,112,112,1.0,5.4375,18.0,3.700555720921123,1.0,0.0
HVN,2026-07-11,2026Q3,81,86,1.0617283950617284,6.75,0,4.8300608962258105,1.0,0.0
HVN,2026-07-12,2026Q3,113,107,0.9469026548672567,7.4375,0,2.568992494215604,1.0,0.0
HVN,2026-07-13,2026Q3,146,129,0.8835616438356164,7.6875,22.0,3.946538419064085,1.0,0.0
HVN,2026-07-14,2026Q3,70,65,0.9285714285714286,8.8125,25.0,5.7879217420614735,1.0,0.0
HVN,2026-07-15,2026Q3,86,72,0.8372093023255814,7.375,25.0,4.659485103794978,0.6875,0.0
HVN,2026-07-16,2026Q3,110,99,0.9,2.75,0,1.657341300811671,0.4375,0.0
HVN,2026-07-17,2026Q3,114,111,0.9736842105263158,4.875,20.0,2.9381465147346075,0.9375,0.0
HVN,2026-07-18,2026Q3,41,43,1.048780487804878,6.615384615384615,22.0,1.856082836287034,0.15384615384615385,0.3076923076923077
HVN,2026-07-19,2026Q3,111,93,0.8378378378378378,9.5625,26.0,4.4474866802546735,1.0,0.0
HVN,2026-07-20,2026Q3,148,150,1.0135135135135136,7.1875,15.0,1.5401327409518093,1.0,0.0
HVN,2026-07-21,2026Q3,51,48,0.9411764705882353,6.375,27.0,3.8846421075362847,0.4375,0.3125
HVN,2026-07-22,2026Q3,78,73,0.9358974358974359,13.266666666666667,20.0,5.638529665190785,0.8666666666666667,0.0
HVN,2026-07-23,2026Q3,135,139,1.0296296296296297,8.0,17.0,3.1838544615050393,1.0,0.0
HVN,2026-07-24,2026Q3,160,140,0.875,6.6,0,2.403445442727909,1.0,0.0
HVN,2026-07-25,2026Q3,88,71,0.8068181818181818,7.533333333333333,21.0,5.488643296211491,1.0,0.0
HVN,2026-07-26,2026Q3,126,129,1.0238095238095237,5.875,0,1.4434644948863933,1.0,0.0
HVN,2026-07-27,2026Q3,128,113,0.8828125,5.6875,15.0,2.66207985212123,1.0,0.0
HVN,2026-07-28,2026Q3,37,35,0.9459459459459459,8.25,19.0,2.2790993020738455,0.75,0.0
HVN,2026-07-29,2026Q3,33,31,0.9393939393939394,9.1875,24.0,5.687313917645848,0.5625,0.1875
HVN,2026-07-30,2026Q3,84,78,0.9285714285714286,7.0625,18.0,2.5078946122186694,0.375,0.3125
HVN,2026-07-31,2026Q3,158,141,0.8924050632911392,5.866666666666666,19.0,2.5564035678330965,1.0,0.0
HVN,2026-08-01,2026Q3,93,23,0.24731182795698925,6.5625,20.0,2.4338391601664977,1.0,0.0
HVN,2026-08-02,2026Q3,125,111,0.888,8.1875,20.0,4.493841734957861,0.875,0.0
HVN,2026-08-03,2026Q3,52,49,0.9423076923076923,7.733333333333333,23.0,4.368270076474855,0.3333333333333333,0.26666666666666666
HVN,2026-08-04,2026Q3,88,82,0.9318181818181818,4.75,0,2.1279190106455306,1.0,0.0
HVN,2026-08-05,2026Q3,105,108,1.0285714285714285,6.066666666666666,0,3.065236018486944,1.0,0.0
HVN,2026-08-06,2026Q3,86,87,1.0116279069767442,7.5,21.0,4.135455037364144,0.75,0.0
HVN,2026-08-07,2026Q3,91,89,0.978021978021978,5.9375,25.0,3.048789489057787,0.875,0.125
HVN,2026-08-08,2026Q3,76,76,1.0,8.5625,23.0,5.872530918584716,1.0,0.0
HVN,2026-08-09,2026Q3,109,52,0.47706422018348627,5.9375,18.0,4.821820143928667,1.0,0.0
HVN,2026-08-10,2026Q3,103,105,1.0194174757281553,3.8125,0,1.8166791099942676,1.0,0.0
HVN,2026-08-11,2026Q3,49,54,1.1020408163265305,6.8125,21.0,4.153086491467432,1.0,0.0
HVN,2026-08-12,2026Q3,58,29,0.5,7.0625,0,3.42609930516852,1.0,0.0
HVN,2026-08-13,2026Q3,98,98,1.0,6.75,0,4.357972928059204,0.9375,0.0
HVN,2026-08-14,2026Q3,114,108,0.9473684210526315,5.5625,0,2.33097295829204,1.0,0.0
HVN,2026-08-15,2026Q3,76,74,0.9736842105263158,4.8125,0,1.43254036722011,1.0,0.0
HVN,2026-08-16,2026Q3,113,107,0.9469026548672567,5.75,17.0,2.409093972024514,0.9375,0.0625
HVN,2026-08-17,2026Q3,67,62,0.9253731343283582,7.0625,15.0,4.154374131374462,0.125,0.0625
HVN,2026-08-18,2026Q3,65,59,0.9076923076923077,4.0625,0,1.1723962068929314,0.75,0.0
HVN,2026-08-19,2026Q3,136,100,0.7352941176470589,6.4375,16.0,3.550203231983962,1.0,0.0
HVN,2026-08-20,2026Q3,94,87,0.925531914893617,7.6875,29.0,1.9340322413921838,0.625,0.375
HVN,2026-08-21,2026Q3,96,89,0.9270833333333334,7.5625,20.0,2.567978318770351,0.5,0.0
HVN,2026-08-22,2026Q3,44,41,0.9318181818181818,3.375,0,1.5695555279826172,0.125,0.0
HVN,2026-08-23,2026Q3,75,69,0.92,6.6875,17.0,4.957138813961249,0.625,0.1875
HVN,2026-08-24,2026Q3,115,103,0.8956521739130435,6.4375,0,4.035857023302534,0.9375,0.0625
HVN,2026-08-25,2026Q3,87,73,0.8390804597701149,5.875,19.0,4.317650615019776,1.0,0.0
HVN,2026-08-26,2026Q3,117,109,0.9316239316239316,6.125,0,3.234989150854603,1.0,0.0
HVN,2026-08-27,2026Q3,90,84,0.9333333333333333,5.75,19.0,1.3809573328898856,0.9375,0.0
HVN,2026-08-28,2026Q3,81,76,0.9382716049382716,6.1875,0,4.55951422913947,0.8125,0.0
HVN,2026-08-29,2026Q3,128,133,1.0390625,7.0,20.0,2.886820565525156,1.0,0.0
HVN,2026-08-30,2026Q3,116,113,0.9741379310344828,5.75,0,3.2206150911414824,0.9375,0.0625
HVN,2026-08-31,2026Q3,113,95,0.8407079646017699,6.0625,16.0,3.008658530293256,1.0,0.0
LWM,2023-04-20,2023Q2,232,66,0.28448275862068967,5.666666666666667,19.0,1.305575017036733,1.0,0.0
LWM,2023-06-29,2023Q2,309,79,0.255663430420712,4.133333333333334,0,1.3052424928679769,0.8,0.0
LWM,2023-07-01,2023Q3,219,50,0.228310502283105,4.4,0,0.9955374010908286,0.4666666666666667,0.0
LWM,2023-07-05,2023Q3,357,91,0.2549019607843137,2.933333333333333,0,0.6767821651144327,1.0,0.0
LWM,2023-07-06,2023Q3,320,90,0.28125,4.133333333333334,0,0.8376647749140325,1.0,0.0
LWM,2023-07-07,2023Q3,286,85,0.2972027972027972,5.333333333333333,0,1.8541841581572869,1.0,0.0
LWM,2023-07-08,2023Q3,174,46,0.26436781609195403,4.2,0,1.9628676349318317,0.4,0.0
LWM,2023-07-11,2023Q3,305,63,0.20655737704918034,6.333333333333333,17.0,2.612709234723873,0.8,0.0
LWM,2023-07-12,2023Q3,306,101,0.3300653594771242,4.8,0,1.110870638570362,1.0,0.0
LWM,2023-07-13,2023Q3,249,68,0.27309236947791166,5.666666666666667,19.0,1.6083178347499707,1.0,0.0
LWM,2023-07-14,2023Q3,193,47,0.24352331606217617,3.466666666666667,0,1.1403329281887915,0.8666666666666667,0.13333333333333333
LWM,2023-07-15,2023Q3,328,67,0.20426829268292682,4.6,0,1.199241456202736,0.6666666666666666,0.06666666666666667
LWM,2023-07-17,2023Q3,342,71,0.20760233918128654,5.533333333333333,0,2.040404946837822,0.8,0.0
LWM,2023-07-20,2023Q3,349,87,0.2492836676217765,2.933333333333333,0,0.7218158579214161,1.0,0.0
LWM,2023-07-21,2023Q3,366,84,0.22950819672131148,4.466666666666667,0,1.4276333472059475,0.8,0.2
LWM,2023-07-22,2023Q3,352,85,0.24147727272727273,3.3333333333333335,0,0.9192917551742995,0.6666666666666666,0.0
LWM,2023-07-23,2023Q3,283,57,0.20141342756183744,4.066666666666666,0,1.2228042645617423,1.0,0.0
LWM,2023-07-24,2023Q3,199,55,0.27638190954773867,5.066666666666666,16.0,0.7618885065938573,1.0,0.0
LWM,2023-07-30,2023Q3,284,59,0.20774647887323944,5.333333333333333,15.0,1.5375871766918179,1.0,0.0
LWM,2023-08-02,2023Q3,432,111,0.2569444444444444,2.933333333333333,0,0.88859959540843,1.0,0.0
LWM,2023-08-12,2023Q3,371,104,0.2803234501347709,4.533333333333333,0,1.0627922110068428,1.0,0.0
LWM,2023-08-14,2023Q3,202,63,0.3118811881188119,6.066666666666666,0,2.656134174046131,1.0,0.0
LWM,2023-08-19,2023Q3,273,82,0.30036630036630035,8.933333333333334,23.0,3.423794569057121,1.0,0.0
LWM,2023-08-20,2023Q3,360,108,0.3,8.266666666666667,0,2.3513268854959626,1.0,0.0
LWM,2023-08-21,2023Q3,259,74,0.2857142857142857,5.533333333333333,0,2.1010110586008137,1.0,0.0
LWM,2023-08-23,2023Q3,347,101,0.2910662824207493,2.933333333333333,0,0.8479860225916487,1.0,0.0
LWM,2023-08-24,2023Q3,280,105,0.375,5.733333333333333,0,1.9213100659656053,1.0,0.0
LWM,2023-09-01,2023Q3,288,83,0.2881944444444444,2.6,0,0.9773270955056936,1.0,0.0
LWM,2023-09-04,2023Q3,285,89,0.312280701754386,1.9333333333333333,0,0.4489101755331603,1.0,0.0
LWM,2023-09-06,2023Q3,212,53,0.25,3.466666666666667,0,1.0450419994196236,1.0,0.0
LWM,2023-09-14,2023Q3,205,43,0.2097560975609756,5.533333333333333,0,1.7668841781868097,1.0,0.0
LWM,2023-09-17,2023Q3,336,109,0.3244047619047619,6.466666666666667,0,2.184019657655895,1.0,0.0
LWM,2023-09-21,2023Q3,296,101,0.34121621621621623,2.3333333333333335,0,0.8711528833198681,1.0,0.0
LWM,2023-09-27,2023Q3,286,68,0.23776223776223776,4.066666666666666,0,1.6174987186677545,1.0,0.0
LWM,2023-09-28,2023Q3,448,113,0.25223214285714285,2.466666666666667,0,1.069286485062629,1.0,0.0
LWM,2023-10-01,2023Q4,315,120,0.38095238095238093,3.0,0,0.9455337766861479,0.8,0.0
LWM,2023-10-05,2023Q4,211,62,0.2938388625592417,2.533333333333333,0,0.6106605492595377,0.7333333333333333,0.0
LWM,2023-10-08,2023Q4,152,36,0.23684210526315788,9.866666666666667,24.0,3.064423572368321,1.0,0.0
LWM,2023-10-09,2023Q4,323,115,0.3560371517027864,5.2,0,1.3035590068290506,1.0,0.0
LWM,2023-10-10,2023Q4,260,99,0.38076923076923075,3.1333333333333333,23.0,0.815786809503121,1.0,0.0
LWM,2023-10-11,2023Q4,290,66,0.22758620689655173,4.066666666666666,17.0,0.6250547622827336,1.0,0.0
LWM,2023-10-12,2023Q4,266,110,0.41353383458646614,3.533333333333333,0,1.3566103030188827,1.0,0.0
LWM,2023-10-13,2023Q4,180,48,0.26666666666666666,8.133333333333333,21.0,2.076184354907304,1.0,0.0
LWM,2023-10-14,2023Q4,287,90,0.313588850174216,4.133333333333334,0,1.6848597091788844,1.0,0.0
LWM,2023-10-15,2023Q4,246,71,0.2886178861788618,6.666666666666667,18.0,2.447590822115415,1.0,0.0
LWM,2023-10-16,2023Q4,144,37,0.2569444444444444,4.133333333333334,0,1.9326718202987707,0.7333333333333333,0.26666666666666666
LWM,2023-10-18,2023Q4,205,74,0.36097560975609755,2.0,0,0.5760491901604626,0.9333333333333333,0.06666666666666667
LWM,2023-10-19,2023Q4,359,94,0.2618384401114206,6.066666666666666,15.0,2.447165060019356,1.0,0.0
LWM,2023-10-23,2023Q4,300,78,0.26,6.333333333333333,16.0,1.415055856359394,1.0,0.0
LWM,2023-10-24,2023Q4,239,71,0.29707112970711297,4.266666666666667,0,1.1336612013214047,1.0,0.0
LWM,2023-10-25,2023Q4,233,62,0.26609442060085836,5.8,0,1.6246966296686312,1.0,0.0
LWM,2023-10-26,2023Q4,289,91,0.314878892733564,2.0,0,0.25116267298703404,1.0,0.0
LWM,2023-10-27,2023Q4,235,75,0.3191489361702128,5.266666666666667,0,1.5126880115157542,1.0,0.0
LWM,2023-10-28,2023Q4,231,58,0.2510822510822511,9.066666666666666,24.0,3.7149535237770395,1.0,0.0
LWM,2023-10-31,2023Q4,198,45,0.22727272727272727,4.133333333333334,0,1.0327857234687892,1.0,0.0
LWM,2023-11-01,2023Q4,236,63,0.2669491525423729,6.533333333333333,0,2.136067180147568,1.0,0.0
LWM,2023-11-02,2023Q4,293,68,0.23208191126279865,3.7333333333333334,0,1.6127930844814917,1.0,0.0
LWM,2023-11-03,2023Q4,295,100,0.3389830508474576,9.4,22.0,1.6439312279852132,1.0,0.0
LWM,2023-11-04,2023Q4,364,133,0.36538461538461536,3.2,0,1.186076897849455,1.0,0.0
LWM,2023-11-05,2023Q4,302,70,0.23178807947019867,3.4,14.0,0.9140908715079448,1.0,0.0
LWM,2023-11-12,2023Q4,241,79,0.3278008298755187,3.3333333333333335,0,1.1972043279267344,1.0,0.0
LWM,2023-11-14,2023Q4,202,41,0.20297029702970298,6.133333333333334,18.0,2.3733324795798056,1.0,0.0
LWM,2023-11-15,2023Q4,291,101,0.3470790378006873,4.333333333333333,0,1.16761408807366,1.0,0.0
LWM,2023-11-16,2023Q4,332,103,0.3102409638554217,3.2,0,0.8763271501116711,1.0,0.0
LWM,2023-11-19,2023Q4,250,75,0.3,8.666666666666666,23.0,3.5747096278150394,1.0,0.0
LWM,2023-11-20,2023Q4,122,31,0.2540983606557377,7.533333333333333,18.0,3.3562142471672263,1.0,0.0
LWM,2023-11-21,2023Q4,349,119,0.34097421203438394,2.6,0,0.5384365607822786,1.0,0.0
LWM,2023-11-25,2023Q4,309,74,0.23948220064724918,4.8,0,1.7190545602875058,1.0,0.0
LWM,2023-11-26,2023Q4,275,100,0.36363636363636365,4.466666666666667,0,1.05294474622426,0.8666666666666667,0.0
LWM,2023-11-27,2023Q4,118,24,0.2033898305084746,9.133333333333333,20.0,4.327925756770332,1.0,0.0
LWM,2023-11-28,2023Q4,172,47,0.27325581395348836,11.066666666666666,23.0,5.870940071786707,1.0,0.0
LWM,2023-11-29,2023Q4,185,41,0.22162162162162163,6.933333333333334,20.0,3.293117449313373,1.0,0.0
LWM,2023-11-30,2023Q4,251,94,0.3745019920318725,7.533333333333333,0,2.198877498705874,1.0,0.0
LWM,2023-12-01,2023Q4,252,62,0.24603174603174602,5.0,0,0.9170491031369217,0.6,0.4
LWM,2023-12-06,2023Q4,149,65,0.436241610738255,5.133333333333334,0,1.8896295883248893,0.5333333333333333,0.2
LWM,2023-12-07,2023Q4,222,91,0.4099099099099099,3.1333333333333333,0,1.104505710458364,1.0,0.0
LWM,2023-12-08,2023Q4,278,104,0.37410071942446044,1.5333333333333334,0,0.5506034802844906,1.0,0.0
LWM,2023-12-09,2023Q4,354,115,0.3248587570621469,2.6666666666666665,0,0.5827176727797497,0.5333333333333333,0.0
LWM,2023-12-12,2023Q4,157,49,0.31210191082802546,8.066666666666666,19.0,1.788553713334462,1.0,0.0
LWM,2023-12-13,2023Q4,228,46,0.20175438596491227,9.0,20.0,4.210977213212802,0.9333333333333333,0.06666666666666667
LWM,2023-12-14,2023Q4,259,58,0.22393822393822393,7.066666666666666,0,1.3614217725947255,1.0,0.0
LWM,2023-12-15,2023Q4,212,99,0.4669811320754717,6.2,0,2.0563900976097726,1.0,0.0
LWM,2023-12-16,2023Q4,353,167,0.4730878186968839,4.2,0,2.0715505243551173,1.0,0.0
LWM,2023-12-17,2023Q4,180,42,0.23333333333333334,5.2,14.0,1.790854181052758,0.06666666666666667,0.3333333333333333
LWM,2023-12-19,2023Q4,253,101,0.39920948616600793,7.733333333333333,20.0,2.1549618959516477,1.0,0.0
LWM,2023-12-20,2023Q4,321,132,0.411214953271028,6.666666666666667,16.0,2.6534820506128054,1.0,0.0
LWM,2023-12-22,2023Q4,334,149,0.44610778443113774,1.2,0,0.29362658086264215,1.0,0.0
LWM,2023-12-23,2023Q4,327,131,0.40061162079510704,3.533333333333333,0,0.6916156279867897,1.0,0.0
LWM,2023-12-26,2023Q4,163,52,0.31901840490797545,1.0,0,0.37584353441400353,0.5333333333333333,0.0
LWM,2023-12-27,2023Q4,110,27,0.24545454545454545,2.0,0,0.5682549006886224,0.7333333333333333,0.13333333333333333
LWM,2023-12-31,2023Q4,263,119,0.4524714828897338,6.066666666666666,16.0,1.8046083098162569,1.0,0.0
LWM,2024-01-01,2024Q1,190,59,0.3105263157894737,3.466666666666667,0,1.6057680359917954,1.0,0.0
LWM,2024-01-02,2024Q1,202,69,0.3415841584158416,3.6666666666666665,0,0.9767259438341889,1.0,0.0
LWM,2024-01-03,2024Q1,316,160,0.5063291139240507,2.6666666666666665,0,0.7495513451310941,1.0,0.0
LWM,2024-01-04,2024Q1,199,80,0.4020100502512563,8.285714285714286,22.0,2.517035175046043,1.0,0.0
LWM,2024-01-05,2024Q1,124,71,0.5725806451612904,8.066666666666666,19.0,2.1488336797786363,1.0,0.0
LWM,2024-01-06,2024Q1,289,92,0.31833910034602075,6.266666666666667,18.0,2.9527079017358346,0.6,0.26666666666666666
LWM,2024-01-08,2024Q1,36,8,0.2222222222222222,4.733333333333333,16.0,0.9595759006771896,0.9333333333333333,0.06666666666666667
LWM,2024-01-09,2024Q1,125,57,0.456,4.933333333333334,21.0,1.9426042146509814,0.7333333333333333,0.26666666666666666
LWM,2024-01-11,2024Q1,195,77,0.39487179487179486,7.333333333333333,17.0,3.594390084751335,1.0,0.0
LWM,2024-01-12,2024Q1,398,201,0.5050251256281407,4.333333333333333,0,1.1740159397966266,1.0,0.0
LWM,2024-01-15,2024Q1,387,234,0.6046511627906976,5.266666666666667,0,2.2221547456509563,1.0,0.0
LWM,2024-01-18,2024Q1,65,22,0.3384615384615385,6.666666666666667,0,2.131577435489235,1.0,0.0
LWM,2024-01-19,2024Q1,33,13,0.3939393939393939,7.266666666666667,18.0,3.0215463378461918,1.0,0.0
LWM,2024-01-20,2024Q1,168,81,0.48214285714285715,9.0,19.0,1.7400101779473038,0.8,0.2
LWM,2024-01-21,2024Q1,265,139,0.5245283018867924,9.666666666666666,25.0,2.3430342867411658,1.0,0.0
LWM,2024-01-22,2024Q1,264,123,0.4659090909090909,7.2,0,1.1687894328788375,1.0,0.0
LWM,2024-01-23,2024Q1,280,102,0.36428571428571427,5.133333333333334,17.0,1.745225327463121,1.0,0.0
LWM,2024-01-25,2024Q1,160,64,0.4,4.0,0,1.9581510923326546,0.6666666666666666,0.0
LWM,2024-01-27,2024Q1,157,45,0.28662420382165604,2.4,0,0.7276430886867595,0.26666666666666666,0.0
LWM,2024-01-30,2024Q1,158,55,0.34810126582278483,6.6,20.0,2.489670099730612,0.6,0.0
LWM,2024-01-31,2024Q1,249,141,0.5662650602409639,4.733333333333333,0,1.0027382224239545,0.9333333333333333,0.0
LWM,2024-02-01,2024Q1,211,52,0.24644549763033174,4.333333333333333,0,0.7238604623458367,0.4666666666666667,0.0
LWM,2024-02-02,2024Q1,169,83,0.4911242603550296,5.466666666666667,0,2.9784601720073876,0.8,0.0
LWM,2024-02-03,2024Q1,230,110,0.4782608695652174,7.4,18.0,4.227651899800143,1.0,0.0
LWM,2024-02-04,2024Q1,295,97,0.3288135593220339,7.133333333333334,19.0,2.8805245942912054,1.0,0.0
LWM,2024-02-05,2024Q1,195,48,0.24615384615384617,7.333333333333333,17.0,3.6555631467939396,1.0,0.0
LWM,2024-02-06,2024Q1,213,70,0.3286384976525822,6.066666666666666,21.0,1.9280656305304014,1.0,0.0
LWM,2024-02-07,2024Q1,310,169,0.5451612903225806,2.6666666666666665,0,1.085892993079604,1.0,0.0
LWM,2024-02-08,2024Q1,269,140,0.5204460966542751,2.2666666666666666,0,0.8221107401626121,1.0,0.0
LWM,2024-02-09,2024Q1,181,81,0.44751381215469616,4.666666666666667,0,2.2274811156902676,0.8,0.0
LWM,2024-02-10,2024Q1,285,110,0.38596491228070173,6.866666666666666,23.0,2.0397437380938976,0.9333333333333333,0.0
LWM,2024-02-18,2024Q1,205,80,0.3902439024390244,9.466666666666667,24.0,2.6049993686456223,1.0,0.0
LWM,2024-02-19,2024Q1,210,66,0.3142857142857143,7.066666666666666,22.0,1.9654929002011141,1.0,0.0
LWM,2024-02-20,2024Q1,218,54,0.24770642201834864,3.8,0,2.1088567572799928,1.0,0.0
LWM,2024-02-21,2024Q1,291,93,0.31958762886597936,3.066666666666667,17.0,1.1812859367959088,1.0,0.0
LWM,2024-02-22,2024Q1,273,97,0.3553113553113553,5.214285714285714,0,1.0747511635935327,1.0,0.0
LWM,2024-02-24,2024Q1,118,30,0.2542372881355932,10.733333333333333,24.0,2.2894969949101047,0.8666666666666667,0.0
LWM,2024-02-25,2024Q1,279,104,0.3727598566308244,4.8,0,1.6908235057541126,1.0,0.0
LWM,2024-02-26,2024Q1,276,79,0.286231884057971,8.466666666666667,23.0,2.1976865708374405,1.0,0.0
LWM,2024-02-27,2024Q1,238,59,0.24789915966386555,4.866666666666666,15.0,1.702267946069547,0.9333333333333333,0.0
LWM,2024-03-01,2024Q1,244,49,0.20081967213114754,8.4,22.0,2.1792757271954173,1.0,0.0
LWM,2024-03-02,2024Q1,213,71,0.3333333333333333,3.8666666666666667,0,1.3994647238364457,0.4,0.5333333333333333
LWM,2024-03-03,2024Q1,118,30,0.2542372881355932,6.666666666666667,18.0,3.70772579031547,0.4,0.0
LWM,2024-03-06,2024Q1,155,46,0.2967741935483871,2.0,0,0.18259060960146709,0.3333333333333333,0.0
LWM,2024-03-27,2024Q1,108,41,0.37962962962962965,1.4545454545454546,0,0.24541008751832463,0.36363636363636365,0.36363636363636365
LWM,2024-03-29,2024Q1,52,14,0.2692307692307692,12.533333333333333,37.0,2.4231664280878027,0.6666666666666666,0.3333333333333333
LWM,2024-03-30,2024Q1,221,63,0.2850678733031674,11.4,36.0,3.2622332224726684,1.0,0.0
LWM,2024-03-31,2024Q1,304,145,0.4769736842105263,5.8,21.0,1.5473821687113702,1.0,0.0
LWM,2024-04-01,2024Q2,492,202,0.4105691056910569,3.7333333333333334,0,0.8898463257106668,1.0,0.0
LWM,2024-04-02,2024Q2,377,166,0.4403183023872679,8.066666666666666,20.0,3.417544867743969,0.9333333333333333,0.0
LWM,2024-04-03,2024Q2,115,39,0.3391304347826087,12.133333333333333,27.0,7.037002813064462,0.3333333333333333,0.6666666666666666
LWM,2024-04-05,2024Q2,99,36,0.36363636363636365,8.133333333333333,21.0,3.923680592675285,0.7333333333333333,0.0
LWM,2024-04-06,2024Q2,230,80,0.34782608695652173,9.533333333333333,28.0,5.323544186387201,0.3333333333333333,0.6666666666666666
LWM,2024-04-07,2024Q2,346,110,0.3179190751445087,6.666666666666667,20.0,3.712353469441503,1.0,0.0
LWM,2024-04-08,2024Q2,355,117,0.3295774647887324,5.333333333333333,18.0,1.70667594348528,1.0,0.0
LWM,2024-04-09,2024Q2,450,192,0.4266666666666667,6.6,0,2.625969983788218,1.0,0.0
LWM,2024-04-10,2024Q2,335,80,0.23880597014925373,5.857142857142857,14.0,2.0631345446375664,0.7142857142857143,0.2857142857142857
LWM,2024-04-13,2024Q2,307,117,0.3811074918566775,11.866666666666667,27.0,4.830414247929226,1.0,0.0
LWM,2024-04-14,2024Q2,274,138,0.5036496350364964,8.6,27.0,2.9763831102156146,0.7333333333333333,0.26666666666666666
LWM,2024-04-15,2024Q2,223,111,0.4977578475336323,9.333333333333334,36.0,4.237047582055974,0.9333333333333333,0.0
LWM,2024-04-16,2024Q2,239,109,0.4560669456066946,7.8,26.0,2.9210608620347194,1.0,0.0
LWM,2024-04-17,2024Q2,326,157,0.4815950920245399,4.266666666666667,20.0,1.1261010413421104,1.0,0.0
LWM,2024-04-18,2024Q2,287,171,0.5958188153310104,6.066666666666666,0,1.7936722076239675,0.5333333333333333,0.4
LWM,2024-04-19,2024Q2,307,107,0.3485342019543974,6.666666666666667,21.0,2.2562031519592742,1.0,0.0
LWM,2024-04-20,2024Q2,234,75,0.32051282051282054,7.0,26.0,2.607614783470351,0.6666666666666666,0.2
LWM,2024-04-21,2024Q2,401,215,0.5361596009975063,8.066666666666666,25.0,3.6821623539568757,1.0,0.0
LWM,2024-04-22,2024Q2,256,111,0.43359375,8.133333333333333,23.0,1.3418288308216764,1.0,0.0
LWM,2024-04-23,2024Q2,352,111,0.3153409090909091,7.933333333333334,25.0,2.1003835533272937,1.0,0.0
LWM,2024-04-24,2024Q2,250,99,0.396,9.6,28.0,2.5683443833316275,0.8666666666666667,0.13333333333333333
LWM,2024-04-25,2024Q2,358,175,0.4888268156424581,5.384615384615385,15.0,1.3225316837677101,1.0,0.0
LWM,2024-04-26,2024Q2,404,196,0.48514851485148514,5.066666666666666,21.0,1.6896898916147722,1.0,0.0
LWM,2024-04-27,2024Q2,354,192,0.5423728813559322,4.466666666666667,18.0,1.1721523532585878,1.0,0.0
LWM,2024-04-28,2024Q2,302,125,0.4139072847682119,5.466666666666667,14.0,1.3047755200751086,0.6666666666666666,0.06666666666666667
LWM,2024-04-29,2024Q2,326,130,0.3987730061349693,4.4,0,1.7369624995591506,0.9333333333333333,0.06666666666666667
LWM,2024-04-30,2024Q2,384,120,0.3125,6.2,0,2.460458138589121,0.8,0.06666666666666667
LWM,2024-05-02,2024Q2,407,199,0.48894348894348894,6.785714285714286,18.0,2.1912928356865176,0.5,0.14285714285714285
LWM,2024-05-03,2024Q2,300,75,0.25,3.6,15.0,1.5274445717115888,0.6,0.0
LWM,2024-05-04,2024Q2,354,188,0.5310734463276836,6.733333333333333,20.0,3.603855067913424,0.6666666666666666,0.0
LWM,2024-05-05,2024Q2,89,35,0.39325842696629215,5.266666666666667,0,1.0202216453064845,0.13333333333333333,0.6
LWM,2024-05-06,2024Q2,277,86,0.3104693140794224,4.466666666666667,0,1.678799239477049,0.8,0.0
LWM,2024-06-02,2024Q2,313,77,0.24600638977635783,3.6,16.0,1.356545668886149,1.0,0.0
LWM,2024-06-13,2024Q2,376,109,0.2898936170212766,7.2,17.0,1.7309942112896752,1.0,0.0
LWM,2024-06-16,2024Q2,362,88,0.2430939226519337,4.466666666666667,15.0,1.0387185403659123,1.0,0.0
LWM,2024-06-25,2024Q2,352,82,0.23295454545454544,6.6,19.0,2.9361160658946415,1.0,0.0
LWM,2024-06-29,2024Q2,341,149,0.436950146627566,6.066666666666666,19.0,2.2975224388362614,0.6,0.3333333333333333
LWM,2024-07-07,2024Q3,345,73,0.21159420289855072,4.133333333333334,0,1.5054077108400874,1.0,0.0
LWM,2024-07-15,2024Q3,247,50,0.20242914979757085,7.333333333333333,23.0,2.7649186279844007,1.0,0.0
LWM,2024-07-17,2024Q3,351,82,0.2336182336182336,8.133333333333333,40.0,2.4002938598919448,0.8666666666666667,0.13333333333333333
LWM,2024-07-19,2024Q3,350,71,0.20285714285714285,3.3333333333333335,0,1.562651780052769,1.0,0.0
LWM,2024-07-21,2024Q3,268,58,0.21641791044776118,5.333333333333333,0,2.418085694097058,1.0,0.0
LWM,2024-07-27,2024Q3,394,89,0.22588832487309646,3.2,0,1.1964444446743705,1.0,0.0
LWM,2024-07-30,2024Q3,317,64,0.20189274447949526,8.533333333333333,20.0,2.1227444586112565,0.8666666666666667,0.0
LWM,2024-08-01,2024Q3,400,89,0.2225,6.333333333333333,0,2.6347832371054016,1.0,0.0
LWM,2024-08-02,2024Q3,190,74,0.3894736842105263,3.6666666666666665,14.0,1.242196367226911,0.9333333333333333,0.06666666666666667
LWM,2024-08-11,2024Q3,332,92,0.27710843373493976,6.4,22.0,1.9054595017133968,1.0,0.0
LWM,2024-08-12,2024Q3,338,98,0.28994082840236685,6.333333333333333,15.0,2.676468663630642,1.0,0.0
LWM,2024-08-13,2024Q3,414,184,0.4444444444444444,5.066666666666666,17.0,1.0072214434808298,1.0,0.0
LWM,2024-08-14,2024Q3,358,171,0.4776536312849162,2.533333333333333,0,1.214439468023824,1.0,0.0
LWM,2024-08-15,2024Q3,220,52,0.23636363636363636,3.8,26.0,0.6366356720517169,0.8,0.2
LWM,2024-08-16,2024Q3,312,121,0.38782051282051283,2.0,0,0.5104669186052917,0.4,0.0
LWM,2024-08-17,2024Q3,329,106,0.3221884498480243,4.266666666666667,0,1.0297209634728208,0.3333333333333333,0.0
LWM,2024-08-19,2024Q3,36,8,0.2222222222222222,1.5333333333333334,0,0.23692332978204295,0.26666666666666666,0.3333333333333333
LWM,2024-08-20,2024Q3,311,114,0.3665594855305466,7.666666666666667,21.0,1.1042494422141995,0.8,0.0
LWM,2024-08-21,2024Q3,396,156,0.3939393939393939,4.933333333333334,0,1.890895714334621,0.8666666666666667,0.06666666666666667
LWM,2024-08-22,2024Q3,365,135,0.3698630136986301,5.8,19.0,2.145818403260964,1.0,0.0
LWM,2024-08-23,2024Q3,366,86,0.23497267759562843,5.466666666666667,0,2.485577129533281,1.0,0.0
LWM,2024-08-24,2024Q3,389,136,0.3496143958868895,3.7333333333333334,0,1.1923766330195344,1.0,0.0
LWM,2024-08-25,2024Q3,386,114,0.29533678756476683,0.8666666666666667,0,0.2026401060231263,0.9333333333333333,0.06666666666666667
LWM,2024-08-26,2024Q3,284,101,0.35563380281690143,1.1333333333333333,0,0.23685050626021178,0.8666666666666667,0.13333333333333333
LWM,2024-08-27,2024Q3,358,92,0.2569832402234637,2.2,0,0.2982847314026102,0.7333333333333333,0.0
LWM,2024-08-28,2024Q3,201,71,0.35323383084577115,8.733333333333333,20.0,3.9041558972561243,1.0,0.0
LWM,2024-08-29,2024Q3,262,135,0.5152671755725191,4.4,0,1.4156658512103242,1.0,0.0
LWM,2024-08-31,2024Q3,390,132,0.3384615384615385,4.733333333333333,15.0,1.361943027378482,0.9333333333333333,0.0
LWM,2024-09-02,2024Q3,310,168,0.5419354838709678,6.466666666666667,21.0,3.3966471406240872,1.0,0.0
LWM,2024-09-03,2024Q3,305,138,0.4524590163934426,4.8,18.0,1.5103024669075162,1.0,0.0
LWM,2024-09-04,2024Q3,335,194,0.5791044776119403,1.8666666666666667,0,0.48090042423050344,1.0,0.0
LWM,2024-09-05,2024Q3,405,222,0.5481481481481482,4.2,0,0.9468616267785545,1.0,0.0
LWM,2024-09-06,2024Q3,95,46,0.4842105263157895,6.2,0,1.7543890073494675,0.0,0.0
LWM,2024-09-07,2024Q3,245,117,0.4775510204081633,4.285714285714286,16.0,1.4313316437290193,0.9285714285714286,0.07142857142857142
LWM,2024-09-08,2024Q3,218,86,0.3944954128440367,9.733333333333333,23.0,5.298851322345286,1.0,0.0
LWM,2024-09-09,2024Q3,206,70,0.33980582524271846,8.666666666666666,24.0,4.006548652544693,1.0,0.0
LWM,2024-09-10,2024Q3,343,170,0.4956268221574344,4.533333333333333,16.0,1.5869603431864923,1.0,0.0
LWM,2024-09-11,2024Q3,300,153,0.51,2.3333333333333335,0,0.3447211183109987,1.0,0.0
LWM,2024-09-12,2024Q3,384,226,0.5885416666666666,3.8666666666666667,0,1.0216184340943553,1.0,0.0
LWM,2024-09-13,2024Q3,326,154,0.4723926380368098,3.4,0,1.3483810492915762,1.0,0.0
LWM,2024-09-14,2024Q3,375,220,0.5866666666666667,5.0,0,2.374500489291017,1.0,0.0
LWM,2024-09-15,2024Q3,197,94,0.47715736040609136,2.8666666666666667,0,0.7168032108654998,0.8666666666666667,0.0
LWM,2024-09-17,2024Q3,286,138,0.4825174825174825,1.8666666666666667,0,0.7365126230624236,1.0,0.0
LWM,2024-09-18,2024Q3,261,146,0.5593869731800766,2.066666666666667,0,0.5864062010426521,1.0,0.0
LWM,2024-09-19,2024Q3,144,64,0.4444444444444444,7.066666666666666,18.0,1.5062705275812769,0.6666666666666666,0.13333333333333333
LWM,2024-09-20,2024Q3,33,10,0.30303030303030304,11.066666666666666,27.0,1.4006198961163432,0.0,0.0
LWM,2024-09-21,2024Q3,98,70,0.7142857142857143,7.0,16.0,1.0365640468718926,0.06666666666666667,0.8666666666666667
LWM,2024-09-22,2024Q3,188,88,0.46808510638297873,9.0,21.0,2.134608164141238,0.8666666666666667,0.06666666666666667
LWM,2024-09-23,2024Q3,233,134,0.575107296137339,6.8,16.0,2.698149034295971,1.0,0.0
LWM,2024-09-24,2024Q3,400,245,0.6125,6.066666666666666,0,2.6301143946670718,1.0,0.0
LWM,2024-09-25,2024Q3,285,194,0.6807017543859649,4.142857142857143,0,1.294498509534573,1.0,0.0
LWM,2024-09-27,2024Q3,316,140,0.4430379746835443,3.933333333333333,0,0.9692302630069176,1.0,0.0
LWM,2024-09-28,2024Q3,283,136,0.48056537102473496,5.133333333333334,16.0,2.357644198691332,0.8,0.0
LWM,2024-09-29,2024Q3,277,141,0.5090252707581228,1.2,0,0.3682600833676011,0.5333333333333333,0.0
LWM,2024-09-30,2024Q3,231,47,0.20346320346320346,3.1333333333333333,0,1.242436878794038,1.0,0.0
LWM,2024-10-01,2024Q4,122,46,0.3770491803278688,7.466666666666667,20.0,1.4717788610645843,0.2,0.06666666666666667
LWM,2024-10-02,2024Q4,381,171,0.44881889763779526,4.733333333333333,0,1.9494323401607596,0.7333333333333333,0.0
LWM,2024-10-03,2024Q4,316,124,0.3924050632911392,3.8666666666666667,0,1.0001378458250911,1.0,0.0
LWM,2024-10-04,2024Q4,349,156,0.4469914040114613,2.6666666666666665,0,0.5023814685387573,1.0,0.0
LWM,2024-10-05,2024Q4,254,117,0.46062992125984253,5.333333333333333,20.0,2.047591578132201,0.8,0.06666666666666667
LWM,2024-10-06,2024Q4,329,145,0.44072948328267475,3.466666666666667,0,0.9777388263607105,1.0,0.0
LWM,2024-10-08,2024Q4,261,128,0.4904214559386973,4.066666666666666,15.0,0.9286412454579003,1.0,0.0
LWM,2024-10-09,2024Q4,259,118,0.4555984555984556,6.733333333333333,19.0,2.9284423032152205,1.0,0.0
LWM,2024-10-10,2024Q4,151,77,0.5099337748344371,9.266666666666667,25.0,2.0694251355809374,1.0,0.0
LWM,2024-10-11,2024Q4,248,156,0.6290322580645161,7.333333333333333,20.0,2.4189346628742174,1.0,0.0
LWM,2024-10-12,2024Q4,71,16,0.22535211267605634,10.0,33.0,2.623162775700755,1.0,0.0
LWM,2024-10-13,2024Q4,216,136,0.6296296296296297,3.533333333333333,0,0.9619483407090726,0.4,0.4
LWM,2024-10-15,2024Q4,265,146,0.5509433962264151,7.666666666666667,19.0,3.0056285627925563,1.0,0.0
LWM,2024-10-16,2024Q4,231,99,0.42857142857142855,8.2,20.0,2.4760471119808543,1.0,0.0
LWM,2024-10-17,2024Q4,365,236,0.6465753424657534,2.8,0,1.134459170123765,1.0,0.0
LWM,2024-10-18,2024Q4,297,157,0.5286195286195287,4.133333333333334,15.0,1.2847335306838665,1.0,0.0
LWM,2024-10-19,2024Q4,379,215,0.5672823218997362,3.8,0,1.4454689786069028,1.0,0.0
LWM,2024-10-20,2024Q4,297,206,0.6936026936026936,5.533333333333333,0,1.487798997348039,1.0,0.0
LWM,2024-10-21,2024Q4,265,153,0.5773584905660377,6.333333333333333,17.0,1.885643883340037,1.0,0.0
LWM,2024-10-22,2024Q4,277,180,0.6498194945848376,4.266666666666667,0,2.2067154659046784,1.0,0.0
LWM,2024-10-23,2024Q4,210,117,0.5571428571428572,7.0,20.0,1.3988267136002615,0.7,0.0
LWM,2024-10-24,2024Q4,331,149,0.4501510574018127,5.714285714285714,14.0,2.429786523184074,1.0,0.0
LWM,2024-10-25,2024Q4,375,197,0.5253333333333333,3.3333333333333335,0,1.1476071719689462,1.0,0.0
LWM,2024-10-26,2024Q4,252,116,0.4603174603174603,9.066666666666666,27.0,2.601764338158769,1.0,0.0
LWM,2024-10-27,2024Q4,253,92,0.36363636363636365,7.933333333333334,24.0,3.0329476871767453,1.0,0.0
LWM,2024-10-28,2024Q4,320,124,0.3875,3.8,0,0.8773341951854704,0.9333333333333333,0.0
LWM,2024-10-29,2024Q4,299,187,0.6254180602006689,3.4,0,1.335079261958668,0.8666666666666667,0.06666666666666667
LWM,2024-10-30,2024Q4,124,64,0.5161290322580645,1.5333333333333334,0,0.6139055281975108,0.4,0.0
LWM,2024-10-31,2024Q4,347,153,0.4409221902017291,6.666666666666667,18.0,2.0681368590755578,1.0,0.0
LWM,2024-11-01,2024Q4,108,22,0.2037037037037037,11.133333333333333,33.0,3.430058074133424,1.0,0.0
LWM,2024-11-02,2024Q4,321,166,0.5171339563862928,6.466666666666667,20.0,3.6779238011207993,0.9333333333333333,0.0
LWM,2024-11-03,2024Q4,375,250,0.6666666666666666,2.6666666666666665,0,1.0430195865798604,1.0,0.0
LWM,2024-11-04,2024Q4,338,178,0.5266272189349113,2.2,0,0.7732799321941742,1.0,0.0
LWM,2024-11-05,2024Q4,301,210,0.6976744186046512,8.2,19.0,0.9818834004549618,1.0,0.0
LWM,2024-11-06,2024Q4,68,26,0.38235294117647056,12.0,30.0,4.301274234575801,1.0,0.0
LWM,2024-11-07,2024Q4,223,141,0.6322869955156951,8.0,24.0,2.59531931595779,1.0,0.0
LWM,2024-11-08,2024Q4,112,67,0.5982142857142857,11.8,32.0,3.6969116758478537,1.0,0.0
LWM,2024-11-09,2024Q4,173,67,0.3872832369942196,8.2,25.0,2.1170182550735324,1.0,0.0
LWM,2024-11-10,2024Q4,234,154,0.6581196581196581,6.933333333333334,20.0,1.1856616858238047,0.8666666666666667,0.13333333333333333
LWM,2024-11-11,2024Q4,183,103,0.5628415300546448,8.0,26.0,2.6651509376436286,1.0,0.0
LWM,2024-11-12,2024Q4,42,30,0.7142857142857143,12.666666666666666,35.0,4.213584162734721,1.0,0.0
LWM,2024-11-13,2024Q4,320,177,0.553125,9.1,21.0,3.9698950693358035,1.0,0.0
LWM,2024-11-14,2024Q4,395,217,0.549367088607595,3.6666666666666665,0,1.3557810299004662,1.0,0.0
LWM,2024-11-15,2024Q4,363,231,0.6363636363636364,6.0,17.0,0.7812459321854127,1.0,0.0
LWM,2024-11-16,2024Q4,227,113,0.4977973568281938,8.333333333333334,21.0,3.401546663093997,1.0,0.0
LWM,2024-11-17,2024Q4,391,264,0.6751918158567775,4.333333333333333,17.0,1.5187054026686504,1.0,0.0
LWM,2024-11-18,2024Q4,304,159,0.5230263157894737,8.6,20.0,3.1083501509186524,1.0,0.0
LWM,2024-11-19,2024Q4,237,146,0.6160337552742616,6.923076923076923,23.0,3.032508618154879,1.0,0.0
LWM,2024-11-20,2024Q4,406,150,0.3694581280788177,3.3846153846153846,0,1.3215431501841628,0.8461538461538461,0.0
LWM,2024-11-22,2024Q4,263,101,0.3840304182509506,4.466666666666667,0,1.83069790375413,0.7333333333333333,0.26666666666666666
LWM,2024-11-25,2024Q4,316,233,0.7373417721518988,7.4,24.0,1.9528069284983696,1.0,0.0
LWM,2024-11-26,2024Q4,162,91,0.5617283950617284,4.0,0,1.460235356526005,0.4,0.4
LWM,2024-11-27,2024Q4,319,178,0.5579937304075235,7.0,21.0,2.9421446575667356,1.0,0.0
LWM,2024-11-30,2024Q4,344,126,0.36627906976744184,7.866666666666666,15.0,3.5271661256910622,1.0,0.0
LWM,2024-12-01,2024Q4,321,181,0.5638629283489096,8.2,19.0,4.000916789931627,1.0,0.0
LWM,2024-12-02,2024Q4,233,137,0.5879828326180258,5.0,0,1.4547721983657231,1.0,0.0
LWM,2024-12-03,2024Q4,204,113,0.553921568627451,4.466666666666667,15.0,1.240195148559365,1.0,0.0
LWM,2024-12-04,2024Q4,295,151,0.511864406779661,4.4,0,1.7139133461167626,1.0,0.0
LWM,2024-12-06,2024Q4,99,34,0.3434343434343434,11.266666666666667,29.0,2.9118632096256807,1.0,0.0
LWM,2024-12-07,2024Q4,370,109,0.2945945945945946,6.2,18.0,3.147042171139712,1.0,0.0
LWM,2024-12-08,2024Q4,163,67,0.4110429447852761,9.0,22.0,3.6518919477597906,1.0,0.0
LWM,2024-12-09,2024Q4,270,168,0.6222222222222222,6.133333333333334,19.0,3.0776824514900856,0.5333333333333333,0.4
LWM,2024-12-12,2024Q4,153,76,0.49673202614379086,12.733333333333333,29.0,5.191113876228258,1.0,0.0
LWM,2024-12-13,2024Q4,331,144,0.4350453172205438,7.733333333333333,20.0,2.488496204584715,1.0,0.0
LWM,2024-12-14,2024Q4,377,196,0.519893899204244,3.4,0,0.9116862638864595,1.0,0.0
LWM,2024-12-15,2024Q4,288,135,0.46875,1.2,0,0.44054440236394915,1.0,0.0
LWM,2024-12-16,2024Q4,185,67,0.3621621621621622,2.8666666666666667,0,0.6540415185108295,0.06666666666666667,0.06666666666666667
LWM,2024-12-17,2024Q4,140,76,0.5428571428571428,9.066666666666666,24.0,4.139333865137834,0.8666666666666667,0.06666666666666667
LWM,2024-12-19,2024Q4,256,156,0.609375,7.733333333333333,22.0,2.0231143576098267,1.0,0.0
LWM,2024-12-20,2024Q4,151,98,0.6490066225165563,10.733333333333333,23.0,3.400648965840625,0.13333333333333333,0.3333333333333333
LWM,2024-12-21,2024Q4,37,19,0.5135135135135135,12.133333333333333,30.0,2.23597803195548,1.0,0.0
LWM,2024-12-22,2024Q4,123,88,0.7154471544715447,8.6,21.0,2.7216157324287753,1.0,0.0
LWM,2024-12-23,2024Q4,188,91,0.48404255319148937,3.2,0,1.3625844076727793,1.0,0.0
LWM,2024-12-24,2024Q4,53,21,0.39622641509433965,5.6,0,2.5265941459681533,0.7333333333333333,0.2
LWM,2024-12-26,2024Q4,281,187,0.6654804270462633,0.8,0,0.10375358533789768,0.9333333333333333,0.0
LWM,2024-12-27,2024Q4,321,166,0.5171339563862928,3.066666666666667,0,0.7999403637319197,1.0,0.0
LWM,2024-12-30,2024Q4,71,34,0.4788732394366197,7.4,21.0,2.215990615877577,0.5333333333333333,0.3333333333333333
LWM,2024-12-31,2024Q4,427,248,0.5807962529274004,4.666666666666667,0,1.2499380059567067,1.0,0.0
LWM,2025-01-04,2025Q1,188,76,0.40425531914893614,11.666666666666666,28.0,3.8230660139314367,1.0,0.0
LWM,2025-01-05,2025Q1,186,129,0.6935483870967742,9.0,27.0,2.6757236898788817,0.9333333333333333,0.06666666666666667
LWM,2025-01-06,2025Q1,240,146,0.6083333333333333,8.4,20.0,2.29131812071427,1.0,0.0
LWM,2025-01-08,2025Q1,33,24,0.7272727272727273,15.466666666666667,36.0,3.0114437085201287,1.0,0.0
LWM,2025-01-10,2025Q1,179,123,0.6871508379888268,7.466666666666667,26.0,1.9743551426301942,1.0,0.0
LWM,2025-01-12,2025Q1,319,215,0.6739811912225705,3.933333333333333,0,1.4044355314769161,1.0,0.0
LWM,2025-01-13,2025Q1,392,243,0.6198979591836735,3.2,0,1.32460447312661,1.0,0.0
LWM,2025-01-14,2025Q1,167,104,0.6227544910179641,11.333333333333334,24.0,4.763146034720747,1.0,0.0
LWM,2025-01-15,2025Q1,117,48,0.41025641025641024,9.4,26.0,1.6100902538982735,1.0,0.0
LWM,2025-01-16,2025Q1,365,202,0.5534246575342465,4.0,0,1.132670031944352,1.0,0.0
LWM,2025-01-17,2025Q1,372,178,0.478494623655914,3.2666666666666666,0,0.9449932087764517,1.0,0.0
LWM,2025-01-18,2025Q1,237,135,0.569620253164557,4.933333333333334,17.0,2.175374685562167,0.4,0.4666666666666667
LWM,2025-01-19,2025Q1,360,244,0.6777777777777778,5.466666666666667,19.0,2.324057252564308,0.5333333333333333,0.4
LWM,2025-01-21,2025Q1,293,155,0.5290102389078498,6.733333333333333,17.0,2.661013876830755,1.0,0.0
LWM,2025-01-22,2025Q1,333,183,0.5495495495495496,2.1333333333333333,0,0.7028621341548535,0.9333333333333333,0.06666666666666667
LWM,2025-01-23,2025Q1,346,154,0.44508670520231214,6.866666666666666,20.0,0.9955544902461091,1.0,0.0
LWM,2025-01-24,2025Q1,395,269,0.6810126582278481,5.0,19.0,1.0975405661104871,1.0,0.0
LWM,2025-01-25,2025Q1,329,162,0.49240121580547114,6.6,20.0,2.3365195725387644,1.0,0.0
LWM,2025-01-26,2025Q1,193,96,0.49740932642487046,10.2,26.0,4.605969272217425,1.0,0.0
LWM,2025-01-27,2025Q1,114,25,0.21929824561403508,13.466666666666667,28.0,3.355754019037547,1.0,0.0
LWM,2025-01-30,2025Q1,234,136,0.5811965811965812,8.466666666666667,27.0,2.0386966498248067,1.0,0.0
LWM,2025-01-31,2025Q1,176,130,0.7386363636363636,2.8666666666666667,0,0.5778356313529117,0.2,0.6666666666666666
LWM,2025-02-02,2025Q1,151,68,0.4503311258278146,2.933333333333333,0,1.304595474518168,0.3333333333333333,0.4
LWM,2025-02-03,2025Q1,164,86,0.524390243902439,5.4,0,1.250196778472628,0.8,0.2
LWM,2025-02-04,2025Q1,184,103,0.5597826086956522,10.866666666666667,32.0,1.8268508163639434,0.9333333333333333,0.0
LWM,2025-02-05,2025Q1,339,252,0.7433628318584071,6.466666666666667,20.0,1.870843388876993,1.0,0.0
LWM,2025-02-07,2025Q1,33,17,0.5151515151515151,12.666666666666666,32.0,6.071450831017747,1.0,0.0
LWM,2025-02-08,2025Q1,302,145,0.48013245033112584,4.266666666666667,0,1.5765248827657563,0.9333333333333333,0.06666666666666667
LWM,2025-02-09,2025Q1,58,44,0.7586206896551724,4.8,20.0,1.946610294262574,0.6,0.13333333333333333
LWM,2025-02-10,2025Q1,185,106,0.572972972972973,8.0,21.0,2.7207282139523987,0.9333333333333333,0.0
LWM,2025-02-11,2025Q1,242,82,0.33884297520661155,8.8,18.0,2.9903197095004006,1.0,0.0
LWM,2025-02-12,2025Q1,251,142,0.5657370517928287,7.8,17.0,1.9981110810864793,0.2,0.0
LWM,2025-02-15,2025Q1,281,185,0.6583629893238434,2.466666666666667,0,0.8197202471422039,0.7333333333333333,0.26666666666666666
LWM,2025-02-19,2025Q1,171,116,0.6783625730994152,8.133333333333333,20.0,2.595157575892214,1.0,0.0
LWM,2025-02-20,2025Q1,257,151,0.5875486381322957,4.466666666666667,0,1.3749909244482394,0.6,0.0
LWM,2025-02-21,2025Q1,107,79,0.7383177570093458,11.933333333333334,27.0,2.1697590998736325,1.0,0.0
LWM,2025-02-22,2025Q1,260,180,0.6923076923076923,7.733333333333333,18.0,1.9545183111455102,1.0,0.0
LWM,2025-02-23,2025Q1,273,110,0.40293040293040294,8.0,18.0,3.186543850548104,1.0,0.0
LWM,2025-02-24,2025Q1,354,159,0.4491525423728814,5.533333333333333,15.0,2.307156521323938,1.0,0.0
LWM,2025-02-25,2025Q1,272,135,0.4963235294117647,3.466666666666667,0,1.0467650646666653,0.9333333333333333,0.06666666666666667
LWM,2025-02-26,2025Q1,152,66,0.4342105263157895,7.4,24.0,2.2497941466791938,0.9333333333333333,0.0
LWM,2025-02-28,2025Q1,84,33,0.39285714285714285,8.866666666666667,26.0,2.5050924345791663,1.0,0.0
LWM,2025-03-01,2025Q1,259,204,0.7876447876447876,9.6,31.0,3.850257616513338,0.9333333333333333,0.06666666666666667
LWM,2025-03-02,2025Q1,146,109,0.7465753424657534,9.8,26.0,1.975841206628148,1.0,0.0
LWM,2025-03-03,2025Q1,358,231,0.6452513966480447,5.4,0,2.1565081927625664,1.0,0.0
LWM,2025-03-04,2025Q1,226,130,0.5752212389380531,9.8,22.0,1.4437981040708698,1.0,0.0
LWM,2025-03-05,2025Q1,213,140,0.6572769953051644,5.266666666666667,20.0,2.609282098335768,0.6666666666666666,0.2
LWM,2025-03-06,2025Q1,136,97,0.7132352941176471,6.6,19.0,2.281868630822502,0.4666666666666667,0.13333333333333333
LWM,2025-03-09,2025Q1,221,131,0.5927601809954751,12.333333333333334,28.0,6.216679739357158,1.0,0.0
LWM,2025-03-10,2025Q1,436,275,0.6307339449541285,7.733333333333333,25.0,2.3604019075157336,1.0,0.0
LWM,2025-03-11,2025Q1,235,163,0.6936170212765957,8.2,28.0,1.8505879097086706,0.8,0.0
LWM,2025-03-12,2025Q1,366,167,0.4562841530054645,5.8,20.0,2.724823463088412,1.0,0.0
LWM,2025-03-13,2025Q1,361,254,0.703601108033241,5.733333333333333,14.0,1.5905368220963552,1.0,0.0
LWM,2025-03-14,2025Q1,356,235,0.6601123595505618,2.8,0,0.6901769555368735,0.8666666666666667,0.0
LWM,2025-03-15,2025Q1,300,219,0.73,6.357142857142857,15.0,2.4020462071000632,0.6428571428571429,0.0
LWM,2025-03-18,2025Q1,371,224,0.6037735849056604,5.8,19.0,2.6170156474387745,1.0,0.0
LWM,2025-03-19,2025Q1,399,225,0.5639097744360902,5.6,0,2.690627064752189,0.6666666666666666,0.0
LWM,2025-03-22,2025Q1,401,297,0.7406483790523691,10.866666666666667,44.0,2.6480110445725966,0.8666666666666667,0.13333333333333333
LWM,2025-03-23,2025Q1,118,51,0.4322033898305085,9.666666666666666,27.0,2.604625364517716,1.0,0.0
LWM,2025-03-24,2025Q1,58,45,0.7758620689655172,5.666666666666667,0,1.865233809735466,0.13333333333333333,0.6
LWM,2025-03-25,2025Q1,325,185,0.5692307692307692,7.133333333333334,20.0,2.8439827141900795,0.8,0.0
LWM,2025-03-26,2025Q1,287,211,0.735191637630662,4.6,0,0.8044683476338633,1.0,0.0
LWM,2025-03-27,2025Q1,296,152,0.5135135135135135,9.066666666666666,23.0,2.543510307237568,1.0,0.0
LWM,2025-03-28,2025Q1,160,105,0.65625,9.2,24.0,2.970827017275288,1.0,0.0
LWM,2025-03-30,2025Q1,31,23,0.7419354838709677,4.133333333333334,0,1.9361012996810827,0.0,0.13333333333333333
LWM,2025-04-01,2025Q2,76,54,0.7105263157894737,12.466666666666667,34.0,4.28163637694419,1.0,0.0
LWM,2025-04-02,2025Q2,478,268,0.5606694560669456,5.733333333333333,15.0,2.056709064105729,1.0,0.0
LWM,2025-04-04,2025Q2,326,194,0.5950920245398773,8.4,22.0,2.81787771835613,1.0,0.0
LWM,2025-04-05,2025Q2,252,134,0.5317460317460317,5.866666666666666,16.0,1.728274578608403,0.3333333333333333,0.6666666666666666
LWM,2025-04-06,2025Q2,181,111,0.6132596685082873,3.1333333333333333,0,1.2569287616632465,0.5333333333333333,0.3333333333333333
LWM,2025-04-09,2025Q2,395,249,0.6303797468354431,8.066666666666666,22.0,2.685227679042001,1.0,0.0
LWM,2025-04-10,2025Q2,568,338,0.5950704225352113,4.066666666666666,15.0,1.040014030231899,1.0,0.0
LWM,2025-04-11,2025Q2,225,126,0.56,5.133333333333334,0,1.799029702573008,0.5333333333333333,0.0
LWM,2025-04-13,2025Q2,86,69,0.8023255813953488,8.133333333333333,18.0,4.6089403135357685,0.06666666666666667,0.5333333333333333
LWM,2025-04-14,2025Q2,329,212,0.6443768996960486,5.6,22.0,0.9292319076278167,1.0,0.0
LWM,2025-04-15,2025Q2,185,114,0.6162162162162163,7.866666666666666,24.0,3.3877080441197203,0.8,0.2
LWM,2025-04-16,2025Q2,55,27,0.4909090909090909,13.4,29.0,6.946706249995786,1.0,0.0
LWM,2025-04-17,2025Q2,241,120,0.4979253112033195,10.0,25.0,2.1147741896796726,1.0,0.0
LWM,2025-04-18,2025Q2,337,238,0.7062314540059347,9.066666666666666,27.0,2.0340461607827893,0.9333333333333333,0.06666666666666667
LWM,2025-04-19,2025Q2,216,183,0.8472222222222222,11.333333333333334,32.0,5.277872427688673,0.9333333333333333,0.06666666666666667
LWM,2025-04-21,2025Q2,316,188,0.5949367088607594,5.8,21.0,2.4570794951986064,1.0,0.0
LWM,2025-04-22,2025Q2,196,118,0.6020408163265306,3.066666666666667,0,0.9840402074753419,0.6666666666666666,0.0
LWM,2025-04-23,2025Q2,497,307,0.6177062374245473,7.0,22.0,1.6960768920062788,1.0,0.0
LWM,2025-04-24,2025Q2,493,315,0.6389452332657201,5.066666666666666,18.0,1.6421140521094124,1.0,0.0
LWM,2025-04-25,2025Q2,520,321,0.6173076923076923,3.7333333333333334,0,1.6829673345628922,1.0,0.0
LWM,2025-04-27,2025Q2,109,85,0.7798165137614679,13.866666666666667,33.0,4.492300796056022,0.8,0.2
LWM,2025-04-28,2025Q2,390,289,0.7410256410256411,6.466666666666667,18.0,2.3445679259834185,1.0,0.0
LWM,2025-04-29,2025Q2,187,117,0.6256684491978609,13.266666666666667,28.0,2.3378790081176484,1.0,0.0
LWM,2025-04-30,2025Q2,154,106,0.6883116883116883,10.933333333333334,28.0,3.539121979648225,1.0,0.0
LWM,2025-05-01,2025Q2,358,270,0.7541899441340782,4.8,16.0,1.3109036442419713,1.0,0.0
LWM,2025-05-02,2025Q2,158,133,0.8417721518987342,2.3333333333333335,0,0.5932385157123476,0.5333333333333333,0.0
LWM,2025-05-03,2025Q2,252,175,0.6944444444444444,5.6,24.0,1.9212032297603598,0.7333333333333333,0.2
LWM,2025-05-04,2025Q2,43,40,0.9302325581395349,6.266666666666667,17.0,2.0733918582635322,0.13333333333333333,0.2
LWM,2025-05-07,2025Q2,325,188,0.5784615384615385,6.733333333333333,21.0,1.8806815753487565,0.8,0.13333333333333333
LWM,2025-05-08,2025Q2,389,254,0.6529562982005142,4.933333333333334,16.0,1.3729522135253596,0.9333333333333333,0.0
LWM,2025-05-11,2025Q2,151,91,0.6026490066225165,8.466666666666667,24.0,1.3934607184649248,1.0,0.0
LWM,2025-05-12,2025Q2,287,155,0.5400696864111498,11.714285714285714,25.0,2.4563248981698145,1.0,0.0
LWM,2025-05-13,2025Q2,465,280,0.6021505376344086,6.466666666666667,17.0,2.6307576986824066,1.0,0.0
LWM,2025-05-14,2025Q2,464,258,0.5560344827586207,4.8,0,1.9385831741828632,1.0,0.0
LWM,2025-05-16,2025Q2,224,146,0.6517857142857143,5.733333333333333,16.0,1.5410399389490275,0.4666666666666667,0.13333333333333333
LWM,2025-05-17,2025Q2,176,115,0.6534090909090909,4.6,0,1.9354624959081341,0.5333333333333333,0.0
LWM,2025-05-18,2025Q2,230,124,0.5391304347826087,11.466666666666667,26.0,6.654129094190292,0.8666666666666667,0.13333333333333333
LWM,2025-05-19,2025Q2,42,17,0.40476190476190477,13.733333333333333,34.0,2.687474923553877,0.8666666666666667,0.13333333333333333
LWM,2025-05-20,2025Q2,416,259,0.6225961538461539,7.333333333333333,16.0,3.2879744462804985,0.6666666666666666,0.06666666666666667
LWM,2025-05-21,2025Q2,179,114,0.6368715083798883,8.133333333333333,20.0,3.2731856936230486,0.06666666666666667,0.0
LWM,2025-05-23,2025Q2,33,11,0.3333333333333333,6.2,20.0,2.972521959550313,0.3333333333333333,0.3333333333333333
LWM,2025-05-24,2025Q2,252,134,0.5317460317460317,6.866666666666666,17.0,1.8533368898992277,0.6666666666666666,0.26666666666666666
LWM,2025-05-25,2025Q2,279,167,0.5985663082437276,6.538461538461538,18.0,1.4317734799106725,1.0,0.0
LWM,2025-05-26,2025Q2,396,205,0.5176767676767676,5.0,17.0,2.1296335673130162,1.0,0.0
LWM,2025-05-27,2025Q2,419,205,0.4892601431980907,4.266666666666667,15.0,1.05791728790175,1.0,0.0
LWM,2025-05-28,2025Q2,444,229,0.5157657657657657,5.866666666666666,17.0,1.8893981164884934,1.0,0.0
LWM,2025-05-29,2025Q2,254,138,0.5433070866141733,3.8666666666666667,0,1.6378945566026528,0.6,0.0
LWM,2025-05-30,2025Q2,292,129,0.4417808219178082,4.266666666666667,0,1.2570742104148924,0.8666666666666667,0.13333333333333333
LWM,2025-06-01,2025Q2,83,38,0.4578313253012048,11.4,28.0,5.911916277796055,0.9333333333333333,0.06666666666666667
LWM,2025-06-02,2025Q2,206,78,0.3786407766990291,7.866666666666666,20.0,3.8428024665927296,1.0,0.0
LWM,2025-06-03,2025Q2,410,189,0.4609756097560976,3.8666666666666667,18.0,1.487883594457115,0.9333333333333333,0.06666666666666667
LWM,2025-06-04,2025Q2,479,251,0.524008350730689,6.866666666666666,18.0,1.6950735950840554,0.9333333333333333,0.06666666666666667
LWM,2025-06-05,2025Q2,310,176,0.567741935483871,3.4,0,0.5024928679323541,0.9333333333333333,0.06666666666666667
LWM,2025-06-06,2025Q2,155,98,0.632258064516129,4.0,0,1.5071823292746223,0.8666666666666667,0.06666666666666667
LWM,2025-06-07,2025Q2,66,17,0.25757575757575757,4.666666666666667,21.0,1.7234924367836515,0.2,0.3333333333333333
LWM,2025-06-08,2025Q2,336,190,0.5654761904761905,5.8,17.0,2.538628876909931,0.4666666666666667,0.0
LWM,2025-06-09,2025Q2,169,119,0.7041420118343196,7.666666666666667,0,3.4582431488945486,0.13333333333333333,0.0
LWM,2025-06-11,2025Q2,341,186,0.5454545454545454,9.266666666666667,24.0,4.210336154118358,1.0,0.0
LWM,2025-06-12,2025Q2,191,83,0.43455497382198954,11.066666666666666,31.0,5.341792879158422,1.0,0.0
LWM,2025-06-13,2025Q2,447,309,0.6912751677852349,4.4,0,1.9576956376078507,1.0,0.0
LWM,2025-06-14,2025Q2,42,22,0.5238095238095238,5.466666666666667,0,1.7773025014224908,0.4666666666666667,0.06666666666666667
LWM,2025-06-15,2025Q2,267,151,0.5655430711610487,4.666666666666667,0,1.8639132776606475,1.0,0.0
LWM,2025-06-16,2025Q2,323,189,0.5851393188854489,4.533333333333333,0,1.520501174477848,0.8666666666666667,0.0
LWM,2025-06-17,2025Q2,114,44,0.38596491228070173,4.666666666666667,0,0.6316174861267445,0.26666666666666666,0.26666666666666666
LWM,2025-06-18,2025Q2,400,298,0.745,4.733333333333333,0,1.1516014202030556,0.26666666666666666,0.06666666666666667
LWM,2025-06-19,2025Q2,158,90,0.569620253164557,8.2,20.0,1.6271865543486812,0.7333333333333333,0.0
LWM,2025-06-21,2025Q2,476,277,0.5819327731092437,4.266666666666667,17.0,1.6480008167814904,1.0,0.0
LWM,2025-06-22,2025Q2,179,118,0.659217877094972,7.6,22.0,2.604362222112799,0.9333333333333333,0.06666666666666667
LWM,2025-06-23,2025Q2,411,273,0.6642335766423357,4.733333333333333,0,1.1976469209293181,1.0,0.0
LWM,2025-06-24,2025Q2,203,104,0.5123152709359606,7.266666666666667,19.0,3.252209040549362,1.0,0.0
LWM,2025-06-25,2025Q2,275,244,0.8872727272727273,4.933333333333334,17.0,2.38541578499654,1.0,0.0
LWM,2025-06-26,2025Q2,364,269,0.739010989010989,6.4,17.0,1.7081375575118247,0.9333333333333333,0.06666666666666667
LWM,2025-06-27,2025Q2,308,182,0.5909090909090909,5.533333333333333,17.0,1.933439657225669,1.0,0.0
LWM,2025-06-29,2025Q2,278,151,0.5431654676258992,6.266666666666667,17.0,1.9501173413528172,0.7333333333333333,0.0
LWM,2025-06-30,2025Q2,383,249,0.6501305483028721,3.8,0,1.4156719058230922,1.0,0.0
LWM,2025-07-01,2025Q3,145,126,0.8689655172413793,9.133333333333333,24.0,2.39275602455228,0.5333333333333333,0.13333333333333333
LWM,2025-07-02,2025Q3,388,259,0.6675257731958762,6.866666666666666,19.0,1.9069602687618457,1.0,0.0
LWM,2025-07-03,2025Q3,193,146,0.7564766839378239,6.533333333333333,37.0,1.9662609272054326,1.0,0.0
LWM,2025-07-04,2025Q3,200,132,0.66,8.466666666666667,23.0,3.8826501358482357,1.0,0.0
LWM,2025-07-05,2025Q3,273,135,0.4945054945054945,6.933333333333334,17.0,2.9070630710557306,1.0,0.0
LWM,2025-07-06,2025Q3,267,186,0.6966292134831461,9.466666666666667,20.0,2.164426246147259,1.0,0.0
LWM,2025-07-07,2025Q3,284,222,0.7816901408450704,10.4,24.0,1.6563686450802122,0.9333333333333333,0.0
LWM,2025-07-08,2025Q3,367,276,0.7520435967302452,7.0,20.0,1.9783668321780927,0.8,0.06666666666666667
LWM,2025-07-09,2025Q3,195,176,0.9025641025641026,4.133333333333334,0,1.8346614872028348,0.2,0.06666666666666667
LWM,2025-07-11,2025Q3,51,37,0.7254901960784313,2.6,0,0.5167925007866054,0.4,0.0
LWM,2025-07-12,2025Q3,310,261,0.8419354838709677,4.066666666666666,17.0,1.0968492979047917,0.6666666666666666,0.0
LWM,2025-07-13,2025Q3,305,255,0.8360655737704918,4.6,15.0,1.0335209432105688,0.6666666666666666,0.0
LWM,2025-07-14,2025Q3,280,179,0.6392857142857142,6.733333333333333,20.0,1.8368369063478562,0.5333333333333333,0.0
LWM,2025-07-15,2025Q3,381,275,0.7217847769028871,4.066666666666666,0,1.0912480481123779,1.0,0.0
LWM,2025-07-16,2025Q3,288,196,0.6805555555555556,5.266666666666667,0,1.6369810608674185,1.0,0.0
LWM,2025-07-17,2025Q3,57,25,0.43859649122807015,9.6,27.0,1.9646697164942588,0.6,0.0
LWM,2025-07-18,2025Q3,294,213,0.7244897959183674,8.466666666666667,27.0,3.0984683012063874,1.0,0.0
LWM,2025-07-19,2025Q3,382,271,0.7094240837696335,5.6,16.0,1.8164046519135444,1.0,0.0
LWM,2025-07-20,2025Q3,214,145,0.677570093457944,7.666666666666667,17.0,2.1411347828681304,0.6,0.0
LWM,2025-07-21,2025Q3,203,129,0.6354679802955665,8.866666666666667,28.0,3.8274903144518184,1.0,0.0
LWM,2025-07-22,2025Q3,333,257,0.7717717717717718,3.8,0,1.5004599509794352,1.0,0.0
LWM,2025-07-23,2025Q3,315,243,0.7714285714285715,4.533333333333333,0,0.931837141034368,1.0,0.0
LWM,2025-07-24,2025Q3,269,193,0.7174721189591078,10.6,22.0,2.1622889822458995,1.0,0.0
LWM,2025-07-25,2025Q3,215,153,0.7116279069767442,8.533333333333333,22.0,3.3745011228079527,1.0,0.0
LWM,2025-07-26,2025Q3,465,347,0.7462365591397849,4.8,18.0,1.7684953969563004,0.9333333333333333,0.0
LWM,2025-07-27,2025Q3,167,133,0.7964071856287425,6.4,16.0,1.2885537032283358,0.13333333333333333,0.3333333333333333
LWM,2025-07-28,2025Q3,248,217,0.875,3.0,0,0.8404371552795628,0.8666666666666667,0.0
LWM,2025-07-29,2025Q3,434,337,0.7764976958525346,7.0,20.0,2.3653581483936583,1.0,0.0
LWM,2025-07-30,2025Q3,400,296,0.74,3.6666666666666665,0,0.6645807387550222,1.0,0.0
LWM,2025-07-31,2025Q3,65,59,0.9076923076923077,6.933333333333334,0,1.333738761429558,0.26666666666666666,0.6666666666666666
LWM,2025-08-01,2025Q3,145,119,0.8206896551724138,6.333333333333333,18.0,2.8055638039004602,0.8666666666666667,0.0
LWM,2025-08-02,2025Q3,381,322,0.8451443569553806,4.133333333333334,0,1.8507123538876504,1.0,0.0
LWM,2025-08-03,2025Q3,324,234,0.7222222222222222,4.8,0,1.8348972743821121,1.0,0.0
LWM,2025-08-04,2025Q3,316,269,0.8512658227848101,3.6666666666666665,0,1.7070403718322464,1.0,0.0
LWM,2025-08-05,2025Q3,363,298,0.8209366391184573,5.666666666666667,0,2.956487761136701,0.9333333333333333,0.0
LWM,2025-08-06,2025Q3,279,210,0.7526881720430108,4.666666666666667,0,1.8948412841931166,1.0,0.0
LWM,2025-08-07,2025Q3,384,273,0.7109375,3.8666666666666667,0,1.0664905131862767,1.0,0.0
LWM,2025-08-08,2025Q3,307,240,0.7817589576547231,4.2,0,1.1802167073829573,1.0,0.0
LWM,2025-08-09,2025Q3,361,276,0.7645429362880887,3.6666666666666665,0,0.9146837647211848,1.0,0.0
LWM,2025-08-10,2025Q3,369,299,0.8102981029810298,3.6,0,0.9487848784974516,1.0,0.0
LWM,2025-08-11,2025Q3,330,197,0.5969696969696969,3.9285714285714284,0,0.9040210375520111,1.0,0.0
LWM,2025-08-12,2025Q3,372,234,0.6290322580645161,4.666666666666667,0,0.9417900704229204,1.0,0.0
LWM,2025-08-13,2025Q3,233,157,0.6738197424892703,6.133333333333334,15.0,1.821660032710724,0.7333333333333333,0.26666666666666666
LWM,2025-08-14,2025Q3,248,137,0.5524193548387096,3.8,30.0,0.7921792530530897,0.9333333333333333,0.06666666666666667
LWM,2025-08-15,2025Q3,299,168,0.5618729096989966,6.4,19.0,2.9839747397184038,0.9333333333333333,0.0
LWM,2025-08-16,2025Q3,453,326,0.7196467991169978,4.666666666666667,15.0,1.189740005641131,1.0,0.0
LWM,2025-08-17,2025Q3,295,185,0.6271186440677966,7.2,24.0,3.208732464067762,0.9333333333333333,0.06666666666666667
LWM,2025-08-18,2025Q3,375,330,0.88,6.066666666666666,0,1.6287701449830019,1.0,0.0
LWM,2025-08-19,2025Q3,391,330,0.8439897698209718,3.533333333333333,0,0.7434741347044772,1.0,0.0
LWM,2025-08-20,2025Q3,230,206,0.8956521739130435,2.8666666666666667,0,0.5672001387358608,0.6,0.4
LWM,2025-08-21,2025Q3,338,240,0.7100591715976331,9.133333333333333,21.0,3.0540278587554184,0.7333333333333333,0.0
LWM,2025-08-22,2025Q3,287,196,0.6829268292682927,5.733333333333333,20.0,2.102050860384455,1.0,0.0
LWM,2025-08-23,2025Q3,336,244,0.7261904761904762,8.4,21.0,1.254959234196953,1.0,0.0
LWM,2025-08-24,2025Q3,228,176,0.7719298245614035,8.333333333333334,21.0,2.0125613995112444,1.0,0.0
LWM,2025-08-25,2025Q3,232,169,0.728448275862069,4.0,15.0,1.3519723952915683,0.6666666666666666,0.0
LWM,2025-08-26,2025Q3,218,145,0.6651376146788991,8.866666666666667,22.0,4.726702083228345,1.0,0.0
LWM,2025-08-27,2025Q3,345,273,0.7913043478260869,5.4,23.0,2.166277295610173,0.8666666666666667,0.13333333333333333
LWM,2025-08-28,2025Q3,431,341,0.7911832946635731,7.5,18.0,2.2373625518105658,1.0,0.0
LWM,2025-08-29,2025Q3,170,150,0.8823529411764706,5.333333333333333,20.0,2.3442162994954026,0.8,0.13333333333333333
LWM,2025-08-30,2025Q3,408,326,0.7990196078431373,5.8,17.0,1.612271239840538,1.0,0.0
LWM,2025-08-31,2025Q3,361,322,0.8919667590027701,3.2,0,1.2669748084631822,1.0,0.0
LWM,2025-09-01,2025Q3,385,347,0.9012987012987013,4.666666666666667,0,1.587914413028152,1.0,0.0
LWM,2025-09-02,2025Q3,483,320,0.6625258799171843,3.2,0,1.1651394285801386,1.0,0.0
LWM,2025-09-03,2025Q3,382,266,0.6963350785340314,4.666666666666667,0,1.1477394920572745,1.0,0.0
LWM,2025-09-04,2025Q3,232,168,0.7241379310344828,5.8,17.0,1.1163037953287982,1.0,0.0
LWM,2025-09-05,2025Q3,126,110,0.873015873015873,7.066666666666666,20.0,1.4578868137128613,0.4666666666666667,0.0
LWM,2025-09-06,2025Q3,167,100,0.5988023952095808,6.533333333333333,29.0,2.013663052315744,0.6,0.26666666666666666
LWM,2025-09-08,2025Q3,292,220,0.7534246575342466,3.1333333333333333,0,0.8634857565939178,1.0,0.0
LWM,2025-09-09,2025Q3,343,225,0.6559766763848397,4.333333333333333,15.0,1.716302566576942,1.0,0.0
LWM,2025-09-10,2025Q3,368,261,0.7092391304347826,6.066666666666666,18.0,1.9527047884889464,1.0,0.0
LWM,2025-09-11,2025Q3,292,218,0.7465753424657534,3.0714285714285716,0,0.9363663305329105,1.0,0.0
LWM,2025-09-12,2025Q3,347,251,0.723342939481268,4.133333333333334,0,1.4449343183008874,1.0,0.0
LWM,2025-09-13,2025Q3,383,291,0.7597911227154047,4.6,14.0,1.4546699922719972,1.0,0.0
LWM,2025-09-14,2025Q3,227,218,0.960352422907489,2.533333333333333,0,0.6081256897878237,1.0,0.0
LWM,2025-09-15,2025Q3,256,218,0.8515625,5.066666666666666,0,1.3195222689669752,0.6666666666666666,0.0
LWM,2025-09-16,2025Q3,343,285,0.8309037900874635,3.066666666666667,0,1.2494058025551775,0.8,0.0
LWM,2025-09-17,2025Q3,387,277,0.7157622739018088,4.2,0,1.5930567781936287,0.9333333333333333,0.0
LWM,2025-09-18,2025Q3,318,250,0.7861635220125787,2.3333333333333335,0,0.6148570357845703,0.7333333333333333,0.0
LWM,2025-09-19,2025Q3,315,221,0.7015873015873015,7.666666666666667,20.0,3.790153641480147,1.0,0.0
LWM,2025-09-20,2025Q3,302,258,0.8543046357615894,2.7333333333333334,0,0.5022273918342156,1.0,0.0
LWM,2025-09-21,2025Q3,281,234,0.8327402135231317,3.1333333333333333,0,0.7632404540793208,1.0,0.0
LWM,2025-09-23,2025Q3,371,284,0.7654986522911051,6.466666666666667,17.0,1.690088990093879,1.0,0.0
LWM,2025-09-26,2025Q3,462,381,0.8246753246753247,4.8,0,1.3804706243290046,1.0,0.0
LWM,2025-09-27,2025Q3,465,347,0.7462365591397849,3.6666666666666665,0,1.9258267067783938,1.0,0.0
LWM,2025-09-28,2025Q3,378,285,0.753968253968254,6.866666666666666,16.0,2.469956284443483,1.0,0.0
LWM,2025-09-30,2025Q3,362,243,0.6712707182320442,5.4,0,1.4464157382750458,1.0,0.0
LWM,2025-10-01,2025Q4,196,149,0.7602040816326531,9.2,21.0,2.9168734304956296,1.0,0.0
LWM,2025-10-02,2025Q4,393,316,0.8040712468193384,3.066666666666667,0,1.1240561177447048,1.0,0.0
LWM,2025-10-03,2025Q4,343,264,0.7696793002915452,6.2,14.0,1.4695453921021702,1.0,0.0
LWM,2025-10-04,2025Q4,296,242,0.8175675675675675,3.533333333333333,0,1.1955874482638904,1.0,0.0
LWM,2025-10-05,2025Q4,418,311,0.7440191387559809,2.8666666666666667,0,0.3054492802208459,1.0,0.0
LWM,2025-10-06,2025Q4,356,313,0.8792134831460674,6.6,17.0,1.5928400145112112,1.0,0.0
LWM,2025-10-07,2025Q4,158,116,0.7341772151898734,10.066666666666666,25.0,1.703575844185398,0.8666666666666667,0.0
LWM,2025-10-08,2025Q4,75,39,0.52,8.75,22.0,4.598455917838401,0.6666666666666666,0.3333333333333333
LWM,2025-10-09,2025Q4,256,201,0.78515625,6.6,20.0,3.829034718388135,1.0,0.0
LWM,2025-10-10,2025Q4,459,331,0.7211328976034859,5.2,15.0,1.3485297689281155,1.0,0.0
LWM,2025-10-11,2025Q4,362,291,0.8038674033149171,2.6666666666666665,0,0.7487836083330102,1.0,0.0
LWM,2025-10-14,2025Q4,138,119,0.8623188405797102,6.733333333333333,0,1.8442398453171795,0.26666666666666666,0.13333333333333333
LWM,2025-10-15,2025Q4,98,85,0.8673469387755102,8.266666666666667,26.0,4.512465103795676,1.0,0.0
LWM,2025-10-16,2025Q4,132,119,0.9015151515151515,9.666666666666666,23.0,4.135895936021864,1.0,0.0
LWM,2025-10-17,2025Q4,348,276,0.7931034482758621,4.266666666666667,17.0,1.7940524737518844,1.0,0.0
LWM,2025-10-18,2025Q4,392,299,0.7627551020408163,1.8666666666666667,0,0.6433602037912913,1.0,0.0
LWM,2025-10-19,2025Q4,278,235,0.8453237410071942,4.0,0,0.9940471266877777,1.0,0.0
LWM,2025-10-20,2025Q4,108,80,0.7407407407407407,6.466666666666667,18.0,2.1483769760108333,0.5333333333333333,0.26666666666666666
LWM,2025-10-21,2025Q4,354,249,0.7033898305084746,7.8,20.0,1.7197080195220904,1.0,0.0
LWM,2025-10-22,2025Q4,89,65,0.7303370786516854,6.066666666666666,25.0,2.263567655203874,0.5333333333333333,0.3333333333333333
LWM,2025-10-23,2025Q4,494,384,0.7773279352226721,7.333333333333333,18.0,1.7085446282876195,1.0,0.0
LWM,2025-10-24,2025Q4,336,245,0.7291666666666666,4.4,0,1.166990928704465,0.9333333333333333,0.06666666666666667
LWM,2025-10-25,2025Q4,416,330,0.7932692307692307,3.6,15.0,1.53608984804974,1.0,0.0
LWM,2025-10-26,2025Q4,261,231,0.8850574712643678,6.133333333333334,17.0,2.4857374010841546,1.0,0.0
LWM,2025-10-27,2025Q4,252,166,0.6587301587301587,4.4,0,2.062428316881553,1.0,0.0
LWM,2025-10-28,2025Q4,289,202,0.698961937716263,8.866666666666667,22.0,2.938522977280373,1.0,0.0
LWM,2025-10-29,2025Q4,303,240,0.7920792079207921,6.8,16.0,1.523904435926273,0.2,0.0
LWM,2025-11-01,2025Q4,37,19,0.5135135135135135,10.933333333333334,34.0,3.5215230069674406,1.0,0.0
LWM,2025-11-02,2025Q4,265,215,0.8113207547169812,5.266666666666667,19.0,2.0186202026210855,1.0,0.0
LWM,2025-11-03,2025Q4,180,150,0.8333333333333334,5.8,18.0,2.410459515262685,0.9333333333333333,0.0
LWM,2025-11-04,2025Q4,64,40,0.625,11.866666666666667,43.0,1.7953479428068924,1.0,0.0
LWM,2025-11-05,2025Q4,362,298,0.8232044198895028,3.8,0,1.4064859566480576,0.9333333333333333,0.06666666666666667
LWM,2025-11-06,2025Q4,100,87,0.87,8.133333333333333,26.0,2.7984624156168443,1.0,0.0
LWM,2025-11-07,2025Q4,299,264,0.882943143812709,7.533333333333333,23.0,2.6772678967717174,1.0,0.0
LWM,2025-11-08,2025Q4,253,231,0.9130434782608695,5.933333333333334,20.0,2.0641463661726958,1.0,0.0
LWM,2025-11-09,2025Q4,285,264,0.9263157894736842,7.466666666666667,19.0,3.017650594148788,0.06666666666666667,0.2
LWM,2025-11-11,2025Q4,50,40,0.8,13.0,34.0,7.578733286606453,1.0,0.0
LWM,2025-11-12,2025Q4,139,123,0.8848920863309353,6.933333333333334,0,2.578552696724275,1.0,0.0
LWM,2025-11-13,2025Q4,237,198,0.8354430379746836,6.333333333333333,17.0,1.5814540100059873,0.8666666666666667,0.13333333333333333
LWM,2025-11-14,2025Q4,330,277,0.8393939393939394,6.266666666666667,22.0,1.6446495299090678,1.0,0.0
LWM,2025-11-15,2025Q4,359,286,0.7966573816155988,5.333333333333333,18.0,1.595841065026494,0.8666666666666667,0.13333333333333333
LWM,2025-11-16,2025Q4,61,54,0.8852459016393442,9.733333333333333,32.0,2.6489663616357233,0.8666666666666667,0.06666666666666667
LWM,2025-11-18,2025Q4,81,52,0.6419753086419753,8.2,26.0,3.2646077742085065,1.0,0.0
LWM,2025-11-19,2025Q4,342,255,0.7456140350877193,4.4,0,1.4716758309359608,1.0,0.0
LWM,2025-11-20,2025Q4,194,175,0.9020618556701031,2.2666666666666666,0,0.9520398702141306,1.0,0.0
LWM,2025-11-21,2025Q4,245,208,0.8489795918367347,4.733333333333333,17.0,0.975347127335694,0.7333333333333333,0.0
LWM,2025-11-22,2025Q4,191,125,0.6544502617801047,4.933333333333334,0,1.8661005349766304,0.6666666666666666,0.26666666666666666
LWM,2025-11-23,2025Q4,305,282,0.9245901639344263,3.1333333333333333,0,0.5599696708541649,1.0,0.0
LWM,2025-11-24,2025Q4,175,150,0.8571428571428571,5.0,22.0,1.3298001065305767,1.0,0.0
LWM,2025-11-25,2025Q4,273,205,0.7509157509157509,5.333333333333333,17.0,1.813229841805716,0.8,0.13333333333333333
LWM,2025-11-28,2025Q4,40,15,0.375,13.266666666666667,33.0,5.351003089306986,0.9333333333333333,0.06666666666666667
LWM,2025-11-29,2025Q4,188,151,0.8031914893617021,8.0,26.0,2.105050744646095,1.0,0.0
LWM,2025-11-30,2025Q4,304,272,0.8947368421052632,4.333333333333333,0,1.919589157724959,0.4666666666666667,0.4666666666666667
LWM,2025-12-01,2025Q4,73,58,0.7945205479452054,7.733333333333333,25.0,2.3420202876224097,1.0,0.0
LWM,2025-12-03,2025Q4,253,199,0.7865612648221344,3.0,0,0.8575227696985332,1.0,0.0
LWM,2025-12-04,2025Q4,102,87,0.8529411764705882,10.733333333333333,34.0,2.6920292136421056,0.8666666666666667,0.13333333333333333
LWM,2025-12-05,2025Q4,317,241,0.7602523659305994,4.466666666666667,0,1.034515456841796,1.0,0.0
LWM,2025-12-06,2025Q4,203,170,0.8374384236453202,1.8666666666666667,0,0.4966690092210131,0.6666666666666666,0.06666666666666667
LWM,2025-12-07,2025Q4,287,272,0.9477351916376306,2.533333333333333,0,1.0055428267373425,1.0,0.0
LWM,2025-12-08,2025Q4,104,88,0.8461538461538461,8.666666666666666,25.0,2.547265666614505,1.0,0.0
LWM,2025-12-09,2025Q4,332,257,0.7740963855421686,4.466666666666667,0,1.4293014846916616,0.9333333333333333,0.0
LWM,2025-12-10,2025Q4,242,178,0.7355371900826446,7.0,21.0,1.4939647562587177,0.6666666666666666,0.3333333333333333
LWM,2025-12-13,2025Q4,367,301,0.8201634877384196,5.866666666666666,20.0,0.9304600484598116,1.0,0.0
LWM,2025-12-15,2025Q4,41,17,0.4146341463414634,8.333333333333334,26.0,2.0251566434069015,1.0,0.0
LWM,2025-12-16,2025Q4,349,235,0.673352435530086,4.866666666666666,0,1.3327882303107281,1.0,0.0
LWM,2025-12-17,2025Q4,215,133,0.6186046511627907,9.6,22.0,2.039731664461894,1.0,0.0
LWM,2025-12-18,2025Q4,287,184,0.6411149825783972,3.933333333333333,0,1.4041255245764288,0.9333333333333333,0.0
LWM,2025-12-20,2025Q4,264,179,0.678030303030303,7.266666666666667,18.0,2.854453531788525,1.0,0.0
LWM,2025-12-21,2025Q4,57,40,0.7017543859649122,11.133333333333333,27.0,4.057769609636652,1.0,0.0
LWM,2025-12-22,2025Q4,185,108,0.5837837837837838,6.133333333333334,24.0,1.7327621285368777,1.0,0.0
LWM,2025-12-23,2025Q4,98,96,0.9795918367346939,1.3333333333333333,0,0.33807885306129265,0.4666666666666667,0.4
LWM,2025-12-25,2025Q4,32,8,0.25,9.8,30.0,3.0010518710555356,1.0,0.0
LWM,2025-12-26,2025Q4,189,96,0.5079365079365079,3.4,0,0.9365781524895781,1.0,0.0
LWM,2025-12-27,2025Q4,111,94,0.8468468468468469,4.4,0,1.5378399887247947,0.8666666666666667,0.0
LWM,2025-12-28,2025Q4,212,166,0.7830188679245284,3.066666666666667,0,1.1334126978077248,1.0,0.0
LWM,2025-12-31,2025Q4,181,146,0.8066298342541437,8.733333333333333,23.0,2.8259009563995203,1.0,0.0
LWM,2026-01-02,2026Q1,245,198,0.8081632653061225,9.266666666666667,25.0,3.8517980983855953,0.9333333333333333,0.0
LWM,2026-01-03,2026Q1,162,137,0.845679012345679,7.733333333333333,21.0,3.129798201473073,1.0,0.0
LWM,2026-01-04,2026Q1,106,94,0.8867924528301887,4.0,0,1.8907456875078013,0.6,0.26666666666666666
LWM,2026-01-05,2026Q1,200,156,0.78,2.2666666666666666,0,0.7479315972581252,0.7333333333333333,0.2
LWM,2026-01-06,2026Q1,105,73,0.6952380952380952,2.8666666666666667,0,0.9180563080602859,0.6,0.0
LWM,2026-01-08,2026Q1,303,214,0.7062706270627063,4.133333333333334,16.0,1.146028396688265,1.0,0.0
LWM,2026-01-09,2026Q1,199,148,0.7437185929648241,6.6,19.0,2.4785777093186616,0.4666666666666667,0.13333333333333333
LWM,2026-01-10,2026Q1,322,234,0.7267080745341615,3.066666666666667,0,1.2440926671354058,0.7333333333333333,0.26666666666666666
LWM,2026-01-11,2026Q1,110,67,0.6090909090909091,6.333333333333333,19.0,2.5130144996002275,0.6,0.0
LWM,2026-01-12,2026Q1,147,72,0.4897959183673469,7.266666666666667,26.0,3.2307368511981385,1.0,0.0
LWM,2026-01-13,2026Q1,341,274,0.8035190615835777,6.133333333333334,17.0,2.0261208684972196,1.0,0.0
LWM,2026-01-14,2026Q1,365,231,0.6328767123287671,3.8666666666666667,0,1.0150423152348762,1.0,0.0
LWM,2026-01-15,2026Q1,109,77,0.7064220183486238,9.533333333333333,22.0,2.940753581130443,0.6,0.0
LWM,2026-01-16,2026Q1,62,40,0.6451612903225806,10.866666666666667,30.0,5.687740520568968,1.0,0.0
LWM,2026-01-17,2026Q1,48,20,0.4166666666666667,3.2,0,0.5543472461146857,0.4,0.4666666666666667
LWM,2026-01-18,2026Q1,114,86,0.7543859649122807,4.066666666666666,0,1.3043364351147404,0.13333333333333333,0.3333333333333333
LWM,2026-01-19,2026Q1,150,86,0.5733333333333334,7.0,23.0,2.0548733970315025,0.6,0.26666666666666666
LWM,2026-01-20,2026Q1,107,69,0.6448598130841121,10.2,24.0,5.354727089823298,1.0,0.0
LWM,2026-01-21,2026Q1,316,242,0.7658227848101266,6.266666666666667,19.0,1.795069757358157,0.8666666666666667,0.13333333333333333
LWM,2026-01-22,2026Q1,203,134,0.6600985221674877,7.0,20.0,2.1728318249606886,1.0,0.0
LWM,2026-01-23,2026Q1,154,153,0.9935064935064936,12.2,30.0,3.4913218746143206,0.9333333333333333,0.06666666666666667
LWM,2026-01-24,2026Q1,48,37,0.7708333333333334,8.6,23.0,2.7415777748045325,1.0,0.0
LWM,2026-01-25,2026Q1,51,52,1.0196078431372548,7.866666666666666,24.0,2.921266925001355,0.13333333333333333,0.8
LWM,2026-01-27,2026Q1,60,21,0.35,6.266666666666667,0,2.850798251270138,0.9333333333333333,0.06666666666666667
LWM,2026-01-28,2026Q1,140,115,0.8214285714285714,4.466666666666667,0,1.775169510430526,1.0,0.0
LWM,2026-01-29,2026Q1,189,107,0.5661375661375662,7.266666666666667,23.0,2.8745537942692088,1.0,0.0
LWM,2026-01-31,2026Q1,317,247,0.7791798107255521,4.533333333333333,0,1.9786217848816536,1.0,0.0
LWM,2026-02-01,2026Q1,39,33,0.8461538461538461,8.866666666666667,22.0,4.4899007399239945,1.0,0.0
LWM,2026-02-02,2026Q1,254,220,0.8661417322834646,6.0,16.0,1.6134504614647749,1.0,0.0
LWM,2026-02-03,2026Q1,235,139,0.5914893617021276,1.2666666666666666,0,0.3820280927083713,1.0,0.0
LWM,2026-02-04,2026Q1,95,63,0.6631578947368421,7.666666666666667,26.0,3.08982313693174,1.0,0.0
LWM,2026-02-05,2026Q1,226,158,0.6991150442477876,4.8,0,1.4834522581837548,1.0,0.0
LWM,2026-02-06,2026Q1,144,91,0.6319444444444444,5.2,0,1.6138409986966726,0.8,0.0
LWM,2026-02-08,2026Q1,45,32,0.7111111111111111,9.666666666666666,21.0,1.8452067314477252,1.0,0.0
LWM,2026-02-09,2026Q1,64,56,0.875,9.066666666666666,27.0,1.2698473950622413,1.0,0.0
LWM,2026-02-10,2026Q1,207,148,0.714975845410628,3.357142857142857,15.0,1.4013021270987984,0.8571428571428571,0.14285714285714285
LWM,2026-02-11,2026Q1,75,44,0.5866666666666667,8.733333333333333,30.0,2.706941742720917,0.8666666666666667,0.13333333333333333
LWM,2026-02-12,2026Q1,127,57,0.44881889763779526,9.333333333333334,24.0,2.031508013644276,1.0,0.0
LWM,2026-02-13,2026Q1,284,201,0.7077464788732394,4.8,14.0,1.1455923938480512,1.0,0.0
LWM,2026-02-14,2026Q1,333,263,0.7897897897897898,5.733333333333333,0,1.9639274650969738,1.0,0.0
LWM,2026-02-15,2026Q1,279,228,0.8172043010752689,2.6,0,1.198107649979079,1.0,0.0
LWM,2026-02-16,2026Q1,246,174,0.7073170731707317,3.4,0,1.1298891932731034,0.6666666666666666,0.0
LWM,2026-02-17,2026Q1,67,28,0.417910447761194,4.266666666666667,0,1.0556302389304426,0.5333333333333333,0.06666666666666667
LWM,2026-02-18,2026Q1,115,88,0.7652173913043478,4.2,0,1.6311718114152438,0.8,0.0
LWM,2026-02-19,2026Q1,335,261,0.7791044776119403,2.933333333333333,0,1.0075515905158448,1.0,0.0
LWM,2026-02-20,2026Q1,77,67,0.8701298701298701,4.6,0,1.7596597506989482,0.5333333333333333,0.4666666666666667
LWM,2026-02-22,2026Q1,143,104,0.7272727272727273,7.666666666666667,21.0,1.1726539822137667,0.06666666666666667,0.06666666666666667
LWM,2026-02-26,2026Q1,243,147,0.6049382716049383,7.533333333333333,24.0,3.4770650105694627,1.0,0.0
LWM,2026-02-27,2026Q1,251,151,0.601593625498008,3.6,0,1.4499334458934245,1.0,0.0
LWM,2026-02-28,2026Q1,321,263,0.8193146417445483,6.4,22.0,2.468450484322743,1.0,0.0
LWM,2026-03-01,2026Q1,101,81,0.801980198019802,8.533333333333333,20.0,4.377558833289487,0.8,0.2
LWM,2026-03-02,2026Q1,315,232,0.7365079365079366,3.533333333333333,0,1.3053870119147557,1.0,0.0
LWM,2026-03-03,2026Q1,100,80,0.8,3.3333333333333335,0,0.578370936128033,0.4,0.6
LWM,2026-03-04,2026Q1,316,232,0.7341772151898734,3.6666666666666665,0,1.0810568626701715,1.0,0.0
LWM,2026-03-05,2026Q1,35,32,0.9142857142857143,9.4,23.0,2.9055159734670437,0.3333333333333333,0.2
LWM,2026-03-08,2026Q1,143,122,0.8531468531468531,7.666666666666667,22.0,2.781845022831923,0.6666666666666666,0.0
LWM,2026-03-09,2026Q1,351,244,0.6951566951566952,6.866666666666666,22.0,1.3514237491469148,1.0,0.0
LWM,2026-03-10,2026Q1,428,322,0.7523364485981309,6.4,19.0,2.017148850792893,1.0,0.0
LWM,2026-03-11,2026Q1,65,50,0.7692307692307693,7.8,22.0,3.0876557084461616,0.2,0.2
LWM,2026-03-13,2026Q1,323,246,0.7616099071207431,6.666666666666667,18.0,1.8454086098908868,1.0,0.0
LWM,2026-03-14,2026Q1,110,90,0.8181818181818182,11.8,36.0,5.522389571618628,1.0,0.0
LWM,2026-03-15,2026Q1,330,313,0.9484848484848485,5.0,0,1.476966146463534,1.0,0.0
LWM,2026-03-17,2026Q1,71,62,0.8732394366197183,14.666666666666666,32.0,7.672411557136028,1.0,0.0
LWM,2026-03-18,2026Q1,268,252,0.9402985074626866,6.266666666666667,18.0,1.7314220893719907,1.0,0.0
LWM,2026-03-19,2026Q1,441,380,0.8616780045351474,4.466666666666667,0,1.4210352682232539,1.0,0.0
LWM,2026-03-20,2026Q1,296,234,0.7905405405405406,7.333333333333333,23.0,1.7205781632069368,0.7333333333333333,0.26666666666666666
LWM,2026-03-21,2026Q1,190,166,0.8736842105263158,9.333333333333334,25.0,2.771216305219038,0.8666666666666667,0.0
LWM,2026-03-22,2026Q1,55,43,0.7818181818181819,5.666666666666667,18.0,2.2040644522204693,0.13333333333333333,0.4
LWM,2026-03-24,2026Q1,324,264,0.8148148148148148,5.533333333333333,16.0,1.9338740098069827,0.9333333333333333,0.0
LWM,2026-03-25,2026Q1,359,256,0.713091922005571,7.733333333333333,20.0,2.656638930784077,1.0,0.0
LWM,2026-03-26,2026Q1,162,82,0.5061728395061729,7.533333333333333,19.0,1.369255409782469,0.9333333333333333,0.06666666666666667
LWM,2026-03-27,2026Q1,139,88,0.6330935251798561,9.266666666666667,22.0,4.655192668615955,0.9333333333333333,0.0
LWM,2026-03-28,2026Q1,232,183,0.7887931034482759,7.733333333333333,24.0,2.8118769836330086,1.0,0.0
LWM,2026-03-29,2026Q1,267,186,0.6966292134831461,9.0,21.0,3.3058001603034413,1.0,0.0
LWM,2026-03-30,2026Q1,149,89,0.5973154362416108,11.8,28.0,3.006116806029333,1.0,0.0
LWM,2026-04-01,2026Q2,214,103,0.48130841121495327,6.066666666666666,20.0,2.145035950463145,0.8,0.06666666666666667
LWM,2026-04-03,2026Q2,159,102,0.6415094339622641,5.4,0,1.1173829934077122,0.4666666666666667,0.0
LWM,2026-04-04,2026Q2,194,94,0.4845360824742268,10.133333333333333,27.0,5.401874618050618,0.8,0.0
LWM,2026-04-06,2026Q2,47,26,0.5531914893617021,12.2,31.0,4.993639131292595,1.0,0.0
LWM,2026-04-07,2026Q2,108,69,0.6388888888888888,6.533333333333333,23.0,2.1725283351450853,0.4666666666666667,0.13333333333333333
LWM,2026-04-08,2026Q2,389,215,0.5526992287917738,3.9285714285714284,0,1.029632693382047,1.0,0.0
LWM,2026-04-09,2026Q2,289,226,0.7820069204152249,7.8,22.0,3.199759923740682,1.0,0.0
LWM,2026-04-10,2026Q2,319,252,0.7899686520376176,9.333333333333334,22.0,2.273242692856311,1.0,0.0
LWM,2026-04-11,2026Q2,31,29,0.9354838709677419,11.2,29.0,2.253599122923631,1.0,0.0
LWM,2026-04-12,2026Q2,423,361,0.8534278959810875,5.333333333333333,15.0,2.574485257980933,0.9333333333333333,0.06666666666666667
LWM,2026-04-13,2026Q2,43,19,0.4418604651162791,11.666666666666666,31.0,2.709270173249745,0.6666666666666666,0.06666666666666667
LWM,2026-04-14,2026Q2,294,238,0.8095238095238095,6.266666666666667,25.0,3.0585255387004464,0.9333333333333333,0.06666666666666667
LWM,2026-04-15,2026Q2,281,226,0.8042704626334519,5.6,0,2.4470172962785326,0.8,0.0
LWM,2026-04-16,2026Q2,187,131,0.7005347593582888,3.7333333333333334,0,1.6337518024918762,0.4666666666666667,0.0
LWM,2026-04-17,2026Q2,129,78,0.6046511627906976,4.533333333333333,20.0,1.4061713149335995,0.6,0.06666666666666667
LWM,2026-04-18,2026Q2,134,123,0.917910447761194,7.8,14.0,3.135061963385327,0.2,0.0
LWM,2026-04-20,2026Q2,271,204,0.7527675276752768,7.2,18.0,3.4008752724517572,1.0,0.0
LWM,2026-04-21,2026Q2,282,228,0.8085106382978723,5.733333333333333,19.0,1.210278301156442,1.0,0.0
LWM,2026-04-22,2026Q2,47,39,0.8297872340425532,6.133333333333334,15.0,1.963374718554919,0.4666666666666667,0.0
LWM,2026-04-23,2026Q2,81,60,0.7407407407407407,10.4,31.0,2.9785411593908857,1.0,0.0
LWM,2026-04-24,2026Q2,298,249,0.8355704697986577,6.933333333333334,20.0,3.1066395908701865,1.0,0.0
LWM,2026-04-25,2026Q2,376,261,0.6941489361702128,3.6,0,1.2068474285301771,1.0,0.0
LWM,2026-04-26,2026Q2,255,157,0.615686274509804,4.266666666666667,0,1.5605810142982237,1.0,0.0
LWM,2026-04-27,2026Q2,211,130,0.6161137440758294,5.0,14.0,1.723127651546221,1.0,0.0
LWM,2026-04-28,2026Q2,250,154,0.616,7.0,0,3.2093242962093833,1.0,0.0
LWM,2026-04-29,2026Q2,56,17,0.30357142857142855,7.466666666666667,0,2.315699706376119,0.0,0.0
LWM,2026-05-01,2026Q2,201,144,0.7164179104477612,8.266666666666667,28.0,2.359212259822825,1.0,0.0
LWM,2026-05-02,2026Q2,170,92,0.5411764705882353,3.7333333333333334,20.0,1.408393281702637,0.8666666666666667,0.13333333333333333
LWM,2026-05-03,2026Q2,129,111,0.8604651162790697,8.933333333333334,25.0,2.3300533072652225,0.7333333333333333,0.0
LWM,2026-05-04,2026Q2,64,25,0.390625,13.4,33.0,4.842171177042162,1.0,0.0
LWM,2026-05-07,2026Q2,173,35,0.2023121387283237,8.066666666666666,24.0,1.8688774655383888,1.0,0.0
LWM,2026-05-08,2026Q2,202,105,0.5198019801980198,8.6,24.0,4.2350101593586915,1.0,0.0
LWM,2026-05-09,2026Q2,166,34,0.20481927710843373,4.6,0,1.090096303009209,0.13333333333333333,0.7333333333333333
LWM,2026-05-10,2026Q2,136,65,0.47794117647058826,6.5,21.0,1.5739772118507507,0.8571428571428571,0.07142857142857142
LWM,2026-05-11,2026Q2,294,213,0.7244897959183674,6.333333333333333,17.0,1.5343060019639978,1.0,0.0
LWM,2026-05-12,2026Q2,256,164,0.640625,6.666666666666667,19.0,3.070314899987265,1.0,0.0
LWM,2026-05-13,2026Q2,149,98,0.6577181208053692,3.4,0,0.9536685630914417,0.6,0.4
LWM,2026-05-14,2026Q2,44,29,0.6590909090909091,5.266666666666667,15.0,1.6741228268727522,0.3333333333333333,0.26666666666666666
LWM,2026-05-16,2026Q2,275,212,0.7709090909090909,10.333333333333334,21.0,3.5660305059248634,1.0,0.0
LWM,2026-05-17,2026Q2,170,144,0.8470588235294118,7.866666666666666,26.0,2.990030649863702,1.0,0.0
LWM,2026-05-18,2026Q2,308,183,0.5941558441558441,7.266666666666667,18.0,1.49372254487987,1.0,0.0
LWM,2026-05-19,2026Q2,144,82,0.5694444444444444,9.066666666666666,25.0,2.9750008250690767,0.8666666666666667,0.13333333333333333
LWM,2026-05-20,2026Q2,190,95,0.5,11.2,36.0,5.642978004524435,1.0,0.0
LWM,2026-05-21,2026Q2,269,184,0.6840148698884758,6.133333333333334,17.0,1.743625313142231,1.0,0.0
LWM,2026-05-22,2026Q2,275,205,0.7454545454545455,4.533333333333333,0,1.7227195485924378,1.0,0.0
LWM,2026-05-23,2026Q2,293,162,0.552901023890785,5.4,0,2.2226964827301696,1.0,0.0
LWM,2026-05-24,2026Q2,40,16,0.4,6.733333333333333,0,3.4066797576214833,0.13333333333333333,0.8666666666666667
LWM,2026-05-25,2026Q2,90,77,0.8555555555555555,5.0,18.0,1.8308876695713692,0.4666666666666667,0.2
LWM,2026-05-26,2026Q2,282,243,0.8617021276595744,7.466666666666667,21.0,2.025824287255909,1.0,0.0
LWM,2026-05-27,2026Q2,207,144,0.6956521739130435,7.466666666666667,18.0,3.400163798805469,1.0,0.0
LWM,2026-05-28,2026Q2,170,133,0.7823529411764706,7.933333333333334,26.0,4.299731206491347,0.8666666666666667,0.13333333333333333
LWM,2026-05-29,2026Q2,162,140,0.8641975308641975,7.2,20.0,1.8999945039898856,0.8,0.2
LWM,2026-05-31,2026Q2,217,191,0.880184331797235,5.733333333333333,16.0,2.273938104498917,0.8,0.2
LWM,2026-06-01,2026Q2,247,194,0.7854251012145749,5.0,0,1.9769624763391198,0.8,0.06666666666666667
LWM,2026-06-02,2026Q2,241,210,0.8713692946058091,4.466666666666667,17.0,2.5818995523594412,1.0,0.0
LWM,2026-06-03,2026Q2,283,219,0.773851590106007,5.4,0,1.6509631972416396,1.0,0.0
LWM,2026-06-04,2026Q2,292,250,0.8561643835616438,6.866666666666666,17.0,2.2002153386063648,1.0,0.0
LWM,2026-06-05,2026Q2,304,252,0.8289473684210527,4.133333333333334,0,1.0629619150596896,1.0,0.0
LWM,2026-06-06,2026Q2,280,242,0.8642857142857143,6.2,18.0,1.3747083651786853,0.9333333333333333,0.06666666666666667
LWM,2026-06-07,2026Q2,126,81,0.6428571428571429,10.333333333333334,27.0,4.193983179725726,0.6,0.2
LWM,2026-06-08,2026Q2,301,185,0.6146179401993356,3.933333333333333,0,0.8950825781510376,1.0,0.0
LWM,2026-06-09,2026Q2,377,228,0.6047745358090185,8.0,18.0,2.290094456553791,1.0,0.0
LWM,2026-06-10,2026Q2,335,147,0.4388059701492537,7.466666666666667,18.0,1.606570710163494,1.0,0.0
LWM,2026-06-12,2026Q2,239,179,0.7489539748953975,3.533333333333333,0,1.4376764236103678,1.0,0.0
LWM,2026-06-13,2026Q2,267,198,0.7415730337078652,5.666666666666667,20.0,1.7261264149162383,1.0,0.0
LWM,2026-06-14,2026Q2,153,110,0.7189542483660131,9.333333333333334,26.0,2.2790238503031564,1.0,0.0
LWM,2026-06-15,2026Q2,137,97,0.708029197080292,8.8,19.0,2.444067787642616,1.0,0.0
LWM,2026-06-16,2026Q2,236,175,0.7415254237288136,5.733333333333333,17.0,1.5829704140662049,1.0,0.0
LWM,2026-06-17,2026Q2,292,238,0.815068493150685,4.466666666666667,16.0,1.9547596857788447,1.0,0.0
LWM,2026-06-19,2026Q2,76,51,0.6710526315789473,12.866666666666667,29.0,6.670668344662783,1.0,0.0
LWM,2026-06-20,2026Q2,61,18,0.29508196721311475,9.866666666666667,30.0,3.2639969849822887,1.0,0.0
LWM,2026-06-21,2026Q2,143,100,0.6993006993006993,5.666666666666667,21.0,1.830650719682904,1.0,0.0
LWM,2026-06-22,2026Q2,141,125,0.8865248226950354,3.7333333333333334,0,1.656108224928883,0.4666666666666667,0.5333333333333333
LWM,2026-06-23,2026Q2,42,24,0.5714285714285714,2.4,0,1.0872255284929726,0.4,0.26666666666666666
LWM,2026-06-24,2026Q2,474,342,0.7215189873417721,7.133333333333334,22.0,2.427928453091351,1.0,0.0
LWM,2026-06-25,2026Q2,292,115,0.3938356164383562,4.6,0,1.6924432439438977,1.0,0.0
LWM,2026-06-26,2026Q2,158,94,0.5949367088607594,5.533333333333333,0,1.8280154673089806,0.4,0.26666666666666666
LWM,2026-06-27,2026Q2,280,232,0.8285714285714286,4.866666666666666,0,1.8187665872890535,0.8666666666666667,0.13333333333333333
LWM,2026-06-28,2026Q2,175,115,0.6571428571428571,3.466666666666667,0,1.361680394963129,0.7333333333333333,0.0
LWM,2026-06-29,2026Q2,323,280,0.8668730650154799,4.533333333333333,0,2.0257320315261205,1.0,0.0
LWM,2026-06-30,2026Q2,256,204,0.796875,5.133333333333334,0,1.1630283352312119,0.9333333333333333,0.06666666666666667
LWM,2026-07-01,2026Q3,254,139,0.547244094488189,5.8,0,2.3993098615527133,1.0,0.0
LWM,2026-07-02,2026Q3,188,126,0.6702127659574468,7.571428571428571,18.0,3.401847835314825,1.0,0.0
LWM,2026-07-03,2026Q3,218,154,0.7064220183486238,7.066666666666666,19.0,2.6498144195016073,1.0,0.0
LWM,2026-07-04,2026Q3,45,31,0.6888888888888889,7.066666666666666,19.0,3.186564473279498,1.0,0.0
LWM,2026-07-05,2026Q3,131,110,0.8396946564885496,4.266666666666667,0,1.5096661302724876,1.0,0.0
LWM,2026-07-06,2026Q3,202,165,0.8168316831683168,3.6,0,1.4889029705880403,1.0,0.0
LWM,2026-07-08,2026Q3,335,241,0.7194029850746269,3.2666666666666666,0,1.02230742893725,0.9333333333333333,0.0
LWM,2026-07-09,2026Q3,288,235,0.8159722222222222,7.733333333333333,17.0,1.9198756126420016,1.0,0.0
LWM,2026-07-10,2026Q3,304,290,0.9539473684210527,6.733333333333333,18.0,3.564692023201764,1.0,0.0
LWM,2026-07-11,2026Q3,249,179,0.7188755020080321,3.933333333333333,0,1.1539018141432968,1.0,0.0
LWM,2026-07-12,2026Q3,221,202,0.9140271493212669,4.466666666666667,0,1.3396476472084609,1.0,0.0
LWM,2026-07-13,2026Q3,259,193,0.7451737451737451,9.333333333333334,25.0,1.7002089417156097,0.9333333333333333,0.06666666666666667
LWM,2026-07-14,2026Q3,178,167,0.9382022471910112,9.6,22.0,3.024899990188905,1.0,0.0
LWM,2026-07-15,2026Q3,202,182,0.900990099009901,7.466666666666667,22.0,2.388922000393751,0.8666666666666667,0.0
LWM,2026-07-16,2026Q3,217,184,0.847926267281106,9.466666666666667,27.0,4.805649746211071,0.9333333333333333,0.06666666666666667
LWM,2026-07-17,2026Q3,253,220,0.8695652173913043,7.266666666666667,21.0,1.8190215521268491,0.9333333333333333,0.06666666666666667
LWM,2026-07-18,2026Q3,45,34,0.7555555555555555,8.866666666666667,24.0,2.1471402456428015,0.26666666666666666,0.2
LWM,2026-07-19,2026Q3,179,109,0.6089385474860335,10.333333333333334,30.0,2.136883560980836,1.0,0.0
LWM,2026-07-20,2026Q3,308,236,0.7662337662337663,5.666666666666667,15.0,1.8353802259679302,1.0,0.0
LWM,2026-07-21,2026Q3,145,116,0.8,5.266666666666667,17.0,1.8870277540286249,0.6,0.2
LWM,2026-07-22,2026Q3,61,53,0.8688524590163934,7.733333333333333,19.0,1.6391326919642706,0.8,0.06666666666666667
LWM,2026-07-23,2026Q3,283,238,0.8409893992932862,6.928571428571429,19.0,2.586040171611125,1.0,0.0
LWM,2026-07-24,2026Q3,336,307,0.9136904761904762,4.285714285714286,17.0,1.0773481836758827,1.0,0.0
LWM,2026-07-25,2026Q3,338,266,0.7869822485207101,4.0,15.0,1.0851720137144634,1.0,0.0
LWM,2026-07-26,2026Q3,280,244,0.8714285714285714,5.733333333333333,0,3.1287383708169916,1.0,0.0
LWM,2026-07-27,2026Q3,390,308,0.7897435897435897,3.3333333333333335,0,0.9615148592000523,1.0,0.0
LWM,2026-07-28,2026Q3,137,52,0.3795620437956204,3.8666666666666667,0,0.9995536370384812,0.5333333333333333,0.13333333333333333
LWM,2026-07-29,2026Q3,53,52,0.9811320754716981,6.8,18.0,3.535062668391329,0.2,0.4
LWM,2026-07-30,2026Q3,44,32,0.7272727272727273,5.266666666666667,18.0,1.4542865908050364,0.26666666666666666,0.2
LWM,2026-07-31,2026Q3,337,264,0.7833827893175074,2.2,0,0.5533806858034117,0.8666666666666667,0.0
LWM,2026-08-01,2026Q3,297,65,0.21885521885521886,4.466666666666667,0,1.3714162492410888,1.0,0.0
LWM,2026-08-02,2026Q3,202,154,0.7623762376237624,7.066666666666666,19.0,1.7064867088672575,0.7333333333333333,0.0
LWM,2026-08-04,2026Q3,353,291,0.8243626062322946,6.733333333333333,18.0,2.326087243855583,1.0,0.0
LWM,2026-08-05,2026Q3,268,251,0.9365671641791045,6.866666666666666,17.0,2.638708643988347,1.0,0.0
LWM,2026-08-06,2026Q3,335,270,0.8059701492537313,3.933333333333333,0,1.362556402490289,0.9333333333333333,0.06666666666666667
LWM,2026-08-07,2026Q3,264,229,0.8674242424242424,4.933333333333334,0,1.4128356019683015,1.0,0.0
LWM,2026-08-08,2026Q3,166,141,0.8493975903614458,5.733333333333333,15.0,2.2809731786090555,1.0,0.0
LWM,2026-08-09,2026Q3,192,47,0.24479166666666666,8.4,19.0,4.177890517088057,1.0,0.0
LWM,2026-08-10,2026Q3,326,291,0.8926380368098159,4.666666666666667,0,1.4467255770710108,1.0,0.0
LWM,2026-08-11,2026Q3,185,176,0.9513513513513514,6.266666666666667,19.0,1.6108965457708113,1.0,0.0
LWM,2026-08-12,2026Q3,265,84,0.3169811320754717,5.066666666666666,0,1.7042684417627347,1.0,0.0
LWM,2026-08-13,2026Q3,239,220,0.9205020920502092,6.2,17.0,1.3575453456788402,0.9333333333333333,0.06666666666666667
LWM,2026-08-14,2026Q3,391,302,0.7723785166240409,6.866666666666666,19.0,2.2918459733039946,1.0,0.0
LWM,2026-08-15,2026Q3,293,277,0.9453924914675768,4.533333333333333,0,2.599516338691825,1.0,0.0
LWM,2026-08-16,2026Q3,274,225,0.8211678832116789,5.0,16.0,1.0269487865891753,1.0,0.0
LWM,2026-08-17,2026Q3,114,114,1.0,4.8,18.0,1.6960338432746151,0.13333333333333333,0.06666666666666667
LWM,2026-08-18,2026Q3,232,204,0.8793103448275862,3.8666666666666667,0,1.4526981682534459,0.4,0.0
LWM,2026-08-19,2026Q3,255,202,0.792156862745098,6.133333333333334,19.0,2.492825107752881,0.8666666666666667,0.0
LWM,2026-08-20,2026Q3,371,300,0.8086253369272237,5.2,15.0,1.982771272867355,0.7333333333333333,0.26666666666666666
LWM,2026-08-21,2026Q3,401,351,0.8753117206982544,6.8,20.0,2.4719826123280697,1.0,0.0
LWM,2026-08-22,2026Q3,168,124,0.7380952380952381,6.933333333333334,0,1.714508664767073,0.2,0.06666666666666667
LWM,2026-08-24,2026Q3,281,228,0.8113879003558719,7.0,19.0,1.4897445652260086,0.9333333333333333,0.0
LWM,2026-08-25,2026Q3,360,332,0.9222222222222223,6.533333333333333,17.0,2.49839410711808,1.0,0.0
LWM,2026-08-26,2026Q3,322,253,0.7857142857142857,3.0714285714285716,0,0.7407236671069287,1.0,0.0
LWM,2026-08-27,2026Q3,309,256,0.8284789644012945,6.933333333333334,19.0,1.5577092312124767,0.8,0.0
LWM,2026-08-28,2026Q3,227,183,0.8061674008810573,4.428571428571429,0,1.6917254832858277,0.7857142857142857,0.0
LWM,2026-08-29,2026Q3,295,248,0.8406779661016949,4.933333333333334,0,2.9494134951728475,1.0,0.0
LWM,2026-08-30,2026Q3,255,209,0.8196078431372549,9.133333333333333,20.0,2.914653629130729,0.9333333333333333,0.06666666666666667
LWM,2026-08-31,2026Q3,348,331,0.9511494252873564,3.933333333333333,0,1.7931354434954738,1.0,0.0
ORH,2024-03-29,2024Q1,55,20,0.36363636363636365,18.066666666666666,36.0,3.7923829768612203,0.9333333333333333,0.06666666666666667
ORH,2024-03-30,2024Q1,65,29,0.4461538461538462,14.466666666666667,31.0,2.7454154950160783,1.0,0.0
ORH,2024-03-31,2024Q1,76,50,0.6578947368421053,9.8,25.0,1.719873386592052,1.0,0.0
ORH,2024-04-01,2024Q2,143,74,0.5174825174825175,3.1333333333333333,0,1.576274392735717,1.0,0.0
ORH,2024-04-02,2024Q2,71,17,0.23943661971830985,8.133333333333333,18.0,3.9059485565351726,0.6666666666666666,0.3333333333333333
ORH,2024-04-05,2024Q2,51,52,1.0196078431372548,13.333333333333334,26.0,1.9013410467005694,0.8666666666666667,0.06666666666666667
ORH,2024-04-07,2024Q2,81,26,0.32098765432098764,7.8,18.0,4.566258677187162,1.0,0.0
ORH,2024-04-08,2024Q2,78,20,0.2564102564102564,6.266666666666667,17.0,1.2702317924735924,1.0,0.0
ORH,2024-04-09,2024Q2,87,28,0.3218390804597701,5.2,14.0,1.4572739298124764,1.0,0.0
ORH,2024-04-13,2024Q2,75,41,0.5466666666666666,14.4,32.0,2.505906059973032,0.6666666666666666,0.13333333333333333
ORH,2024-04-16,2024Q2,88,29,0.32954545454545453,10.266666666666667,26.0,1.879195156418576,1.0,0.0
ORH,2024-04-17,2024Q2,175,59,0.33714285714285713,6.6,19.0,4.405668579735937,1.0,0.0
ORH,2024-04-19,2024Q2,140,49,0.35,9.066666666666666,24.0,4.648734527906372,1.0,0.0
ORH,2024-04-20,2024Q2,60,24,0.4,9.0,25.0,1.9833463909020665,0.6428571428571429,0.21428571428571427
ORH,2024-04-21,2024Q2,180,95,0.5277777777777778,10.866666666666667,28.0,3.084862304149126,1.0,0.0
ORH,2024-04-22,2024Q2,73,34,0.4657534246575342,8.8,22.0,2.168936012537686,1.0,0.0
ORH,2024-04-23,2024Q2,166,65,0.39156626506024095,8.866666666666667,24.0,5.863988745534194,1.0,0.0
ORH,2024-04-24,2024Q2,70,32,0.45714285714285713,12.2,34.0,3.799811423870075,0.8,0.2
ORH,2024-04-25,2024Q2,200,48,0.24,4.6,16.0,2.29244202829358,1.0,0.0
ORH,2024-04-26,2024Q2,162,66,0.4074074074074074,6.4,0,4.262175879370971,1.0,0.0
ORH,2024-04-27,2024Q2,140,68,0.4857142857142857,10.0,23.0,5.022242047126347,1.0,0.0
ORH,2024-04-28,2024Q2,78,61,0.782051282051282,9.333333333333334,21.0,5.540188255564729,0.5333333333333333,0.0
ORH,2024-05-02,2024Q2,61,28,0.45901639344262296,10.133333333333333,29.0,4.379771816959569,0.6,0.0
ORH,2024-05-04,2024Q2,183,40,0.2185792349726776,7.066666666666666,18.0,1.5591224447830285,0.9333333333333333,0.0
ORH,2024-05-12,2024Q2,78,24,0.3076923076923077,3.6,0,1.554724385023506,0.8,0.13333333333333333
ORH,2024-05-13,2024Q2,113,47,0.415929203539823,6.4,19.0,4.734168055984053,1.0,0.0
ORH,2024-05-14,2024Q2,78,29,0.3717948717948718,11.333333333333334,25.0,8.651384313587132,1.0,0.0
ORH,2024-05-20,2024Q2,121,25,0.2066115702479339,4.933333333333334,0,1.4252392797839715,0.7333333333333333,0.0
ORH,2024-05-21,2024Q2,107,56,0.5233644859813084,6.533333333333333,0,3.639115886021173,1.0,0.0
ORH,2024-05-22,2024Q2,158,45,0.2848101265822785,10.6,23.0,6.9206785844095355,1.0,0.0
ORH,2024-05-23,2024Q2,52,42,0.8076923076923077,8.066666666666666,0,3.1959854831897325,0.8,0.2
ORH,2024-05-24,2024Q2,196,91,0.4642857142857143,11.733333333333333,29.0,4.378813058985759,1.0,0.0
ORH,2024-05-30,2024Q2,32,24,0.75,8.6,22.0,6.558205003122763,0.4666666666666667,0.4666666666666667
ORH,2024-05-31,2024Q2,144,38,0.2638888888888889,8.4,22.0,2.0090823051202396,1.0,0.0
ORH,2024-06-02,2024Q2,147,69,0.46938775510204084,4.4,0,1.7097341486252298,1.0,0.0
ORH,2024-06-03,2024Q2,73,21,0.2876712328767123,6.466666666666667,14.0,2.8723851071514668,1.0,0.0
ORH,2024-06-25,2024Q2,157,34,0.21656050955414013,9.4,21.0,2.6650814347149834,1.0,0.0
ORH,2024-06-30,2024Q2,55,19,0.34545454545454546,9.866666666666667,23.0,5.504021573181958,0.6,0.2
ORH,2024-07-20,2024Q3,131,50,0.3816793893129771,7.6,18.0,3.952650326421385,0.9333333333333333,0.06666666666666667
ORH,2024-07-21,2024Q3,187,50,0.26737967914438504,6.4,16.0,1.1861410772286478,1.0,0.0
ORH,2024-07-30,2024Q3,36,10,0.2777777777777778,10.266666666666667,20.0,8.547008015382028,0.6,0.0
ORH,2024-08-03,2024Q3,40,13,0.325,7.933333333333334,18.0,2.981807904221515,0.8,0.0
ORH,2024-08-05,2024Q3,150,38,0.25333333333333335,7.333333333333333,0,3.8295680773612673,1.0,0.0
ORH,2024-08-11,2024Q3,147,32,0.21768707482993196,8.933333333333334,18.0,4.480298261020943,1.0,0.0
ORH,2024-08-12,2024Q3,105,21,0.2,8.066666666666666,19.0,2.291145640015743,1.0,0.0
ORH,2024-08-13,2024Q3,210,45,0.21428571428571427,8.066666666666666,16.0,1.896656644583054,1.0,0.0
ORH,2024-08-14,2024Q3,50,22,0.44,4.066666666666666,0,1.6231417278421683,1.0,0.0
ORH,2024-08-15,2024Q3,85,17,0.2,6.2,0,1.909424136430373,0.9333333333333333,0.06666666666666667
ORH,2024-08-22,2024Q3,182,38,0.2087912087912088,8.333333333333334,0,1.4188591471367153,1.0,0.0
ORH,2024-08-23,2024Q3,148,45,0.30405405405405406,6.866666666666666,15.0,1.7114304551824109,1.0,0.0
ORH,2024-08-26,2024Q3,41,10,0.24390243902439024,4.933333333333334,0,2.442035456031181,0.8666666666666667,0.13333333333333333
ORH,2024-08-31,2024Q3,47,14,0.2978723404255319,6.933333333333334,0,5.674988547613469,0.26666666666666666,0.0
ORH,2024-09-01,2024Q3,31,26,0.8387096774193549,10.4,22.0,7.337171536832323,0.5333333333333333,0.0
ORH,2024-09-03,2024Q3,118,41,0.3474576271186441,7.533333333333333,17.0,2.1390242127716688,1.0,0.0
ORH,2024-09-04,2024Q3,106,43,0.4056603773584906,4.0,0,2.4098673567387014,1.0,0.0
ORH,2024-09-09,2024Q3,52,11,0.21153846153846154,9.133333333333333,24.0,2.1271820727654713,1.0,0.0
ORH,2024-09-10,2024Q3,116,27,0.23275862068965517,7.0,17.0,1.459722542479653,1.0,0.0
ORH,2024-09-12,2024Q3,135,46,0.34074074074074073,6.8,0,3.3198439791289514,1.0,0.0
ORH,2024-09-13,2024Q3,165,37,0.22424242424242424,5.428571428571429,0,1.1044668454732656,1.0,0.0
ORH,2024-09-14,2024Q3,151,45,0.2980132450331126,5.2,0,2.5620581792194765,1.0,0.0
ORH,2024-09-25,2024Q3,33,14,0.42424242424242425,5.4,0,1.1485895553596446,0.26666666666666666,0.0
ORH,2024-09-27,2024Q3,155,56,0.36129032258064514,4.866666666666666,0,1.4556760841282104,1.0,0.0
ORH,2024-09-28,2024Q3,96,21,0.21875,7.0,0,2.4381681391395573,0.6666666666666666,0.0
ORH,2024-09-29,2024Q3,38,9,0.23684210526315788,3.533333333333333,0,1.7140553048190295,0.13333333333333333,0.0
ORH,2024-09-30,2024Q3,130,59,0.45384615384615384,4.266666666666667,0,1.9783554850890168,1.0,0.0
ORH,2024-10-03,2024Q4,123,46,0.37398373983739835,6.666666666666667,0,3.1483030767198597,1.0,0.0
ORH,2024-10-04,2024Q4,99,38,0.3838383838383838,6.133333333333334,0,3.9075953706624054,1.0,0.0
ORH,2024-10-05,2024Q4,68,38,0.5588235294117647,7.8,18.0,3.5694473270833216,0.8666666666666667,0.13333333333333333
ORH,2024-10-08,2024Q4,83,37,0.4457831325301205,7.066666666666666,18.0,1.5873181116926731,1.0,0.0
ORH,2024-10-09,2024Q4,118,27,0.2288135593220339,8.333333333333334,20.0,1.4658572190590453,1.0,0.0
ORH,2024-10-11,2024Q4,119,32,0.2689075630252101,11.466666666666667,27.0,2.8095707886385024,1.0,0.0
ORH,2024-10-13,2024Q4,57,20,0.3508771929824561,5.533333333333333,18.0,3.625760442133168,0.2,0.5333333333333333
ORH,2024-10-16,2024Q4,84,24,0.2857142857142857,11.533333333333333,26.0,2.9221105486118693,1.0,0.0
ORH,2024-10-17,2024Q4,192,91,0.4739583333333333,4.533333333333333,0,2.8474167932194425,1.0,0.0
ORH,2024-10-18,2024Q4,117,52,0.4444444444444444,6.4,20.0,4.862452709878278,1.0,0.0
ORH,2024-10-19,2024Q4,104,53,0.5096153846153846,4.666666666666667,0,1.4034695646971893,1.0,0.0
ORH,2024-10-20,2024Q4,149,65,0.436241610738255,9.333333333333334,19.0,2.4636771114335216,1.0,0.0
ORH,2024-10-21,2024Q4,134,74,0.5522388059701493,11.2,20.0,2.51010579633939,1.0,0.0
ORH,2024-10-22,2024Q4,150,37,0.24666666666666667,4.533333333333333,0,1.248238038275476,1.0,0.0
ORH,2024-10-23,2024Q4,88,26,0.29545454545454547,12.6,25.0,10.501554905840868,1.0,0.0
ORH,2024-10-24,2024Q4,135,58,0.42962962962962964,11.0,22.0,3.3104290801211538,1.0,0.0
ORH,2024-10-25,2024Q4,100,34,0.34,4.866666666666666,0,1.3014126391791325,1.0,0.0
ORH,2024-10-30,2024Q4,88,25,0.2840909090909091,5.866666666666666,0,4.648185136969817,0.6666666666666666,0.0
ORH,2024-10-31,2024Q4,129,39,0.3023255813953488,9.066666666666666,0,5.023617276394745,1.0,0.0
ORH,2024-11-01,2024Q4,74,27,0.36486486486486486,13.8,33.0,4.126094397653613,1.0,0.0
ORH,2024-11-02,2024Q4,118,72,0.6101694915254238,8.733333333333333,20.0,2.3107052649864963,1.0,0.0
ORH,2024-11-03,2024Q4,176,83,0.4715909090909091,4.266666666666667,16.0,2.452497672096197,1.0,0.0
ORH,2024-11-04,2024Q4,134,74,0.5522388059701493,5.733333333333333,0,3.0737454255648173,0.8,0.0
ORH,2024-11-05,2024Q4,67,30,0.44776119402985076,12.533333333333333,23.0,8.16311422381558,1.0,0.0
ORH,2024-11-07,2024Q4,101,49,0.48514851485148514,11.466666666666667,34.0,2.112877543173075,1.0,0.0
ORH,2024-11-08,2024Q4,47,20,0.425531914893617,14.866666666666667,31.0,3.1442901968239907,0.8666666666666667,0.13333333333333333
ORH,2024-11-09,2024Q4,92,50,0.5434782608695652,11.266666666666667,23.0,2.535090277878933,1.0,0.0
ORH,2024-11-10,2024Q4,86,38,0.4418604651162791,12.2,26.0,9.120434999272828,0.8666666666666667,0.13333333333333333
ORH,2024-11-11,2024Q4,50,35,0.7,12.466666666666667,34.0,3.08752277707752,0.7333333333333333,0.0
ORH,2024-11-12,2024Q4,39,11,0.28205128205128205,16.266666666666666,36.0,4.561013786225224,1.0,0.0
ORH,2024-11-13,2024Q4,175,51,0.2914285714285714,7.6,20.0,5.964766143071846,1.0,0.0
ORH,2024-11-14,2024Q4,148,51,0.34459459459459457,6.2,16.0,4.27754612497342,1.0,0.0
ORH,2024-11-15,2024Q4,128,64,0.5,13.8,31.0,2.0477367669657673,1.0,0.0
ORH,2024-11-16,2024Q4,56,45,0.8035714285714286,14.266666666666667,34.0,2.3518640139800397,1.0,0.0
ORH,2024-11-17,2024Q4,125,58,0.464,10.666666666666666,26.0,1.829033376581748,1.0,0.0
ORH,2024-11-18,2024Q4,89,58,0.651685393258427,9.133333333333333,25.0,1.5275573299381964,1.0,0.0
ORH,2024-11-19,2024Q4,125,82,0.656,10.0,30.0,1.4035013281148017,1.0,0.0
ORH,2024-11-20,2024Q4,112,63,0.5625,5.066666666666666,0,1.3337263903015968,0.8666666666666667,0.0
ORH,2024-11-21,2024Q4,31,22,0.7096774193548387,10.0,25.0,5.35193490137597,0.0,0.9333333333333333
ORH,2024-11-24,2024Q4,39,24,0.6153846153846154,17.333333333333332,48.0,2.74878915065676,1.0,0.0
ORH,2024-11-25,2024Q4,86,55,0.6395348837209303,10.666666666666666,27.0,1.701479561044297,1.0,0.0
ORH,2024-11-26,2024Q4,54,33,0.6111111111111112,7.066666666666666,19.0,2.0378394303491403,0.5333333333333333,0.4
ORH,2024-11-27,2024Q4,96,61,0.6354166666666666,8.866666666666667,25.0,2.6554961396522843,1.0,0.0
ORH,2024-11-30,2024Q4,97,63,0.6494845360824743,11.066666666666666,24.0,1.4156492625373869,1.0,0.0
ORH,2024-12-01,2024Q4,140,85,0.6071428571428571,8.466666666666667,19.0,2.8034602683470804,1.0,0.0
ORH,2024-12-02,2024Q4,138,74,0.5362318840579711,7.933333333333334,0,1.5437316868064443,1.0,0.0
ORH,2024-12-03,2024Q4,118,43,0.3644067796610169,6.733333333333333,17.0,1.8309387770648167,0.8,0.0
ORH,2024-12-04,2024Q4,105,72,0.6857142857142857,8.266666666666667,17.0,4.311649071550575,1.0,0.0
ORH,2024-12-07,2024Q4,129,49,0.3798449612403101,8.0,21.0,2.279306675374452,1.0,0.0
ORH,2024-12-08,2024Q4,54,28,0.5185185185185185,14.533333333333333,30.0,5.346775436587183,0.9333333333333333,0.06666666666666667
ORH,2024-12-09,2024Q4,73,20,0.273972602739726,5.266666666666667,20.0,2.045507920116561,0.5333333333333333,0.4666666666666667
ORH,2024-12-12,2024Q4,31,20,0.6451612903225806,16.133333333333333,34.0,5.451858341735332,0.9333333333333333,0.06666666666666667
ORH,2024-12-13,2024Q4,99,64,0.6464646464646465,9.4,20.0,1.7321511612502116,1.0,0.0
ORH,2024-12-14,2024Q4,210,127,0.6047619047619047,5.133333333333334,0,1.4270087245326266,1.0,0.0
ORH,2024-12-15,2024Q4,137,71,0.5182481751824818,2.4,0,0.9809514353287323,1.0,0.0
ORH,2024-12-17,2024Q4,57,23,0.40350877192982454,12.8,37.0,4.601789769694288,0.6,0.06666666666666667
ORH,2024-12-18,2024Q4,61,42,0.6885245901639344,5.666666666666667,0,3.456031347179089,0.8,0.2
ORH,2024-12-19,2024Q4,120,57,0.475,9.066666666666666,22.0,2.3969142553655556,0.9333333333333333,0.0
ORH,2024-12-22,2024Q4,73,53,0.726027397260274,10.733333333333333,31.0,1.7591560006882039,1.0,0.0
ORH,2024-12-23,2024Q4,119,59,0.4957983193277311,5.6,0,4.577591693117638,1.0,0.0
ORH,2024-12-25,2024Q4,75,21,0.28,4.666666666666667,0,2.3755357097246046,0.9333333333333333,0.0
ORH,2024-12-26,2024Q4,127,63,0.49606299212598426,2.466666666666667,0,0.5796528043574553,0.8666666666666667,0.0
ORH,2024-12-27,2024Q4,109,65,0.5963302752293578,7.6,0,3.5224201344454404,1.0,0.0
ORH,2024-12-31,2024Q4,149,98,0.6577181208053692,7.266666666666667,17.0,3.280463475635266,1.0,0.0
ORH,2025-01-04,2025Q1,34,15,0.4411764705882353,16.0,40.0,3.0800320952986424,1.0,0.0
ORH,2025-01-05,2025Q1,51,29,0.5686274509803921,14.133333333333333,30.0,2.801454822292679,1.0,0.0
ORH,2025-01-06,2025Q1,61,39,0.639344262295082,9.866666666666667,20.0,1.9294966335659924,1.0,0.0
ORH,2025-01-07,2025Q1,43,16,0.37209302325581395,19.6,38.0,4.659957190302117,0.9333333333333333,0.06666666666666667
ORH,2025-01-10,2025Q1,127,68,0.5354330708661418,10.133333333333333,28.0,1.742869461619018,1.0,0.0
ORH,2025-01-12,2025Q1,157,46,0.2929936305732484,7.333333333333333,20.0,1.0043384256549748,1.0,0.0
ORH,2025-01-13,2025Q1,82,44,0.5365853658536586,6.8,20.0,2.4425194286762393,0.7333333333333333,0.26666666666666666
ORH,2025-01-15,2025Q1,53,20,0.37735849056603776,14.066666666666666,38.0,2.20348110295298,1.0,0.0
ORH,2025-01-16,2025Q1,156,88,0.5641025641025641,7.333333333333333,17.0,4.689300192858267,1.0,0.0
ORH,2025-01-17,2025Q1,131,76,0.5801526717557252,7.666666666666667,0,2.394327549761258,1.0,0.0
ORH,2025-01-20,2025Q1,35,10,0.2857142857142857,11.866666666666667,29.0,2.30559743955857,1.0,0.0
ORH,2025-01-21,2025Q1,119,59,0.4957983193277311,7.6,17.0,2.5312905745504968,1.0,0.0
ORH,2025-01-22,2025Q1,48,14,0.2916666666666667,4.8,0,1.2063089582074247,1.0,0.0
ORH,2025-01-23,2025Q1,53,26,0.49056603773584906,11.933333333333334,25.0,8.660548559364765,1.0,0.0
ORH,2025-01-24,2025Q1,85,31,0.36470588235294116,8.8,18.0,1.7070714757667196,1.0,0.0
ORH,2025-01-25,2025Q1,97,59,0.6082474226804123,11.4,23.0,4.550302375101889,1.0,0.0
ORH,2025-01-26,2025Q1,32,21,0.65625,13.066666666666666,32.0,3.3818625116576237,1.0,0.0
ORH,2025-01-27,2025Q1,32,19,0.59375,15.466666666666667,31.0,8.491060437919295,1.0,0.0
ORH,2025-01-30,2025Q1,34,18,0.5294117647058824,11.666666666666666,30.0,3.078656720158613,1.0,0.0
ORH,2025-02-02,2025Q1,130,49,0.3769230769230769,6.133333333333334,0,1.92267342468239,0.6,0.13333333333333333
ORH,2025-02-03,2025Q1,76,22,0.2894736842105263,10.4,24.0,6.221299761685462,0.8666666666666667,0.0
ORH,2025-02-04,2025Q1,49,16,0.32653061224489793,13.933333333333334,38.0,3.1703844167049917,0.9333333333333333,0.0
ORH,2025-02-05,2025Q1,92,46,0.5,9.733333333333333,24.0,2.3931453404175334,1.0,0.0
ORH,2025-02-07,2025Q1,38,12,0.3157894736842105,17.266666666666666,39.0,3.3713349182930403,0.9333333333333333,0.06666666666666667
ORH,2025-02-08,2025Q1,122,78,0.639344262295082,5.8,17.0,1.4821370084894088,1.0,0.0
ORH,2025-02-10,2025Q1,71,33,0.4647887323943662,9.0,24.0,2.163681269830774,1.0,0.0
ORH,2025-02-11,2025Q1,90,27,0.3,9.066666666666666,0,4.9675309797038425,1.0,0.0
ORH,2025-02-14,2025Q1,34,23,0.6764705882352942,16.0,45.0,4.086462850849783,1.0,0.0
ORH,2025-02-15,2025Q1,112,63,0.5625,4.666666666666667,0,2.011207053196626,0.6666666666666666,0.3333333333333333
ORH,2025-02-18,2025Q1,35,19,0.5428571428571428,20.733333333333334,52.0,3.067797056616101,1.0,0.0
ORH,2025-02-19,2025Q1,71,32,0.4507042253521127,11.0,26.0,2.926026466426142,1.0,0.0
ORH,2025-02-20,2025Q1,42,11,0.2619047619047619,4.733333333333333,21.0,1.1870696980304032,0.8,0.0
ORH,2025-02-21,2025Q1,52,23,0.4423076923076923,16.8,32.0,2.26658370692512,1.0,0.0
ORH,2025-02-22,2025Q1,195,103,0.5282051282051282,10.466666666666667,20.0,3.416446653704599,1.0,0.0
ORH,2025-02-23,2025Q1,110,54,0.4909090909090909,9.266666666666667,21.0,1.5593706697160152,1.0,0.0
ORH,2025-02-24,2025Q1,133,77,0.5789473684210527,9.333333333333334,25.0,7.3333045305314615,1.0,0.0
ORH,2025-02-25,2025Q1,85,34,0.4,7.0,0,4.412959519332348,1.0,0.0
ORH,2025-02-26,2025Q1,156,86,0.5512820512820513,11.4,27.0,2.2275759431317157,1.0,0.0
ORH,2025-02-28,2025Q1,84,38,0.4523809523809524,11.266666666666667,31.0,2.4601184160558307,1.0,0.0
ORH,2025-03-01,2025Q1,36,24,0.6666666666666666,13.333333333333334,38.0,6.679316328291933,0.8,0.2
ORH,2025-03-02,2025Q1,39,27,0.6923076923076923,14.266666666666667,31.0,3.190817262606822,1.0,0.0
ORH,2025-03-03,2025Q1,127,78,0.6141732283464567,7.4,18.0,1.3333191691327975,1.0,0.0
ORH,2025-03-04,2025Q1,54,29,0.5370370370370371,15.133333333333333,30.0,11.16025452283964,1.0,0.0
ORH,2025-03-09,2025Q1,55,25,0.45454545454545453,11.733333333333333,25.0,3.094546859503233,1.0,0.0
ORH,2025-03-10,2025Q1,55,28,0.509090909090909,11.133333333333333,31.0,2.4794745899161716,1.0,0.0
ORH,2025-03-11,2025Q1,60,22,0.36666666666666664,13.066666666666666,27.0,10.932412650644268,1.0,0.0
ORH,2025-03-12,2025Q1,121,42,0.34710743801652894,6.2,19.0,4.014050169648067,1.0,0.0
ORH,2025-03-13,2025Q1,75,50,0.6666666666666666,7.066666666666666,16.0,2.52960910630853,0.9333333333333333,0.0
ORH,2025-03-14,2025Q1,115,69,0.6,4.6,0,2.5134636704351903,0.8,0.0
ORH,2025-03-15,2025Q1,49,31,0.6326530612244898,8.866666666666667,18.0,7.001758966906618,0.4,0.0
ORH,2025-03-18,2025Q1,73,41,0.5616438356164384,6.866666666666666,18.0,4.218343795925108,1.0,0.0
ORH,2025-03-19,2025Q1,129,73,0.5658914728682171,5.666666666666667,0,1.7085343086986973,1.0,0.0
ORH,2025-03-21,2025Q1,39,30,0.7692307692307693,18.333333333333332,39.0,3.122998766893167,0.5333333333333333,0.13333333333333333
ORH,2025-03-22,2025Q1,98,39,0.3979591836734694,12.533333333333333,29.0,7.866411777705735,1.0,0.0
ORH,2025-03-23,2025Q1,121,64,0.5289256198347108,10.333333333333334,29.0,1.3718066728933793,1.0,0.0
ORH,2025-03-25,2025Q1,106,37,0.3490566037735849,9.466666666666667,22.0,2.6777717002710064,1.0,0.0
ORH,2025-03-26,2025Q1,95,59,0.6210526315789474,6.2,21.0,1.4510611934233546,1.0,0.0
ORH,2025-03-27,2025Q1,132,84,0.6363636363636364,11.333333333333334,25.0,2.443443394659653,1.0,0.0
ORH,2025-03-28,2025Q1,92,42,0.45652173913043476,11.866666666666667,35.0,2.206800435214755,1.0,0.0
ORH,2025-04-01,2025Q2,45,33,0.7333333333333333,13.533333333333333,29.0,1.7334218629062026,0.7333333333333333,0.0
ORH,2025-04-02,2025Q2,197,91,0.4619289340101523,6.866666666666666,20.0,4.500051420987382,1.0,0.0
ORH,2025-04-04,2025Q2,124,62,0.5,11.4,25.0,2.804053116677868,1.0,0.0
ORH,2025-04-05,2025Q2,91,56,0.6153846153846154,9.0,19.0,1.338466707781796,0.4,0.5333333333333333
ORH,2025-04-06,2025Q2,54,41,0.7592592592592593,7.6,0,1.717905755862684,0.6,0.3333333333333333
ORH,2025-04-08,2025Q2,44,26,0.5909090909090909,15.666666666666666,38.0,3.1526396602773974,0.6666666666666666,0.26666666666666666
ORH,2025-04-09,2025Q2,154,86,0.5584415584415584,10.2,27.0,2.0364848906763933,1.0,0.0
ORH,2025-04-11,2025Q2,37,31,0.8378378378378378,5.733333333333333,0,1.6105573033214193,0.06666666666666667,0.26666666666666666
ORH,2025-04-14,2025Q2,208,98,0.47115384615384615,9.8,21.0,2.5918831166797185,1.0,0.0
ORH,2025-04-15,2025Q2,84,34,0.40476190476190477,11.4,47.0,5.624909137749954,0.8666666666666667,0.13333333333333333
ORH,2025-04-16,2025Q2,75,26,0.3466666666666667,16.266666666666666,36.0,2.782133869244589,1.0,0.0
ORH,2025-04-17,2025Q2,116,56,0.4827586206896552,13.8,29.0,2.8757773901086794,1.0,0.0
ORH,2025-04-18,2025Q2,185,81,0.43783783783783786,12.533333333333333,28.0,9.736730144250192,1.0,0.0
ORH,2025-04-19,2025Q2,84,36,0.42857142857142855,12.4,29.0,4.835992440411627,1.0,0.0
ORH,2025-04-20,2025Q2,53,34,0.6415094339622641,14.133333333333333,39.0,2.279834543086623,1.0,0.0
ORH,2025-04-21,2025Q2,228,104,0.45614035087719296,7.933333333333334,18.0,5.966053170731532,1.0,0.0
ORH,2025-04-22,2025Q2,87,54,0.6206896551724138,7.933333333333334,22.0,1.9277083389843892,0.7333333333333333,0.0
ORH,2025-04-23,2025Q2,135,49,0.362962962962963,10.0,29.0,2.2400421799032126,1.0,0.0
ORH,2025-04-24,2025Q2,171,101,0.5906432748538012,6.533333333333333,22.0,4.210403819966125,1.0,0.0
ORH,2025-04-25,2025Q2,117,66,0.5641025641025641,8.066666666666666,19.0,4.632588290636436,1.0,0.0
ORH,2025-04-27,2025Q2,40,24,0.6,17.533333333333335,41.0,3.1931398576155363,0.8,0.2
ORH,2025-04-28,2025Q2,126,70,0.5555555555555556,8.933333333333334,26.0,3.51732420510605,1.0,0.0
ORH,2025-04-29,2025Q2,48,17,0.3541666666666667,17.133333333333333,34.0,12.628542125694194,1.0,0.0
ORH,2025-04-30,2025Q2,48,23,0.4791666666666667,12.0,28.0,2.8205461095626445,1.0,0.0
ORH,2025-05-01,2025Q2,157,88,0.5605095541401274,6.733333333333333,20.0,4.069033004841355,1.0,0.0
ORH,2025-05-02,2025Q2,44,26,0.5909090909090909,6.666666666666667,15.0,4.775612707758653,0.6,0.0
ORH,2025-05-03,2025Q2,161,79,0.4906832298136646,10.0,53.0,6.7547204244214125,0.8666666666666667,0.13333333333333333
ORH,2025-05-04,2025Q2,38,11,0.2894736842105263,8.071428571428571,26.0,6.7816640148669665,0.35714285714285715,0.07142857142857142
ORH,2025-05-07,2025Q2,54,13,0.24074074074074073,9.0,22.0,5.974281770962914,0.8666666666666667,0.0
ORH,2025-05-10,2025Q2,32,8,0.25,13.0,31.0,3.3864828195407743,0.4666666666666667,0.4
ORH,2025-05-11,2025Q2,86,22,0.2558139534883721,11.333333333333334,28.0,2.18700192249378,1.0,0.0
ORH,2025-05-12,2025Q2,82,22,0.2682926829268293,12.533333333333333,26.0,8.688704218570363,1.0,0.0
ORH,2025-05-13,2025Q2,152,37,0.24342105263157895,8.666666666666666,19.0,2.101247469151391,1.0,0.0
ORH,2025-05-16,2025Q2,74,19,0.25675675675675674,5.533333333333333,0,4.539797422235269,0.5333333333333333,0.0
ORH,2025-05-17,2025Q2,38,29,0.7631578947368421,9.6,24.0,6.951424417387022,0.4666666666666667,0.06666666666666667
ORH,2025-05-18,2025Q2,90,42,0.4666666666666667,14.533333333333333,32.0,1.7137693973722388,0.6,0.06666666666666667
ORH,2025-05-19,2025Q2,62,22,0.3548387096774194,15.466666666666667,32.0,3.261618672149474,0.9333333333333333,0.0
ORH,2025-05-20,2025Q2,110,41,0.37272727272727274,7.266666666666667,21.0,3.781104352351885,0.8,0.0
ORH,2025-05-21,2025Q2,59,40,0.6779661016949152,7.6,18.0,2.531837585783822,0.0,0.06666666666666667
ORH,2025-05-23,2025Q2,70,56,0.8,7.533333333333333,17.0,2.6327471248076173,0.13333333333333333,0.4
ORH,2025-05-24,2025Q2,53,22,0.41509433962264153,10.466666666666667,28.0,2.4430461875465186,0.7333333333333333,0.2
ORH,2025-05-25,2025Q2,59,48,0.8135593220338984,11.266666666666667,22.0,1.9926300313410248,1.0,0.0
ORH,2025-05-26,2025Q2,131,69,0.5267175572519084,5.333333333333333,15.0,4.0565342776264,1.0,0.0
ORH,2025-05-27,2025Q2,242,114,0.47107438016528924,5.466666666666667,0,3.402666163260754,1.0,0.0
ORH,2025-05-28,2025Q2,183,52,0.28415300546448086,6.733333333333333,15.0,4.23958874773322,1.0,0.0
ORH,2025-06-02,2025Q2,152,92,0.6052631578947368,8.466666666666667,19.0,2.4018404273339544,1.0,0.0
ORH,2025-06-03,2025Q2,206,142,0.6893203883495146,5.2,17.0,2.072998602154278,1.0,0.0
ORH,2025-06-04,2025Q2,140,86,0.6142857142857143,10.133333333333333,18.0,6.655515152573786,1.0,0.0
ORH,2025-06-05,2025Q2,96,20,0.20833333333333334,7.6,16.0,2.2799502601031088,1.0,0.0
ORH,2025-06-08,2025Q2,90,58,0.6444444444444445,7.6,17.0,3.0767727475160425,0.7333333333333333,0.0
ORH,2025-06-09,2025Q2,40,28,0.7,7.8,0,2.5673575679729908,0.0,0.06666666666666667
ORH,2025-06-11,2025Q2,136,77,0.5661764705882353,11.133333333333333,24.0,4.215484783581456,1.0,0.0
ORH,2025-06-12,2025Q2,91,49,0.5384615384615384,15.533333333333333,33.0,2.772802644096225,1.0,0.0
ORH,2025-06-13,2025Q2,177,93,0.5254237288135594,4.733333333333333,0,1.7538002234604277,1.0,0.0
ORH,2025-06-14,2025Q2,37,30,0.8108108108108109,6.266666666666667,0,3.904242362191243,0.3333333333333333,0.26666666666666666
ORH,2025-06-15,2025Q2,126,55,0.4365079365079365,5.0,0,1.5647382269170673,0.9333333333333333,0.0
ORH,2025-06-16,2025Q2,185,94,0.5081081081081081,6.133333333333334,16.0,1.826741830076525,1.0,0.0
ORH,2025-06-19,2025Q2,56,41,0.7321428571428571,10.066666666666666,24.0,7.670448853337407,0.7333333333333333,0.0
ORH,2025-06-20,2025Q2,41,26,0.6341463414634146,15.8,45.0,2.4065050026585033,1.0,0.0
ORH,2025-06-21,2025Q2,193,86,0.44559585492227977,7.8,20.0,1.936073094099985,1.0,0.0
ORH,2025-06-22,2025Q2,44,28,0.6363636363636364,12.266666666666667,31.0,3.2592191978597334,0.9333333333333333,0.06666666666666667
ORH,2025-06-23,2025Q2,224,118,0.5267857142857143,5.866666666666666,0,1.46038562009367,1.0,0.0
ORH,2025-06-24,2025Q2,78,51,0.6538461538461539,10.333333333333334,22.0,2.286676923434693,1.0,0.0
ORH,2025-06-25,2025Q2,140,65,0.4642857142857143,5.933333333333334,0,1.4910382070779322,1.0,0.0
ORH,2025-06-27,2025Q2,154,33,0.21428571428571427,6.2,0,2.599519733628641,1.0,0.0
ORH,2025-06-29,2025Q2,120,69,0.575,8.8,22.0,1.9729694756681206,1.0,0.0
ORH,2025-07-02,2025Q3,72,47,0.6527777777777778,8.214285714285714,0,2.015646292885522,1.0,0.0
ORH,2025-07-03,2025Q3,87,40,0.45977011494252873,8.571428571428571,26.0,2.09864854040725,0.8571428571428571,0.14285714285714285
ORH,2025-07-04,2025Q3,85,40,0.47058823529411764,9.266666666666667,23.0,1.947035783033558,1.0,0.0
ORH,2025-07-05,2025Q3,127,44,0.3464566929133858,6.6,15.0,3.6677128916676494,1.0,0.0
ORH,2025-07-06,2025Q3,86,44,0.5116279069767442,12.0,26.0,7.93599960208129,1.0,0.0
ORH,2025-07-07,2025Q3,47,26,0.5531914893617021,10.8,19.0,8.25268169184286,0.6,0.0
ORH,2025-07-08,2025Q3,144,84,0.5833333333333334,7.866666666666666,19.0,1.8676318542976504,1.0,0.0
ORH,2025-07-11,2025Q3,56,20,0.35714285714285715,4.933333333333334,0,3.6593201524590686,0.4,0.0
ORH,2025-07-12,2025Q3,60,33,0.55,5.2,0,3.2461671507824765,0.7333333333333333,0.0
ORH,2025-07-13,2025Q3,83,51,0.6144578313253012,7.2,0,5.72135816294527,0.3333333333333333,0.0
ORH,2025-07-15,2025Q3,163,80,0.49079754601226994,5.8,0,2.629964685915501,1.0,0.0
ORH,2025-07-16,2025Q3,132,79,0.5984848484848485,6.533333333333333,0,4.583660485693658,1.0,0.0
ORH,2025-07-17,2025Q3,42,26,0.6190476190476191,11.466666666666667,26.0,8.052163442439198,0.5333333333333333,0.0
ORH,2025-07-18,2025Q3,159,47,0.29559748427672955,10.133333333333333,28.0,2.4432604336274215,1.0,0.0
ORH,2025-07-19,2025Q3,116,73,0.6293103448275862,6.285714285714286,0,3.9479617098012794,1.0,0.0
ORH,2025-07-20,2025Q3,30,27,0.9,7.333333333333333,18.0,4.682733721017671,0.6,0.0
ORH,2025-07-21,2025Q3,109,33,0.30275229357798167,10.866666666666667,23.0,2.2564960285365605,1.0,0.0
ORH,2025-07-22,2025Q3,105,71,0.6761904761904762,5.066666666666666,15.0,1.1532771558884558,1.0,0.0
ORH,2025-07-23,2025Q3,186,79,0.42473118279569894,6.266666666666667,16.0,3.074912265793307,1.0,0.0
ORH,2025-07-24,2025Q3,86,55,0.6395348837209303,12.266666666666667,24.0,7.594543057716308,1.0,0.0
ORH,2025-07-25,2025Q3,60,27,0.45,9.533333333333333,26.0,1.8635706028551444,0.9333333333333333,0.06666666666666667
ORH,2025-07-26,2025Q3,64,37,0.578125,5.133333333333334,16.0,3.2471516491477486,0.8,0.0
ORH,2025-07-28,2025Q3,108,51,0.4722222222222222,5.133333333333334,0,2.362978250895775,1.0,0.0
ORH,2025-07-29,2025Q3,140,61,0.4357142857142857,8.666666666666666,22.0,1.190281236180388,1.0,0.0
ORH,2025-07-30,2025Q3,175,72,0.4114285714285714,5.2,17.0,2.2688618858828233,1.0,0.0
ORH,2025-08-01,2025Q3,83,48,0.5783132530120482,7.133333333333334,16.0,3.8242977134628853,0.6,0.13333333333333333
ORH,2025-08-02,2025Q3,169,68,0.40236686390532544,6.333333333333333,17.0,4.32532468797473,1.0,0.0
ORH,2025-08-03,2025Q3,176,102,0.5795454545454546,5.066666666666666,0,2.5945489426885944,1.0,0.0
ORH,2025-08-04,2025Q3,104,46,0.4423076923076923,5.0,0,1.2333204615457398,1.0,0.0
ORH,2025-08-05,2025Q3,120,59,0.49166666666666664,6.8,15.0,3.4213289136413176,0.5333333333333333,0.0
ORH,2025-08-06,2025Q3,132,69,0.5227272727272727,4.266666666666667,0,1.290465859048904,1.0,0.0
ORH,2025-08-07,2025Q3,138,69,0.5,5.066666666666666,0,2.2399465356161703,1.0,0.0
ORH,2025-08-08,2025Q3,201,101,0.5024875621890548,4.6,0,1.3270309287378426,1.0,0.0
ORH,2025-08-09,2025Q3,165,68,0.4121212121212121,4.8,15.0,3.0083363588031466,1.0,0.0
ORH,2025-08-10,2025Q3,140,53,0.37857142857142856,4.066666666666666,0,1.4269602767628162,1.0,0.0
ORH,2025-08-11,2025Q3,124,42,0.3387096774193548,6.133333333333334,0,2.0206802798210917,1.0,0.0
ORH,2025-08-12,2025Q3,126,65,0.5158730158730159,6.2,0,2.9854499620562645,1.0,0.0
ORH,2025-08-13,2025Q3,149,82,0.5503355704697986,7.866666666666666,18.0,5.27141297991521,1.0,0.0
ORH,2025-08-14,2025Q3,95,45,0.47368421052631576,4.933333333333334,0,2.7187766462865572,0.9333333333333333,0.0
ORH,2025-08-15,2025Q3,93,43,0.46236559139784944,6.133333333333334,17.0,3.758187481880405,1.0,0.0
ORH,2025-08-16,2025Q3,153,85,0.5555555555555556,5.733333333333333,0,3.443833403549909,1.0,0.0
ORH,2025-08-17,2025Q3,86,47,0.5465116279069767,7.333333333333333,0,2.2462837779279954,0.8,0.0
ORH,2025-08-18,2025Q3,81,68,0.8395061728395061,5.6,17.0,4.3699983017462785,0.8,0.0
ORH,2025-08-19,2025Q3,173,106,0.6127167630057804,4.133333333333334,0,0.9701226453503284,1.0,0.0
ORH,2025-08-20,2025Q3,34,25,0.7352941176470589,5.866666666666666,15.0,3.2538286239342904,0.06666666666666667,0.9333333333333333
ORH,2025-08-21,2025Q3,60,39,0.65,9.066666666666666,24.0,6.101714577558086,0.4666666666666667,0.0
ORH,2025-08-22,2025Q3,99,34,0.3434343434343434,7.2,18.0,4.219480022755224,1.0,0.0
ORH,2025-08-23,2025Q3,189,77,0.4074074074074074,10.266666666666667,22.0,7.9557880313757,1.0,0.0
ORH,2025-08-24,2025Q3,91,43,0.4725274725274725,9.666666666666666,23.0,7.921889399061337,0.8666666666666667,0.0
ORH,2025-08-25,2025Q3,35,22,0.6285714285714286,5.4,0,2.282767369675161,0.5333333333333333,0.13333333333333333
ORH,2025-08-26,2025Q3,181,116,0.6408839779005525,9.733333333333333,23.0,2.0993583078674254,1.0,0.0
ORH,2025-08-27,2025Q3,68,26,0.38235294117647056,8.533333333333333,21.0,1.2650874634344915,1.0,0.0
ORH,2025-08-28,2025Q3,257,75,0.2918287937743191,9.0,20.0,4.909412836184199,1.0,0.0
ORH,2025-08-29,2025Q3,80,41,0.5125,8.266666666666667,20.0,5.697707476227235,0.6,0.2
ORH,2025-08-30,2025Q3,171,70,0.4093567251461988,9.866666666666667,21.0,2.084356353770275,1.0,0.0
ORH,2025-08-31,2025Q3,109,62,0.5688073394495413,5.8,0,2.737571795625255,1.0,0.0
ORH,2025-09-01,2025Q3,73,48,0.6575342465753424,5.333333333333333,0,2.702855176719735,1.0,0.0
ORH,2025-09-02,2025Q3,93,75,0.8064516129032258,5.466666666666667,0,3.1129699684467527,1.0,0.0
ORH,2025-09-03,2025Q3,91,58,0.6373626373626373,6.066666666666666,0,3.298300110176531,1.0,0.0
ORH,2025-09-04,2025Q3,101,61,0.6039603960396039,8.133333333333333,19.0,5.8637608043068274,1.0,0.0
ORH,2025-09-05,2025Q3,73,26,0.3561643835616438,9.533333333333333,22.0,7.801207265657392,0.4666666666666667,0.0
ORH,2025-09-07,2025Q3,41,38,0.926829268292683,3.6666666666666665,0,1.8964909150129245,0.4,0.6
ORH,2025-09-08,2025Q3,136,62,0.45588235294117646,5.933333333333334,0,1.5316561573846184,1.0,0.0
ORH,2025-09-09,2025Q3,160,119,0.74375,6.466666666666667,16.0,2.4771690172295058,1.0,0.0
ORH,2025-09-10,2025Q3,53,39,0.7358490566037735,6.533333333333333,17.0,4.701335304683847,0.9333333333333333,0.0
ORH,2025-09-11,2025Q3,127,78,0.6141732283464567,6.0,19.0,2.099646406740846,1.0,0.0
ORH,2025-09-12,2025Q3,104,59,0.5673076923076923,5.266666666666667,0,3.7811097715195525,1.0,0.0
ORH,2025-09-13,2025Q3,152,70,0.4605263157894737,7.6,0,5.417238633222182,1.0,0.0
ORH,2025-09-14,2025Q3,159,77,0.48427672955974843,3.6666666666666665,0,0.6030629961454488,1.0,0.0
ORH,2025-09-15,2025Q3,97,59,0.6082474226804123,5.8,0,3.8248174931707064,1.0,0.0
ORH,2025-09-18,2025Q3,89,55,0.6179775280898876,4.2,0,1.2276855111864384,0.7333333333333333,0.0
ORH,2025-09-19,2025Q3,184,67,0.3641304347826087,9.866666666666667,16.0,2.9478493178631546,1.0,0.0
ORH,2025-09-20,2025Q3,137,62,0.45255474452554745,3.8666666666666667,0,2.808093481793161,1.0,0.0
ORH,2025-09-21,2025Q3,119,85,0.7142857142857143,5.266666666666667,0,1.3100712033972406,1.0,0.0
ORH,2025-09-22,2025Q3,77,34,0.44155844155844154,6.0,15.0,4.6121722671045395,1.0,0.0
ORH,2025-09-23,2025Q3,72,41,0.5694444444444444,9.133333333333333,23.0,4.158636756057367,0.5333333333333333,0.0
ORH,2025-09-28,2025Q3,131,85,0.648854961832061,9.466666666666667,21.0,2.940366730635135,1.0,0.0
ORH,2025-09-30,2025Q3,82,55,0.6707317073170732,6.866666666666666,17.0,4.092811821665404,1.0,0.0
ORH,2025-10-01,2025Q4,78,38,0.48717948717948717,8.6,21.0,7.319718555007106,1.0,0.0
ORH,2025-10-02,2025Q4,92,67,0.7282608695652174,4.533333333333333,15.0,2.8772239659542045,1.0,0.0
ORH,2025-10-03,2025Q4,161,57,0.35403726708074534,9.533333333333333,19.0,4.473413797446836,1.0,0.0
ORH,2025-10-04,2025Q4,202,63,0.3118811881188119,5.733333333333333,0,1.2623008047004736,1.0,0.0
ORH,2025-10-05,2025Q4,174,98,0.5632183908045977,4.666666666666667,0,2.941465829848776,1.0,0.0
ORH,2025-10-06,2025Q4,107,61,0.5700934579439252,9.8,0,6.321040939581965,1.0,0.0
ORH,2025-10-07,2025Q4,56,24,0.42857142857142855,12.333333333333334,26.0,9.401802345411271,0.7333333333333333,0.0
ORH,2025-10-08,2025Q4,45,17,0.37777777777777777,10.466666666666667,27.0,3.1325911414713317,0.6,0.26666666666666666
ORH,2025-10-09,2025Q4,117,67,0.5726495726495726,9.2,24.0,4.1495255716032045,1.0,0.0
ORH,2025-10-10,2025Q4,177,81,0.4576271186440678,6.8,15.0,5.12155556068475,1.0,0.0
ORH,2025-10-11,2025Q4,168,88,0.5238095238095238,3.933333333333333,0,3.0185462923941038,0.9333333333333333,0.0
ORH,2025-10-15,2025Q4,42,28,0.6666666666666666,12.066666666666666,27.0,2.691693134930333,1.0,0.0
ORH,2025-10-16,2025Q4,73,49,0.6712328767123288,13.733333333333333,30.0,2.9304799414615186,1.0,0.0
ORH,2025-10-17,2025Q4,130,79,0.6076923076923076,7.866666666666666,18.0,2.5575483592002572,1.0,0.0
ORH,2025-10-18,2025Q4,265,148,0.5584905660377358,3.4,0,1.5599499247461388,1.0,0.0
ORH,2025-10-19,2025Q4,119,61,0.5126050420168067,9.266666666666667,20.0,6.242678057434201,0.8666666666666667,0.0
ORH,2025-10-20,2025Q4,30,28,0.9333333333333333,11.733333333333333,30.0,5.727336191701796,0.4,0.4
ORH,2025-10-21,2025Q4,89,50,0.5617977528089888,12.4,25.0,7.153675892393569,1.0,0.0
ORH,2025-10-22,2025Q4,33,28,0.8484848484848485,9.933333333333334,29.0,5.9840490086819385,0.4666666666666667,0.2
ORH,2025-10-23,2025Q4,149,90,0.6040268456375839,10.066666666666666,20.0,5.247762202992622,1.0,0.0
ORH,2025-10-24,2025Q4,196,110,0.5612244897959183,6.533333333333333,16.0,1.6482179511203794,0.9333333333333333,0.06666666666666667
ORH,2025-10-25,2025Q4,209,100,0.4784688995215311,7.214285714285714,19.0,1.7504531430166859,1.0,0.0
ORH,2025-10-26,2025Q4,110,71,0.6454545454545455,7.733333333333333,20.0,2.2055353441208485,1.0,0.0
ORH,2025-10-27,2025Q4,106,73,0.6886792452830188,5.266666666666667,0,2.708253286402926,1.0,0.0
ORH,2025-10-28,2025Q4,97,44,0.4536082474226804,8.666666666666666,24.0,6.196553006576667,1.0,0.0
ORH,2025-10-29,2025Q4,45,32,0.7111111111111111,7.2,20.0,5.906448262845431,0.0,0.0
ORH,2025-11-01,2025Q4,50,26,0.52,14.733333333333333,37.0,2.2471271886867896,1.0,0.0
ORH,2025-11-02,2025Q4,154,97,0.6298701298701299,8.6,27.0,1.9393289770283129,1.0,0.0
ORH,2025-11-03,2025Q4,80,45,0.5625,9.533333333333333,24.0,8.11142370700952,0.8,0.13333333333333333
ORH,2025-11-04,2025Q4,40,11,0.275,17.333333333333332,43.0,3.5416062956272643,1.0,0.0
ORH,2025-11-05,2025Q4,150,78,0.52,8.733333333333333,22.0,6.468305559218725,0.9333333333333333,0.06666666666666667
ORH,2025-11-06,2025Q4,70,23,0.32857142857142857,13.933333333333334,32.0,3.321507139249148,1.0,0.0
ORH,2025-11-07,2025Q4,92,53,0.5760869565217391,10.2,27.0,8.146320013373957,0.8666666666666667,0.0
ORH,2025-11-08,2025Q4,117,67,0.5726495726495726,9.071428571428571,24.0,1.919915380185007,0.9285714285714286,0.0
ORH,2025-11-09,2025Q4,64,48,0.75,6.333333333333333,0,5.020561361346126,0.06666666666666667,0.26666666666666666
ORH,2025-11-11,2025Q4,50,12,0.24,15.6,35.0,2.659589694766271,0.6666666666666666,0.2
ORH,2025-11-12,2025Q4,122,32,0.26229508196721313,11.866666666666667,23.0,6.517680672959531,0.8,0.13333333333333333
ORH,2025-11-13,2025Q4,68,32,0.47058823529411764,12.8,32.0,1.6724884345095679,0.8666666666666667,0.13333333333333333
ORH,2025-11-14,2025Q4,120,71,0.5916666666666667,7.933333333333334,20.0,1.4456417753669037,0.7333333333333333,0.06666666666666667
ORH,2025-11-15,2025Q4,265,142,0.5358490566037736,7.6,0,2.99381993404761,0.9333333333333333,0.06666666666666667
ORH,2025-11-17,2025Q4,47,33,0.7021276595744681,16.533333333333335,37.0,2.590407181327745,1.0,0.0
ORH,2025-11-18,2025Q4,104,63,0.6057692307692307,10.4,26.0,1.915023739088057,1.0,0.0
ORH,2025-11-19,2025Q4,200,92,0.46,5.533333333333333,0,1.792739099565249,1.0,0.0
ORH,2025-11-20,2025Q4,204,115,0.5637254901960784,3.3333333333333335,0,1.6962669726723756,1.0,0.0
ORH,2025-11-21,2025Q4,42,28,0.6666666666666666,7.2,22.0,5.241529923262466,0.3333333333333333,0.0
ORH,2025-11-22,2025Q4,124,61,0.49193548387096775,5.4,15.0,1.5696490902594982,0.6,0.3333333333333333
ORH,2025-11-23,2025Q4,83,46,0.5542168674698795,6.533333333333333,0,3.074862183779713,0.8666666666666667,0.13333333333333333
ORH,2025-11-24,2025Q4,112,58,0.5178571428571429,9.6,25.0,1.5708263463807521,1.0,0.0
ORH,2025-11-25,2025Q4,176,83,0.4715909090909091,11.466666666666667,28.0,7.4324316575380935,0.6666666666666666,0.2
ORH,2025-11-28,2025Q4,35,15,0.42857142857142855,16.266666666666666,37.0,4.920105524833246,0.6666666666666666,0.3333333333333333
ORH,2025-11-29,2025Q4,51,38,0.7450980392156863,10.266666666666667,29.0,2.2066809274622017,1.0,0.0
ORH,2025-11-30,2025Q4,41,37,0.9024390243902439,6.4,25.0,3.4992221578073024,0.3333333333333333,0.5333333333333333
ORH,2025-12-01,2025Q4,104,50,0.4807692307692308,9.866666666666667,29.0,2.474146018308539,1.0,0.0
ORH,2025-12-03,2025Q4,136,65,0.47794117647058826,8.0,19.0,1.812521498935731,1.0,0.0
ORH,2025-12-04,2025Q4,71,47,0.6619718309859155,15.6,35.0,3.2489098265870426,0.9333333333333333,0.06666666666666667
ORH,2025-12-05,2025Q4,168,107,0.6369047619047619,5.333333333333333,0,3.1482034962729446,0.9333333333333333,0.0
ORH,2025-12-07,2025Q4,173,101,0.5838150289017341,5.733333333333333,0,3.89781676754351,1.0,0.0
ORH,2025-12-08,2025Q4,36,23,0.6388888888888888,10.466666666666667,25.0,1.9144033739830584,1.0,0.0
ORH,2025-12-09,2025Q4,168,78,0.4642857142857143,7.666666666666667,21.0,5.404026789262168,1.0,0.0
ORH,2025-12-10,2025Q4,61,29,0.47540983606557374,11.4,26.0,9.366730655366586,0.6,0.3333333333333333
ORH,2025-12-12,2025Q4,61,19,0.3114754098360656,14.933333333333334,35.0,1.8943437946734596,1.0,0.0
ORH,2025-12-13,2025Q4,74,54,0.7297297297297297,9.133333333333333,22.0,6.244526723788509,0.8666666666666667,0.0
ORH,2025-12-16,2025Q4,135,95,0.7037037037037037,6.066666666666666,0,3.7524511253001864,1.0,0.0
ORH,2025-12-17,2025Q4,87,42,0.4827586206896552,15.066666666666666,34.0,7.986104148258605,0.8,0.0
ORH,2025-12-18,2025Q4,191,105,0.5497382198952879,8.0,15.0,5.191895843454176,0.8,0.0
ORH,2025-12-20,2025Q4,131,87,0.6641221374045801,10.133333333333333,26.0,5.128219827758291,1.0,0.0
ORH,2025-12-22,2025Q4,146,60,0.410958904109589,10.2,28.0,2.127640662227751,1.0,0.0
ORH,2025-12-26,2025Q4,51,35,0.6862745098039216,4.133333333333334,18.0,0.8334831909092247,0.9333333333333333,0.06666666666666667
ORH,2025-12-27,2025Q4,44,35,0.7954545454545454,6.866666666666666,0,3.654105093785491,0.5333333333333333,0.06666666666666667
ORH,2025-12-31,2025Q4,81,50,0.6172839506172839,11.2,25.0,6.305777929606848,1.0,0.0
ORH,2026-01-02,2026Q1,82,46,0.5609756097560976,9.0,19.0,3.617640431371019,1.0,0.0
ORH,2026-01-03,2026Q1,163,69,0.4233128834355828,7.733333333333333,22.0,2.43448129214049,1.0,0.0
ORH,2026-01-04,2026Q1,78,51,0.6538461538461539,8.066666666666666,16.0,1.379447869775237,0.5333333333333333,0.3333333333333333
ORH,2026-01-05,2026Q1,69,39,0.5652173913043478,3.2666666666666666,0,1.7237090523620917,0.6,0.13333333333333333
ORH,2026-01-08,2026Q1,112,63,0.5625,8.428571428571429,20.0,1.8743347518277227,0.9285714285714286,0.0
ORH,2026-01-09,2026Q1,35,22,0.6285714285714286,12.466666666666667,28.0,9.932475793911086,0.26666666666666666,0.2
ORH,2026-01-10,2026Q1,166,86,0.5180722891566265,5.533333333333333,0,1.568597185146538,0.7333333333333333,0.26666666666666666
ORH,2026-01-11,2026Q1,36,30,0.8333333333333334,10.538461538461538,28.0,2.1539977470487943,0.8461538461538461,0.0
ORH,2026-01-12,2026Q1,77,49,0.6363636363636364,10.428571428571429,27.0,2.425215866145212,1.0,0.0
ORH,2026-01-13,2026Q1,140,77,0.55,10.466666666666667,22.0,7.239804201458584,1.0,0.0
ORH,2026-01-14,2026Q1,100,33,0.33,6.266666666666667,0,4.904879167725796,1.0,0.0
ORH,2026-01-16,2026Q1,40,18,0.45,13.533333333333333,41.0,2.3629918064023148,0.9333333333333333,0.0
ORH,2026-01-19,2026Q1,57,26,0.45614035087719296,10.733333333333333,29.0,5.569558980041537,0.5333333333333333,0.2
ORH,2026-01-20,2026Q1,105,57,0.5428571428571428,11.2,32.0,2.6079305917200006,1.0,0.0
ORH,2026-01-21,2026Q1,101,55,0.5445544554455446,9.133333333333333,0,6.869837241995747,0.8,0.13333333333333333
ORH,2026-01-23,2026Q1,110,39,0.35454545454545455,13.333333333333334,34.0,4.054132543798078,1.0,0.0
ORH,2026-01-24,2026Q1,69,42,0.6086956521739131,10.2,26.0,2.136576132295995,1.0,0.0
ORH,2026-01-27,2026Q1,50,33,0.66,10.666666666666666,25.0,4.379048977047734,0.7333333333333333,0.13333333333333333
ORH,2026-01-28,2026Q1,90,56,0.6222222222222222,10.133333333333333,21.0,1.5614106507401493,1.0,0.0
ORH,2026-01-30,2026Q1,50,25,0.5,11.933333333333334,27.0,1.8330782993154264,1.0,0.0
ORH,2026-01-31,2026Q1,80,51,0.6375,7.266666666666667,18.0,1.9014907008149968,1.0,0.0
ORH,2026-02-02,2026Q1,56,36,0.6428571428571429,12.0,24.0,1.8581107036079418,1.0,0.0
ORH,2026-02-03,2026Q1,114,62,0.543859649122807,6.666666666666667,0,1.893712684800171,1.0,0.0
ORH,2026-02-04,2026Q1,104,40,0.38461538461538464,11.133333333333333,28.0,1.9451709867432,0.9333333333333333,0.0
ORH,2026-02-05,2026Q1,206,82,0.39805825242718446,6.866666666666666,0,1.4234611210241495,1.0,0.0
ORH,2026-02-06,2026Q1,68,33,0.4852941176470588,4.533333333333333,0,2.745380021558404,0.4,0.2
ORH,2026-02-08,2026Q1,37,19,0.5135135135135135,16.266666666666666,35.0,2.1373676537397315,1.0,0.0
ORH,2026-02-09,2026Q1,58,30,0.5172413793103449,13.2,32.0,1.6973025928823484,1.0,0.0
ORH,2026-02-10,2026Q1,79,46,0.5822784810126582,7.2,0,3.7424483368010035,0.8666666666666667,0.06666666666666667
ORH,2026-02-11,2026Q1,88,50,0.5681818181818182,13.866666666666667,33.0,2.161001235822977,1.0,0.0
ORH,2026-02-12,2026Q1,91,37,0.4065934065934066,14.8,29.0,1.9676639121195088,1.0,0.0
ORH,2026-02-13,2026Q1,166,103,0.6204819277108434,7.466666666666667,15.0,1.6150508810305277,1.0,0.0
ORH,2026-02-14,2026Q1,140,74,0.5285714285714286,9.533333333333333,22.0,2.019198007910564,1.0,0.0
ORH,2026-02-15,2026Q1,134,111,0.8283582089552238,4.866666666666666,21.0,1.7368088193612463,1.0,0.0
ORH,2026-02-16,2026Q1,120,45,0.375,4.333333333333333,0,3.078233151092646,1.0,0.0
ORH,2026-02-19,2026Q1,157,85,0.5414012738853503,4.133333333333334,0,2.5502918892454116,1.0,0.0
ORH,2026-02-24,2026Q1,53,37,0.6981132075471698,12.2,24.0,2.5263087899844794,1.0,0.0
ORH,2026-02-26,2026Q1,120,69,0.575,9.266666666666667,23.0,2.1060685836670627,1.0,0.0
ORH,2026-02-27,2026Q1,173,89,0.5144508670520231,5.933333333333334,20.0,4.597778362861674,1.0,0.0
ORH,2026-02-28,2026Q1,75,48,0.64,9.866666666666667,21.0,8.10983362847022,1.0,0.0
ORH,2026-03-01,2026Q1,38,26,0.6842105263157895,9.6,23.0,2.2617343600342594,0.8,0.2
ORH,2026-03-02,2026Q1,116,77,0.6637931034482759,4.466666666666667,17.0,1.7454074235700752,1.0,0.0
ORH,2026-03-03,2026Q1,42,12,0.2857142857142857,5.666666666666667,0,3.857495961185187,0.06666666666666667,0.6666666666666666
ORH,2026-03-04,2026Q1,133,73,0.5488721804511278,7.533333333333333,24.0,2.810009910929495,1.0,0.0
ORH,2026-03-08,2026Q1,39,36,0.9230769230769231,11.4,22.0,3.1328799071810844,0.4666666666666667,0.06666666666666667
ORH,2026-03-09,2026Q1,157,73,0.46496815286624205,10.333333333333334,23.0,7.848518486897595,1.0,0.0
ORH,2026-03-10,2026Q1,156,90,0.5769230769230769,8.933333333333334,22.0,4.834957661888122,1.0,0.0
ORH,2026-03-11,2026Q1,66,34,0.5151515151515151,8.933333333333334,21.0,4.1921419613653335,0.8666666666666667,0.13333333333333333
ORH,2026-03-13,2026Q1,131,63,0.48091603053435117,9.933333333333334,22.0,5.442276249222599,1.0,0.0
ORH,2026-03-15,2026Q1,242,151,0.6239669421487604,7.666666666666667,21.0,2.0188934181699363,0.9333333333333333,0.0
ORH,2026-03-17,2026Q1,51,19,0.37254901960784315,16.0,33.0,3.1632528343614483,1.0,0.0
ORH,2026-03-18,2026Q1,80,47,0.5875,7.133333333333334,22.0,2.500212505817489,1.0,0.0
ORH,2026-03-19,2026Q1,78,57,0.7307692307692307,6.866666666666666,0,5.3807012560280985,0.8666666666666667,0.0
ORH,2026-03-20,2026Q1,119,67,0.5630252100840336,11.466666666666667,30.0,9.054604093019659,0.6666666666666666,0.3333333333333333
ORH,2026-03-21,2026Q1,86,40,0.46511627906976744,15.866666666666667,25.0,2.6235765747933204,0.8,0.0
ORH,2026-03-24,2026Q1,102,77,0.7549019607843137,8.6,19.0,3.477104191351111,1.0,0.0
ORH,2026-03-25,2026Q1,142,74,0.5211267605633803,8.2,21.0,4.901638992556373,1.0,0.0
ORH,2026-03-26,2026Q1,86,55,0.6395348837209303,11.666666666666666,23.0,8.73394825207077,0.9333333333333333,0.06666666666666667
ORH,2026-03-27,2026Q1,180,66,0.36666666666666664,9.866666666666667,19.0,5.084823252344631,0.6,0.0
ORH,2026-03-28,2026Q1,94,57,0.6063829787234043,10.733333333333333,28.0,2.6455383908111876,1.0,0.0
ORH,2026-03-29,2026Q1,98,86,0.8775510204081632,11.6,27.0,8.029125038238295,1.0,0.0
ORH,2026-03-30,2026Q1,37,29,0.7837837837837838,14.0,30.0,10.10378783051799,1.0,0.0
ORH,2026-03-31,2026Q1,42,31,0.7380952380952381,9.466666666666667,25.0,4.412966907615285,0.6666666666666666,0.13333333333333333
ORH,2026-04-01,2026Q2,67,29,0.43283582089552236,9.733333333333333,23.0,2.915195070603868,0.7333333333333333,0.26666666666666666
ORH,2026-04-03,2026Q2,52,29,0.5576923076923077,10.866666666666667,28.0,7.697946778992341,0.5333333333333333,0.0
ORH,2026-04-04,2026Q2,192,103,0.5364583333333334,9.933333333333334,25.0,3.114876247722248,0.6666666666666666,0.0
ORH,2026-04-06,2026Q2,49,34,0.6938775510204082,16.066666666666666,34.0,2.6581452145648634,1.0,0.0
ORH,2026-04-08,2026Q2,231,143,0.6190476190476191,5.466666666666667,18.0,3.464230808000772,1.0,0.0
ORH,2026-04-09,2026Q2,121,65,0.5371900826446281,11.066666666666666,22.0,7.80978081546391,1.0,0.0
ORH,2026-04-10,2026Q2,161,76,0.4720496894409938,13.466666666666667,25.0,10.239306059716094,1.0,0.0
ORH,2026-04-11,2026Q2,62,30,0.4838709677419355,12.6,29.0,2.1753790579400656,0.8666666666666667,0.0
ORH,2026-04-12,2026Q2,165,92,0.5575757575757576,8.6,21.0,6.671747638070891,0.9333333333333333,0.06666666666666667
ORH,2026-04-14,2026Q2,100,42,0.42,11.933333333333334,28.0,7.4939315990346556,0.9333333333333333,0.06666666666666667
ORH,2026-04-15,2026Q2,193,123,0.6373056994818653,7.4,17.0,2.7437463022238977,1.0,0.0
ORH,2026-04-16,2026Q2,53,32,0.6037735849056604,6.133333333333334,21.0,3.5368885861550443,0.6666666666666666,0.0
ORH,2026-04-17,2026Q2,38,27,0.7105263157894737,5.266666666666667,21.0,3.0617997480425547,0.4,0.3333333333333333
ORH,2026-04-18,2026Q2,55,47,0.8545454545454545,7.066666666666666,16.0,2.9577401417564944,0.0,0.0
ORH,2026-04-20,2026Q2,69,32,0.463768115942029,10.866666666666667,24.0,2.4535399399747946,1.0,0.0
ORH,2026-04-21,2026Q2,149,103,0.6912751677852349,5.666666666666667,18.0,2.7676974967294186,1.0,0.0
ORH,2026-04-23,2026Q2,88,29,0.32954545454545453,14.866666666666667,39.0,2.641226640136131,1.0,0.0
ORH,2026-04-24,2026Q2,187,92,0.4919786096256685,7.533333333333333,21.0,5.888503277583336,1.0,0.0
ORH,2026-04-25,2026Q2,239,122,0.5104602510460251,4.866666666666666,0,1.4314550505024775,1.0,0.0
ORH,2026-04-26,2026Q2,139,81,0.5827338129496403,5.533333333333333,16.0,1.9995260319559258,1.0,0.0
ORH,2026-04-27,2026Q2,149,81,0.5436241610738255,6.733333333333333,17.0,2.8408103804838967,1.0,0.0
ORH,2026-04-28,2026Q2,197,133,0.6751269035532995,7.466666666666667,17.0,2.0886861549685003,1.0,0.0
ORH,2026-04-29,2026Q2,105,62,0.5904761904761905,6.866666666666666,16.0,2.5606453792734016,0.8,0.0
ORH,2026-04-30,2026Q2,40,30,0.75,3.933333333333333,0,1.1616354420282706,0.13333333333333333,0.3333333333333333
ORH,2026-05-01,2026Q2,135,80,0.5925925925925926,9.0,22.0,1.551454454794371,1.0,0.0
ORH,2026-05-02,2026Q2,44,29,0.6590909090909091,5.8,0,2.0383044390589937,0.6,0.2
ORH,2026-05-03,2026Q2,72,42,0.5833333333333334,12.733333333333333,30.0,2.132206543337495,0.9333333333333333,0.0
ORH,2026-05-04,2026Q2,32,17,0.53125,15.866666666666667,38.0,10.51576292350521,1.0,0.0
ORH,2026-05-07,2026Q2,84,17,0.20238095238095238,12.466666666666667,24.0,2.4495523316908687,1.0,0.0
ORH,2026-05-08,2026Q2,119,50,0.42016806722689076,10.133333333333333,23.0,1.6576560540148262,0.9333333333333333,0.06666666666666667
ORH,2026-05-09,2026Q2,36,30,0.8333333333333334,5.2,0,2.537178351308623,0.0,0.8
ORH,2026-05-10,2026Q2,57,33,0.5789473684210527,8.333333333333334,20.0,5.463897448695719,0.8,0.06666666666666667
ORH,2026-05-11,2026Q2,182,104,0.5714285714285714,7.866666666666666,19.0,2.2408024339835007,1.0,0.0
ORH,2026-05-12,2026Q2,232,143,0.6163793103448276,8.333333333333334,26.0,1.9387325815721803,1.0,0.0
ORH,2026-05-13,2026Q2,77,47,0.6103896103896104,8.066666666666666,26.0,7.897352398074378,0.6666666666666666,0.3333333333333333
ORH,2026-05-15,2026Q2,46,35,0.7608695652173914,5.6,0,3.637219912610279,0.2,0.0
ORH,2026-05-16,2026Q2,190,86,0.45263157894736844,12.466666666666667,26.0,7.496193825789288,1.0,0.0
ORH,2026-05-17,2026Q2,135,87,0.6444444444444445,11.0,25.0,2.73819435543449,1.0,0.0
ORH,2026-05-18,2026Q2,148,77,0.5202702702702703,8.733333333333333,21.0,4.922541502161285,1.0,0.0
ORH,2026-05-19,2026Q2,85,51,0.6,12.666666666666666,30.0,7.080535192606933,0.8666666666666667,0.13333333333333333
ORH,2026-05-20,2026Q2,118,73,0.6186440677966102,12.666666666666666,29.0,2.25174170836825,1.0,0.0
ORH,2026-05-21,2026Q2,152,75,0.4934210526315789,6.666666666666667,17.0,2.295373533104692,1.0,0.0
ORH,2026-05-22,2026Q2,129,84,0.6511627906976745,5.4,19.0,4.345005145269588,1.0,0.0
ORH,2026-05-23,2026Q2,148,97,0.6554054054054054,6.2,0,2.414735423978644,0.9333333333333333,0.06666666666666667
ORH,2026-05-26,2026Q2,168,93,0.5535714285714286,7.533333333333333,18.0,3.4968711512764408,1.0,0.0
ORH,2026-05-27,2026Q2,116,61,0.5258620689655172,10.2,21.0,3.0779683431690454,1.0,0.0
ORH,2026-05-28,2026Q2,61,39,0.639344262295082,10.4,28.0,4.678496768482579,1.0,0.0
ORH,2026-05-29,2026Q2,133,54,0.40601503759398494,9.4,24.0,2.7523374780105105,0.8,0.2
ORH,2026-05-31,2026Q2,150,89,0.5933333333333334,8.133333333333333,17.0,1.9869075868376567,0.8666666666666667,0.13333333333333333
ORH,2026-06-01,2026Q2,88,42,0.4772727272727273,5.6,16.0,3.9597058383073946,0.6,0.06666666666666667
ORH,2026-06-02,2026Q2,152,75,0.4934210526315789,7.2,0,1.8345189095251895,1.0,0.0
ORH,2026-06-03,2026Q2,202,122,0.6039603960396039,6.333333333333333,14.0,2.4982177158248957,1.0,0.0
ORH,2026-06-04,2026Q2,198,122,0.6161616161616161,7.8,0,2.34429819648776,1.0,0.0
ORH,2026-06-05,2026Q2,182,93,0.510989010989011,8.571428571428571,19.0,1.8863506587834984,1.0,0.0
ORH,2026-06-06,2026Q2,151,65,0.4304635761589404,8.933333333333334,21.0,6.813411976403757,0.9333333333333333,0.06666666666666667
ORH,2026-06-07,2026Q2,60,29,0.48333333333333334,14.0,30.0,3.2234148946749266,0.7333333333333333,0.06666666666666667
ORH,2026-06-08,2026Q2,143,81,0.5664335664335665,6.6,0,3.4817946904543695,1.0,0.0
ORH,2026-06-09,2026Q2,154,116,0.7532467532467533,10.866666666666667,24.0,4.798684106856437,1.0,0.0
ORH,2026-06-10,2026Q2,237,93,0.3924050632911392,10.133333333333333,20.0,7.3556292059266015,1.0,0.0
ORH,2026-06-12,2026Q2,102,54,0.5294117647058824,6.133333333333334,0,1.9445297197194156,1.0,0.0
ORH,2026-06-13,2026Q2,179,105,0.5865921787709497,9.533333333333333,27.0,1.3604946094059227,1.0,0.0
ORH,2026-06-14,2026Q2,61,48,0.7868852459016393,10.4,21.0,8.429483898682024,1.0,0.0
ORH,2026-06-15,2026Q2,55,47,0.8545454545454545,11.8,28.0,2.8466044245091546,0.9333333333333333,0.0
ORH,2026-06-16,2026Q2,204,99,0.4852941176470588,8.0,19.0,1.374646429485239,1.0,0.0
ORH,2026-06-17,2026Q2,154,81,0.525974025974026,7.133333333333334,0,4.6063716327152635,1.0,0.0
ORH,2026-06-19,2026Q2,84,50,0.5952380952380952,15.066666666666666,35.0,2.547155432446442,1.0,0.0
ORH,2026-06-20,2026Q2,67,26,0.3880597014925373,14.866666666666667,34.0,2.771707186317757,1.0,0.0
ORH,2026-06-21,2026Q2,121,70,0.5785123966942148,10.2,22.0,1.6640287394877775,1.0,0.0
ORH,2026-06-22,2026Q2,58,53,0.9137931034482759,5.266666666666667,17.0,2.704458233629105,0.4,0.4666666666666667
ORH,2026-06-23,2026Q2,49,22,0.4489795918367347,4.333333333333333,0,2.5559462693526394,0.2,0.4
ORH,2026-06-24,2026Q2,181,120,0.6629834254143646,10.2,20.0,2.5834519653864327,1.0,0.0
ORH,2026-06-26,2026Q2,71,54,0.7605633802816901,6.133333333333334,0,4.578443378058451,0.4,0.13333333333333333
ORH,2026-06-27,2026Q2,120,57,0.475,4.6,0,4.1073315636104635,1.0,0.0
ORH,2026-06-28,2026Q2,99,72,0.7272727272727273,4.533333333333333,0,2.4986044922572055,0.7333333333333333,0.0
ORH,2026-06-29,2026Q2,161,106,0.6583850931677019,5.2,0,2.591670730008623,1.0,0.0
ORH,2026-06-30,2026Q2,163,112,0.6871165644171779,7.2,23.0,3.9451357880335016,0.8,0.2
ORH,2026-07-01,2026Q3,106,75,0.7075471698113207,9.266666666666667,23.0,3.389804897983469,1.0,0.0
ORH,2026-07-02,2026Q3,74,57,0.7702702702702703,9.066666666666666,20.0,2.556119558680766,1.0,0.0
ORH,2026-07-03,2026Q3,66,42,0.6363636363636364,11.266666666666667,26.0,1.8480276333895311,1.0,0.0
ORH,2026-07-04,2026Q3,46,12,0.2608695652173913,9.0,24.0,1.872491407363771,0.9333333333333333,0.06666666666666667
ORH,2026-07-05,2026Q3,138,82,0.5942028985507246,5.2,0,2.9877680177337367,1.0,0.0
ORH,2026-07-08,2026Q3,46,64,1.391304347826087,4.866666666666666,0,2.1724775379233696,0.9333333333333333,0.0
ORH,2026-07-09,2026Q3,126,47,0.373015873015873,10.0,20.0,5.58217094611861,1.0,0.0
ORH,2026-07-10,2026Q3,108,63,0.5833333333333334,7.933333333333334,19.0,2.609075910218292,0.9333333333333333,0.0
ORH,2026-07-11,2026Q3,98,66,0.673469387755102,4.533333333333333,0,3.0413793703074563,1.0,0.0
ORH,2026-07-12,2026Q3,183,94,0.5136612021857924,4.4,0,2.747186663420613,1.0,0.0
ORH,2026-07-13,2026Q3,97,59,0.6082474226804123,10.466666666666667,20.0,6.804845964045944,1.0,0.0
ORH,2026-07-14,2026Q3,120,65,0.5416666666666666,12.4,26.0,6.252811070540925,1.0,0.0
ORH,2026-07-15,2026Q3,163,88,0.5398773006134969,9.0,18.0,1.826921170455596,1.0,0.0
ORH,2026-07-16,2026Q3,166,93,0.5602409638554217,10.866666666666667,26.0,1.8503278509753038,1.0,0.0
ORH,2026-07-17,2026Q3,188,135,0.7180851063829787,7.666666666666667,16.0,1.3992985926203503,1.0,0.0
ORH,2026-07-19,2026Q3,91,60,0.6593406593406593,10.666666666666666,28.0,1.4082697324790414,1.0,0.0
ORH,2026-07-20,2026Q3,139,78,0.5611510791366906,6.333333333333333,0,2.2931985893546236,1.0,0.0
ORH,2026-07-22,2026Q3,104,55,0.5288461538461539,9.466666666666667,19.0,4.997327786730352,0.6,0.06666666666666667
ORH,2026-07-23,2026Q3,155,108,0.6967741935483871,8.333333333333334,20.0,1.5963950328622045,1.0,0.0
ORH,2026-07-24,2026Q3,116,75,0.646551724137931,3.7333333333333334,0,2.079211551092406,1.0,0.0
ORH,2026-07-25,2026Q3,156,67,0.42948717948717946,5.333333333333333,0,1.7668756484721717,1.0,0.0
ORH,2026-07-26,2026Q3,120,65,0.5416666666666666,4.933333333333334,0,2.9003726356041635,1.0,0.0
ORH,2026-07-27,2026Q3,132,61,0.4621212121212121,5.071428571428571,0,3.363559803182663,1.0,0.0
ORH,2026-07-28,2026Q3,31,22,0.7096774193548387,7.533333333333333,22.0,4.237798073834087,0.3333333333333333,0.06666666666666667
ORH,2026-07-30,2026Q3,30,31,1.0333333333333334,8.642857142857142,18.0,5.628513179233586,0.21428571428571427,0.2857142857142857
ORH,2026-07-31,2026Q3,126,47,0.373015873015873,5.2,0,1.4657877434187014,1.0,0.0
ORH,2026-08-01,2026Q3,184,39,0.21195652173913043,6.066666666666666,0,3.8611630624583317,1.0,0.0
ORH,2026-08-02,2026Q3,52,41,0.7884615384615384,9.8,22.0,7.165604671318245,0.6666666666666666,0.0
ORH,2026-08-04,2026Q3,155,101,0.6516129032258065,7.0,15.0,1.8823750897474856,1.0,0.0
ORH,2026-08-05,2026Q3,138,74,0.5362318840579711,7.066666666666666,0,2.5268353371418413,1.0,0.0
ORH,2026-08-06,2026Q3,49,42,0.8571428571428571,6.6,16.0,4.024741372212407,0.5333333333333333,0.0
ORH,2026-08-07,2026Q3,116,55,0.47413793103448276,5.466666666666667,0,1.4679162657726548,0.9333333333333333,0.06666666666666667
ORH,2026-08-08,2026Q3,76,52,0.6842105263157895,9.6,28.0,3.468335867024775,0.7333333333333333,0.06666666666666667
ORH,2026-08-10,2026Q3,134,73,0.5447761194029851,5.866666666666666,0,4.5371804807532,1.0,0.0
ORH,2026-08-11,2026Q3,76,34,0.4473684210526316,9.666666666666666,24.0,1.7864064295521989,1.0,0.0
ORH,2026-08-13,2026Q3,123,48,0.3902439024390244,7.866666666666666,0,1.5975098694677592,1.0,0.0
ORH,2026-08-14,2026Q3,169,99,0.5857988165680473,6.0,16.0,1.470645111757264,1.0,0.0
ORH,2026-08-15,2026Q3,104,53,0.5096153846153846,5.6,21.0,2.31586093397547,1.0,0.0
ORH,2026-08-16,2026Q3,146,96,0.6575342465753424,7.133333333333334,22.0,5.8947104697615975,1.0,0.0
ORH,2026-08-17,2026Q3,36,31,0.8611111111111112,5.8,0,4.262317433350955,0.0,0.26666666666666666
ORH,2026-08-18,2026Q3,129,47,0.3643410852713178,4.866666666666666,0,0.8563125176701831,0.6666666666666666,0.0
ORH,2026-08-19,2026Q3,169,95,0.5621301775147929,8.0,20.0,1.7590759708118595,1.0,0.0
ORH,2026-08-20,2026Q3,156,92,0.5897435897435898,6.8,0,1.0889117295199944,0.8,0.2
ORH,2026-08-21,2026Q3,107,61,0.5700934579439252,6.133333333333334,18.0,4.385637550806063,0.7333333333333333,0.06666666666666667
ORH,2026-08-22,2026Q3,66,32,0.48484848484848486,5.733333333333333,0,3.8741231730081314,0.0,0.4
ORH,2026-08-24,2026Q3,144,77,0.5347222222222222,8.133333333333333,20.0,6.50404670723124,1.0,0.0
ORH,2026-08-25,2026Q3,123,62,0.5040650406504065,8.6,20.0,1.6033358847380839,1.0,0.0
ORH,2026-08-26,2026Q3,172,102,0.5930232558139535,4.466666666666667,0,2.3136529951371636,1.0,0.0
ORH,2026-08-27,2026Q3,67,31,0.4626865671641791,9.2,19.0,6.8824276708382515,0.6666666666666666,0.0
ORH,2026-08-28,2026Q3,61,39,0.639344262295082,6.266666666666667,0,1.5711188115426657,0.6,0.0
ORH,2026-08-29,2026Q3,149,98,0.6577181208053692,6.133333333333334,0,2.7614187310911333,1.0,0.0
ORH,2026-08-30,2026Q3,37,53,1.4324324324324325,9.2,0,4.7491597596713735,1.0,0.0
ORH,2026-08-31,2026Q3,101,73,0.7227722772277227,5.066666666666666,0,2.556657267710935,1.0,0.0
OWD,2023-02-22,2023Q1,225,47,0.2088888888888889,6.3076923076923075,0,1.312249772596048,1.0,0.0
OWD,2023-02-25,2023Q1,83,80,0.963855421686747,3.3846153846153846,0,0.9322477184255656,0.6153846153846154,0.3076923076923077
OWD,2023-02-26,2023Q1,143,99,0.6923076923076923,5.076923076923077,0,2.084632102181516,0.5384615384615384,0.0
OWD,2023-02-27,2023Q1,299,145,0.48494983277591974,5.923076923076923,0,1.8981763873080375,1.0,0.0
OWD,2023-03-01,2023Q1,266,156,0.5864661654135338,4.75,0,1.673072857299498,1.0,0.0
OWD,2023-03-03,2023Q1,269,195,0.724907063197026,4.0,0,1.2559144167922303,1.0,0.0
OWD,2023-03-05,2023Q1,209,130,0.6220095693779905,8.75,21.0,2.653461001586976,1.0,0.0
OWD,2023-03-06,2023Q1,105,57,0.5428571428571428,13.461538461538462,36.0,5.418880480283439,1.0,0.0
OWD,2023-03-07,2023Q1,172,83,0.48255813953488375,12.666666666666666,27.0,2.944291669517826,1.0,0.0
OWD,2023-03-08,2023Q1,216,101,0.4675925925925926,10.0,21.0,1.7425015683302294,0.9230769230769231,0.07692307692307693
OWD,2023-03-09,2023Q1,246,58,0.23577235772357724,6.769230769230769,16.0,2.4092793581472853,1.0,0.0
OWD,2023-03-10,2023Q1,369,229,0.6205962059620597,3.923076923076923,0,1.443918142161699,1.0,0.0
OWD,2023-03-12,2023Q1,389,254,0.6529562982005142,7.615384615384615,18.0,3.1679052942160557,0.9230769230769231,0.0
OWD,2023-03-13,2023Q1,141,94,0.6666666666666666,5.615384615384615,0,1.5456565636985067,0.23076923076923078,0.23076923076923078
OWD,2023-03-16,2023Q1,179,107,0.5977653631284916,9.846153846153847,22.0,2.901703048187376,1.0,0.0
OWD,2023-03-17,2023Q1,210,121,0.5761904761904761,7.615384615384615,19.0,2.458253175506868,1.0,0.0
OWD,2023-03-18,2023Q1,200,119,0.595,8.153846153846153,18.0,3.0552671133230223,1.0,0.0
OWD,2023-03-19,2023Q1,82,49,0.5975609756097561,16.23076923076923,29.0,4.107510728083611,1.0,0.0
OWD,2023-03-20,2023Q1,158,94,0.5949367088607594,10.153846153846153,20.0,5.2178762021430325,1.0,0.0
OWD,2023-03-21,2023Q1,262,133,0.5076335877862596,8.0,20.0,2.0415053303523107,1.0,0.0
OWD,2023-03-22,2023Q1,259,127,0.49034749034749037,7.0,0,3.5130507159451594,1.0,0.0
OWD,2023-03-23,2023Q1,98,71,0.7244897959183674,8.692307692307692,19.0,5.916927406923734,0.5384615384615384,0.07692307692307693
OWD,2023-03-24,2023Q1,137,180,1.313868613138686,7.0,18.0,2.416792771028287,1.0,0.0
OWD,2023-03-25,2023Q1,85,107,1.2588235294117647,7.615384615384615,17.0,1.6386385158673835,0.38461538461538464,0.46153846153846156
OWD,2023-03-26,2023Q1,148,63,0.42567567567567566,13.307692307692308,28.0,2.7878688614257974,0.9230769230769231,0.0
OWD,2023-03-27,2023Q1,288,183,0.6354166666666666,3.0,0,1.081195663101558,0.9230769230769231,0.07692307692307693
OWD,2023-03-28,2023Q1,64,34,0.53125,3.0,0,1.2075584907189252,0.5384615384615384,0.46153846153846156
OWD,2023-03-29,2023Q1,327,194,0.5932721712538226,4.461538461538462,0,2.3206185541523308,1.0,0.0
OWD,2023-03-30,2023Q1,100,48,0.48,12.384615384615385,28.0,4.616915553191385,1.0,0.0
OWD,2023-04-04,2023Q2,358,209,0.5837988826815642,6.153846153846154,16.0,3.9553641891799645,1.0,0.0
OWD,2023-04-05,2023Q2,72,37,0.5138888888888888,10.307692307692308,22.0,3.361818673486624,0.3076923076923077,0.0
OWD,2023-04-06,2023Q2,113,90,0.7964601769911505,3.0,0,1.2908429050967996,0.5833333333333334,0.0
OWD,2023-04-07,2023Q2,194,141,0.7268041237113402,14.384615384615385,34.0,3.686915003116497,1.0,0.0
OWD,2023-04-08,2023Q2,337,199,0.5905044510385756,7.461538461538462,18.0,1.9827615512086354,1.0,0.0
OWD,2023-04-09,2023Q2,339,213,0.6283185840707964,4.75,15.0,1.9858425425556918,1.0,0.0
OWD,2023-04-10,2023Q2,419,264,0.630071599045346,5.0,0,1.118208481326137,1.0,0.0
OWD,2023-04-11,2023Q2,188,120,0.6382978723404256,10.23076923076923,27.0,3.3199670087454205,1.0,0.0
OWD,2023-04-12,2023Q2,68,18,0.2647058823529412,11.76923076923077,29.0,3.1887206195101165,1.0,0.0
OWD,2023-04-13,2023Q2,251,136,0.5418326693227091,7.538461538461538,20.0,2.486237680499807,1.0,0.0
OWD,2023-04-14,2023Q2,330,194,0.5878787878787879,6.923076923076923,19.0,3.6637554476758503,1.0,0.0
OWD,2023-04-15,2023Q2,316,224,0.7088607594936709,5.153846153846154,0,3.1844618313178588,0.8461538461538461,0.0
OWD,2023-04-18,2023Q2,169,93,0.5502958579881657,12.461538461538462,27.0,3.9859840080517355,1.0,0.0
OWD,2023-04-19,2023Q2,233,146,0.6266094420600858,11.538461538461538,25.0,2.623922122606876,1.0,0.0
OWD,2023-04-20,2023Q2,267,191,0.7153558052434457,6.75,16.0,2.1996934988379624,1.0,0.0
OWD,2023-04-21,2023Q2,298,182,0.610738255033557,8.307692307692308,17.0,3.864265468054892,0.8461538461538461,0.0
OWD,2023-04-22,2023Q2,343,263,0.7667638483965015,7.076923076923077,0,1.83017391698887,0.0,0.0
OWD,2023-04-24,2023Q2,334,207,0.6197604790419161,4.6923076923076925,0,2.1898126049700744,0.6153846153846154,0.0
OWD,2023-04-25,2023Q2,339,195,0.5752212389380531,4.923076923076923,14.0,2.273794883420375,0.8461538461538461,0.0
OWD,2023-04-26,2023Q2,349,273,0.7822349570200573,7.153846153846154,15.0,2.5636030636408442,0.7692307692307693,0.0
OWD,2023-04-27,2023Q2,341,252,0.7390029325513197,6.916666666666667,19.0,1.9119855576646982,0.9166666666666666,0.08333333333333333
OWD,2023-04-28,2023Q2,370,278,0.7513513513513513,5.384615384615385,0,1.8893746541797738,1.0,0.0
OWD,2023-04-29,2023Q2,305,300,0.9836065573770492,9.153846153846153,17.0,1.410954925158704,1.0,0.0
OWD,2023-05-01,2023Q2,218,145,0.6651376146788991,11.533333333333333,26.0,5.813091394371369,0.8,0.0
OWD,2023-05-02,2023Q2,133,112,0.8421052631578947,6.466666666666667,20.0,2.3303464829140803,0.6,0.2
OWD,2023-05-03,2023Q2,208,122,0.5865384615384616,5.733333333333333,0,3.358406510990623,0.9333333333333333,0.06666666666666667
OWD,2023-05-05,2023Q2,159,99,0.6226415094339622,3.8,0,2.113672139379059,0.5333333333333333,0.06666666666666667
OWD,2023-05-06,2023Q2,366,236,0.644808743169399,7.666666666666667,19.0,3.05416701817696,1.0,0.0
OWD,2023-05-07,2023Q2,281,212,0.7544483985765125,7.866666666666666,24.0,2.0486447523555618,1.0,0.0
OWD,2023-05-08,2023Q2,237,124,0.5232067510548524,8.933333333333334,24.0,2.785515032852461,1.0,0.0
OWD,2023-05-09,2023Q2,217,167,0.7695852534562212,6.466666666666667,0,2.4448798334846384,1.0,0.0
OWD,2023-05-10,2023Q2,265,191,0.720754716981132,7.666666666666667,20.0,2.0544724185719905,1.0,0.0
OWD,2023-05-11,2023Q2,265,190,0.7169811320754716,5.642857142857143,21.0,1.8465603275289875,1.0,0.0
OWD,2023-05-12,2023Q2,253,165,0.6521739130434783,7.133333333333334,23.0,2.291953276754098,1.0,0.0
OWD,2023-05-13,2023Q2,321,185,0.5763239875389408,5.866666666666666,20.0,1.2650297753235045,1.0,0.0
OWD,2023-05-14,2023Q2,271,157,0.5793357933579336,7.642857142857143,19.0,2.2231855141524863,1.0,0.0
OWD,2023-05-15,2023Q2,325,205,0.6307692307692307,7.933333333333334,21.0,3.2641605037151957,1.0,0.0
OWD,2023-05-16,2023Q2,211,142,0.6729857819905213,11.0,25.0,6.04202902401042,1.0,0.0
OWD,2023-05-17,2023Q2,207,85,0.4106280193236715,11.333333333333334,26.0,2.8239320221339237,1.0,0.0
OWD,2023-05-18,2023Q2,276,207,0.75,7.357142857142857,20.0,3.361553824925546,1.0,0.0
OWD,2023-05-19,2023Q2,325,180,0.5538461538461539,10.733333333333333,22.0,6.124985539078698,1.0,0.0
OWD,2023-05-20,2023Q2,108,90,0.8333333333333334,6.2,15.0,1.3442395881986402,0.2,0.6666666666666666
OWD,2023-05-21,2023Q2,314,238,0.7579617834394905,7.133333333333334,16.0,2.457236043401956,0.9333333333333333,0.0
OWD,2023-05-23,2023Q2,299,205,0.68561872909699,4.466666666666667,0,1.3076217990572345,1.0,0.0
OWD,2023-05-24,2023Q2,289,141,0.48788927335640137,7.357142857142857,27.0,2.9576058503603138,0.7857142857142857,0.07142857142857142
OWD,2023-05-25,2023Q2,316,170,0.5379746835443038,7.6,16.0,2.257888579060371,1.0,0.0
OWD,2023-05-26,2023Q2,314,170,0.5414012738853503,6.8,19.0,2.440514557963099,1.0,0.0
OWD,2023-05-27,2023Q2,372,227,0.6102150537634409,5.2,16.0,2.2535072461743813,1.0,0.0
OWD,2023-05-28,2023Q2,56,175,3.125,7.142857142857143,0,4.401025952790457,1.0,0.0
OWD,2023-05-29,2023Q2,166,103,0.6204819277108434,8.2,24.0,3.377176850257278,1.0,0.0
OWD,2023-05-30,2023Q2,251,180,0.7171314741035857,5.357142857142857,0,1.3862659841829443,1.0,0.0
OWD,2023-05-31,2023Q2,339,187,0.551622418879056,5.2,0,2.606406171358451,0.9333333333333333,0.0
OWD,2023-06-01,2023Q2,391,231,0.5907928388746803,5.0,0,2.509775789779989,1.0,0.0
OWD,2023-06-02,2023Q2,196,121,0.6173469387755102,4.266666666666667,21.0,2.1085742359300768,0.8,0.2
OWD,2023-06-03,2023Q2,34,15,0.4411764705882353,9.066666666666666,19.0,6.489529106728128,0.06666666666666667,0.26666666666666666
OWD,2023-06-04,2023Q2,173,72,0.4161849710982659,8.666666666666666,19.0,4.725508350097218,0.4666666666666667,0.3333333333333333
OWD,2023-06-05,2023Q2,134,78,0.582089552238806,5.133333333333334,0,1.3725280903031627,0.3333333333333333,0.4
OWD,2023-06-06,2023Q2,199,103,0.5175879396984925,4.933333333333334,16.0,1.6097180221699827,0.7333333333333333,0.06666666666666667
OWD,2023-06-07,2023Q2,310,175,0.5645161290322581,7.4,18.0,2.139497692671041,1.0,0.0
OWD,2023-06-08,2023Q2,486,221,0.4547325102880658,2.066666666666667,0,0.6855642955346719,1.0,0.0
OWD,2023-06-09,2023Q2,317,203,0.6403785488958991,1.8,0,0.5324532125423046,0.7333333333333333,0.13333333333333333
OWD,2023-06-10,2023Q2,286,150,0.5244755244755245,2.7333333333333334,18.0,1.4827809245569892,0.5333333333333333,0.13333333333333333
OWD,2023-06-11,2023Q2,357,203,0.5686274509803921,3.933333333333333,0,0.9466895724323997,1.0,0.0
OWD,2023-06-12,2023Q2,288,185,0.6423611111111112,7.666666666666667,19.0,1.8931806353332898,0.8666666666666667,0.06666666666666667
OWD,2023-06-13,2023Q2,133,62,0.46616541353383456,5.133333333333334,0,2.9336619195493907,0.4,0.0
OWD,2023-06-14,2023Q2,247,140,0.5668016194331984,6.866666666666666,28.0,3.5480888416987475,0.6666666666666666,0.2
OWD,2023-06-15,2023Q2,439,166,0.37813211845102507,5.333333333333333,17.0,1.2440068903373431,0.8666666666666667,0.0
OWD,2023-06-16,2023Q2,324,251,0.7746913580246914,5.4,0,2.4936753970407652,1.0,0.0
OWD,2023-06-17,2023Q2,45,20,0.4444444444444444,2.8666666666666667,0,1.4534333751519444,0.2,0.6666666666666666
OWD,2023-06-18,2023Q2,305,197,0.6459016393442623,4.133333333333334,0,1.8270994191247096,0.8666666666666667,0.0
OWD,2023-06-19,2023Q2,325,156,0.48,4.866666666666666,0,1.71987045598705,0.8666666666666667,0.0
OWD,2023-06-20,2023Q2,328,175,0.5335365853658537,5.333333333333333,14.0,2.5460295775764186,0.9333333333333333,0.0
OWD,2023-06-22,2023Q2,319,109,0.34169278996865204,6.933333333333334,17.0,3.4993299355141136,0.8,0.0
OWD,2023-06-23,2023Q2,233,112,0.48068669527896996,3.7333333333333334,0,1.798000525242977,0.4,0.0
OWD,2023-06-24,2023Q2,73,40,0.547945205479452,8.0,19.0,5.124554970392636,0.5333333333333333,0.26666666666666666
OWD,2023-06-25,2023Q2,311,199,0.639871382636656,6.666666666666667,0,2.80908610284594,0.8666666666666667,0.0
OWD,2023-06-26,2023Q2,258,155,0.6007751937984496,6.4,14.0,1.9679153611790197,0.6666666666666666,0.0
OWD,2023-06-27,2023Q2,129,49,0.3798449612403101,8.933333333333334,21.0,3.473492894987642,0.6666666666666666,0.0
OWD,2023-06-28,2023Q2,227,82,0.36123348017621143,6.733333333333333,18.0,2.386937986268295,0.4,0.2
OWD,2023-06-29,2023Q2,360,176,0.4888888888888889,4.714285714285714,14.0,1.7871360270222063,0.8571428571428571,0.0
OWD,2023-06-30,2023Q2,441,220,0.4988662131519274,4.066666666666666,0,1.4854324808495103,1.0,0.0
OWD,2023-07-01,2023Q3,354,196,0.5536723163841808,3.8,0,2.2249013941170515,0.7333333333333333,0.0
OWD,2023-07-02,2023Q3,38,11,0.2894736842105263,5.333333333333333,16.0,1.8704090914919251,0.4,0.13333333333333333
OWD,2023-07-03,2023Q3,89,37,0.4157303370786517,3.7333333333333334,0,0.8869624649381989,0.4666666666666667,0.06666666666666667
OWD,2023-07-05,2023Q3,385,174,0.45194805194805193,2.6666666666666665,0,0.6815488100922418,1.0,0.0
OWD,2023-07-06,2023Q3,361,121,0.33518005540166207,5.857142857142857,16.0,3.128517193399837,0.9285714285714286,0.0
OWD,2023-07-07,2023Q3,457,226,0.49452954048140046,7.0,16.0,3.064392252672626,1.0,0.0
OWD,2023-07-08,2023Q3,379,178,0.46965699208443273,3.8,0,1.6315870659509153,0.7333333333333333,0.0
OWD,2023-07-09,2023Q3,214,117,0.5467289719626168,4.266666666666667,0,1.7265447459575463,0.3333333333333333,0.06666666666666667
OWD,2023-07-11,2023Q3,364,186,0.510989010989011,7.0,20.0,2.1542466477449986,0.9333333333333333,0.0
OWD,2023-07-12,2023Q3,407,191,0.4692874692874693,4.733333333333333,0,2.553553778560024,1.0,0.0
OWD,2023-07-13,2023Q3,415,195,0.46987951807228917,7.666666666666667,19.0,3.594802625577772,1.0,0.0
OWD,2023-07-14,2023Q3,337,198,0.5875370919881305,5.266666666666667,17.0,1.6554556382035865,0.6,0.06666666666666667
OWD,2023-07-15,2023Q3,358,185,0.5167597765363129,7.0,0,2.889022780913721,0.8666666666666667,0.0
OWD,2023-07-17,2023Q3,422,168,0.3981042654028436,5.4,0,2.325947809282201,0.7333333333333333,0.0
OWD,2023-07-18,2023Q3,224,108,0.48214285714285715,7.066666666666666,15.0,3.5393661735841624,0.6666666666666666,0.0
OWD,2023-07-19,2023Q3,386,186,0.48186528497409326,5.866666666666666,0,1.868281356168813,1.0,0.0
OWD,2023-07-20,2023Q3,507,219,0.4319526627218935,3.6666666666666665,0,1.2969228591077202,1.0,0.0
OWD,2023-07-21,2023Q3,411,220,0.5352798053527981,5.4,19.0,1.3116607333599528,0.8,0.13333333333333333
OWD,2023-07-22,2023Q3,418,185,0.44258373205741625,3.7333333333333334,0,1.2406264785085337,0.7333333333333333,0.0
OWD,2023-07-23,2023Q3,328,194,0.5914634146341463,3.533333333333333,0,1.1127453374632608,1.0,0.0
OWD,2023-07-24,2023Q3,294,148,0.5034013605442177,6.066666666666666,0,3.2663507578705437,1.0,0.0
OWD,2023-07-25,2023Q3,251,144,0.5737051792828686,5.333333333333333,0,2.7512351430730813,0.5333333333333333,0.2
OWD,2023-07-26,2023Q3,254,135,0.531496062992126,6.333333333333333,15.0,3.0265625552689484,1.0,0.0
OWD,2023-07-27,2023Q3,81,24,0.2962962962962963,10.4,27.0,6.829225914424629,0.8,0.13333333333333333
OWD,2023-07-28,2023Q3,547,261,0.47714808043875684,5.866666666666666,0,2.306849920189523,1.0,0.0
OWD,2023-07-29,2023Q3,214,91,0.4252336448598131,4.2,15.0,2.195603886731947,0.6666666666666666,0.13333333333333333
OWD,2023-07-30,2023Q3,351,178,0.5071225071225072,5.733333333333333,16.0,1.867775460345436,1.0,0.0
OWD,2023-07-31,2023Q3,304,141,0.46381578947368424,5.733333333333333,17.0,1.3795947184784443,0.9333333333333333,0.06666666666666667
OWD,2023-08-01,2023Q3,332,174,0.5240963855421686,5.066666666666666,15.0,1.1047505685163705,1.0,0.0
OWD,2023-08-02,2023Q3,289,108,0.3737024221453287,3.8666666666666667,0,1.4741199624226278,1.0,0.0
OWD,2023-08-03,2023Q3,211,114,0.5402843601895735,7.4,18.0,4.075409138978226,1.0,0.0
OWD,2023-08-04,2023Q3,268,144,0.5373134328358209,7.933333333333334,19.0,4.90580604831349,0.8666666666666667,0.0
OWD,2023-08-05,2023Q3,285,138,0.4842105263157895,4.2,0,1.6414292404825468,1.0,0.0
OWD,2023-08-06,2023Q3,310,152,0.49032258064516127,4.571428571428571,0,1.1370322748097608,1.0,0.0
OWD,2023-08-07,2023Q3,212,105,0.49528301886792453,4.266666666666667,17.0,1.349621885419021,0.5333333333333333,0.26666666666666666
OWD,2023-08-08,2023Q3,128,85,0.6640625,8.066666666666666,20.0,2.859658639823903,0.6,0.13333333333333333
OWD,2023-08-09,2023Q3,250,80,0.32,9.6,23.0,3.3854280238258303,1.0,0.0
OWD,2023-08-10,2023Q3,317,199,0.6277602523659306,5.933333333333334,16.0,2.5757045315343428,0.9333333333333333,0.06666666666666667
OWD,2023-08-11,2023Q3,222,94,0.42342342342342343,8.866666666666667,26.0,2.143178335809461,1.0,0.0
OWD,2023-08-12,2023Q3,339,196,0.5781710914454278,5.2,15.0,2.5201656172849165,1.0,0.0
OWD,2023-08-13,2023Q3,181,148,0.8176795580110497,7.4,19.0,3.798250802994261,1.0,0.0
OWD,2023-08-15,2023Q3,47,15,0.3191489361702128,5.466666666666667,0,3.2730264836182807,0.0,0.26666666666666666
OWD,2023-08-17,2023Q3,156,39,0.25,3.933333333333333,0,1.346189116835057,0.0,0.0
OWD,2023-08-18,2023Q3,136,63,0.4632352941176471,6.0,0,2.4021898142391893,0.5333333333333333,0.06666666666666667
OWD,2023-08-19,2023Q3,164,84,0.5121951219512195,7.2,20.0,2.83514504026282,1.0,0.0
OWD,2023-08-20,2023Q3,252,171,0.6785714285714286,6.8,0,1.4034727550313482,1.0,0.0
OWD,2023-08-21,2023Q3,315,165,0.5238095238095238,3.7333333333333334,0,1.0256123456659363,0.8666666666666667,0.13333333333333333
OWD,2023-08-22,2023Q3,243,69,0.2839506172839506,5.533333333333333,19.0,2.3654454875686675,1.0,0.0
OWD,2023-08-23,2023Q3,358,193,0.5391061452513967,2.8,0,1.4235182751601676,1.0,0.0
OWD,2023-08-24,2023Q3,215,109,0.5069767441860465,5.933333333333334,0,2.8576357599389466,1.0,0.0
OWD,2023-08-26,2023Q3,278,74,0.26618705035971224,4.533333333333333,0,1.5062845858877754,0.8666666666666667,0.0
OWD,2023-08-27,2023Q3,360,151,0.41944444444444445,5.6,16.0,2.7540874801501585,0.8666666666666667,0.0
OWD,2023-08-29,2023Q3,103,30,0.2912621359223301,3.466666666666667,0,1.7544165443204633,0.13333333333333333,0.0
OWD,2023-08-30,2023Q3,85,56,0.6588235294117647,5.733333333333333,20.0,2.1376308240138955,0.6,0.2
OWD,2023-08-31,2023Q3,315,114,0.3619047619047619,5.933333333333334,16.0,2.0876662932657952,0.9333333333333333,0.0
OWD,2023-09-01,2023Q3,307,146,0.4755700325732899,3.3333333333333335,0,1.5090319088828679,1.0,0.0
OWD,2023-09-02,2023Q3,297,150,0.5050505050505051,6.533333333333333,0,4.019444997469046,1.0,0.0
OWD,2023-09-03,2023Q3,275,158,0.5745454545454546,4.933333333333334,14.0,1.6432180103184097,1.0,0.0
OWD,2023-09-04,2023Q3,304,132,0.4342105263157895,1.6666666666666667,0,0.24099376959182214,1.0,0.0
OWD,2023-09-05,2023Q3,136,87,0.6397058823529411,4.133333333333334,0,1.3575274203015864,1.0,0.0
OWD,2023-09-06,2023Q3,247,92,0.3724696356275304,3.933333333333333,0,1.3930619989236694,0.9333333333333333,0.0
OWD,2023-09-07,2023Q3,224,154,0.6875,3.6,0,1.2694698281217052,1.0,0.0
OWD,2023-09-08,2023Q3,91,37,0.4065934065934066,6.8,18.0,2.9177949190662096,0.6666666666666666,0.0
OWD,2023-09-09,2023Q3,327,150,0.45871559633027525,3.8,0,1.3797670930678214,0.6,0.13333333333333333
OWD,2023-09-10,2023Q3,81,21,0.25925925925925924,2.8666666666666667,0,1.303862686450129,0.26666666666666666,0.26666666666666666
OWD,2023-09-12,2023Q3,155,71,0.45806451612903226,1.8,0,0.7008222946596655,0.6,0.0
OWD,2023-09-13,2023Q3,49,28,0.5714285714285714,5.133333333333334,0,2.116620819235082,0.4666666666666667,0.4666666666666667
OWD,2023-09-14,2023Q3,214,84,0.3925233644859813,5.266666666666667,0,1.786896531448679,0.9333333333333333,0.0
OWD,2023-09-15,2023Q3,125,40,0.32,10.066666666666666,23.0,5.3942166150126365,1.0,0.0
OWD,2023-09-17,2023Q3,491,243,0.49490835030549896,6.266666666666667,0,1.6730842564575121,1.0,0.0
OWD,2023-09-19,2023Q3,241,136,0.5643153526970954,10.6,24.0,1.4624788097792836,1.0,0.0
OWD,2023-09-20,2023Q3,388,211,0.5438144329896907,4.133333333333334,0,1.4298073667377904,1.0,0.0
OWD,2023-09-21,2023Q3,369,184,0.4986449864498645,2.6666666666666665,0,0.4495421842435396,1.0,0.0
OWD,2023-09-22,2023Q3,306,127,0.4150326797385621,4.933333333333334,0,1.777484713606437,0.9333333333333333,0.0
OWD,2023-09-23,2023Q3,206,94,0.4563106796116505,6.333333333333333,16.0,3.6773085233124574,0.26666666666666666,0.5333333333333333
OWD,2023-09-25,2023Q3,48,19,0.3958333333333333,8.666666666666666,21.0,5.670922603433501,0.13333333333333333,0.4
OWD,2023-09-26,2023Q3,97,35,0.36082474226804123,7.466666666666667,20.0,5.308961605708902,0.3333333333333333,0.06666666666666667
OWD,2023-09-27,2023Q3,397,208,0.5239294710327456,3.6666666666666665,0,1.980780957925597,1.0,0.0
OWD,2023-09-28,2023Q3,289,163,0.5640138408304498,3.7333333333333334,0,1.8859678149564536,0.8,0.0
OWD,2023-09-29,2023Q3,131,85,0.648854961832061,3.533333333333333,0,1.867236997881471,0.2,0.5333333333333333
OWD,2023-09-30,2023Q3,365,157,0.4301369863013699,2.933333333333333,0,1.111029571742059,0.7333333333333333,0.0
OWD,2023-10-01,2023Q4,423,252,0.5957446808510638,2.4615384615384617,0,0.9104333147093975,0.9230769230769231,0.0
OWD,2023-10-02,2023Q4,288,131,0.4548611111111111,5.333333333333333,0,3.1158712104245225,1.0,0.0
OWD,2023-10-03,2023Q4,310,221,0.7129032258064516,3.7857142857142856,0,1.1666077912724284,1.0,0.0
OWD,2023-10-04,2023Q4,368,190,0.5163043478260869,1.1428571428571428,0,0.8206571472566957,1.0,0.0
OWD,2023-10-05,2023Q4,177,143,0.807909604519774,3.7142857142857144,0,1.8931729620870037,0.7857142857142857,0.0
OWD,2023-10-06,2023Q4,244,112,0.45901639344262296,5.733333333333333,0,3.860904504937531,0.26666666666666666,0.0
OWD,2023-10-08,2023Q4,280,140,0.5,9.2,20.0,3.2233102399772777,1.0,0.0
OWD,2023-10-10,2023Q4,302,174,0.5761589403973509,4.571428571428571,14.0,1.3440471536122318,1.0,0.0
OWD,2023-10-11,2023Q4,241,141,0.5850622406639004,3.533333333333333,15.0,1.4433293845437944,1.0,0.0
OWD,2023-10-12,2023Q4,278,201,0.7230215827338129,2.066666666666667,0,0.9703203517777192,1.0,0.0
OWD,2023-10-13,2023Q4,202,115,0.5693069306930693,6.2,22.0,1.6983635670762103,1.0,0.0
OWD,2023-10-14,2023Q4,312,137,0.4391025641025641,3.6666666666666665,0,1.1965293068364855,1.0,0.0
OWD,2023-10-15,2023Q4,196,94,0.47959183673469385,7.2,16.0,1.7340053165117444,1.0,0.0
OWD,2023-10-16,2023Q4,350,196,0.56,3.8666666666666667,0,1.5362964845651716,0.8,0.06666666666666667
OWD,2023-10-17,2023Q4,325,143,0.44,2.1333333333333333,0,1.137211429978819,0.9333333333333333,0.0
OWD,2023-10-18,2023Q4,299,186,0.6220735785953178,1.7333333333333334,0,0.5237927902409064,1.0,0.0
OWD,2023-10-19,2023Q4,313,176,0.5623003194888179,6.266666666666667,18.0,3.261093555825717,1.0,0.0
OWD,2023-10-20,2023Q4,215,130,0.6046511627906976,5.133333333333334,0,0.9929451081979459,0.8,0.06666666666666667
OWD,2023-10-22,2023Q4,223,123,0.5515695067264574,9.733333333333333,24.0,1.965393838507765,1.0,0.0
OWD,2023-10-23,2023Q4,437,150,0.34324942791762014,5.2,15.0,1.5053985345353198,1.0,0.0
OWD,2023-10-24,2023Q4,342,199,0.5818713450292398,4.266666666666667,0,2.7000928990480424,1.0,0.0
OWD,2023-10-25,2023Q4,350,165,0.4714285714285714,5.266666666666667,15.0,3.1536294497628736,1.0,0.0
OWD,2023-10-26,2023Q4,240,124,0.5166666666666667,1.3333333333333333,0,0.6460663411402905,1.0,0.0
OWD,2023-10-27,2023Q4,327,197,0.6024464831804281,2.7333333333333334,0,1.7513802398615799,1.0,0.0
OWD,2023-10-28,2023Q4,280,147,0.525,7.466666666666667,19.0,2.0009385480517707,1.0,0.0
OWD,2023-10-29,2023Q4,82,55,0.6707317073170732,3.8,0,1.4741215592984949,0.13333333333333333,0.4666666666666667
OWD,2023-10-31,2023Q4,305,109,0.35737704918032787,3.1333333333333333,0,1.4062019247879296,1.0,0.0
OWD,2023-11-01,2023Q4,193,97,0.5025906735751295,5.230769230769231,16.0,2.7372129120313375,0.9230769230769231,0.07692307692307693
OWD,2023-11-02,2023Q4,348,187,0.5373563218390804,4.3076923076923075,0,1.5388554032313935,1.0,0.0
OWD,2023-11-03,2023Q4,185,101,0.5459459459459459,7.6923076923076925,21.0,4.868199522566938,1.0,0.0
OWD,2023-11-04,2023Q4,313,225,0.7188498402555911,2.1538461538461537,0,1.0399698527171883,1.0,0.0
OWD,2023-11-05,2023Q4,365,179,0.4904109589041096,3.4615384615384617,0,1.064191010229329,1.0,0.0
OWD,2023-11-06,2023Q4,218,118,0.5412844036697247,3.3846153846153846,0,0.9000508401573227,0.8461538461538461,0.0
OWD,2023-11-07,2023Q4,133,91,0.6842105263157895,8.692307692307692,21.0,4.662485161613769,0.6923076923076923,0.07692307692307693
OWD,2023-11-08,2023Q4,186,75,0.4032258064516129,10.076923076923077,23.0,3.281464464837526,1.0,0.0
OWD,2023-11-09,2023Q4,33,13,0.3939393939393939,1.6923076923076923,0,0.4425694779594833,0.15384615384615385,0.23076923076923078
OWD,2023-11-10,2023Q4,169,118,0.6982248520710059,4.769230769230769,0,2.1472481388980666,1.0,0.0
OWD,2023-11-11,2023Q4,181,90,0.4972375690607735,6.538461538461538,15.0,2.091086766750136,1.0,0.0
OWD,2023-11-12,2023Q4,251,141,0.5617529880478087,3.6153846153846154,0,0.7063706306626422,1.0,0.0
OWD,2023-11-13,2023Q4,310,151,0.4870967741935484,2.3846153846153846,0,0.9217086899981719,1.0,0.0
OWD,2023-11-14,2023Q4,199,106,0.5326633165829145,5.923076923076923,17.0,1.4160201927765692,1.0,0.0
OWD,2023-11-15,2023Q4,317,141,0.444794952681388,4.461538461538462,0,2.734805455222679,1.0,0.0
OWD,2023-11-16,2023Q4,282,185,0.6560283687943262,3.1538461538461537,0,1.2273146401011141,1.0,0.0
OWD,2023-11-17,2023Q4,174,75,0.43103448275862066,8.461538461538462,20.0,5.16927801060515,0.8461538461538461,0.0
OWD,2023-11-18,2023Q4,115,50,0.43478260869565216,7.230769230769231,23.0,1.247523769075871,0.6923076923076923,0.15384615384615385
OWD,2023-11-19,2023Q4,244,149,0.610655737704918,9.153846153846153,23.0,2.7486426549774787,1.0,0.0
OWD,2023-11-20,2023Q4,171,96,0.5614035087719298,7.3076923076923075,20.0,2.281477514229623,1.0,0.0
OWD,2023-11-21,2023Q4,293,167,0.5699658703071673,3.6153846153846154,0,1.2554069014338853,1.0,0.0
OWD,2023-11-23,2023Q4,35,12,0.34285714285714286,8.461538461538462,20.0,3.337922560295394,1.0,0.0
OWD,2023-11-24,2023Q4,164,73,0.4451219512195122,10.0,22.0,3.511406013940349,1.0,0.0
OWD,2023-11-25,2023Q4,335,167,0.49850746268656715,3.769230769230769,0,1.5826428155846213,1.0,0.0
OWD,2023-11-26,2023Q4,295,175,0.5932203389830508,5.384615384615385,0,1.833987716090087,1.0,0.0
OWD,2023-11-27,2023Q4,106,46,0.4339622641509434,8.076923076923077,18.0,2.406977999678988,1.0,0.0
OWD,2023-11-28,2023Q4,151,51,0.33774834437086093,11.692307692307692,28.0,1.8257180115676295,1.0,0.0
OWD,2023-11-29,2023Q4,192,76,0.3958333333333333,6.384615384615385,0,1.8645834183799632,1.0,0.0
OWD,2023-11-30,2023Q4,262,188,0.7175572519083969,5.846153846153846,19.0,3.334366622359401,1.0,0.0
OWD,2023-12-01,2023Q4,232,162,0.6982758620689655,5.153846153846154,15.0,2.94748259317475,0.8461538461538461,0.15384615384615385
OWD,2023-12-04,2023Q4,150,61,0.4066666666666667,3.8461538461538463,0,0.8505329554711175,0.6923076923076923,0.07692307692307693
OWD,2023-12-05,2023Q4,100,35,0.35,4.769230769230769,0,1.6018155901299633,0.9230769230769231,0.0
OWD,2023-12-06,2023Q4,229,113,0.49344978165938863,5.923076923076923,0,2.240805895916043,0.6153846153846154,0.07692307692307693
OWD,2023-12-07,2023Q4,262,152,0.5801526717557252,2.923076923076923,0,1.0991608080089992,1.0,0.0
OWD,2023-12-08,2023Q4,243,109,0.448559670781893,0.9230769230769231,0,0.31710342016335846,1.0,0.0
OWD,2023-12-09,2023Q4,292,103,0.3527397260273973,4.0,0,0.8347023968891825,0.5384615384615384,0.0
OWD,2023-12-10,2023Q4,50,14,0.28,8.0,27.0,3.816290063734786,0.07692307692307693,0.38461538461538464
OWD,2023-12-11,2023Q4,68,33,0.4852941176470588,11.076923076923077,27.0,2.8703883031230015,0.6923076923076923,0.15384615384615385
OWD,2023-12-12,2023Q4,201,108,0.5373134328358209,6.6923076923076925,17.0,4.532979564245163,1.0,0.0
OWD,2023-12-13,2023Q4,215,96,0.44651162790697674,9.153846153846153,22.0,1.9726202614666035,1.0,0.0
OWD,2023-12-14,2023Q4,241,107,0.44398340248962653,6.3076923076923075,18.0,2.2222726846799614,1.0,0.0
OWD,2023-12-15,2023Q4,286,149,0.5209790209790209,6.6923076923076925,18.0,2.646513904838439,1.0,0.0
OWD,2023-12-16,2023Q4,274,114,0.41605839416058393,4.538461538461538,17.0,1.428319006684738,1.0,0.0
OWD,2023-12-17,2023Q4,297,141,0.47474747474747475,3.1538461538461537,0,0.8538272466108141,0.46153846153846156,0.23076923076923078
OWD,2023-12-19,2023Q4,186,109,0.5860215053763441,7.461538461538462,0,2.42711204357849,1.0,0.0
OWD,2023-12-20,2023Q4,251,132,0.5258964143426295,4.833333333333333,17.0,1.269424351386858,1.0,0.0
OWD,2023-12-21,2023Q4,195,130,0.6666666666666666,9.25,20.0,1.700938086549729,1.0,0.0
OWD,2023-12-22,2023Q4,175,106,0.6057142857142858,2.0,0,0.621861049757511,1.0,0.0
OWD,2023-12-23,2023Q4,187,159,0.8502673796791443,1.2857142857142858,0,0.5319559086358786,1.0,0.0
OWD,2023-12-24,2023Q4,176,124,0.7045454545454546,0.42857142857142855,0,0.10983374115618506,0.7142857142857143,0.14285714285714285
OWD,2023-12-26,2023Q4,32,18,0.5625,1.5,0,0.6674235734894384,0.5,0.0
OWD,2023-12-30,2023Q4,51,24,0.47058823529411764,6.875,0,3.096169021173077,0.0,0.625
OWD,2023-12-31,2023Q4,322,203,0.6304347826086957,5.8,0,2.695195653022297,1.0,0.0
OWD,2024-01-01,2024Q1,124,40,0.3225806451612903,1.125,0,0.4103285736283479,1.0,0.0
OWD,2024-01-02,2024Q1,189,108,0.5714285714285714,3.0833333333333335,0,0.7402219001066391,1.0,0.0
OWD,2024-01-03,2024Q1,195,113,0.5794871794871795,3.6923076923076925,0,1.12254491862025,1.0,0.0
OWD,2024-01-04,2024Q1,161,57,0.35403726708074534,7.846153846153846,24.0,1.575676321327613,1.0,0.0
OWD,2024-01-05,2024Q1,138,45,0.32608695652173914,10.083333333333334,24.0,2.9834267555888494,1.0,0.0
OWD,2024-01-06,2024Q1,328,162,0.49390243902439024,1.7692307692307692,0,0.5426550752630407,1.0,0.0
OWD,2024-01-08,2024Q1,124,47,0.3790322580645161,5.461538461538462,15.0,1.0013870902328614,1.0,0.0
OWD,2024-01-09,2024Q1,126,41,0.3253968253968254,2.4615384615384617,0,0.5313171650456919,0.7692307692307693,0.23076923076923078
OWD,2024-01-10,2024Q1,86,41,0.47674418604651164,10.76923076923077,26.0,4.214994472065874,0.7692307692307693,0.15384615384615385
OWD,2024-01-11,2024Q1,274,155,0.5656934306569343,7.846153846153846,22.0,1.6600321529930862,1.0,0.0
OWD,2024-01-12,2024Q1,283,110,0.38869257950530034,5.384615384615385,0,1.8464015656914337,1.0,0.0
OWD,2024-01-15,2024Q1,285,154,0.5403508771929825,7.25,17.0,3.8233227485667483,1.0,0.0
OWD,2024-01-17,2024Q1,168,45,0.26785714285714285,7.076923076923077,20.0,1.7731710032498065,1.0,0.0
OWD,2024-01-18,2024Q1,226,136,0.6017699115044248,5.923076923076923,14.0,2.647941907548087,1.0,0.0
OWD,2024-01-19,2024Q1,145,127,0.8758620689655172,4.846153846153846,15.0,1.6620424792521555,1.0,0.0
OWD,2024-01-20,2024Q1,246,98,0.3983739837398374,10.23076923076923,21.0,3.008107137864153,0.6923076923076923,0.3076923076923077
OWD,2024-01-21,2024Q1,301,132,0.43853820598006643,11.23076923076923,22.0,4.088910392862874,1.0,0.0
OWD,2024-01-22,2024Q1,193,97,0.5025906735751295,6.0,0,2.6179649808287695,1.0,0.0
OWD,2024-01-23,2024Q1,174,132,0.7586206896551724,5.0,0,1.167472519361293,1.0,0.0
OWD,2024-01-25,2024Q1,195,133,0.6820512820512821,3.230769230769231,0,1.198089831195196,0.9230769230769231,0.0
OWD,2024-01-27,2024Q1,164,46,0.2804878048780488,3.076923076923077,0,1.2784915589221777,0.15384615384615385,0.0
OWD,2024-01-29,2024Q1,174,87,0.5,10.692307692307692,26.0,5.169386286744912,0.46153846153846156,0.0
OWD,2024-01-30,2024Q1,201,86,0.42786069651741293,7.3076923076923075,20.0,3.2818153536689683,0.15384615384615385,0.0
OWD,2024-01-31,2024Q1,257,130,0.5058365758754864,3.1538461538461537,0,1.8691204475914842,0.9230769230769231,0.0
OWD,2024-02-01,2024Q1,325,221,0.68,5.461538461538462,0,3.4966670127042083,0.46153846153846156,0.0
OWD,2024-02-02,2024Q1,244,154,0.6311475409836066,4.615384615384615,0,1.3728210350941303,0.8461538461538461,0.0
OWD,2024-02-03,2024Q1,256,109,0.42578125,7.0,17.0,2.3517440123882953,0.9230769230769231,0.0
OWD,2024-02-04,2024Q1,336,152,0.4523809523809524,6.3076923076923075,17.0,1.903396748180123,1.0,0.0
OWD,2024-02-05,2024Q1,263,107,0.4068441064638783,7.615384615384615,23.0,2.1603916800169327,1.0,0.0
OWD,2024-02-06,2024Q1,284,104,0.36619718309859156,5.615384615384615,16.0,3.2511274834695123,0.6923076923076923,0.0
OWD,2024-02-07,2024Q1,217,93,0.42857142857142855,4.615384615384615,0,2.140897247765859,0.7692307692307693,0.0
OWD,2024-02-08,2024Q1,246,149,0.6056910569105691,2.8461538461538463,0,1.3420342466843673,1.0,0.0
OWD,2024-02-09,2024Q1,241,111,0.4605809128630705,7.153846153846154,19.0,3.7194783948683385,1.0,0.0
OWD,2024-02-10,2024Q1,243,137,0.5637860082304527,5.0,0,3.162008730712655,0.9230769230769231,0.07692307692307693
OWD,2024-02-11,2024Q1,282,57,0.20212765957446807,7.769230769230769,25.0,1.9523486959391045,1.0,0.0
OWD,2024-02-12,2024Q1,299,127,0.42474916387959866,2.923076923076923,0,0.89574374865434,1.0,0.0
OWD,2024-02-15,2024Q1,199,73,0.36683417085427134,6.846153846153846,20.0,2.4510745071057687,1.0,0.0
OWD,2024-02-17,2024Q1,151,52,0.3443708609271523,5.6923076923076925,19.0,2.107372131552111,0.6923076923076923,0.23076923076923078
OWD,2024-02-18,2024Q1,91,40,0.43956043956043955,9.76923076923077,28.0,5.442864300479845,1.0,0.0
OWD,2024-02-19,2024Q1,266,126,0.47368421052631576,7.416666666666667,20.0,2.2964631644445888,1.0,0.0
OWD,2024-02-20,2024Q1,293,101,0.3447098976109215,3.6923076923076925,0,1.1475350648653098,1.0,0.0
OWD,2024-02-21,2024Q1,198,100,0.5050505050505051,4.153846153846154,0,1.4541149421148114,1.0,0.0
OWD,2024-02-22,2024Q1,298,141,0.47315436241610737,5.615384615384615,15.0,2.851227377363232,1.0,0.0
OWD,2024-02-24,2024Q1,251,135,0.5378486055776892,8.76923076923077,18.0,2.3208058672662037,0.6923076923076923,0.0
OWD,2024-02-25,2024Q1,348,222,0.6379310344827587,4.6923076923076925,0,2.352871422409853,1.0,0.0
OWD,2024-02-26,2024Q1,273,93,0.34065934065934067,9.0,25.0,6.107299013338601,1.0,0.0
OWD,2024-02-27,2024Q1,215,98,0.4558139534883721,7.461538461538462,25.0,3.448073872561959,0.7692307692307693,0.0
OWD,2024-03-01,2024Q1,252,106,0.42063492063492064,8.692307692307692,24.0,5.390393361793267,1.0,0.0
OWD,2024-03-02,2024Q1,102,51,0.5,4.6923076923076925,0,1.6103669678344648,0.3076923076923077,0.5384615384615384
OWD,2024-03-03,2024Q1,260,102,0.3923076923076923,6.3076923076923075,19.0,1.9633789097139636,0.46153846153846156,0.0
OWD,2024-03-04,2024Q1,156,33,0.21153846153846154,7.923076923076923,17.0,3.5330453462956775,0.15384615384615385,0.0
OWD,2024-03-08,2024Q1,318,110,0.34591194968553457,8.0,21.0,2.889028470769058,1.0,0.0
OWD,2024-03-09,2024Q1,341,178,0.5219941348973607,7.153846153846154,15.0,1.6437698087280526,0.0,0.0
OWD,2024-03-10,2024Q1,93,39,0.41935483870967744,12.153846153846153,26.0,3.4531057005376193,0.6923076923076923,0.07692307692307693
OWD,2024-03-12,2024Q1,174,53,0.3045977011494253,11.692307692307692,29.0,4.039716044944961,0.9230769230769231,0.0
OWD,2024-03-13,2024Q1,280,127,0.45357142857142857,4.153846153846154,0,1.554609366008766,1.0,0.0
OWD,2024-03-14,2024Q1,262,120,0.4580152671755725,2.923076923076923,0,1.8247378664240788,1.0,0.0
OWD,2024-03-16,2024Q1,226,132,0.584070796460177,5.769230769230769,0,2.888177319204452,1.0,0.0
OWD,2024-03-17,2024Q1,129,79,0.6124031007751938,10.538461538461538,25.0,3.781329801026452,0.7692307692307693,0.07692307692307693
OWD,2024-03-18,2024Q1,111,57,0.5135135135135135,12.076923076923077,31.0,2.5665497702151447,1.0,0.0
OWD,2024-03-19,2024Q1,150,74,0.49333333333333335,11.153846153846153,30.0,3.785994373728072,1.0,0.0
OWD,2024-03-20,2024Q1,188,97,0.5159574468085106,9.076923076923077,25.0,4.6812803735429345,0.7692307692307693,0.07692307692307693
OWD,2024-03-24,2024Q1,135,82,0.6074074074074074,8.153846153846153,24.0,2.47750153380881,1.0,0.0
OWD,2024-03-25,2024Q1,60,17,0.2833333333333333,14.153846153846153,29.0,9.553279455824937,0.9230769230769231,0.0
OWD,2024-03-27,2024Q1,90,25,0.2777777777777778,2.8461538461538463,0,0.9953992975246879,0.3076923076923077,0.0
OWD,2024-03-30,2024Q1,131,34,0.2595419847328244,12.923076923076923,30.0,3.3084980445381498,1.0,0.0
OWD,2024-03-31,2024Q1,255,123,0.4823529411764706,6.384615384615385,21.0,2.2996409044407993,1.0,0.0
OWD,2024-04-01,2024Q2,362,162,0.44751381215469616,3.230769230769231,0,1.3014961556279265,1.0,0.0
OWD,2024-04-02,2024Q2,285,109,0.3824561403508772,8.153846153846153,17.0,4.962294475438132,0.46153846153846156,0.15384615384615385
OWD,2024-04-05,2024Q2,189,74,0.3915343915343915,12.076923076923077,24.0,2.7976561133954436,1.0,0.0
OWD,2024-04-06,2024Q2,162,36,0.2222222222222222,8.538461538461538,20.0,1.8755121669867807,0.46153846153846156,0.5384615384615384
OWD,2024-04-07,2024Q2,298,135,0.45302013422818793,7.230769230769231,20.0,3.370228930513954,1.0,0.0
OWD,2024-04-08,2024Q2,385,123,0.3194805194805195,3.8461538461538463,17.0,1.4439635440133975,1.0,0.0
OWD,2024-04-09,2024Q2,378,145,0.3835978835978836,5.923076923076923,0,3.055074104170421,1.0,0.0
OWD,2024-04-10,2024Q2,302,141,0.46688741721854304,8.076923076923077,18.0,3.6338671487341228,0.9230769230769231,0.0
OWD,2024-04-13,2024Q2,111,50,0.45045045045045046,12.76923076923077,35.0,3.0970247418691397,0.9230769230769231,0.07692307692307693
OWD,2024-04-14,2024Q2,156,77,0.4935897435897436,8.461538461538462,24.0,3.4941820535390136,0.7692307692307693,0.23076923076923078
OWD,2024-04-15,2024Q2,364,149,0.40934065934065933,7.6923076923076925,24.0,3.1199021296182106,1.0,0.0
OWD,2024-04-16,2024Q2,244,123,0.5040983606557377,7.769230769230769,24.0,2.5582850839337303,1.0,0.0
OWD,2024-04-17,2024Q2,379,187,0.49340369393139843,6.461538461538462,17.0,2.8351214336037094,1.0,0.0
OWD,2024-04-18,2024Q2,300,127,0.42333333333333334,6.615384615384615,16.0,2.2655640005535385,0.5384615384615384,0.46153846153846156
OWD,2024-04-19,2024Q2,394,158,0.4010152284263959,7.923076923076923,20.0,3.0774560534999793,1.0,0.0
OWD,2024-04-20,2024Q2,84,32,0.38095238095238093,5.384615384615385,0,2.6426822490846456,0.38461538461538464,0.3076923076923077
OWD,2024-04-21,2024Q2,308,144,0.4675324675324675,8.692307692307692,23.0,2.1350082198631406,1.0,0.0
OWD,2024-04-22,2024Q2,272,106,0.3897058823529412,8.384615384615385,20.0,2.722419436312589,1.0,0.0
OWD,2024-04-23,2024Q2,303,157,0.5181518151815182,8.846153846153847,25.0,3.932195268855314,0.9230769230769231,0.0
OWD,2024-04-24,2024Q2,298,154,0.5167785234899329,9.76923076923077,22.0,4.955524723603946,0.8461538461538461,0.15384615384615385
OWD,2024-04-25,2024Q2,256,121,0.47265625,5.25,18.0,1.6037615864573374,1.0,0.0
OWD,2024-04-26,2024Q2,306,108,0.35294117647058826,6.615384615384615,14.0,2.2803004073006443,1.0,0.0
OWD,2024-04-27,2024Q2,403,207,0.5136476426799007,6.6923076923076925,21.0,4.278160312501578,1.0,0.0
OWD,2024-04-28,2024Q2,266,189,0.7105263157894737,7.0,14.0,5.081404460238788,0.6153846153846154,0.0
OWD,2024-04-29,2024Q2,174,62,0.3563218390804598,7.076923076923077,18.0,2.126031177957622,1.0,0.0
OWD,2024-04-30,2024Q2,210,136,0.6476190476190476,6.769230769230769,0,1.3987005604411338,0.8461538461538461,0.0
OWD,2024-05-01,2024Q2,140,50,0.35714285714285715,4.533333333333333,0,2.086038421312429,0.4,0.0
OWD,2024-05-02,2024Q2,157,87,0.554140127388535,8.4,22.0,5.024837254954241,0.6,0.06666666666666667
OWD,2024-05-03,2024Q2,156,56,0.358974358974359,5.466666666666667,17.0,2.459630481644412,0.5333333333333333,0.0
OWD,2024-05-04,2024Q2,277,131,0.4729241877256318,7.4,18.0,3.6202967757465467,0.7333333333333333,0.0
OWD,2024-05-05,2024Q2,153,92,0.6013071895424836,6.066666666666666,0,2.2651826613796855,0.0,0.26666666666666666
OWD,2024-05-06,2024Q2,154,79,0.512987012987013,4.4,17.0,2.7764717298921906,0.7333333333333333,0.0
OWD,2024-05-07,2024Q2,274,137,0.5,5.533333333333333,17.0,1.6806317009519414,1.0,0.0
OWD,2024-05-09,2024Q2,258,100,0.3875968992248062,7.333333333333333,20.0,2.4149422539308976,1.0,0.0
OWD,2024-05-10,2024Q2,197,84,0.4263959390862944,8.0,22.0,3.305392626858504,0.8666666666666667,0.0
OWD,2024-05-11,2024Q2,196,64,0.32653061224489793,7.8,20.0,3.394124408830723,0.6666666666666666,0.0
OWD,2024-05-12,2024Q2,300,217,0.7233333333333334,3.3333333333333335,0,1.6296850255622921,1.0,0.0
OWD,2024-05-13,2024Q2,374,185,0.4946524064171123,5.266666666666667,16.0,1.8384059980903031,1.0,0.0
OWD,2024-05-14,2024Q2,255,112,0.4392156862745098,9.133333333333333,24.0,5.374808810389754,1.0,0.0
OWD,2024-05-15,2024Q2,272,130,0.47794117647058826,4.666666666666667,0,2.181360282526272,0.7333333333333333,0.26666666666666666
OWD,2024-05-17,2024Q2,406,118,0.29064039408866993,7.866666666666666,23.0,4.6510631794065045,1.0,0.0
OWD,2024-05-18,2024Q2,173,45,0.26011560693641617,8.133333333333333,18.0,5.149432007810532,0.0,0.2
OWD,2024-05-20,2024Q2,385,230,0.5974025974025974,4.8,0,1.6196799248902007,0.6,0.0
OWD,2024-05-21,2024Q2,288,146,0.5069444444444444,6.533333333333333,14.0,3.738006953097603,1.0,0.0
OWD,2024-05-22,2024Q2,292,147,0.5034246575342466,7.733333333333333,20.0,3.58276955698168,1.0,0.0
OWD,2024-05-23,2024Q2,236,140,0.5932203389830508,6.533333333333333,21.0,4.002874979802759,0.8,0.2
OWD,2024-05-24,2024Q2,260,110,0.4230769230769231,10.266666666666667,27.0,3.782987955529993,1.0,0.0
OWD,2024-05-25,2024Q2,344,197,0.5726744186046512,5.4,0,2.856387826618354,1.0,0.0
OWD,2024-05-26,2024Q2,391,192,0.49104859335038364,4.133333333333334,0,2.054712323953902,0.7333333333333333,0.13333333333333333
OWD,2024-05-27,2024Q2,81,38,0.4691358024691358,8.2,23.0,2.3269527636324034,0.2,0.0
OWD,2024-05-28,2024Q2,228,171,0.75,9.066666666666666,23.0,4.061122825766897,0.6666666666666666,0.0
OWD,2024-05-29,2024Q2,338,166,0.4911242603550296,3.8,15.0,0.9230618427450683,1.0,0.0
OWD,2024-05-30,2024Q2,257,102,0.3968871595330739,5.866666666666666,20.0,2.698586161078008,0.4,0.26666666666666666
OWD,2024-05-31,2024Q2,322,161,0.5,5.6,17.0,1.634182695685552,1.0,0.0
OWD,2024-06-01,2024Q2,386,154,0.39896373056994816,4.285714285714286,17.0,1.4002428275403351,1.0,0.0
OWD,2024-06-02,2024Q2,414,237,0.572463768115942,3.8,0,1.5624638926136372,1.0,0.0
OWD,2024-06-03,2024Q2,313,236,0.7539936102236422,4.866666666666666,18.0,1.8182378546293163,1.0,0.0
OWD,2024-06-04,2024Q2,250,140,0.56,4.066666666666666,0,2.1151794858774666,0.9333333333333333,0.0
OWD,2024-06-05,2024Q2,197,112,0.5685279187817259,7.866666666666666,25.0,5.502700485506307,1.0,0.0
OWD,2024-06-06,2024Q2,50,43,0.86,5.6,0,1.556573836293924,0.2,0.06666666666666667
OWD,2024-06-07,2024Q2,281,121,0.4306049822064057,4.733333333333333,15.0,1.398042110034954,0.6666666666666666,0.13333333333333333
OWD,2024-06-08,2024Q2,197,110,0.5583756345177665,10.466666666666667,26.0,2.2126144252499014,1.0,0.0
OWD,2024-06-09,2024Q2,256,174,0.6796875,4.666666666666667,0,0.8579391285585709,0.6,0.3333333333333333
OWD,2024-06-10,2024Q2,300,190,0.6333333333333333,8.066666666666666,22.0,2.012872348726559,1.0,0.0
OWD,2024-06-11,2024Q2,113,69,0.6106194690265486,2.2666666666666666,0,0.5890099650837457,1.0,0.0
OWD,2024-06-12,2024Q2,297,183,0.6161616161616161,3.6,0,0.5371411490427351,1.0,0.0
OWD,2024-06-13,2024Q2,243,177,0.7283950617283951,7.666666666666667,18.0,4.062116904913435,1.0,0.0
OWD,2024-06-14,2024Q2,141,119,0.8439716312056738,6.266666666666667,42.0,3.2086877332801937,0.8,0.2
OWD,2024-06-15,2024Q2,300,171,0.57,7.266666666666667,21.0,1.1273924031019649,1.0,0.0
OWD,2024-06-16,2024Q2,388,238,0.6134020618556701,4.5,0,1.2813488764692493,1.0,0.0
OWD,2024-06-17,2024Q2,276,200,0.7246376811594203,9.333333333333334,21.0,4.865473432945649,1.0,0.0
OWD,2024-06-18,2024Q2,219,138,0.6301369863013698,7.333333333333333,16.0,4.539213035023486,1.0,0.0
OWD,2024-06-19,2024Q2,296,175,0.5912162162162162,8.066666666666666,16.0,4.822518820472586,1.0,0.0
OWD,2024-06-20,2024Q2,201,159,0.7910447761194029,7.466666666666667,28.0,3.347801703353751,0.9333333333333333,0.06666666666666667
OWD,2024-06-21,2024Q2,232,155,0.6681034482758621,5.8,20.0,2.6586954686036672,0.7333333333333333,0.06666666666666667
OWD,2024-06-22,2024Q2,32,18,0.5625,4.666666666666667,17.0,3.0538700568201103,0.0,0.13333333333333333
OWD,2024-06-23,2024Q2,118,72,0.6101694915254238,8.066666666666666,23.0,5.322491102505835,0.6,0.06666666666666667
OWD,2024-06-24,2024Q2,363,276,0.7603305785123967,10.0,20.0,2.559941987884676,0.9333333333333333,0.0
OWD,2024-06-25,2024Q2,286,187,0.6538461538461539,7.2,18.0,2.7536704482923513,1.0,0.0
OWD,2024-06-26,2024Q2,189,132,0.6984126984126984,7.933333333333334,18.0,4.398017441762318,0.8,0.2
OWD,2024-06-27,2024Q2,352,207,0.5880681818181818,8.066666666666666,22.0,2.742310264817894,1.0,0.0
OWD,2024-06-28,2024Q2,328,178,0.5426829268292683,6.8,19.0,2.571690208941888,1.0,0.0
OWD,2024-06-29,2024Q2,303,199,0.6567656765676567,9.2,23.0,5.331605538579423,0.8,0.0
OWD,2024-06-30,2024Q2,190,100,0.5263157894736842,7.333333333333333,19.0,4.500259759472365,0.7333333333333333,0.0
OWD,2024-07-01,2024Q3,228,131,0.5745614035087719,5.133333333333334,24.0,2.174653237332803,0.8666666666666667,0.13333333333333333
OWD,2024-07-02,2024Q3,297,197,0.6632996632996633,4.133333333333334,0,1.4651157197153806,1.0,0.0
OWD,2024-07-03,2024Q3,372,216,0.5806451612903226,5.8,17.0,2.533534225692181,1.0,0.0
OWD,2024-07-04,2024Q3,90,49,0.5444444444444444,6.933333333333334,21.0,4.508141221906575,0.9333333333333333,0.06666666666666667
OWD,2024-07-05,2024Q3,118,51,0.4322033898305085,6.8,17.0,3.0871918378630037,0.2,0.13333333333333333
OWD,2024-07-07,2024Q3,377,139,0.3687002652519894,1.9333333333333333,0,0.7956715385350188,1.0,0.0
OWD,2024-07-08,2024Q3,329,150,0.45592705167173253,3.6,0,0.8625822322176778,1.0,0.0
OWD,2024-07-09,2024Q3,257,100,0.38910505836575876,6.733333333333333,18.0,3.3114289975146147,1.0,0.0
OWD,2024-07-10,2024Q3,173,55,0.3179190751445087,9.666666666666666,26.0,5.863680351161897,0.6666666666666666,0.0
OWD,2024-07-11,2024Q3,108,43,0.39814814814814814,10.333333333333334,25.0,6.78142517020925,0.6666666666666666,0.06666666666666667
OWD,2024-07-12,2024Q3,128,101,0.7890625,7.933333333333334,17.0,5.19097758980923,0.8,0.06666666666666667
OWD,2024-07-13,2024Q3,64,51,0.796875,5.933333333333334,0,3.3588374440192164,0.4666666666666667,0.26666666666666666
OWD,2024-07-14,2024Q3,325,181,0.556923076923077,3.4,0,1.513126514283094,1.0,0.0
OWD,2024-07-15,2024Q3,302,152,0.5033112582781457,7.466666666666667,24.0,3.7086525913145785,1.0,0.0
OWD,2024-07-16,2024Q3,219,87,0.3972602739726027,9.666666666666666,23.0,4.239929381529486,1.0,0.0
OWD,2024-07-17,2024Q3,325,138,0.4246153846153846,6.533333333333333,17.0,2.9984191159480633,1.0,0.0
OWD,2024-07-18,2024Q3,199,174,0.8743718592964824,6.333333333333333,18.0,2.027108310974546,0.9333333333333333,0.0
OWD,2024-07-19,2024Q3,336,152,0.4523809523809524,4.357142857142857,14.0,1.1125374876490546,1.0,0.0
OWD,2024-07-20,2024Q3,299,183,0.6120401337792643,6.533333333333333,18.0,3.2034750540668515,1.0,0.0
OWD,2024-07-21,2024Q3,276,195,0.7065217391304348,5.142857142857143,0,1.9478798704810951,1.0,0.0
OWD,2024-07-23,2024Q3,186,148,0.7956989247311828,4.2,0,1.2023222447990436,0.9333333333333333,0.0
OWD,2024-07-25,2024Q3,137,131,0.9562043795620438,6.333333333333333,17.0,3.077932957519153,0.4666666666666667,0.0
OWD,2024-07-27,2024Q3,273,150,0.5494505494505495,3.2,0,1.0995671034784429,1.0,0.0
OWD,2024-07-28,2024Q3,251,173,0.6892430278884463,3.6,0,0.7620598560907136,0.8,0.2
OWD,2024-07-29,2024Q3,91,44,0.4835164835164835,5.4,0,2.3076482076977616,0.6666666666666666,0.13333333333333333
OWD,2024-07-30,2024Q3,311,189,0.6077170418006431,9.733333333333333,22.0,5.902669480994951,0.7333333333333333,0.0
OWD,2024-07-31,2024Q3,116,51,0.4396551724137931,9.266666666666667,25.0,5.023688621436478,0.4,0.06666666666666667
OWD,2024-08-01,2024Q3,355,212,0.5971830985915493,6.0,15.0,1.5967196640596601,1.0,0.0
OWD,2024-08-02,2024Q3,325,160,0.49230769230769234,2.2,0,0.9676630583700014,0.9333333333333333,0.06666666666666667
OWD,2024-08-03,2024Q3,229,127,0.5545851528384279,8.666666666666666,19.0,2.792401207577943,0.8666666666666667,0.0
OWD,2024-08-04,2024Q3,247,243,0.9838056680161943,6.133333333333334,16.0,2.631562340209153,0.5333333333333333,0.26666666666666666
OWD,2024-08-05,2024Q3,188,135,0.7180851063829787,5.0,0,3.215269119817386,1.0,0.0
OWD,2024-08-06,2024Q3,64,38,0.59375,5.466666666666667,15.0,2.5686328983584072,0.3333333333333333,0.06666666666666667
OWD,2024-08-07,2024Q3,230,73,0.3173913043478261,4.666666666666667,0,2.1336102862179005,0.5333333333333333,0.0
OWD,2024-08-08,2024Q3,408,245,0.6004901960784313,5.066666666666666,15.0,1.6266806499932416,0.6666666666666666,0.0
OWD,2024-08-10,2024Q3,251,202,0.8047808764940239,6.933333333333334,18.0,2.059673023954143,1.0,0.0
OWD,2024-08-11,2024Q3,260,195,0.75,5.933333333333334,18.0,2.7895702340527233,1.0,0.0
OWD,2024-08-12,2024Q3,285,213,0.7473684210526316,6.4,20.0,1.410267088733545,1.0,0.0
OWD,2024-08-13,2024Q3,254,193,0.7598425196850394,4.733333333333333,0,1.1776289728215927,1.0,0.0
OWD,2024-08-14,2024Q3,459,185,0.40305010893246185,2.4,0,1.3721995590387015,1.0,0.0
OWD,2024-08-15,2024Q3,342,160,0.4678362573099415,3.7333333333333334,24.0,1.4921130591256764,0.6,0.4
OWD,2024-08-16,2024Q3,342,190,0.5555555555555556,2.6,0,0.5963139322436016,0.4666666666666667,0.0
OWD,2024-08-17,2024Q3,227,163,0.7180616740088106,3.3333333333333335,0,1.0651879978061998,0.6,0.0
OWD,2024-08-18,2024Q3,123,45,0.36585365853658536,3.3333333333333335,0,0.9637810567078736,0.5333333333333333,0.0
OWD,2024-08-19,2024Q3,137,120,0.8759124087591241,3.8666666666666667,0,1.873933053868302,0.4,0.06666666666666667
OWD,2024-08-20,2024Q3,258,163,0.6317829457364341,6.666666666666667,19.0,2.048759096100363,0.8666666666666667,0.0
OWD,2024-08-21,2024Q3,261,199,0.7624521072796935,5.133333333333334,19.0,1.5149196646092267,1.0,0.0
OWD,2024-08-22,2024Q3,472,248,0.5254237288135594,5.866666666666666,15.0,1.1288726349688922,1.0,0.0
OWD,2024-08-23,2024Q3,313,127,0.4057507987220447,4.733333333333333,17.0,1.0537752087563252,1.0,0.0
OWD,2024-08-24,2024Q3,259,158,0.61003861003861,4.0,14.0,0.9744095013236952,1.0,0.0
OWD,2024-08-25,2024Q3,307,140,0.4560260586319218,2.3333333333333335,0,0.3999601672084979,1.0,0.0
OWD,2024-08-26,2024Q3,240,123,0.5125,3.533333333333333,0,1.5016951283279432,1.0,0.0
OWD,2024-08-27,2024Q3,267,128,0.4794007490636704,2.6666666666666665,0,0.6808931232452351,1.0,0.0
OWD,2024-08-28,2024Q3,231,98,0.42424242424242425,8.066666666666666,25.0,2.823496308291232,1.0,0.0
OWD,2024-08-29,2024Q3,372,234,0.6290322580645161,6.466666666666667,17.0,3.5848753523226513,1.0,0.0
OWD,2024-08-30,2024Q3,298,161,0.540268456375839,5.466666666666667,16.0,2.5883901668388116,0.8,0.0
OWD,2024-08-31,2024Q3,256,164,0.640625,4.866666666666666,15.0,2.4493421635330033,0.9333333333333333,0.0
OWD,2024-09-01,2024Q3,230,92,0.4,7.866666666666666,19.0,5.375515953481947,0.4,0.0
OWD,2024-09-02,2024Q3,305,127,0.4163934426229508,6.866666666666666,18.0,1.7621130115007269,1.0,0.0
OWD,2024-09-03,2024Q3,358,180,0.5027932960893855,4.285714285714286,16.0,1.1443055449773143,1.0,0.0
OWD,2024-09-04,2024Q3,351,181,0.5156695156695157,3.3333333333333335,0,1.327469984109611,1.0,0.0
OWD,2024-09-05,2024Q3,397,201,0.5062972292191436,4.333333333333333,0,0.721539484908756,1.0,0.0
OWD,2024-09-06,2024Q3,205,90,0.43902439024390244,7.333333333333333,0,4.572325200280251,0.3333333333333333,0.0
OWD,2024-09-07,2024Q3,341,227,0.6656891495601173,4.428571428571429,0,1.8317519196863497,0.9285714285714286,0.0
OWD,2024-09-08,2024Q3,175,96,0.5485714285714286,9.285714285714286,23.0,1.8873436946925555,1.0,0.0
OWD,2024-09-09,2024Q3,356,243,0.6825842696629213,7.666666666666667,23.0,2.0048588181795264,1.0,0.0
OWD,2024-09-10,2024Q3,300,141,0.47,5.8,15.0,1.8191858051545051,1.0,0.0
OWD,2024-09-11,2024Q3,271,187,0.6900369003690037,2.8666666666666667,0,1.0613226436937089,1.0,0.0
OWD,2024-09-12,2024Q3,376,216,0.574468085106383,5.466666666666667,15.0,2.6373470740500697,1.0,0.0
OWD,2024-09-13,2024Q3,506,265,0.5237154150197628,4.266666666666667,0,1.6000804158222395,1.0,0.0
OWD,2024-09-14,2024Q3,372,217,0.5833333333333334,5.266666666666667,0,2.6848080175645492,0.9333333333333333,0.0
OWD,2024-09-15,2024Q3,362,280,0.7734806629834254,3.3333333333333335,0,0.8732444289156449,0.8,0.0
OWD,2024-09-17,2024Q3,198,141,0.7121212121212122,1.4666666666666666,0,0.5424065544664864,0.8,0.0
OWD,2024-09-18,2024Q3,289,193,0.6678200692041523,1.6,0,0.5301111071347407,1.0,0.0
OWD,2024-09-19,2024Q3,64,17,0.265625,7.533333333333333,20.0,5.432767510652763,0.13333333333333333,0.13333333333333333
OWD,2024-09-22,2024Q3,190,99,0.5210526315789473,9.066666666666666,24.0,5.629083539172331,0.6,0.0
OWD,2024-09-24,2024Q3,311,209,0.6720257234726688,5.533333333333333,16.0,2.367317294228726,0.8,0.06666666666666667
OWD,2024-09-25,2024Q3,236,168,0.711864406779661,5.0,0,1.4787157395650676,0.9333333333333333,0.0
OWD,2024-09-26,2024Q3,38,23,0.6052631578947368,4.666666666666667,0,1.849966558805398,0.0,0.26666666666666666
OWD,2024-09-27,2024Q3,335,203,0.6059701492537314,3.1333333333333333,0,1.4839787559053026,1.0,0.0
OWD,2024-09-28,2024Q3,308,189,0.6136363636363636,5.2,16.0,2.525600310849937,0.8,0.0
OWD,2024-09-29,2024Q3,398,252,0.6331658291457286,3.066666666666667,0,1.3949828320714854,0.4,0.0
OWD,2024-09-30,2024Q3,264,126,0.4772727272727273,2.8,0,1.514359690471854,0.8,0.0
OWD,2024-10-01,2024Q4,191,145,0.7591623036649214,6.133333333333334,19.0,3.8288297770716033,0.4,0.0
OWD,2024-10-02,2024Q4,231,158,0.683982683982684,3.8666666666666667,0,1.4281650893698827,0.9333333333333333,0.0
OWD,2024-10-03,2024Q4,287,235,0.818815331010453,3.3333333333333335,0,1.3049674530442403,1.0,0.0
OWD,2024-10-04,2024Q4,341,175,0.5131964809384164,4.4,16.0,1.5330453354967144,1.0,0.0
OWD,2024-10-05,2024Q4,359,200,0.5571030640668524,4.6,17.0,1.3887945238858557,0.9333333333333333,0.06666666666666667
OWD,2024-10-06,2024Q4,294,155,0.5272108843537415,3.066666666666667,0,1.0003735303854329,0.9333333333333333,0.0
OWD,2024-10-08,2024Q4,248,176,0.7096774193548387,4.466666666666667,18.0,1.47946434470695,0.9333333333333333,0.0
OWD,2024-10-09,2024Q4,278,161,0.579136690647482,5.6,19.0,1.629754451805426,1.0,0.0
OWD,2024-10-10,2024Q4,247,127,0.5141700404858299,8.6,23.0,2.4375128832725115,1.0,0.0
OWD,2024-10-11,2024Q4,380,226,0.5947368421052631,5.6,21.0,1.714941673044893,1.0,0.0
OWD,2024-10-12,2024Q4,169,59,0.34911242603550297,9.533333333333333,31.0,3.419809330668607,0.8,0.2
OWD,2024-10-13,2024Q4,224,91,0.40625,2.6,0,0.9214202974799794,0.6,0.2
OWD,2024-10-14,2024Q4,32,20,0.625,4.2,0,0.9269637054684211,0.26666666666666666,0.06666666666666667
OWD,2024-10-15,2024Q4,221,127,0.5746606334841629,8.733333333333333,22.0,2.2766770193751227,1.0,0.0
OWD,2024-10-16,2024Q4,150,113,0.7533333333333333,7.133333333333334,23.0,2.4659168451194486,0.9333333333333333,0.06666666666666667
OWD,2024-10-17,2024Q4,346,165,0.476878612716763,3.466666666666667,15.0,1.3251129420658656,1.0,0.0
OWD,2024-10-18,2024Q4,309,111,0.3592233009708738,6.066666666666666,19.0,3.2760391936064495,0.9333333333333333,0.0
OWD,2024-10-19,2024Q4,421,222,0.5273159144893111,2.8,0,1.6424448442607145,1.0,0.0
OWD,2024-10-20,2024Q4,301,203,0.6744186046511628,3.4,15.0,1.1601834065670782,1.0,0.0
OWD,2024-10-21,2024Q4,298,190,0.6375838926174496,4.666666666666667,19.0,1.6529438279812445,1.0,0.0
OWD,2024-10-22,2024Q4,261,189,0.7241379310344828,2.933333333333333,0,1.772300649253455,1.0,0.0
OWD,2024-10-23,2024Q4,199,139,0.6984924623115578,8.2,24.0,5.334542114697873,0.8,0.0
OWD,2024-10-24,2024Q4,179,138,0.770949720670391,6.2,19.0,2.0769057041529653,1.0,0.0
OWD,2024-10-25,2024Q4,405,210,0.5185185185185185,3.6,0,1.520162321125107,1.0,0.0
OWD,2024-10-26,2024Q4,166,115,0.6927710843373494,9.2,28.0,2.226723892507842,1.0,0.0
OWD,2024-10-27,2024Q4,237,155,0.6540084388185654,6.2,21.0,1.3971753301307606,1.0,0.0
OWD,2024-10-28,2024Q4,292,149,0.5102739726027398,3.2,0,1.2696106544478503,0.8666666666666667,0.0
OWD,2024-10-29,2024Q4,245,167,0.6816326530612244,5.466666666666667,15.0,1.2772194727238324,0.9333333333333333,0.06666666666666667
OWD,2024-10-30,2024Q4,158,95,0.6012658227848101,5.142857142857143,0,2.4699439368627663,0.6428571428571429,0.0
OWD,2024-10-31,2024Q4,304,179,0.5888157894736842,6.266666666666667,0,3.2086272476554063,1.0,0.0
OWD,2024-11-01,2024Q4,151,48,0.31788079470198677,10.846153846153847,26.0,4.487360351085388,1.0,0.0
OWD,2024-11-02,2024Q4,304,214,0.7039473684210527,4.75,15.0,2.0337897029415752,1.0,0.0
OWD,2024-11-03,2024Q4,298,170,0.5704697986577181,3.0,0,0.911844621634318,1.0,0.0
OWD,2024-11-04,2024Q4,261,170,0.6513409961685823,2.4615384615384617,0,0.69264921729299,0.9230769230769231,0.0
OWD,2024-11-05,2024Q4,182,96,0.5274725274725275,8.923076923076923,21.0,6.202734525752798,1.0,0.0
OWD,2024-11-06,2024Q4,115,66,0.5739130434782609,10.692307692307692,30.0,6.671531020815785,1.0,0.0
OWD,2024-11-07,2024Q4,136,99,0.7279411764705882,7.461538461538462,26.0,2.150515024460609,1.0,0.0
OWD,2024-11-08,2024Q4,156,74,0.47435897435897434,12.76923076923077,29.0,3.5238809354390224,1.0,0.0
OWD,2024-11-09,2024Q4,278,118,0.4244604316546763,8.538461538461538,27.0,1.6249534556366239,1.0,0.0
OWD,2024-11-10,2024Q4,297,172,0.5791245791245792,6.384615384615385,21.0,4.025482304518062,1.0,0.0
OWD,2024-11-11,2024Q4,126,68,0.5396825396825397,8.461538461538462,22.0,2.305597693295794,0.8461538461538461,0.0
OWD,2024-11-12,2024Q4,45,22,0.4888888888888889,12.23076923076923,33.0,2.5932421715387366,1.0,0.0
OWD,2024-11-13,2024Q4,246,104,0.42276422764227645,7.0,22.0,4.1705798887813375,1.0,0.0
OWD,2024-11-14,2024Q4,297,165,0.5555555555555556,4.384615384615385,17.0,2.305397816460936,1.0,0.0
OWD,2024-11-15,2024Q4,275,173,0.6290909090909091,5.538461538461538,15.0,2.0647185242938977,1.0,0.0
OWD,2024-11-16,2024Q4,251,130,0.5179282868525896,8.538461538461538,25.0,2.7154272411309965,1.0,0.0
OWD,2024-11-17,2024Q4,417,266,0.6378896882494005,6.230769230769231,19.0,2.2442741274809843,1.0,0.0
OWD,2024-11-18,2024Q4,284,179,0.6302816901408451,5.3076923076923075,17.0,1.9815509051975906,0.9230769230769231,0.07692307692307693
OWD,2024-11-19,2024Q4,192,128,0.6666666666666666,5.3076923076923075,19.0,1.603784906341054,1.0,0.0
OWD,2024-11-20,2024Q4,247,121,0.4898785425101215,3.8461538461538463,14.0,1.4727382244153988,1.0,0.0
OWD,2024-11-22,2024Q4,292,118,0.4041095890410959,6.153846153846154,20.0,1.2431813547006958,0.7692307692307693,0.15384615384615385
OWD,2024-11-24,2024Q4,76,35,0.4605263157894737,13.846153846153847,36.0,3.1842043241970925,1.0,0.0
OWD,2024-11-25,2024Q4,236,125,0.5296610169491526,7.769230769230769,21.0,2.930988861904966,1.0,0.0
OWD,2024-11-26,2024Q4,84,52,0.6190476190476191,2.1538461538461537,17.0,0.8393891016706482,0.38461538461538464,0.46153846153846156
OWD,2024-11-27,2024Q4,261,165,0.632183908045977,4.923076923076923,16.0,0.9872218929884116,1.0,0.0
OWD,2024-11-29,2024Q4,114,86,0.7543859649122807,6.0,22.0,1.3678170894990755,1.0,0.0
OWD,2024-11-30,2024Q4,265,192,0.7245283018867924,6.0,16.0,1.2423836978415939,1.0,0.0
OWD,2024-12-01,2024Q4,274,177,0.6459854014598541,6.6923076923076925,16.0,3.960084087628892,1.0,0.0
OWD,2024-12-02,2024Q4,228,127,0.5570175438596491,2.4545454545454546,0,0.7691915296726348,1.0,0.0
OWD,2024-12-03,2024Q4,224,153,0.6830357142857143,4.846153846153846,0,1.4878394268288062,1.0,0.0
OWD,2024-12-04,2024Q4,214,169,0.7897196261682243,5.153846153846154,0,1.942019363926497,1.0,0.0
OWD,2024-12-06,2024Q4,161,61,0.37888198757763975,11.615384615384615,28.0,3.9911366862968185,1.0,0.0
OWD,2024-12-07,2024Q4,280,175,0.625,6.3076923076923075,19.0,1.133527744898451,1.0,0.0
OWD,2024-12-08,2024Q4,134,100,0.746268656716418,9.307692307692308,23.0,3.1351287186704626,1.0,0.0
OWD,2024-12-09,2024Q4,202,132,0.6534653465346535,3.6923076923076925,0,1.4169793212926933,0.6153846153846154,0.38461538461538464
OWD,2024-12-12,2024Q4,163,58,0.3558282208588957,10.384615384615385,26.0,3.764234256748433,1.0,0.0
OWD,2024-12-13,2024Q4,190,119,0.6263157894736842,8.538461538461538,22.0,3.357525062841393,1.0,0.0
OWD,2024-12-14,2024Q4,259,169,0.6525096525096525,2.3846153846153846,0,0.8061506238030436,1.0,0.0
OWD,2024-12-15,2024Q4,205,137,0.6682926829268293,0.46153846153846156,0,0.04871673144676023,1.0,0.0
OWD,2024-12-16,2024Q4,292,161,0.5513698630136986,3.769230769230769,0,0.75262829299704,0.15384615384615385,0.0
OWD,2024-12-17,2024Q4,181,82,0.4530386740331492,8.0,23.0,2.5124124190237924,0.6923076923076923,0.0
OWD,2024-12-18,2024Q4,256,158,0.6171875,4.615384615384615,0,2.2238095502756092,0.8461538461538461,0.07692307692307693
OWD,2024-12-19,2024Q4,174,89,0.5114942528735632,6.3076923076923075,21.0,2.4727640778749853,1.0,0.0
OWD,2024-12-22,2024Q4,138,67,0.4855072463768116,6.923076923076923,18.0,1.2602947545496999,1.0,0.0
OWD,2024-12-23,2024Q4,173,97,0.5606936416184971,2.769230769230769,0,1.3398795125447474,1.0,0.0
OWD,2024-12-26,2024Q4,251,127,0.5059760956175299,0.23076923076923078,0,0.09697710367093913,1.0,0.0
OWD,2024-12-27,2024Q4,291,142,0.4879725085910653,1.9230769230769231,0,1.288641958284447,1.0,0.0
OWD,2024-12-30,2024Q4,127,54,0.4251968503937008,8.923076923076923,21.0,5.21898509894471,0.46153846153846156,0.3076923076923077
OWD,2024-12-31,2024Q4,202,161,0.7970297029702971,4.153846153846154,16.0,1.3918648622755765,1.0,0.0
OWD,2025-01-03,2025Q1,112,69,0.6160714285714286,12.461538461538462,33.0,1.789804407848237,1.0,0.0
OWD,2025-01-04,2025Q1,76,60,0.7894736842105263,13.461538461538462,33.0,4.785760717281793,1.0,0.0
OWD,2025-01-05,2025Q1,144,102,0.7083333333333334,10.923076923076923,28.0,4.388940181488563,1.0,0.0
OWD,2025-01-06,2025Q1,209,151,0.722488038277512,6.461538461538462,0,1.4782545242494947,1.0,0.0
OWD,2025-01-07,2025Q1,37,23,0.6216216216216216,14.0,33.0,6.067199276594089,1.0,0.0
OWD,2025-01-10,2025Q1,287,174,0.6062717770034843,6.615384615384615,19.0,2.2428533094881677,1.0,0.0
OWD,2025-01-12,2025Q1,203,108,0.5320197044334976,4.153846153846154,18.0,1.0604130215618879,1.0,0.0
OWD,2025-01-13,2025Q1,282,134,0.475177304964539,2.6923076923076925,0,0.7933116489589873,1.0,0.0
OWD,2025-01-14,2025Q1,104,61,0.5865384615384616,14.076923076923077,29.0,3.098322943104471,1.0,0.0
OWD,2025-01-15,2025Q1,108,79,0.7314814814814815,11.23076923076923,26.0,4.786304140727422,1.0,0.0
OWD,2025-01-16,2025Q1,235,98,0.41702127659574467,3.769230769230769,0,1.315246441127137,1.0,0.0
OWD,2025-01-17,2025Q1,347,148,0.4265129682997118,3.8461538461538463,0,1.3374518524574528,1.0,0.0
OWD,2025-01-18,2025Q1,247,132,0.5344129554655871,6.153846153846154,22.0,2.6672372707340317,0.46153846153846156,0.23076923076923078
OWD,2025-01-19,2025Q1,181,128,0.7071823204419889,5.153846153846154,16.0,1.7486849875835817,0.6153846153846154,0.23076923076923078
OWD,2025-01-20,2025Q1,38,10,0.2631578947368421,9.461538461538462,22.0,3.076248621755522,1.0,0.0
OWD,2025-01-21,2025Q1,134,102,0.7611940298507462,4.0,0,1.3550668664764312,1.0,0.0
OWD,2025-01-22,2025Q1,165,80,0.48484848484848486,1.9230769230769231,0,0.5327350663090157,1.0,0.0
OWD,2025-01-23,2025Q1,428,162,0.37850467289719625,6.0,20.0,4.140036889439434,1.0,0.0
OWD,2025-01-24,2025Q1,391,188,0.48081841432225064,5.615384615384615,18.0,1.6805978373412351,1.0,0.0
OWD,2025-01-25,2025Q1,297,168,0.5656565656565656,6.384615384615385,21.0,2.957267016274704,1.0,0.0
OWD,2025-01-26,2025Q1,100,60,0.6,10.846153846153847,29.0,1.4276973530469177,1.0,0.0
OWD,2025-01-27,2025Q1,122,78,0.639344262295082,10.461538461538462,26.0,6.666393989367467,1.0,0.0
OWD,2025-01-30,2025Q1,243,74,0.3045267489711934,9.538461538461538,28.0,2.6179993284541556,1.0,0.0
OWD,2025-01-31,2025Q1,153,59,0.38562091503267976,2.6153846153846154,15.0,1.7517230630373108,0.07692307692307693,0.6923076923076923
OWD,2025-02-02,2025Q1,241,67,0.27800829875518673,4.230769230769231,0,1.1901694647612409,1.0,0.0
OWD,2025-02-03,2025Q1,246,65,0.26422764227642276,5.0,0,2.7535803743775764,1.0,0.0
OWD,2025-02-05,2025Q1,315,111,0.3523809523809524,6.6923076923076925,19.0,1.943216776053568,1.0,0.0
OWD,2025-02-07,2025Q1,43,14,0.32558139534883723,13.384615384615385,37.0,2.631138374825315,1.0,0.0
OWD,2025-02-08,2025Q1,355,137,0.38591549295774646,5.416666666666667,0,1.257286717792663,1.0,0.0
OWD,2025-02-10,2025Q1,260,55,0.21153846153846154,7.538461538461538,20.0,2.123190512013054,1.0,0.0
OWD,2025-02-11,2025Q1,238,94,0.3949579831932773,6.076923076923077,20.0,2.7214533576249473,1.0,0.0
OWD,2025-02-12,2025Q1,85,32,0.3764705882352941,7.076923076923077,21.0,3.1861315610618335,0.23076923076923078,0.0
OWD,2025-02-15,2025Q1,353,180,0.509915014164306,3.3076923076923075,0,1.4930909877257248,0.7692307692307693,0.23076923076923078
OWD,2025-02-19,2025Q1,213,98,0.460093896713615,10.846153846153847,22.0,3.6349754128832,1.0,0.0
OWD,2025-02-20,2025Q1,224,74,0.33035714285714285,4.0,0,1.3540481732833607,0.46153846153846156,0.0
OWD,2025-02-21,2025Q1,173,52,0.30057803468208094,11.923076923076923,24.0,4.818139682608035,1.0,0.0
OWD,2025-02-22,2025Q1,335,160,0.47761194029850745,7.0,20.0,2.7515791959703924,1.0,0.0
OWD,2025-02-23,2025Q1,271,124,0.4575645756457565,8.307692307692308,20.0,2.129162616954919,1.0,0.0
OWD,2025-02-24,2025Q1,263,154,0.5855513307984791,7.615384615384615,22.0,4.2957224224934825,1.0,0.0
OWD,2025-02-25,2025Q1,283,104,0.3674911660777385,5.615384615384615,0,2.8361987155978508,1.0,0.0
OWD,2025-02-26,2025Q1,268,98,0.3656716417910448,9.692307692307692,22.0,3.7861860596510413,1.0,0.0
OWD,2025-02-28,2025Q1,130,39,0.3,11.846153846153847,31.0,3.28102308701709,1.0,0.0
OWD,2025-03-01,2025Q1,206,84,0.4077669902912621,11.23076923076923,37.0,4.075042717906938,0.8461538461538461,0.15384615384615385
OWD,2025-03-02,2025Q1,202,52,0.25742574257425743,11.692307692307692,26.0,3.4516178293634074,1.0,0.0
OWD,2025-03-03,2025Q1,266,63,0.23684210526315788,6.6923076923076925,18.0,1.9920816287552334,1.0,0.0
OWD,2025-03-04,2025Q1,204,66,0.3235294117647059,10.923076923076923,26.0,7.713099525132814,1.0,0.0
OWD,2025-03-09,2025Q1,206,80,0.3883495145631068,10.0,29.0,2.542839008807642,1.0,0.0
OWD,2025-03-10,2025Q1,167,54,0.32335329341317365,10.692307692307692,28.0,2.3009397730429573,1.0,0.0
OWD,2025-03-11,2025Q1,214,100,0.4672897196261682,10.153846153846153,26.0,5.5147613469149395,1.0,0.0
OWD,2025-03-12,2025Q1,272,96,0.35294117647058826,7.846153846153846,20.0,4.212384285176345,1.0,0.0
OWD,2025-03-13,2025Q1,211,88,0.41706161137440756,8.076923076923077,17.0,1.9997002561230923,1.0,0.0
OWD,2025-03-14,2025Q1,454,108,0.23788546255506607,3.923076923076923,0,1.8233962225483806,0.9230769230769231,0.0
OWD,2025-03-15,2025Q1,296,84,0.28378378378378377,8.846153846153847,19.0,4.673882177425254,0.6153846153846154,0.0
OWD,2025-03-18,2025Q1,248,154,0.6209677419354839,7.461538461538462,20.0,3.811275638971734,1.0,0.0
OWD,2025-03-19,2025Q1,243,174,0.7160493827160493,6.230769230769231,14.0,3.849278605596336,0.9230769230769231,0.0
OWD,2025-03-22,2025Q1,305,175,0.5737704918032787,10.538461538461538,27.0,6.219853804012975,1.0,0.0
OWD,2025-03-23,2025Q1,178,112,0.6292134831460674,11.384615384615385,28.0,4.393825872461795,1.0,0.0
OWD,2025-03-24,2025Q1,152,71,0.46710526315789475,5.615384615384615,19.0,1.2854530520146208,0.23076923076923078,0.6923076923076923
OWD,2025-03-25,2025Q1,311,180,0.5787781350482315,7.461538461538462,24.0,2.605324670947001,0.8461538461538461,0.0
OWD,2025-03-26,2025Q1,318,244,0.7672955974842768,4.083333333333333,0,1.0696364779334893,1.0,0.0
OWD,2025-03-27,2025Q1,340,146,0.4294117647058823,8.615384615384615,19.0,2.5360926450619323,1.0,0.0
OWD,2025-03-28,2025Q1,271,123,0.45387453874538747,9.615384615384615,26.0,1.9817557388608156,1.0,0.0
OWD,2025-03-30,2025Q1,186,103,0.553763440860215,5.0,0,1.56055618711488,0.0,0.0
OWD,2025-04-01,2025Q2,165,109,0.6606060606060606,11.384615384615385,25.0,2.9013082051128345,0.9230769230769231,0.0
OWD,2025-04-02,2025Q2,350,252,0.72,7.076923076923077,18.0,2.3544697510111776,1.0,0.0
OWD,2025-04-04,2025Q2,424,197,0.46462264150943394,9.0,22.0,2.363373986112919,1.0,0.0
OWD,2025-04-05,2025Q2,277,136,0.49097472924187724,7.0,0,1.981386466009853,0.46153846153846156,0.5384615384615384
OWD,2025-04-06,2025Q2,165,60,0.36363636363636365,3.6153846153846154,0,0.9051123477153642,0.6923076923076923,0.23076923076923078
OWD,2025-04-08,2025Q2,119,31,0.2605042016806723,10.692307692307692,31.0,2.807505198803805,0.6153846153846154,0.07692307692307693
OWD,2025-04-09,2025Q2,284,218,0.7676056338028169,8.23076923076923,22.0,2.9546826896822083,1.0,0.0
OWD,2025-04-10,2025Q2,349,227,0.6504297994269341,5.3076923076923075,16.0,2.875234210293299,1.0,0.0
OWD,2025-04-11,2025Q2,196,111,0.5663265306122449,6.769230769230769,17.0,3.7391258890237755,0.5384615384615384,0.0
OWD,2025-04-14,2025Q2,247,166,0.6720647773279352,6.846153846153846,21.0,1.20605633709135,1.0,0.0
OWD,2025-04-15,2025Q2,281,225,0.800711743772242,8.76923076923077,39.0,4.826565570677693,0.6923076923076923,0.15384615384615385
OWD,2025-04-16,2025Q2,59,40,0.6779661016949152,15.538461538461538,32.0,2.693344536877395,1.0,0.0
OWD,2025-04-17,2025Q2,284,131,0.4612676056338028,12.615384615384615,28.0,4.068058059855111,1.0,0.0
OWD,2025-04-18,2025Q2,325,224,0.6892307692307692,9.307692307692308,29.0,5.986339269609474,1.0,0.0
OWD,2025-04-19,2025Q2,190,139,0.7315789473684211,10.692307692307692,22.0,6.09334547599557,1.0,0.0
OWD,2025-04-20,2025Q2,49,26,0.5306122448979592,14.461538461538462,35.0,5.5862511857169554,1.0,0.0
OWD,2025-04-21,2025Q2,335,270,0.8059701492537313,6.769230769230769,20.0,4.56080276896497,1.0,0.0
OWD,2025-04-22,2025Q2,278,176,0.6330935251798561,3.6923076923076925,0,1.5035261060487393,0.6153846153846154,0.0
OWD,2025-04-23,2025Q2,375,239,0.6373333333333333,7.5,21.0,2.4519008787289045,1.0,0.0
OWD,2025-04-24,2025Q2,336,189,0.5625,7.181818181818182,22.0,4.0567610925259485,1.0,0.0
OWD,2025-04-25,2025Q2,398,166,0.41708542713567837,4.0,0,2.211729694431479,1.0,0.0
OWD,2025-04-27,2025Q2,125,90,0.72,15.76923076923077,35.0,6.030922742128977,0.8461538461538461,0.15384615384615385
OWD,2025-04-28,2025Q2,296,196,0.6621621621621622,7.0,19.0,1.7302388621098816,1.0,0.0
OWD,2025-04-29,2025Q2,95,70,0.7368421052631579,13.153846153846153,29.0,9.339162557661405,1.0,0.0
OWD,2025-04-30,2025Q2,194,144,0.7422680412371134,10.846153846153847,26.0,3.436059519778401,1.0,0.0
OWD,2025-05-01,2025Q2,454,247,0.5440528634361234,5.533333333333333,17.0,2.680905317946373,1.0,0.0
OWD,2025-05-02,2025Q2,212,155,0.7311320754716981,6.133333333333334,0,2.314505893384447,0.6666666666666666,0.0
OWD,2025-05-03,2025Q2,260,181,0.6961538461538461,9.466666666666667,28.0,5.422594636561967,0.7333333333333333,0.26666666666666666
OWD,2025-05-04,2025Q2,248,140,0.5645161290322581,7.133333333333334,21.0,4.102652924625739,0.5333333333333333,0.06666666666666667
OWD,2025-05-07,2025Q2,274,199,0.7262773722627737,7.6,23.0,4.7225073523284005,1.0,0.0
OWD,2025-05-08,2025Q2,276,176,0.6376811594202898,3.0,0,0.6248450536390925,0.8666666666666667,0.13333333333333333
OWD,2025-05-11,2025Q2,267,160,0.599250936329588,8.733333333333333,22.0,3.5737251754510977,1.0,0.0
OWD,2025-05-12,2025Q2,252,185,0.7341269841269841,9.6,27.0,6.648317950690511,1.0,0.0
OWD,2025-05-13,2025Q2,311,235,0.7556270096463023,7.266666666666667,18.0,2.182704471144402,1.0,0.0
OWD,2025-05-14,2025Q2,233,138,0.592274678111588,3.3333333333333335,0,1.964046425242518,0.9333333333333333,0.0
OWD,2025-05-15,2025Q2,36,14,0.3888888888888889,4.133333333333334,0,1.5424449339130353,0.0,0.26666666666666666
OWD,2025-05-16,2025Q2,333,222,0.6666666666666666,5.6,0,2.707583146815408,0.6,0.0
OWD,2025-05-17,2025Q2,64,42,0.65625,7.8,27.0,3.7193627625240917,0.6,0.0
OWD,2025-05-18,2025Q2,229,180,0.7860262008733624,12.2,28.0,1.7692521885972545,1.0,0.0
OWD,2025-05-19,2025Q2,195,103,0.5282051282051282,14.266666666666667,31.0,4.594859862700036,1.0,0.0
OWD,2025-05-20,2025Q2,312,228,0.7307692307692307,6.866666666666666,15.0,1.92556623498114,0.6666666666666666,0.0
OWD,2025-05-21,2025Q2,240,173,0.7208333333333333,7.933333333333334,20.0,3.716662262653398,0.2,0.0
OWD,2025-05-23,2025Q2,394,246,0.6243654822335025,5.666666666666667,0,1.970174432059868,0.3333333333333333,0.3333333333333333
OWD,2025-05-24,2025Q2,259,187,0.722007722007722,6.266666666666667,16.0,1.6255828459244996,0.9333333333333333,0.06666666666666667
OWD,2025-05-25,2025Q2,273,198,0.7252747252747253,7.0,20.0,2.3230603389888707,1.0,0.0
OWD,2025-05-26,2025Q2,330,177,0.5363636363636364,3.9166666666666665,0,0.6379842232414288,1.0,0.0
OWD,2025-05-27,2025Q2,404,269,0.6658415841584159,4.2,17.0,1.2622859544276597,1.0,0.0
OWD,2025-05-29,2025Q2,306,176,0.5751633986928104,4.066666666666666,0,1.4416303021441945,0.3333333333333333,0.0
OWD,2025-05-30,2025Q2,341,170,0.49853372434017595,9.466666666666667,20.0,5.547405076846639,0.9333333333333333,0.0
OWD,2025-05-31,2025Q2,48,26,0.5416666666666666,10.2,31.0,4.6182032883515785,0.26666666666666666,0.2
OWD,2025-06-01,2025Q2,216,150,0.6944444444444444,12.533333333333333,34.0,2.556427616832581,1.0,0.0
OWD,2025-06-02,2025Q2,331,175,0.5287009063444109,7.866666666666666,19.0,1.9054123570457326,1.0,0.0
OWD,2025-06-03,2025Q2,285,184,0.6456140350877193,3.642857142857143,0,1.1153910425407825,1.0,0.0
OWD,2025-06-04,2025Q2,250,167,0.668,8.133333333333333,19.0,4.549977991059172,1.0,0.0
OWD,2025-06-05,2025Q2,355,138,0.38873239436619716,4.466666666666667,0,1.4464068977770583,1.0,0.0
OWD,2025-06-06,2025Q2,223,114,0.5112107623318386,5.333333333333333,15.0,2.564069377765269,1.0,0.0
OWD,2025-06-07,2025Q2,41,16,0.3902439024390244,3.8666666666666667,0,1.5837535109681196,0.13333333333333333,0.3333333333333333
OWD,2025-06-08,2025Q2,383,210,0.5483028720626631,6.066666666666666,15.0,2.652472287706025,0.5333333333333333,0.0
OWD,2025-06-11,2025Q2,256,200,0.78125,8.6,23.0,4.390377920186065,1.0,0.0
OWD,2025-06-12,2025Q2,85,140,1.6470588235294117,12.733333333333333,33.0,2.933497482955502,1.0,0.0
OWD,2025-06-13,2025Q2,403,261,0.6476426799007444,5.8,17.0,2.656559469299875,1.0,0.0
OWD,2025-06-14,2025Q2,142,86,0.6056338028169014,5.4,0,2.5956414120547064,0.5333333333333333,0.26666666666666666
OWD,2025-06-15,2025Q2,239,170,0.7112970711297071,5.2,0,3.0554376238622343,1.0,0.0
OWD,2025-06-16,2025Q2,304,209,0.6875,5.2,14.0,1.4236016841357966,0.8666666666666667,0.0
OWD,2025-06-18,2025Q2,174,137,0.7873563218390804,5.333333333333333,0,3.28283496382637,0.2,0.0
OWD,2025-06-19,2025Q2,288,180,0.625,8.733333333333333,23.0,5.487340875302199,0.7333333333333333,0.0
OWD,2025-06-20,2025Q2,164,79,0.4817073170731707,14.066666666666666,39.0,3.118133794573359,1.0,0.0
OWD,2025-06-21,2025Q2,321,211,0.6573208722741433,5.333333333333333,15.0,2.2862214595248043,1.0,0.0
OWD,2025-06-22,2025Q2,126,96,0.7619047619047619,8.4,23.0,2.6204304844663198,0.9333333333333333,0.06666666666666667
OWD,2025-06-23,2025Q2,370,264,0.7135135135135136,4.8,0,2.4531970468980946,1.0,0.0
OWD,2025-06-24,2025Q2,154,99,0.6428571428571429,7.133333333333334,17.0,1.169565865733204,1.0,0.0
OWD,2025-06-25,2025Q2,259,144,0.555984555984556,5.866666666666666,17.0,1.8130883948641405,1.0,0.0
OWD,2025-06-26,2025Q2,155,178,1.1483870967741936,5.266666666666667,0,2.345641795132272,0.8666666666666667,0.13333333333333333
OWD,2025-06-27,2025Q2,360,195,0.5416666666666666,5.866666666666666,15.0,2.4868411522414973,1.0,0.0
OWD,2025-06-28,2025Q2,30,27,0.9,1.6666666666666667,0,0.8516729976675982,0.0,0.06666666666666667
OWD,2025-06-29,2025Q2,239,183,0.7656903765690377,4.866666666666666,0,1.661265052982496,0.9333333333333333,0.0
OWD,2025-06-30,2025Q2,356,256,0.7191011235955056,4.6,17.0,2.4398441077072874,1.0,0.0
OWD,2025-07-01,2025Q3,128,96,0.75,9.0,27.0,5.228014264521401,0.6666666666666666,0.13333333333333333
OWD,2025-07-02,2025Q3,281,236,0.8398576512455516,6.533333333333333,17.0,2.098492088173561,1.0,0.0
OWD,2025-07-03,2025Q3,318,169,0.5314465408805031,8.133333333333333,19.0,2.6117863786622264,0.8666666666666667,0.13333333333333333
OWD,2025-07-04,2025Q3,172,47,0.27325581395348836,6.066666666666666,20.0,1.1123476707057587,1.0,0.0
OWD,2025-07-05,2025Q3,320,219,0.684375,6.4,19.0,2.8111771328101636,1.0,0.0
OWD,2025-07-06,2025Q3,210,170,0.8095238095238095,8.933333333333334,22.0,6.286969771648245,1.0,0.0
OWD,2025-07-07,2025Q3,237,144,0.6075949367088608,9.133333333333333,21.0,5.076186652702492,0.7333333333333333,0.06666666666666667
OWD,2025-07-08,2025Q3,261,168,0.6436781609195402,6.666666666666667,0,2.434783189223785,1.0,0.0
OWD,2025-07-09,2025Q3,41,32,0.7804878048780488,5.266666666666667,0,2.692418258440326,0.13333333333333333,0.13333333333333333
OWD,2025-07-11,2025Q3,256,164,0.640625,3.2,0,1.4181989325530608,0.5333333333333333,0.0
OWD,2025-07-12,2025Q3,257,156,0.6070038910505836,4.6,0,1.4418394965489771,0.7333333333333333,0.0
OWD,2025-07-13,2025Q3,424,212,0.5,5.285714285714286,0,3.0521962755432877,0.6428571428571429,0.0
OWD,2025-07-14,2025Q3,337,268,0.7952522255192879,7.333333333333333,18.0,4.257447683069749,0.2,0.0
OWD,2025-07-15,2025Q3,327,217,0.6636085626911316,4.6,0,2.0331406553526152,0.9333333333333333,0.0
OWD,2025-07-16,2025Q3,381,274,0.7191601049868767,6.266666666666667,17.0,2.462273416360938,1.0,0.0
OWD,2025-07-17,2025Q3,374,193,0.516042780748663,9.8,25.0,6.649779873689671,0.7333333333333333,0.0
OWD,2025-07-18,2025Q3,290,177,0.6103448275862069,7.2,22.0,1.849134838671819,1.0,0.0
OWD,2025-07-19,2025Q3,396,247,0.6237373737373737,5.2,22.0,2.386221163400535,1.0,0.0
OWD,2025-07-20,2025Q3,247,208,0.8421052631578947,6.333333333333333,14.0,3.1321198606460507,0.6666666666666666,0.06666666666666667
OWD,2025-07-21,2025Q3,318,156,0.49056603773584906,7.533333333333333,22.0,1.5320347469638034,1.0,0.0
OWD,2025-07-22,2025Q3,295,166,0.5627118644067797,3.6,0,1.2352302130684978,1.0,0.0
OWD,2025-07-23,2025Q3,311,251,0.8070739549839229,5.0,18.0,2.183116993494491,1.0,0.0
OWD,2025-07-24,2025Q3,167,229,1.3712574850299402,10.133333333333333,23.0,6.2213828766440935,1.0,0.0
OWD,2025-07-25,2025Q3,182,124,0.6813186813186813,7.266666666666667,17.0,2.6730391305962846,0.8666666666666667,0.13333333333333333
OWD,2025-07-26,2025Q3,284,226,0.795774647887324,5.866666666666666,18.0,2.0419549321590695,0.9333333333333333,0.0
OWD,2025-07-27,2025Q3,149,123,0.825503355704698,6.066666666666666,18.0,4.1324794345664655,0.4,0.13333333333333333
OWD,2025-07-28,2025Q3,310,208,0.6709677419354839,3.1333333333333333,0,1.3209050534791689,0.8666666666666667,0.0
OWD,2025-07-29,2025Q3,202,143,0.7079207920792079,6.533333333333333,17.0,1.7897531323136222,1.0,0.0
OWD,2025-07-30,2025Q3,297,192,0.6464646464646465,3.533333333333333,15.0,1.1779568262644486,1.0,0.0
OWD,2025-07-31,2025Q3,157,97,0.6178343949044586,8.4,21.0,5.3337369242657084,0.6666666666666666,0.2
OWD,2025-08-01,2025Q3,161,98,0.6086956521739131,6.266666666666667,22.0,3.7860128923698944,0.8,0.13333333333333333
OWD,2025-08-02,2025Q3,420,288,0.6857142857142857,4.466666666666667,15.0,1.5514401955816208,1.0,0.0
OWD,2025-08-03,2025Q3,345,266,0.7710144927536232,2.7333333333333334,0,1.1908582658994247,1.0,0.0
OWD,2025-08-04,2025Q3,443,288,0.6501128668171557,2.533333333333333,0,0.5620197880963431,1.0,0.0
OWD,2025-08-05,2025Q3,257,188,0.7315175097276264,6.533333333333333,19.0,3.338177372841404,0.8666666666666667,0.0
OWD,2025-08-06,2025Q3,258,189,0.7325581395348837,3.8666666666666667,0,1.534457257693632,1.0,0.0
OWD,2025-08-07,2025Q3,293,244,0.8327645051194539,3.5,0,1.2502277272759021,0.9285714285714286,0.0
OWD,2025-08-08,2025Q3,340,228,0.6705882352941176,3.4,0,1.4615225343239662,1.0,0.0
OWD,2025-08-09,2025Q3,330,269,0.8151515151515152,3.8,0,1.523262395556907,1.0,0.0
OWD,2025-08-10,2025Q3,264,233,0.8825757575757576,3.9285714285714284,16.0,1.8359786398828777,1.0,0.0
OWD,2025-08-11,2025Q3,366,243,0.6639344262295082,3.466666666666667,0,1.376745521195584,1.0,0.0
OWD,2025-08-12,2025Q3,248,161,0.6491935483870968,5.428571428571429,16.0,2.100796150637393,1.0,0.0
OWD,2025-08-13,2025Q3,193,215,1.1139896373056994,6.533333333333333,16.0,3.5209531061965866,0.6,0.0
OWD,2025-08-14,2025Q3,290,182,0.6275862068965518,3.2666666666666666,22.0,1.1789465603336466,0.9333333333333333,0.06666666666666667
OWD,2025-08-15,2025Q3,297,228,0.7676767676767676,6.666666666666667,19.0,3.3092402452883505,0.9333333333333333,0.0
OWD,2025-08-16,2025Q3,227,178,0.7841409691629956,5.133333333333334,0,2.4628200627071632,1.0,0.0
OWD,2025-08-17,2025Q3,215,151,0.7023255813953488,7.4,24.0,3.421690284982108,0.6666666666666666,0.06666666666666667
OWD,2025-08-18,2025Q3,160,88,0.55,6.466666666666667,19.0,3.166533037114823,1.0,0.0
OWD,2025-08-20,2025Q3,159,113,0.710691823899371,4.0,0,2.0096925276541993,0.3333333333333333,0.6666666666666666
OWD,2025-08-21,2025Q3,150,160,1.0666666666666667,9.6,26.0,6.089751530669816,0.6666666666666666,0.0
OWD,2025-08-22,2025Q3,145,210,1.4482758620689655,5.333333333333333,18.0,2.5137753542049137,1.0,0.0
OWD,2025-08-23,2025Q3,330,294,0.8909090909090909,8.6,21.0,5.308206835074641,1.0,0.0
OWD,2025-08-24,2025Q3,208,178,0.8557692307692307,8.4,21.0,3.5787480262326024,0.9333333333333333,0.0
OWD,2025-08-25,2025Q3,300,210,0.7,4.733333333333333,18.0,2.6083958908164138,0.8,0.0
OWD,2025-08-26,2025Q3,236,183,0.7754237288135594,8.066666666666666,21.0,2.156124910698582,1.0,0.0
OWD,2025-08-27,2025Q3,274,198,0.7226277372262774,5.466666666666667,20.0,1.8374990608910007,1.0,0.0
OWD,2025-08-28,2025Q3,311,248,0.797427652733119,7.2,19.0,3.538958567704117,1.0,0.0
OWD,2025-08-29,2025Q3,175,157,0.8971428571428571,5.4,19.0,2.3845547641635365,0.8,0.13333333333333333
OWD,2025-08-30,2025Q3,318,199,0.6257861635220126,5.466666666666667,18.0,1.1831861527123668,1.0,0.0
OWD,2025-08-31,2025Q3,171,153,0.8947368421052632,4.4,0,1.3980038924561018,1.0,0.0
OWD,2025-09-01,2025Q3,172,114,0.6627906976744186,3.6666666666666665,0,2.3958616290105055,1.0,0.0
OWD,2025-09-02,2025Q3,202,168,0.8316831683168316,4.066666666666666,0,1.8093395185698573,1.0,0.0
OWD,2025-09-03,2025Q3,259,206,0.7953667953667953,4.285714285714286,0,1.9509372969455043,1.0,0.0
OWD,2025-09-04,2025Q3,433,281,0.648960739030023,6.4,16.0,2.406985097593447,0.9333333333333333,0.0
OWD,2025-09-05,2025Q3,162,177,1.0925925925925926,7.4,23.0,3.058738136113664,0.8666666666666667,0.0
OWD,2025-09-06,2025Q3,225,127,0.5644444444444444,7.6,23.0,4.544775846881602,0.6,0.0
OWD,2025-09-07,2025Q3,52,51,0.9807692307692307,2.066666666666667,0,0.8536191019952619,0.13333333333333333,0.6666666666666666
OWD,2025-09-08,2025Q3,349,257,0.7363896848137536,1.4666666666666666,0,0.3096466437944796,1.0,0.0
OWD,2025-09-09,2025Q3,128,113,0.8828125,5.133333333333334,20.0,2.1079497308050663,1.0,0.0
OWD,2025-09-10,2025Q3,197,123,0.6243654822335025,6.933333333333334,21.0,4.503884796682368,0.9333333333333333,0.0
OWD,2025-09-11,2025Q3,199,143,0.7185929648241206,3.533333333333333,0,1.1440456277186966,1.0,0.0
OWD,2025-09-12,2025Q3,281,210,0.7473309608540926,5.4,14.0,2.7059026601353744,1.0,0.0
OWD,2025-09-13,2025Q3,300,255,0.85,6.0,17.0,2.8001378108745762,1.0,0.0
OWD,2025-09-14,2025Q3,355,320,0.9014084507042254,1.8666666666666667,0,0.600607878790008,0.9333333333333333,0.0
OWD,2025-09-15,2025Q3,484,189,0.390495867768595,4.466666666666667,0,2.315483841413839,1.0,0.0
OWD,2025-09-16,2025Q3,233,190,0.8154506437768241,4.4,0,2.3911049076781046,0.8,0.0
OWD,2025-09-17,2025Q3,223,151,0.6771300448430493,5.533333333333333,17.0,2.565688259128395,0.8,0.0
OWD,2025-09-19,2025Q3,276,214,0.7753623188405797,4.8,17.0,0.9711362164936157,1.0,0.0
OWD,2025-09-20,2025Q3,300,208,0.6933333333333334,3.466666666666667,14.0,1.7741480678389603,1.0,0.0
OWD,2025-09-21,2025Q3,246,226,0.9186991869918699,3.1333333333333333,0,1.111410777406565,1.0,0.0
OWD,2025-09-22,2025Q3,444,333,0.75,4.333333333333333,0,1.7465517447861594,1.0,0.0
OWD,2025-09-23,2025Q3,283,211,0.7455830388692579,5.666666666666667,19.0,3.096392813104287,0.9333333333333333,0.0
OWD,2025-09-24,2025Q3,33,35,1.0606060606060606,4.533333333333333,0,1.9525044043204483,0.0,0.26666666666666666
OWD,2025-09-26,2025Q3,116,249,2.146551724137931,5.133333333333334,17.0,1.730632643581028,1.0,0.0
OWD,2025-09-27,2025Q3,312,237,0.7596153846153846,2.8,0,0.7033189650457308,1.0,0.0
OWD,2025-09-28,2025Q3,327,247,0.7553516819571865,11.533333333333333,16.0,8.443096698829352,1.0,0.0
OWD,2025-09-29,2025Q3,273,208,0.7619047619047619,2.3333333333333335,0,0.8099980581858728,1.0,0.0
OWD,2025-09-30,2025Q3,281,230,0.8185053380782918,4.733333333333333,17.0,2.176727334975175,1.0,0.0
OWD,2025-10-01,2025Q4,180,143,0.7944444444444444,6.866666666666666,20.0,3.7362244659875645,1.0,0.0
OWD,2025-10-02,2025Q4,105,173,1.6476190476190475,4.428571428571429,0,1.434919171572515,1.0,0.0
OWD,2025-10-03,2025Q4,336,236,0.7023809523809523,4.8,16.0,2.2892114979452702,1.0,0.0
OWD,2025-10-04,2025Q4,304,255,0.8388157894736842,1.5333333333333334,0,0.44760359508359965,0.9333333333333333,0.0
OWD,2025-10-05,2025Q4,256,219,0.85546875,2.066666666666667,0,0.7131618457756085,0.9333333333333333,0.0
OWD,2025-10-06,2025Q4,246,166,0.6747967479674797,6.6,17.0,3.98306299165033,1.0,0.0
OWD,2025-10-07,2025Q4,199,159,0.7989949748743719,9.466666666666667,23.0,6.968507624776392,0.8,0.0
OWD,2025-10-08,2025Q4,48,38,0.7916666666666666,5.666666666666667,17.0,1.112116074959945,0.6,0.3333333333333333
OWD,2025-10-09,2025Q4,259,175,0.6756756756756757,6.6,22.0,1.6631947060469348,1.0,0.0
OWD,2025-10-10,2025Q4,437,261,0.597254004576659,4.6,14.0,2.8020937809386495,1.0,0.0
OWD,2025-10-11,2025Q4,333,295,0.8858858858858859,2.7333333333333334,0,0.9682781833885965,0.9333333333333333,0.0
OWD,2025-10-12,2025Q4,42,41,0.9761904761904762,9.866666666666667,29.0,5.743127153356094,0.2,0.6
OWD,2025-10-15,2025Q4,165,129,0.7818181818181819,6.533333333333333,21.0,1.3231517728976014,0.8666666666666667,0.0
OWD,2025-10-17,2025Q4,354,239,0.6751412429378532,4.6,15.0,1.9588216532596665,1.0,0.0
OWD,2025-10-18,2025Q4,400,297,0.7425,1.5333333333333334,0,0.32364407792236694,1.0,0.0
OWD,2025-10-19,2025Q4,347,231,0.6657060518731989,6.4,18.0,2.100674906208878,0.8666666666666667,0.0
OWD,2025-10-20,2025Q4,30,32,1.0666666666666667,7.6,23.0,2.2690671719895565,0.5333333333333333,0.3333333333333333
OWD,2025-10-21,2025Q4,352,230,0.6534090909090909,7.533333333333333,21.0,3.3889275347938996,1.0,0.0
OWD,2025-10-22,2025Q4,183,155,0.8469945355191257,4.733333333333333,21.0,2.2161634343046335,0.7333333333333333,0.2
OWD,2025-10-23,2025Q4,245,180,0.7346938775510204,6.133333333333334,22.0,4.022958707210941,1.0,0.0
OWD,2025-10-24,2025Q4,453,243,0.5364238410596026,2.6666666666666665,0,0.7556054027448379,0.8,0.0
OWD,2025-10-25,2025Q4,338,269,0.7958579881656804,4.4,17.0,1.4086365674268533,1.0,0.0
OWD,2025-10-26,2025Q4,301,215,0.7142857142857143,4.466666666666667,17.0,1.1494354478178925,1.0,0.0
OWD,2025-10-27,2025Q4,320,266,0.83125,2.4,0,0.8798221074325231,1.0,0.0
OWD,2025-10-28,2025Q4,307,221,0.7198697068403909,9.933333333333334,22.0,7.140858098188531,0.4666666666666667,0.0
OWD,2025-10-29,2025Q4,165,119,0.7212121212121212,5.6,15.0,2.540587060870156,0.0,0.06666666666666667
OWD,2025-10-31,2025Q4,31,34,1.096774193548387,12.533333333333333,34.0,4.717734770514424,1.0,0.0
OWD,2025-11-01,2025Q4,88,82,0.9318181818181818,13.076923076923077,31.0,2.88841875067678,1.0,0.0
OWD,2025-11-02,2025Q4,382,257,0.6727748691099477,7.384615384615385,19.0,2.3150808999704355,1.0,0.0
OWD,2025-11-03,2025Q4,313,246,0.7859424920127795,5.153846153846154,0,2.455736612365406,0.8461538461538461,0.0
OWD,2025-11-05,2025Q4,342,287,0.8391812865497076,7.0,18.0,3.7848241923337125,1.0,0.0
OWD,2025-11-06,2025Q4,121,32,0.2644628099173554,10.461538461538462,25.0,3.5045722901966254,1.0,0.0
OWD,2025-11-07,2025Q4,423,276,0.6524822695035462,8.461538461538462,23.0,4.699768716116495,1.0,0.0
OWD,2025-11-08,2025Q4,360,236,0.6555555555555556,5.846153846153846,22.0,1.775293369864371,0.9230769230769231,0.07692307692307693
OWD,2025-11-09,2025Q4,183,110,0.6010928961748634,6.0,16.0,1.7945646206564492,0.3076923076923077,0.3076923076923077
OWD,2025-11-11,2025Q4,117,102,0.8717948717948718,13.384615384615385,28.0,1.17637375827232,1.0,0.0
OWD,2025-11-12,2025Q4,294,221,0.7517006802721088,6.769230769230769,21.0,2.7519782288182664,1.0,0.0
OWD,2025-11-13,2025Q4,148,158,1.0675675675675675,7.384615384615385,17.0,2.676183035123238,1.0,0.0
OWD,2025-11-14,2025Q4,175,231,1.32,6.769230769230769,21.0,2.2205373006593576,1.0,0.0
OWD,2025-11-15,2025Q4,469,319,0.6801705756929638,4.3076923076923075,15.0,1.3916366221675358,0.9230769230769231,0.07692307692307693
OWD,2025-11-16,2025Q4,45,28,0.6222222222222222,12.692307692307692,38.0,3.3157999551977566,1.0,0.0
OWD,2025-11-17,2025Q4,37,24,0.6486486486486487,14.461538461538462,33.0,4.442071996040024,1.0,0.0
OWD,2025-11-18,2025Q4,200,167,0.835,8.846153846153847,20.0,2.0928006647011905,1.0,0.0
OWD,2025-11-19,2025Q4,346,290,0.838150289017341,2.6923076923076925,17.0,0.7670497346389644,1.0,0.0
OWD,2025-11-20,2025Q4,333,252,0.7567567567567568,1.9230769230769231,0,0.6305253481483883,1.0,0.0
OWD,2025-11-22,2025Q4,78,41,0.5256410256410257,2.6923076923076925,0,0.8296144765156875,0.5384615384615384,0.23076923076923078
OWD,2025-11-23,2025Q4,343,258,0.7521865889212828,2.6153846153846154,0,1.222557347905399,1.0,0.0
OWD,2025-11-24,2025Q4,265,228,0.8603773584905661,5.583333333333333,21.0,1.8366792100739067,1.0,0.0
OWD,2025-11-25,2025Q4,297,226,0.7609427609427609,5.769230769230769,0,3.725572558226789,1.0,0.0
OWD,2025-11-26,2025Q4,66,31,0.4696969696969697,5.384615384615385,0,3.197629632857483,0.0,0.0
OWD,2025-11-27,2025Q4,46,42,0.9130434782608695,8.307692307692308,23.0,1.482302393149013,1.0,0.0
OWD,2025-11-28,2025Q4,84,59,0.7023809523809523,11.76923076923077,28.0,3.385171331153529,1.0,0.0
OWD,2025-11-29,2025Q4,253,206,0.8142292490118577,8.846153846153847,25.0,3.139628804181043,1.0,0.0
OWD,2025-11-30,2025Q4,304,197,0.6480263157894737,3.6923076923076925,0,1.1693441226565897,0.5384615384615384,0.3076923076923077
OWD,2025-12-01,2025Q4,256,193,0.75390625,6.769230769230769,27.0,2.0045428989588965,1.0,0.0
OWD,2025-12-02,2025Q4,41,22,0.5365853658536586,4.0,22.0,1.8130039499577764,0.23076923076923078,0.6923076923076923
OWD,2025-12-03,2025Q4,240,221,0.9208333333333333,5.230769230769231,17.0,1.5428013830365126,1.0,0.0
OWD,2025-12-04,2025Q4,162,125,0.7716049382716049,12.692307692307692,41.0,4.138594169259959,1.0,0.0
OWD,2025-12-05,2025Q4,210,299,1.4238095238095239,3.3846153846153846,0,2.065109663141784,1.0,0.0
OWD,2025-12-06,2025Q4,180,133,0.7388888888888889,1.6923076923076923,0,1.0756991660342579,0.9230769230769231,0.0
OWD,2025-12-07,2025Q4,284,167,0.5880281690140845,1.5384615384615385,0,0.4582965562753457,1.0,0.0
OWD,2025-12-08,2025Q4,189,170,0.8994708994708994,8.76923076923077,25.0,2.443381094591179,1.0,0.0
OWD,2025-12-10,2025Q4,108,101,0.9351851851851852,10.307692307692308,29.0,6.804980868666411,0.7692307692307693,0.23076923076923078
OWD,2025-12-12,2025Q4,66,68,1.0303030303030303,12.153846153846153,30.0,2.0307388128475647,1.0,0.0
OWD,2025-12-13,2025Q4,233,174,0.7467811158798283,4.384615384615385,0,2.8826060063310024,1.0,0.0
OWD,2025-12-15,2025Q4,104,70,0.6730769230769231,9.615384615384615,26.0,4.138507680392138,1.0,0.0
OWD,2025-12-16,2025Q4,253,220,0.8695652173913043,3.3076923076923075,0,1.9436368089967169,1.0,0.0
OWD,2025-12-17,2025Q4,87,92,1.0574712643678161,8.307692307692308,22.0,5.916239250355094,1.0,0.0
OWD,2025-12-18,2025Q4,260,249,0.9576923076923077,5.230769230769231,14.0,2.299697942063344,1.0,0.0
OWD,2025-12-20,2025Q4,332,237,0.713855421686747,5.6923076923076925,15.0,1.723558904602706,1.0,0.0
OWD,2025-12-21,2025Q4,107,78,0.7289719626168224,12.692307692307692,29.0,4.3741656988266095,1.0,0.0
OWD,2025-12-22,2025Q4,212,160,0.7547169811320755,7.076923076923077,28.0,2.2177463780603723,1.0,0.0
OWD,2025-12-23,2025Q4,91,82,0.9010989010989011,3.076923076923077,0,0.7776150583691361,0.3076923076923077,0.38461538461538464
OWD,2025-12-26,2025Q4,151,101,0.6688741721854304,3.769230769230769,0,0.8362907330596205,1.0,0.0
OWD,2025-12-27,2025Q4,37,22,0.5945945945945946,4.923076923076923,15.0,1.471712232405199,0.6153846153846154,0.0
OWD,2025-12-28,2025Q4,159,108,0.6792452830188679,2.5384615384615383,0,1.4063433309676712,1.0,0.0
OWD,2025-12-31,2025Q4,142,98,0.6901408450704225,7.769230769230769,20.0,3.9132371332941784,1.0,0.0
OWD,2026-01-02,2026Q1,133,112,0.8421052631578947,7.615384615384615,19.0,1.9837292813608196,1.0,0.0
OWD,2026-01-03,2026Q1,279,172,0.6164874551971327,8.0,18.0,4.158909021106732,1.0,0.0
OWD,2026-01-04,2026Q1,126,92,0.7301587301587301,5.076923076923077,0,1.686094206723985,0.6153846153846154,0.23076923076923078
OWD,2026-01-05,2026Q1,220,172,0.7818181818181819,2.3846153846153846,0,0.5039215120563547,0.7692307692307693,0.07692307692307693
OWD,2026-01-06,2026Q1,69,17,0.2463768115942029,2.6153846153846154,0,1.3761491686152798,0.23076923076923078,0.0
OWD,2026-01-08,2026Q1,214,167,0.780373831775701,3.1538461538461537,0,1.1555520393860204,0.9230769230769231,0.0
OWD,2026-01-09,2026Q1,197,133,0.6751269035532995,7.846153846153846,24.0,4.250139067228276,0.3076923076923077,0.07692307692307693
OWD,2026-01-10,2026Q1,253,151,0.5968379446640316,2.076923076923077,0,0.6165374667706174,0.7692307692307693,0.23076923076923078
OWD,2026-01-11,2026Q1,80,52,0.65,6.461538461538462,23.0,2.1500942076346172,0.5384615384615384,0.0
OWD,2026-01-12,2026Q1,196,152,0.7755102040816326,6.846153846153846,19.0,1.5809310497131754,1.0,0.0
OWD,2026-01-13,2026Q1,258,202,0.7829457364341085,6.538461538461538,16.0,3.2822209084415994,1.0,0.0
OWD,2026-01-14,2026Q1,310,167,0.5387096774193548,4.923076923076923,0,2.4731212066455837,1.0,0.0
OWD,2026-01-15,2026Q1,42,57,1.3571428571428572,9.846153846153847,25.0,6.482323706373515,0.8461538461538461,0.0
OWD,2026-01-17,2026Q1,151,78,0.5165562913907285,4.461538461538462,17.0,2.600187826143585,0.6153846153846154,0.23076923076923078
OWD,2026-01-19,2026Q1,95,73,0.7684210526315789,6.615384615384615,21.0,3.136390213465078,0.6923076923076923,0.23076923076923078
OWD,2026-01-20,2026Q1,189,132,0.6984126984126984,10.0,23.0,1.836432154584199,1.0,0.0
OWD,2026-01-21,2026Q1,270,201,0.7444444444444445,6.153846153846154,19.0,3.9747929158926807,1.0,0.0
OWD,2026-01-22,2026Q1,168,128,0.7619047619047619,8.23076923076923,29.0,1.6784305131988118,1.0,0.0
OWD,2026-01-23,2026Q1,216,153,0.7083333333333334,10.076923076923077,24.0,3.3721009329040736,1.0,0.0
OWD,2026-01-24,2026Q1,184,108,0.5869565217391305,9.384615384615385,22.0,3.8737098606249267,1.0,0.0
OWD,2026-01-25,2026Q1,30,20,0.6666666666666666,4.846153846153846,19.0,1.4757235058350522,0.15384615384615385,0.7692307692307693
OWD,2026-01-29,2026Q1,84,39,0.4642857142857143,7.461538461538462,18.0,2.5419186606583,1.0,0.0
OWD,2026-01-30,2026Q1,107,63,0.5887850467289719,10.461538461538462,27.0,3.2111406824607522,1.0,0.0
OWD,2026-01-31,2026Q1,133,117,0.8796992481203008,2.4615384615384617,0,0.7235600356535793,1.0,0.0
OWD,2026-02-01,2026Q1,53,41,0.7735849056603774,10.076923076923077,22.0,2.5988934953225,0.9230769230769231,0.0
OWD,2026-02-02,2026Q1,234,172,0.7350427350427351,4.615384615384615,0,1.7767350549111702,1.0,0.0
OWD,2026-02-03,2026Q1,251,158,0.6294820717131474,1.3076923076923077,0,0.6280007786547,1.0,0.0
OWD,2026-02-04,2026Q1,177,88,0.4971751412429379,9.0,24.0,2.895247571735037,1.0,0.0
OWD,2026-02-05,2026Q1,266,242,0.9097744360902256,2.3076923076923075,0,0.8105121256407742,1.0,0.0
OWD,2026-02-06,2026Q1,151,93,0.6158940397350994,3.4615384615384617,0,1.5645625915567227,0.6923076923076923,0.15384615384615385
OWD,2026-02-08,2026Q1,69,41,0.5942028985507246,10.538461538461538,23.0,4.115773685543436,1.0,0.0
OWD,2026-02-09,2026Q1,163,93,0.5705521472392638,10.153846153846153,21.0,3.548772188678372,1.0,0.0
OWD,2026-02-10,2026Q1,224,211,0.9419642857142857,3.1538461538461537,16.0,1.3339747271996683,0.9230769230769231,0.07692307692307693
OWD,2026-02-11,2026Q1,89,83,0.9325842696629213,11.76923076923077,31.0,2.9228500503485364,1.0,0.0
OWD,2026-02-12,2026Q1,178,153,0.8595505617977528,9.23076923076923,20.0,3.2016789634529115,1.0,0.0
OWD,2026-02-13,2026Q1,361,263,0.7285318559556787,3.3076923076923075,0,0.923975323380709,1.0,0.0
OWD,2026-02-14,2026Q1,272,228,0.8382352941176471,6.076923076923077,16.0,1.7738154386678022,1.0,0.0
OWD,2026-02-15,2026Q1,159,131,0.8238993710691824,3.3846153846153846,0,1.267263266421013,1.0,0.0
OWD,2026-02-16,2026Q1,200,151,0.755,4.923076923076923,17.0,2.6024694852566883,0.9230769230769231,0.0
OWD,2026-02-19,2026Q1,191,154,0.806282722513089,3.1538461538461537,0,1.7573767017682034,1.0,0.0
OWD,2026-02-20,2026Q1,133,103,0.7744360902255639,4.25,0,1.2222405142930826,0.4166666666666667,0.5833333333333334
OWD,2026-02-22,2026Q1,146,83,0.5684931506849316,7.0,19.0,3.004563449284573,0.23076923076923078,0.0
OWD,2026-02-26,2026Q1,117,91,0.7777777777777778,5.0,17.0,1.283065770401661,1.0,0.0
OWD,2026-02-27,2026Q1,275,193,0.7018181818181818,2.5384615384615383,0,1.5475119227582583,1.0,0.0
OWD,2026-02-28,2026Q1,280,222,0.7928571428571428,8.153846153846153,21.0,4.507455090840777,1.0,0.0
OWD,2026-03-01,2026Q1,123,68,0.5528455284552846,5.384615384615385,16.0,1.7031949000121396,0.8461538461538461,0.15384615384615385
OWD,2026-03-02,2026Q1,311,250,0.8038585209003215,3.6153846153846154,0,1.9667539121755675,1.0,0.0
OWD,2026-03-03,2026Q1,175,119,0.68,3.8461538461538463,0,1.6961171756673001,0.46153846153846156,0.5384615384615384
OWD,2026-03-04,2026Q1,258,203,0.7868217054263565,2.230769230769231,0,1.0531035733864478,1.0,0.0
OWD,2026-03-05,2026Q1,36,34,0.9444444444444444,5.461538461538462,19.0,3.496803727280535,0.38461538461538464,0.23076923076923078
OWD,2026-03-07,2026Q1,37,16,0.43243243243243246,7.3076923076923075,17.0,5.082068955297843,0.0,0.0
OWD,2026-03-08,2026Q1,158,115,0.7278481012658228,5.230769230769231,19.0,2.1829586157033187,0.6153846153846154,0.07692307692307693
OWD,2026-03-09,2026Q1,200,174,0.87,6.461538461538462,20.0,4.230271749280698,1.0,0.0
OWD,2026-03-10,2026Q1,228,193,0.8464912280701754,5.538461538461538,16.0,3.79889798259224,0.9230769230769231,0.0
OWD,2026-03-11,2026Q1,146,112,0.7671232876712328,6.615384615384615,21.0,3.6476128276199944,0.8461538461538461,0.07692307692307693
OWD,2026-03-12,2026Q1,30,14,0.4666666666666667,8.076923076923077,23.0,2.609743919209176,0.6153846153846154,0.15384615384615385
OWD,2026-03-13,2026Q1,353,243,0.6883852691218131,6.6923076923076925,18.0,3.0855948026654327,1.0,0.0
OWD,2026-03-14,2026Q1,33,39,1.1818181818181819,17.76923076923077,41.0,3.496265563193625,1.0,0.0
OWD,2026-03-15,2026Q1,287,222,0.7735191637630662,5.0,19.0,2.056606246163006,1.0,0.0
OWD,2026-03-17,2026Q1,69,18,0.2608695652173913,14.307692307692308,27.0,2.5479748996518836,1.0,0.0
OWD,2026-03-18,2026Q1,432,289,0.6689814814814815,7.230769230769231,18.0,2.8881867426231262,1.0,0.0
OWD,2026-03-19,2026Q1,309,243,0.7864077669902912,5.6923076923076925,0,3.1319837450809795,1.0,0.0
OWD,2026-03-20,2026Q1,206,135,0.6553398058252428,9.76923076923077,28.0,6.5144259442550405,0.9230769230769231,0.07692307692307693
OWD,2026-03-21,2026Q1,190,126,0.6631578947368421,8.0,22.0,2.1282403990645666,0.6153846153846154,0.0
OWD,2026-03-22,2026Q1,90,70,0.7777777777777778,7.6923076923076925,25.0,3.5505141757089422,0.3076923076923077,0.46153846153846156
OWD,2026-03-24,2026Q1,408,229,0.5612745098039216,6.0,19.0,2.3071090594986083,0.9166666666666666,0.0
OWD,2026-03-25,2026Q1,357,220,0.6162464985994398,7.769230769230769,21.0,3.734809384371838,1.0,0.0
OWD,2026-03-26,2026Q1,214,124,0.5794392523364486,8.692307692307692,22.0,5.243581796282001,0.9230769230769231,0.07692307692307693
OWD,2026-03-27,2026Q1,302,170,0.5629139072847682,8.615384615384615,22.0,2.5552018690007237,0.9230769230769231,0.0
OWD,2026-03-28,2026Q1,320,203,0.634375,8.0,18.0,1.4788614804430782,1.0,0.0
OWD,2026-03-29,2026Q1,215,187,0.8697674418604651,9.76923076923077,28.0,5.437940891890669,1.0,0.0
OWD,2026-03-30,2026Q1,186,148,0.7956989247311828,10.384615384615385,24.0,7.400999267939572,1.0,0.0
OWD,2026-03-31,2026Q1,88,46,0.5227272727272727,6.384615384615385,0,2.790608774207505,0.5384615384615384,0.15384615384615385
OWD,2026-04-01,2026Q2,197,138,0.700507614213198,5.923076923076923,25.0,2.797624393667694,0.5384615384615384,0.38461538461538464
OWD,2026-04-03,2026Q2,149,74,0.4966442953020134,6.166666666666667,19.0,4.4646837978600376,0.4166666666666667,0.0
OWD,2026-04-04,2026Q2,197,112,0.5685279187817259,11.076923076923077,25.0,3.350245619516613,0.5384615384615384,0.07692307692307693
OWD,2026-04-06,2026Q2,129,65,0.5038759689922481,14.538461538461538,29.0,3.480861218085224,1.0,0.0
OWD,2026-04-07,2026Q2,239,72,0.301255230125523,8.076923076923077,24.0,2.7058430415406396,0.46153846153846156,0.3076923076923077
OWD,2026-04-08,2026Q2,374,271,0.7245989304812834,5.833333333333333,0,1.9823687370012835,1.0,0.0
OWD,2026-04-09,2026Q2,188,145,0.7712765957446809,10.0,26.0,5.573503915580706,1.0,0.0
OWD,2026-04-10,2026Q2,319,206,0.64576802507837,9.0,25.0,5.229841828437321,1.0,0.0
OWD,2026-04-11,2026Q2,169,109,0.6449704142011834,11.384615384615385,26.0,3.829635624674066,0.9230769230769231,0.0
OWD,2026-04-12,2026Q2,277,222,0.8014440433212996,6.230769230769231,16.0,2.862721399358634,1.0,0.0
OWD,2026-04-13,2026Q2,64,51,0.796875,11.0,24.0,8.14563603288079,0.6923076923076923,0.0
OWD,2026-04-14,2026Q2,249,170,0.6827309236947792,9.23076923076923,27.0,3.697103189304448,1.0,0.0
OWD,2026-04-15,2026Q2,305,228,0.7475409836065574,5.6923076923076925,17.0,2.92519107452307,0.9230769230769231,0.0
OWD,2026-04-16,2026Q2,318,126,0.39622641509433965,3.769230769230769,0,2.1736931087369094,0.6153846153846154,0.0
OWD,2026-04-17,2026Q2,66,35,0.5303030303030303,4.0,18.0,2.5585106604448775,0.3076923076923077,0.0
OWD,2026-04-18,2026Q2,81,37,0.4567901234567901,7.384615384615385,0,3.6948486606893742,0.0,0.0
OWD,2026-04-20,2026Q2,297,222,0.7474747474747475,8.923076923076923,18.0,2.686103625335533,1.0,0.0
OWD,2026-04-21,2026Q2,365,257,0.7041095890410959,5.363636363636363,19.0,1.6641606316973274,1.0,0.0
OWD,2026-04-22,2026Q2,232,114,0.49137931034482757,8.461538461538462,18.0,4.962235972824719,0.6153846153846154,0.0
OWD,2026-04-23,2026Q2,144,98,0.6805555555555556,11.076923076923077,33.0,3.5307271016937958,1.0,0.0
OWD,2026-04-24,2026Q2,315,274,0.8698412698412699,6.538461538461538,19.0,3.1547257579181416,1.0,0.0
OWD,2026-04-25,2026Q2,261,186,0.7126436781609196,5.0,0,1.1644028429820972,1.0,0.0
OWD,2026-04-26,2026Q2,277,225,0.8122743682310469,4.384615384615385,0,1.8717992109475896,1.0,0.0
OWD,2026-04-27,2026Q2,261,221,0.8467432950191571,7.583333333333333,16.0,4.9150881326830325,1.0,0.0
OWD,2026-04-28,2026Q2,238,210,0.8823529411764706,7.846153846153846,18.0,4.4791645570388505,1.0,0.0
OWD,2026-04-29,2026Q2,97,42,0.4329896907216495,8.153846153846153,17.0,4.016759649287023,0.23076923076923078,0.0
OWD,2026-04-30,2026Q2,66,38,0.5757575757575758,2.4615384615384617,0,0.735987356149398,0.15384615384615385,0.3076923076923077
OWD,2026-05-01,2026Q2,293,200,0.6825938566552902,7.333333333333333,20.0,2.728217088399986,1.0,0.0
OWD,2026-05-02,2026Q2,318,218,0.6855345911949685,4.933333333333334,17.0,2.7905162551388134,0.6666666666666666,0.26666666666666666
OWD,2026-05-03,2026Q2,138,122,0.8840579710144928,10.466666666666667,27.0,2.8714463164321145,0.8666666666666667,0.0
OWD,2026-05-04,2026Q2,95,74,0.7789473684210526,12.466666666666667,33.0,7.327405723812725,1.0,0.0
OWD,2026-05-07,2026Q2,265,82,0.30943396226415093,8.533333333333333,20.0,2.934429941671411,1.0,0.0
OWD,2026-05-08,2026Q2,247,201,0.8137651821862348,9.6,25.0,2.7881629316035434,1.0,0.0
OWD,2026-05-09,2026Q2,208,100,0.4807692307692308,4.266666666666667,0,1.8272207677849805,0.4666666666666667,0.4666666666666667
OWD,2026-05-10,2026Q2,256,223,0.87109375,6.466666666666667,21.0,4.341630167045291,0.8666666666666667,0.0
OWD,2026-05-11,2026Q2,239,240,1.00418410041841,5.2,15.0,1.364714541382305,1.0,0.0
OWD,2026-05-12,2026Q2,301,237,0.7873754152823921,7.4,18.0,2.6119290198248097,1.0,0.0
OWD,2026-05-13,2026Q2,234,188,0.8034188034188035,8.866666666666667,26.0,3.8847298008467956,0.8666666666666667,0.13333333333333333
OWD,2026-05-14,2026Q2,133,126,0.9473684210526315,5.933333333333334,24.0,1.437300951839861,0.4666666666666667,0.26666666666666666
OWD,2026-05-15,2026Q2,50,35,0.7,5.2,16.0,2.9785943446365066,0.13333333333333333,0.0
OWD,2026-05-16,2026Q2,243,183,0.7530864197530864,10.066666666666666,25.0,5.160706932241761,1.0,0.0
OWD,2026-05-17,2026Q2,248,197,0.7943548387096774,8.266666666666667,23.0,2.950552869079209,1.0,0.0
OWD,2026-05-18,2026Q2,299,271,0.9063545150501672,6.642857142857143,19.0,2.86992852567243,1.0,0.0
OWD,2026-05-19,2026Q2,164,127,0.774390243902439,9.2,35.0,6.262756949303623,0.9333333333333333,0.06666666666666667
OWD,2026-05-20,2026Q2,156,128,0.8205128205128205,10.466666666666667,26.0,2.097345152997774,1.0,0.0
OWD,2026-05-21,2026Q2,342,278,0.8128654970760234,3.642857142857143,0,1.1475940909065965,1.0,0.0
OWD,2026-05-22,2026Q2,300,248,0.8266666666666667,5.0,20.0,2.4134467111112103,1.0,0.0
OWD,2026-05-23,2026Q2,383,320,0.835509138381201,4.533333333333333,0,2.866107787021946,1.0,0.0
OWD,2026-05-24,2026Q2,91,89,0.978021978021978,5.2,17.0,1.834485950595441,0.06666666666666667,0.8
OWD,2026-05-25,2026Q2,146,89,0.6095890410958904,4.266666666666667,0,0.736778205471657,0.5333333333333333,0.06666666666666667
OWD,2026-05-26,2026Q2,342,285,0.8333333333333334,4.866666666666666,17.0,3.2939941888641275,1.0,0.0
OWD,2026-05-27,2026Q2,303,262,0.8646864686468647,5.866666666666666,20.0,2.803128023600795,1.0,0.0
OWD,2026-05-28,2026Q2,256,215,0.83984375,6.733333333333333,23.0,1.6939432982385734,1.0,0.0
OWD,2026-05-31,2026Q2,315,263,0.834920634920635,4.866666666666666,25.0,1.498075656576038,0.6666666666666666,0.3333333333333333
OWD,2026-06-01,2026Q2,177,154,0.8700564971751412,5.133333333333334,19.0,2.2926567787030327,0.6666666666666666,0.0
OWD,2026-06-02,2026Q2,294,265,0.9013605442176871,4.285714285714286,0,1.2028745817832887,1.0,0.0
OWD,2026-06-03,2026Q2,371,286,0.77088948787062,4.571428571428571,18.0,1.398673272842369,1.0,0.0
OWD,2026-06-04,2026Q2,275,221,0.8036363636363636,5.6,16.0,2.6933616403818497,1.0,0.0
OWD,2026-06-05,2026Q2,220,186,0.8454545454545455,4.533333333333333,18.0,1.0569404363772863,1.0,0.0
OWD,2026-06-06,2026Q2,277,216,0.779783393501805,7.133333333333334,18.0,3.6995977978746795,1.0,0.0
OWD,2026-06-07,2026Q2,164,144,0.8780487804878049,11.0,23.0,2.906160682873559,0.8,0.13333333333333333
OWD,2026-06-08,2026Q2,253,179,0.7075098814229249,5.071428571428571,0,2.3986614322714,1.0,0.0
OWD,2026-06-09,2026Q2,250,209,0.836,8.133333333333333,20.0,3.616487152601612,1.0,0.0
OWD,2026-06-10,2026Q2,251,203,0.8087649402390438,8.2,21.0,4.928970551329545,1.0,0.0
OWD,2026-06-11,2026Q2,298,188,0.6308724832214765,4.333333333333333,0,1.9437313852495777,1.0,0.0
OWD,2026-06-12,2026Q2,200,192,0.96,4.066666666666666,0,1.2389760864255834,1.0,0.0
OWD,2026-06-13,2026Q2,300,201,0.67,7.214285714285714,18.0,2.2634060132088822,1.0,0.0
OWD,2026-06-14,2026Q2,241,211,0.8755186721991701,8.6,23.0,5.045701310128432,1.0,0.0
OWD,2026-06-15,2026Q2,312,215,0.6891025641025641,8.533333333333333,20.0,2.5916231334682087,1.0,0.0
OWD,2026-06-16,2026Q2,233,154,0.6609442060085837,7.066666666666666,19.0,2.2067433317214777,1.0,0.0
OWD,2026-06-17,2026Q2,388,279,0.7190721649484536,5.133333333333334,15.0,2.6917262975581315,1.0,0.0
OWD,2026-06-18,2026Q2,91,86,0.945054945054945,11.571428571428571,34.0,4.349163911165837,0.5,0.07142857142857142
OWD,2026-06-19,2026Q2,157,137,0.8726114649681529,11.4,26.0,2.4165682991449473,1.0,0.0
OWD,2026-06-20,2026Q2,96,87,0.90625,11.133333333333333,29.0,3.2115248449268283,1.0,0.0
OWD,2026-06-21,2026Q2,305,215,0.7049180327868853,6.733333333333333,20.0,2.418736730650569,1.0,0.0
OWD,2026-06-22,2026Q2,212,191,0.9009433962264151,3.3333333333333335,0,1.5514283729741662,0.4666666666666667,0.4666666666666667
OWD,2026-06-23,2026Q2,44,22,0.5,2.4,0,0.5266982892191131,0.26666666666666666,0.4
OWD,2026-06-24,2026Q2,419,347,0.8281622911694511,7.8,19.0,2.3757047969864677,1.0,0.0
OWD,2026-06-25,2026Q2,267,111,0.4157303370786517,4.466666666666667,0,2.085647193286675,1.0,0.0
OWD,2026-06-26,2026Q2,247,175,0.708502024291498,5.333333333333333,0,1.868910761135387,0.5333333333333333,0.13333333333333333
OWD,2026-06-27,2026Q2,338,252,0.7455621301775148,4.466666666666667,0,2.601233775837464,0.9333333333333333,0.0
OWD,2026-06-28,2026Q2,199,165,0.8291457286432161,2.8,0,1.0178763536636912,0.6666666666666666,0.0
OWD,2026-06-29,2026Q2,246,234,0.9512195121951219,5.066666666666666,15.0,2.4224244948156737,1.0,0.0
OWD,2026-06-30,2026Q2,238,245,1.0294117647058822,6.333333333333333,19.0,2.3875675996368457,0.9333333333333333,0.06666666666666667
OWD,2026-07-01,2026Q3,272,253,0.9301470588235294,5.933333333333334,15.0,3.1992786921337215,1.0,0.0
OWD,2026-07-02,2026Q3,195,145,0.7435897435897436,8.4,23.0,2.0142601635517527,1.0,0.0
OWD,2026-07-03,2026Q3,140,122,0.8714285714285714,9.2,23.0,2.8203184357232685,1.0,0.0
OWD,2026-07-04,2026Q3,85,56,0.6588235294117647,8.533333333333333,24.0,3.106616471705624,1.0,0.0
OWD,2026-07-05,2026Q3,275,217,0.7890909090909091,5.066666666666666,0,2.1690379421579307,1.0,0.0
OWD,2026-07-06,2026Q3,258,227,0.8798449612403101,3.4,0,0.8323845308063522,0.8,0.2
OWD,2026-07-07,2026Q3,35,25,0.7142857142857143,9.6,24.0,6.671165528831785,0.0,0.8666666666666667
OWD,2026-07-08,2026Q3,374,294,0.786096256684492,4.285714285714286,17.0,2.067103897709395,0.8571428571428571,0.0
OWD,2026-07-09,2026Q3,416,327,0.7860576923076923,7.8,22.0,4.699647782725017,1.0,0.0
OWD,2026-07-10,2026Q3,286,239,0.8356643356643356,5.333333333333333,17.0,1.5173242745508382,1.0,0.0
OWD,2026-07-11,2026Q3,285,250,0.8771929824561403,4.466666666666667,14.0,1.6029689400119231,1.0,0.0
OWD,2026-07-12,2026Q3,308,278,0.9025974025974026,5.533333333333333,0,1.4292370819585896,1.0,0.0
OWD,2026-07-13,2026Q3,267,225,0.8426966292134831,8.466666666666667,22.0,5.80981565124168,1.0,0.0
OWD,2026-07-14,2026Q3,166,179,1.0783132530120483,8.866666666666667,21.0,4.0791203960239795,1.0,0.0
OWD,2026-07-15,2026Q3,288,242,0.8402777777777778,6.666666666666667,19.0,1.491736803143446,1.0,0.0
OWD,2026-07-16,2026Q3,248,211,0.8508064516129032,9.266666666666667,28.0,2.338130191510767,1.0,0.0
OWD,2026-07-17,2026Q3,205,232,1.1317073170731706,7.066666666666666,19.0,1.4425900254499662,1.0,0.0
OWD,2026-07-18,2026Q3,149,122,0.8187919463087249,8.4,25.0,4.7244144051498695,0.4,0.2
OWD,2026-07-19,2026Q3,207,176,0.8502415458937198,9.0,24.0,2.818656148886728,1.0,0.0
OWD,2026-07-20,2026Q3,220,195,0.8863636363636364,5.071428571428571,16.0,1.8596402639614864,1.0,0.0
OWD,2026-07-21,2026Q3,129,122,0.9457364341085271,7.0,20.0,1.8183477544311428,0.5333333333333333,0.4
OWD,2026-07-22,2026Q3,145,139,0.9586206896551724,7.133333333333334,21.0,4.325336594849524,0.6666666666666666,0.13333333333333333
OWD,2026-07-23,2026Q3,329,267,0.8115501519756839,5.285714285714286,19.0,1.7775472743559002,1.0,0.0
OWD,2026-07-24,2026Q3,300,276,0.92,3.533333333333333,0,1.4538962109493447,1.0,0.0
OWD,2026-07-25,2026Q3,330,270,0.8181818181818182,4.133333333333334,16.0,0.7979544966432398,1.0,0.0
OWD,2026-07-26,2026Q3,307,252,0.8208469055374593,5.933333333333334,17.0,3.489659998786287,1.0,0.0
OWD,2026-07-27,2026Q3,283,250,0.8833922261484098,3.642857142857143,0,1.5204903452872476,1.0,0.0
OWD,2026-07-28,2026Q3,241,215,0.8921161825726142,7.6,19.0,3.0551425013302493,0.8,0.0
OWD,2026-07-29,2026Q3,74,67,0.9054054054054054,7.6,17.0,1.9360074014535855,0.13333333333333333,0.6666666666666666
OWD,2026-07-30,2026Q3,111,87,0.7837837837837838,4.866666666666666,20.0,3.229400658423949,0.4666666666666667,0.06666666666666667
OWD,2026-07-31,2026Q3,263,260,0.9885931558935361,2.7333333333333334,20.0,0.8600921902026849,0.8666666666666667,0.0
OWD,2026-08-01,2026Q3,367,100,0.2724795640326976,5.066666666666666,15.0,2.3279251238507537,1.0,0.0
OWD,2026-08-02,2026Q3,277,265,0.9566787003610109,8.2,21.0,3.912639555183086,0.6666666666666666,0.0
OWD,2026-08-03,2026Q3,36,33,0.9166666666666666,9.6,26.0,4.819708819012785,0.2,0.4
OWD,2026-08-04,2026Q3,312,249,0.7980769230769231,4.785714285714286,15.0,1.9010673930653732,1.0,0.0
OWD,2026-08-05,2026Q3,300,218,0.7266666666666667,6.266666666666667,17.0,2.4563993458578164,0.9333333333333333,0.0
OWD,2026-08-06,2026Q3,141,123,0.8723404255319149,5.6,15.0,2.8764089090411393,0.7333333333333333,0.0
OWD,2026-08-07,2026Q3,191,156,0.8167539267015707,4.571428571428571,0,1.0034970419264604,1.0,0.0
OWD,2026-08-08,2026Q3,241,178,0.7385892116182573,7.733333333333333,17.0,3.3011898764399565,1.0,0.0
OWD,2026-08-09,2026Q3,343,125,0.36443148688046645,7.8,21.0,2.268848040731222,1.0,0.0
OWD,2026-08-10,2026Q3,278,229,0.8237410071942446,4.466666666666667,0,1.3904436282928143,1.0,0.0
OWD,2026-08-11,2026Q3,158,122,0.7721518987341772,7.133333333333334,23.0,2.0719693938163246,1.0,0.0
OWD,2026-08-12,2026Q3,209,91,0.4354066985645933,4.266666666666667,14.0,1.0650714668046952,1.0,0.0
OWD,2026-08-13,2026Q3,278,241,0.8669064748201439,5.4,18.0,2.4867305600315714,1.0,0.0
OWD,2026-08-14,2026Q3,261,228,0.8735632183908046,4.6,16.0,1.2979354788108644,1.0,0.0
OWD,2026-08-15,2026Q3,282,245,0.8687943262411347,3.6,0,0.9703183709927652,1.0,0.0
OWD,2026-08-16,2026Q3,302,210,0.695364238410596,5.4,17.0,2.259844535147437,1.0,0.0
OWD,2026-08-17,2026Q3,136,83,0.6102941176470589,4.785714285714286,0,1.9038402156100658,0.42857142857142855,0.0
OWD,2026-08-18,2026Q3,183,111,0.6065573770491803,3.533333333333333,0,1.3714858018122753,0.5333333333333333,0.0
OWD,2026-08-19,2026Q3,370,240,0.6486486486486487,5.666666666666667,18.0,1.4528511522770373,0.9333333333333333,0.0
OWD,2026-08-20,2026Q3,281,145,0.5160142348754448,4.285714285714286,0,1.1227478795686865,0.7857142857142857,0.21428571428571427
OWD,2026-08-21,2026Q3,122,103,0.8442622950819673,4.666666666666667,0,3.197732397337049,0.7333333333333333,0.13333333333333333
OWD,2026-08-22,2026Q3,50,40,0.8,5.733333333333333,0,3.1156306674404965,0.0,0.0
OWD,2026-08-23,2026Q3,88,38,0.4318181818181818,2.7333333333333334,0,0.802640885209784,0.2,0.13333333333333333
OWD,2026-08-24,2026Q3,385,240,0.6233766233766234,6.933333333333334,21.0,4.117965689699678,1.0,0.0
OWD,2026-08-25,2026Q3,317,275,0.8675078864353313,7.466666666666667,19.0,2.0843503913521837,1.0,0.0
OWD,2026-08-26,2026Q3,348,287,0.8247126436781609,3.066666666666667,0,1.2929340421848687,1.0,0.0
OWD,2026-08-27,2026Q3,272,231,0.8492647058823529,7.8,24.0,4.018733804757219,1.0,0.0
OWD,2026-08-28,2026Q3,196,133,0.6785714285714286,4.666666666666667,0,1.6680484096520414,0.8,0.0
OWD,2026-08-29,2026Q3,275,229,0.8327272727272728,4.933333333333334,16.0,0.8500910809659511,1.0,0.0
OWD,2026-08-30,2026Q3,315,193,0.6126984126984127,7.933333333333334,22.0,3.887402978313541,1.0,0.0
OWD,2026-08-31,2026Q3,305,205,0.6721311475409836,3.533333333333333,0,2.0347376943827182,1.0,0.0
